district,category,urban,family_income,first_gen,parent_grad,cutoff_12th,entrance_score,college_tier,tuition,distance_km,competing_offers,merit_aid_pct,need_aid_pct,total_aid_pct,aid_amount,net_price,enrolled
Coimbatore,SC,1,691000.0,0,1,92.35,145.6,Tier-2 (Affiliated),110000.0,29.8,3,0.443,0.43,0.437,48000.0,62000.0,1
Nagapattinam,MBC,0,686000.0,1,0,77.63,130.7,Tier-3 (Self-financing),91000.0,15.8,0,0.389,0.324,0.357,32500.0,58500.0,1
Cuddalore,BC,1,579000.0,0,1,68.22,104.2,Tier-2 (Affiliated),108000.0,66.9,0,0.292,0.422,0.357,38500.0,69500.0,1
Thanjavur,SC,0,99000.0,0,0,80.98,129.6,Tier-3 (Self-financing),91000.0,31.2,1,0.504,0.457,0.481,43800.0,47200.0,0
Thanjavur,OC,0,1034000.0,1,0,77.28,126.9,Tier-2 (Affiliated),119000.0,19.4,2,0.395,0.389,0.392,46600.0,72400.0,0
Kanyakumari,SC,1,180000.0,1,0,63.93,75.9,Tier-1 (Autonomous),183000.0,203.3,1,0.257,0.506,0.381,69800.0,113200.0,0
Coimbatore,MBC,0,313000.0,0,0,66.99,82.2,Tier-2 (Affiliated),106000.0,13.1,1,0.098,0.581,0.339,35900.0,70100.0,0
Cuddalore,OC,1,547000.0,0,1,94.37,153.0,Tier-2 (Affiliated),121000.0,55.8,1,0.356,0.363,0.359,43500.0,77500.0,0
Salem,OC,1,497000.0,0,1,80.79,120.1,Tier-2 (Affiliated),108000.0,150.9,3,0.256,0.456,0.356,38400.0,69600.0,1
Coimbatore,SC,0,297000.0,0,1,92.82,140.3,Tier-1 (Autonomous),178000.0,34.7,1,0.391,0.502,0.446,79400.0,98600.0,1
Namakkal,BC,0,342000.0,1,0,73.83,126.7,Tier-2 (Affiliated),114000.0,51.0,3,0.33,0.471,0.4,45600.0,68400.0,1
Thoothukudi,SC,1,418000.0,1,0,69.98,97.1,Tier-2 (Affiliated),108000.0,68.2,0,0.258,0.554,0.406,43900.0,64100.0,1
Karur,SC,1,201000.0,0,1,61.17,61.7,Tier-3 (Self-financing),83000.0,28.2,1,0.244,0.504,0.374,31100.0,51900.0,0
Nagapattinam,MBC,0,236000.0,0,0,87.68,165.1,Tier-3 (Self-financing),82000.0,58.5,1,0.47,0.419,0.445,36400.0,45600.0,0
Karur,BC,1,316000.0,0,0,82.11,149.5,Tier-3 (Self-financing),84000.0,8.3,3,0.46,0.519,0.49,41100.0,42900.0,1
Nagapattinam,SC,1,282000.0,0,0,73.92,136.2,Tier-2 (Affiliated),112000.0,22.3,4,0.381,0.637,0.509,57000.0,55000.0,0
Namakkal,ST,1,256000.0,0,1,70.07,95.3,Tier-1 (Autonomous),164000.0,292.6,2,0.317,0.444,0.381,62400.0,101600.0,1
Madurai,OC,0,1075000.0,0,0,89.27,141.7,Tier-3 (Self-financing),84000.0,32.2,3,0.445,0.333,0.389,32700.0,51300.0,1
Virudhunagar,BC,1,419000.0,0,0,76.23,102.9,Tier-1 (Autonomous),166000.0,38.3,2,0.253,0.483,0.368,61100.0,104900.0,0
Dindigul,BC,1,150000.0,0,1,76.33,121.2,Tier-2 (Affiliated),107000.0,35.6,5,0.399,0.595,0.497,53200.0,53800.0,0
Namakkal,BC,0,644000.0,1,0,71.99,110.0,Tier-1 (Autonomous),183000.0,334.5,0,0.331,0.483,0.407,74500.0,108500.0,0
Vellore,SC,1,403000.0,1,0,73.93,102.1,Tier-2 (Affiliated),107000.0,51.4,2,0.324,0.48,0.402,43000.0,64000.0,1
Tiruchirappalli,MBC,1,391000.0,0,1,83.5,141.1,Tier-2 (Affiliated),116000.0,51.5,0,0.396,0.439,0.417,48400.0,67600.0,1
Villupuram,MBC,1,330000.0,0,1,63.84,98.3,Tier-2 (Affiliated),113000.0,83.2,4,0.294,0.447,0.371,41900.0,71100.0,0
Nagapattinam,BC,1,287000.0,1,0,78.81,151.9,Tier-3 (Self-financing),68000.0,19.0,2,0.412,0.531,0.472,32100.0,35900.0,0
Theni,BC,1,1402000.0,0,1,87.56,141.4,Tier-2 (Affiliated),120000.0,191.4,1,0.312,0.218,0.265,31800.0,88200.0,1
Thanjavur,BC,1,497000.0,1,0,77.15,85.2,Tier-2 (Affiliated),112000.0,15.5,1,0.158,0.341,0.25,28000.0,84000.0,1
Virudhunagar,SC,1,121000.0,0,0,88.54,114.5,Tier-2 (Affiliated),105000.0,138.5,0,0.347,0.507,0.427,44900.0,60100.0,0
Namakkal,MBC,0,311000.0,1,0,91.41,177.7,Tier-3 (Self-financing),81000.0,85.7,1,0.564,0.447,0.506,40900.0,40100.0,0
Thanjavur,BC,0,580000.0,0,0,87.04,133.9,Tier-1 (Autonomous),163000.0,70.0,1,0.312,0.405,0.359,58400.0,104600.0,1
Dindigul,SC,0,213000.0,1,0,72.63,119.8,Tier-3 (Self-financing),87000.0,15.9,1,0.427,0.551,0.489,42500.0,44500.0,0
Salem,OC,1,384000.0,0,1,77.65,124.4,Tier-2 (Affiliated),115000.0,150.5,3,0.254,0.482,0.368,42300.0,72700.0,1
Coimbatore,BC,0,173000.0,1,0,81.46,151.6,Tier-1 (Autonomous),175000.0,43.2,1,0.442,0.497,0.47,82200.0,92800.0,0
Tiruppur,BC,1,292000.0,1,0,73.3,88.7,Tier-2 (Affiliated),103000.0,27.2,3,0.174,0.397,0.286,29400.0,73600.0,0
Kanyakumari,ST,1,630000.0,0,1,72.97,136.7,Tier-2 (Affiliated),111000.0,36.8,0,0.392,0.394,0.393,43600.0,67400.0,0
Coimbatore,SC,0,187000.0,1,0,72.37,134.7,Tier-2 (Affiliated),120000.0,34.3,1,0.269,0.384,0.326,39200.0,80800.0,0
Kanyakumari,MBC,1,167000.0,0,1,99.9,159.9,Tier-1 (Autonomous),189000.0,30.8,2,0.325,0.455,0.39,73700.0,115300.0,1
Virudhunagar,OC,1,778000.0,0,0,75.29,126.7,Tier-2 (Affiliated),117000.0,6.5,3,0.293,0.333,0.313,36600.0,80400.0,1
Tirunelveli,BC,0,323000.0,0,1,88.69,136.3,Tier-2 (Affiliated),126000.0,64.3,3,0.43,0.487,0.458,57800.0,68200.0,1
Theni,MBC,0,203000.0,1,0,69.31,85.6,Tier-1 (Autonomous),187000.0,23.6,1,0.211,0.515,0.363,67900.0,119100.0,0
Tiruchirappalli,BC,0,171000.0,1,0,95.02,160.7,Tier-2 (Affiliated),119000.0,21.9,5,0.353,0.496,0.425,50500.0,68500.0,0
Nagapattinam,ST,0,94000.0,0,0,74.21,122.4,Tier-3 (Self-financing),86000.0,37.3,0,0.404,0.44,0.422,36300.0,49700.0,0
Karur,SC,0,354000.0,1,0,78.53,129.7,Tier-3 (Self-financing),82000.0,28.0,0,0.37,0.343,0.356,29200.0,52800.0,1
Vellore,MBC,1,481000.0,1,0,59.67,102.7,Tier-2 (Affiliated),119000.0,59.9,3,0.317,0.564,0.44,52400.0,66600.0,1
Coimbatore,SC,0,254000.0,1,0,89.17,133.6,Tier-3 (Self-financing),77000.0,48.9,0,0.339,0.432,0.386,29700.0,47300.0,0
Thoothukudi,ST,0,193000.0,0,1,91.33,168.5,Tier-1 (Autonomous),183000.0,41.7,1,0.345,0.489,0.417,76300.0,106700.0,0
Thanjavur,MBC,0,311000.0,0,0,66.13,105.9,Tier-3 (Self-financing),80000.0,13.8,2,0.387,0.45,0.419,33500.0,46500.0,1
Kanyakumari,MBC,0,201000.0,0,0,89.75,151.7,Tier-3 (Self-financing),88000.0,121.9,1,0.416,0.579,0.498,43800.0,44200.0,0
Cuddalore,ST,1,244000.0,0,1,64.63,99.3,Tier-2 (Affiliated),112000.0,2.0,2,0.324,0.526,0.425,47600.0,64400.0,1
Nagapattinam,BC,0,567000.0,0,1,84.32,150.7,Tier-1 (Autonomous),181000.0,201.5,3,0.395,0.382,0.388,70300.0,110700.0,1
Nagapattinam,SC,0,425000.0,1,0,75.12,121.8,Tier-3 (Self-financing),85000.0,2.0,2,0.331,0.508,0.42,35700.0,49300.0,1
Tiruchirappalli,OC,1,322000.0,1,0,91.36,144.9,Tier-2 (Affiliated),114000.0,3.0,0,0.275,0.379,0.327,37300.0,76700.0,0
Vellore,MBC,1,375000.0,1,0,80.49,146.9,Tier-1 (Autonomous),186000.0,13.5,1,0.346,0.468,0.407,75800.0,110200.0,1
Dindigul,SC,1,500000.0,0,1,87.31,113.9,Tier-3 (Self-financing),74000.0,54.7,4,0.415,0.212,0.313,23200.0,50800.0,0
Dindigul,MBC,1,1183000.0,0,1,90.38,140.4,Tier-2 (Affiliated),110000.0,20.3,0,0.459,0.343,0.401,44200.0,65800.0,1
Chennai,MBC,1,1119000.0,1,0,75.09,111.0,Tier-2 (Affiliated),107000.0,44.8,1,0.381,0.297,0.339,36200.0,70800.0,1
Namakkal,MBC,1,271000.0,0,0,77.71,129.9,Tier-2 (Affiliated),112000.0,83.5,2,0.392,0.479,0.435,48700.0,63300.0,1
Tiruchirappalli,BC,1,974000.0,1,0,66.89,111.8,Tier-3 (Self-financing),82000.0,54.6,0,0.309,0.456,0.382,31400.0,50600.0,1
Karur,BC,0,309000.0,0,0,75.0,119.8,Tier-2 (Affiliated),120000.0,4.7,1,0.393,0.429,0.411,49400.0,70600.0,0
Cuddalore,BC,1,858000.0,0,0,97.27,144.9,Tier-3 (Self-financing),84000.0,96.8,7,0.479,0.325,0.402,33800.0,50200.0,1
Villupuram,MBC,1,648000.0,1,0,85.56,136.5,Tier-1 (Autonomous),188000.0,56.1,2,0.4,0.304,0.352,66200.0,121800.0,1
Karur,MBC,1,210000.0,1,0,67.55,112.9,Tier-2 (Affiliated),102000.0,20.7,1,0.3,0.513,0.406,41500.0,60500.0,1
Vellore,BC,1,654000.0,0,1,94.31,148.2,Tier-2 (Affiliated),108000.0,41.4,1,0.494,0.416,0.455,49200.0,58800.0,1
Thoothukudi,SC,1,548000.0,1,0,81.89,147.6,Tier-2 (Affiliated),105000.0,5.7,4,0.332,0.501,0.417,43700.0,61300.0,0
Thanjavur,BC,0,296000.0,0,1,86.3,147.3,Tier-2 (Affiliated),113000.0,100.7,2,0.39,0.489,0.44,49700.0,63300.0,0
Erode,MBC,1,367000.0,0,1,82.91,132.9,Tier-1 (Autonomous),171000.0,40.0,1,0.252,0.505,0.378,64700.0,106300.0,0
Villupuram,BC,0,126000.0,0,1,82.2,96.3,Tier-2 (Affiliated),96000.0,5.2,0,0.158,0.567,0.362,34800.0,61200.0,0
Vellore,BC,1,703000.0,1,0,58.02,89.6,Tier-3 (Self-financing),80000.0,10.2,1,0.227,0.441,0.334,26700.0,53300.0,0
Coimbatore,SC,1,353000.0,1,0,89.07,152.0,Tier-2 (Affiliated),114000.0,29.1,2,0.493,0.47,0.481,54900.0,59100.0,1
Dindigul,MBC,0,157000.0,0,1,55.46,84.5,Tier-3 (Self-financing),79000.0,160.7,0,0.338,0.562,0.45,35600.0,43400.0,1
Nagapattinam,OC,0,326000.0,1,0,88.16,145.6,Tier-3 (Self-financing),87000.0,166.7,1,0.399,0.538,0.468,40700.0,46300.0,1
Tiruchirappalli,ST,0,184000.0,1,0,79.0,123.0,Tier-3 (Self-financing),80000.0,85.2,1,0.296,0.594,0.445,35600.0,44400.0,0
Dindigul,SC,1,232000.0,0,1,86.35,141.6,Tier-3 (Self-financing),71000.0,2.0,0,0.388,0.687,0.537,38200.0,32800.0,0
Madurai,SC,1,315000.0,0,0,79.58,148.3,Tier-2 (Affiliated),117000.0,6.8,0,0.437,0.408,0.423,49400.0,67600.0,1
Cuddalore,SC,1,120000.0,0,1,88.44,153.3,Tier-3 (Self-financing),90000.0,147.2,0,0.579,0.568,0.574,51600.0,38400.0,1
Dindigul,ST,0,355000.0,0,1,78.16,105.6,Tier-3 (Self-financing),85000.0,62.6,0,0.267,0.479,0.373,31700.0,53300.0,1
Erode,BC,1,487000.0,1,0,80.81,104.4,Tier-2 (Affiliated),110000.0,5.4,3,0.175,0.471,0.323,35500.0,74500.0,1
Salem,MBC,1,229000.0,1,0,82.05,137.9,Tier-3 (Self-financing),83000.0,14.5,0,0.412,0.566,0.489,40600.0,42400.0,1
Tiruppur,MBC,0,67000.0,0,0,96.79,172.4,Tier-3 (Self-financing),77000.0,203.4,1,0.509,0.555,0.532,41000.0,36000.0,0
Cuddalore,BC,0,527000.0,0,0,84.0,109.5,Tier-3 (Self-financing),95000.0,78.6,3,0.278,0.362,0.32,30400.0,64600.0,0
Villupuram,BC,1,657000.0,0,0,64.83,100.6,Tier-2 (Affiliated),109000.0,63.9,0,0.228,0.38,0.304,33100.0,75900.0,1
Thanjavur,OC,0,438000.0,0,0,72.36,151.4,Tier-2 (Affiliated),113000.0,58.6,0,0.594,0.51,0.552,62400.0,50600.0,1
Tiruchirappalli,MBC,0,418000.0,0,0,83.98,130.3,Tier-3 (Self-financing),81000.0,348.8,1,0.314,0.406,0.36,29100.0,51900.0,1
Virudhunagar,SC,0,313000.0,0,0,90.6,182.8,Tier-3 (Self-financing),89000.0,45.0,1,0.416,0.401,0.409,36400.0,52600.0,1
Theni,SC,0,217000.0,0,0,70.78,100.9,Tier-2 (Affiliated),119000.0,9.7,0,0.202,0.483,0.343,40800.0,78200.0,1
Karur,BC,0,260000.0,0,1,99.9,150.1,Tier-2 (Affiliated),111000.0,112.8,4,0.385,0.383,0.384,42600.0,68400.0,1
Coimbatore,BC,0,238000.0,0,1,79.76,117.1,Tier-2 (Affiliated),113000.0,18.7,2,0.206,0.442,0.324,36600.0,76400.0,1
Erode,MBC,1,529000.0,0,0,82.21,112.3,Tier-3 (Self-financing),92000.0,2.0,2,0.275,0.601,0.438,40300.0,51700.0,1
Nagapattinam,MBC,1,906000.0,0,1,65.46,79.4,Tier-1 (Autonomous),186000.0,86.5,4,0.303,0.329,0.316,58800.0,127200.0,0
Virudhunagar,ST,0,160000.0,0,1,89.15,139.3,Tier-3 (Self-financing),93000.0,68.7,1,0.284,0.549,0.417,38800.0,54200.0,0
Thanjavur,SC,1,710000.0,0,0,73.54,119.8,Tier-2 (Affiliated),113000.0,43.5,1,0.206,0.345,0.276,31100.0,81900.0,0
Virudhunagar,ST,1,335000.0,0,1,70.54,102.1,Tier-2 (Affiliated),113000.0,18.5,0,0.314,0.535,0.424,48000.0,65000.0,1
Virudhunagar,SC,0,240000.0,1,0,74.83,112.6,Tier-1 (Autonomous),182000.0,161.6,1,0.275,0.482,0.379,68900.0,113100.0,1
Vellore,ST,0,634000.0,0,1,91.83,168.6,Tier-2 (Affiliated),117000.0,22.6,2,0.459,0.489,0.474,55400.0,61600.0,0
Kanyakumari,MBC,0,645000.0,1,0,82.66,146.8,Tier-2 (Affiliated),107000.0,123.0,0,0.499,0.398,0.448,48000.0,59000.0,1
Tirunelveli,OC,1,1586000.0,0,1,69.11,106.7,Tier-3 (Self-financing),89000.0,2.2,1,0.226,0.202,0.214,19100.0,69900.0,1
Salem,OC,1,406000.0,0,0,72.7,122.8,Tier-2 (Affiliated),128000.0,20.4,3,0.202,0.458,0.33,42300.0,85700.0,1
Cuddalore,BC,0,998000.0,0,0,92.1,122.8,Tier-2 (Affiliated),113000.0,115.4,2,0.392,0.355,0.373,42200.0,70800.0,1
Theni,BC,1,462000.0,1,0,75.64,125.1,Tier-2 (Affiliated),100000.0,98.4,4,0.331,0.478,0.404,40400.0,59600.0,1
Madurai,BC,1,426000.0,1,0,83.6,132.8,Tier-1 (Autonomous),178000.0,37.1,3,0.354,0.411,0.382,68100.0,109900.0,1
Virudhunagar,ST,0,60000.0,0,1,86.05,132.1,Tier-2 (Affiliated),115000.0,93.5,4,0.204,0.466,0.335,38600.0,76400.0,0
Tiruchirappalli,BC,1,578000.0,0,0,45.0,72.5,Tier-2 (Affiliated),105000.0,6.5,2,0.07,0.324,0.197,20700.0,84300.0,1
Virudhunagar,ST,1,150000.0,1,0,90.64,143.1,Tier-3 (Self-financing),77000.0,66.3,0,0.383,0.474,0.428,33000.0,44000.0,0
Chennai,SC,1,394000.0,0,1,69.48,91.5,Tier-1 (Autonomous),169000.0,217.7,1,0.132,0.337,0.235,39700.0,129300.0,0
Nagapattinam,MBC,1,222000.0,0,1,74.39,144.2,Tier-2 (Affiliated),108000.0,50.9,1,0.48,0.404,0.442,47700.0,60300.0,0
Nagapattinam,MBC,1,1129000.0,1,0,93.39,163.7,Tier-1 (Autonomous),193000.0,177.7,0,0.467,0.309,0.388,74900.0,118100.0,1
Nagapattinam,BC,0,405000.0,0,1,92.47,142.1,Tier-1 (Autonomous),176000.0,239.3,0,0.376,0.517,0.447,78700.0,97300.0,0
Cuddalore,MBC,0,911000.0,1,0,82.93,106.3,Tier-2 (Affiliated),117000.0,102.6,2,0.347,0.344,0.346,40500.0,76500.0,1
Dindigul,BC,1,275000.0,0,1,85.28,99.6,Tier-2 (Affiliated),108000.0,160.4,1,0.199,0.655,0.427,46100.0,61900.0,0
Karur,ST,0,396000.0,0,1,87.78,170.5,Tier-1 (Autonomous),177000.0,30.3,0,0.527,0.497,0.512,90600.0,86400.0,0
Tirunelveli,BC,1,179000.0,1,0,92.3,145.1,Tier-3 (Self-financing),89000.0,135.3,0,0.406,0.531,0.469,41700.0,47300.0,1
Nagapattinam,BC,0,335000.0,0,1,93.57,161.2,Tier-2 (Affiliated),98000.0,53.1,0,0.53,0.394,0.462,45300.0,52700.0,1
Tiruppur,SC,1,223000.0,0,1,79.08,112.3,Tier-2 (Affiliated),123000.0,18.7,2,0.326,0.553,0.439,54000.0,69000.0,0
Dindigul,MBC,1,328000.0,0,1,70.63,108.4,Tier-3 (Self-financing),89000.0,86.7,3,0.327,0.532,0.429,38200.0,50800.0,1
Namakkal,MBC,0,196000.0,0,0,75.45,116.9,Tier-2 (Affiliated),118000.0,22.7,2,0.266,0.436,0.351,41400.0,76600.0,0
Tiruppur,MBC,1,254000.0,0,1,79.27,130.5,Tier-2 (Affiliated),108000.0,50.4,1,0.31,0.503,0.407,43900.0,64100.0,0
Chennai,BC,0,150000.0,0,0,77.47,125.3,Tier-3 (Self-financing),89000.0,52.9,1,0.329,0.643,0.486,43300.0,45700.0,0
Madurai,MBC,1,329000.0,0,1,67.88,94.8,Tier-2 (Affiliated),117000.0,12.5,2,0.278,0.506,0.392,45900.0,71100.0,0
Salem,BC,1,515000.0,0,1,82.37,117.8,Tier-1 (Autonomous),179000.0,70.3,0,0.34,0.517,0.429,76700.0,102300.0,1
Madurai,BC,1,916000.0,1,0,62.32,98.5,Tier-3 (Self-financing),78000.0,33.2,3,0.304,0.344,0.324,25300.0,52700.0,1
Thanjavur,BC,1,568000.0,0,0,78.85,99.8,Tier-2 (Affiliated),102000.0,17.8,0,0.179,0.298,0.239,24400.0,77600.0,1
Cuddalore,BC,1,917000.0,1,0,79.5,114.9,Tier-2 (Affiliated),107000.0,103.5,1,0.193,0.409,0.301,32200.0,74800.0,1
Cuddalore,BC,1,214000.0,0,0,79.15,124.3,Tier-2 (Affiliated),112000.0,84.9,2,0.295,0.495,0.395,44200.0,67800.0,0
Dindigul,MBC,0,205000.0,0,0,86.51,144.4,Tier-1 (Autonomous),179000.0,108.4,2,0.352,0.529,0.44,78800.0,100200.0,0
Kanyakumari,BC,1,714000.0,1,0,85.19,158.9,Tier-3 (Self-financing),81000.0,96.1,0,0.38,0.414,0.397,32100.0,48900.0,1
Tiruppur,BC,1,583000.0,1,0,99.9,152.7,Tier-3 (Self-financing),90000.0,6.9,1,0.416,0.373,0.395,35500.0,54500.0,1
Coimbatore,MBC,0,162000.0,0,0,72.82,117.1,Tier-3 (Self-financing),81000.0,85.4,2,0.205,0.523,0.364,29500.0,51500.0,0
Nagapattinam,BC,1,807000.0,0,1,80.79,101.3,Tier-1 (Autonomous),175000.0,11.1,1,0.207,0.341,0.274,48000.0,127000.0,0
Tiruppur,MBC,0,194000.0,1,0,80.15,133.3,Tier-3 (Self-financing),93000.0,12.2,4,0.287,0.43,0.358,33300.0,59700.0,0
Theni,ST,1,178000.0,0,0,79.68,113.8,Tier-3 (Self-financing),89000.0,31.4,0,0.202,0.578,0.39,34700.0,54300.0,0
Tiruppur,MBC,0,340000.0,0,0,65.35,99.9,Tier-2 (Affiliated),100000.0,273.5,1,0.148,0.416,0.282,28200.0,71800.0,0
Tiruppur,ST,1,274000.0,0,0,66.17,113.0,Tier-3 (Self-financing),74000.0,126.4,1,0.215,0.484,0.35,25900.0,48100.0,1
Coimbatore,OC,0,293000.0,1,0,78.06,132.7,Tier-3 (Self-financing),76000.0,155.4,1,0.404,0.422,0.413,31400.0,44600.0,1
Tiruppur,OC,1,464000.0,1,0,62.24,77.8,Tier-2 (Affiliated),110000.0,16.2,4,0.146,0.575,0.36,39600.0,70400.0,0
Nagapattinam,SC,0,108000.0,0,1,74.66,131.5,Tier-2 (Affiliated),119000.0,75.8,0,0.367,0.568,0.468,55600.0,63400.0,0
Erode,SC,1,253000.0,1,0,71.52,113.8,Tier-2 (Affiliated),122000.0,15.7,3,0.279,0.421,0.35,42700.0,79300.0,1
Theni,SC,1,577000.0,0,0,75.02,139.0,Tier-1 (Autonomous),186000.0,31.2,3,0.436,0.437,0.437,81200.0,104800.0,0
Chennai,OC,1,721000.0,1,0,89.32,164.8,Tier-1 (Autonomous),195000.0,57.2,1,0.516,0.411,0.463,90300.0,104700.0,1
Erode,SC,0,330000.0,0,1,67.22,131.6,Tier-2 (Affiliated),112000.0,56.2,0,0.401,0.494,0.447,50100.0,61900.0,1
Thanjavur,BC,0,397000.0,1,0,86.7,117.4,Tier-2 (Affiliated),119000.0,265.0,1,0.294,0.423,0.358,42600.0,76400.0,1
Thoothukudi,BC,0,214000.0,0,1,72.29,121.7,Tier-3 (Self-financing),80000.0,15.5,0,0.321,0.454,0.387,31000.0,49000.0,0
Salem,BC,1,195000.0,0,1,73.53,94.0,Tier-3 (Self-financing),73000.0,231.9,1,0.132,0.63,0.381,27800.0,45200.0,0
Tirunelveli,ST,0,102000.0,0,0,82.66,151.8,Tier-2 (Affiliated),108000.0,152.2,1,0.374,0.458,0.416,44900.0,63100.0,0
Thanjavur,OC,1,436000.0,1,0,75.26,142.1,Tier-2 (Affiliated),109000.0,62.5,2,0.454,0.381,0.418,45500.0,63500.0,0
Thoothukudi,SC,0,129000.0,0,1,69.08,125.2,Tier-2 (Affiliated),131000.0,66.9,1,0.292,0.379,0.335,43900.0,87100.0,0
Kanyakumari,MBC,1,720000.0,0,0,74.3,112.5,Tier-2 (Affiliated),110000.0,87.4,2,0.271,0.389,0.33,36300.0,73700.0,1
Chennai,SC,0,333000.0,0,1,60.23,104.5,Tier-3 (Self-financing),77000.0,11.4,3,0.311,0.382,0.346,26700.0,50300.0,1
Salem,SC,1,1063000.0,1,0,81.81,122.6,Tier-2 (Affiliated),118000.0,46.6,4,0.346,0.518,0.432,50900.0,67100.0,1
Virudhunagar,SC,0,128000.0,1,0,46.98,75.4,Tier-3 (Self-financing),79000.0,2.8,1,0.161,0.416,0.288,22800.0,56200.0,1
Coimbatore,BC,0,720000.0,0,1,86.88,137.6,Tier-1 (Autonomous),181000.0,96.3,2,0.36,0.347,0.354,64000.0,117000.0,0
Kanyakumari,OC,0,936000.0,0,0,84.15,104.7,Tier-3 (Self-financing),92000.0,2.1,2,0.328,0.54,0.434,40000.0,52000.0,1
Tirunelveli,MBC,0,229000.0,1,0,94.01,138.3,Tier-2 (Affiliated),103000.0,2.0,1,0.329,0.592,0.46,47400.0,55600.0,0
Villupuram,BC,1,627000.0,0,1,99.82,193.8,Tier-1 (Autonomous),192000.0,32.8,0,0.603,0.281,0.442,84900.0,107100.0,0
Tirunelveli,BC,1,956000.0,0,1,87.36,138.5,Tier-2 (Affiliated),119000.0,43.5,2,0.36,0.364,0.362,43100.0,75900.0,1
Thanjavur,BC,1,468000.0,0,1,71.73,117.2,Tier-2 (Affiliated),113000.0,11.7,1,0.35,0.477,0.414,46800.0,66200.0,0
Cuddalore,BC,1,448000.0,0,1,99.73,159.4,Tier-2 (Affiliated),124000.0,4.1,2,0.506,0.383,0.445,55100.0,68900.0,1
Madurai,OC,1,446000.0,1,0,66.06,99.5,Tier-2 (Affiliated),107000.0,45.3,0,0.254,0.512,0.383,40900.0,66100.0,1
Tiruppur,OC,0,106000.0,1,0,58.97,94.9,Tier-2 (Affiliated),116000.0,35.3,1,0.313,0.415,0.364,42200.0,73800.0,0
Namakkal,ST,0,176000.0,0,1,96.52,148.3,Tier-2 (Affiliated),112000.0,3.2,1,0.472,0.379,0.425,47700.0,64300.0,0
Nagapattinam,BC,0,202000.0,1,0,84.02,100.2,Tier-2 (Affiliated),105000.0,65.1,2,0.224,0.586,0.405,42500.0,62500.0,1
Thoothukudi,ST,0,94000.0,0,0,59.24,106.6,Tier-1 (Autonomous),175000.0,38.7,5,0.287,0.577,0.432,75600.0,99400.0,0
Cuddalore,ST,1,344000.0,1,0,64.45,127.3,Tier-2 (Affiliated),126000.0,31.3,1,0.364,0.629,0.496,62600.0,63400.0,1
Thanjavur,BC,1,217000.0,0,0,83.51,116.2,Tier-2 (Affiliated),118000.0,18.1,0,0.38,0.498,0.439,51800.0,66200.0,0
Thanjavur,SC,1,491000.0,1,0,69.3,104.7,Tier-2 (Affiliated),117000.0,88.7,1,0.147,0.578,0.362,42400.0,74600.0,1
Thanjavur,MBC,1,548000.0,1,0,70.74,135.7,Tier-2 (Affiliated),105000.0,2.0,2,0.458,0.397,0.428,44900.0,60100.0,1
Virudhunagar,MBC,0,209000.0,1,0,97.66,144.7,Tier-1 (Autonomous),186000.0,285.9,0,0.28,0.6,0.44,81900.0,104100.0,0
Erode,OC,1,608000.0,0,1,99.48,165.0,Tier-2 (Affiliated),107000.0,2.0,5,0.511,0.579,0.545,58400.0,48600.0,0
Tiruchirappalli,BC,0,155000.0,1,0,79.47,192.1,Tier-1 (Autonomous),194000.0,27.5,2,0.607,0.446,0.526,102100.0,91900.0,0
Erode,OC,0,589000.0,1,0,76.5,131.9,Tier-2 (Affiliated),120000.0,14.4,0,0.343,0.291,0.317,38000.0,82000.0,1
Chennai,MBC,0,288000.0,0,1,87.02,140.3,Tier-2 (Affiliated),117000.0,140.8,1,0.436,0.511,0.473,55400.0,61600.0,0
Madurai,ST,0,195000.0,0,1,72.38,129.0,Tier-2 (Affiliated),117000.0,2.0,1,0.254,0.527,0.391,45700.0,71300.0,1
Coimbatore,MBC,1,554000.0,1,0,55.69,100.8,Tier-1 (Autonomous),179000.0,2.0,2,0.186,0.428,0.307,55000.0,124000.0,1
Nagapattinam,SC,0,137000.0,1,0,50.38,70.7,Tier-2 (Affiliated),114000.0,91.7,1,0.059,0.6,0.329,37500.0,76500.0,1
Karur,ST,0,73000.0,1,0,77.26,97.6,Tier-2 (Affiliated),122000.0,89.8,1,0.186,0.445,0.315,38500.0,83500.0,0
Cuddalore,MBC,1,711000.0,0,1,86.82,147.8,Tier-2 (Affiliated),114000.0,202.3,0,0.498,0.4,0.449,51200.0,62800.0,0
Dindigul,OC,1,920000.0,1,0,78.16,136.2,Tier-3 (Self-financing),78000.0,117.2,3,0.473,0.307,0.39,30400.0,47600.0,0
Karur,SC,1,235000.0,0,1,86.1,133.3,Tier-3 (Self-financing),95000.0,121.0,3,0.357,0.634,0.495,47100.0,47900.0,1
Tiruchirappalli,BC,1,605000.0,0,1,87.1,164.0,Tier-1 (Autonomous),175000.0,49.0,2,0.487,0.493,0.49,85800.0,89200.0,1
Villupuram,OC,1,1258000.0,1,0,91.86,168.6,Tier-3 (Self-financing),85000.0,44.2,0,0.642,0.246,0.444,37700.0,47300.0,1
Namakkal,MBC,0,486000.0,1,0,79.86,139.4,Tier-3 (Self-financing),81000.0,50.4,2,0.353,0.458,0.405,32800.0,48200.0,1
Villupuram,ST,0,124000.0,1,0,80.76,125.0,Tier-3 (Self-financing),64000.0,77.9,3,0.281,0.511,0.396,25400.0,38600.0,0
Tiruchirappalli,BC,0,132000.0,0,1,77.63,92.8,Tier-1 (Autonomous),181000.0,33.0,2,0.294,0.418,0.356,64500.0,116500.0,0
Dindigul,MBC,0,126000.0,0,1,75.42,118.1,Tier-3 (Self-financing),102000.0,66.6,0,0.269,0.652,0.46,46900.0,55100.0,0
Cuddalore,BC,1,407000.0,1,0,62.28,72.1,Tier-1 (Autonomous),183000.0,22.2,0,0.071,0.435,0.253,46300.0,136700.0,1
Dindigul,OC,1,1408000.0,0,1,89.72,108.2,Tier-2 (Affiliated),134000.0,16.6,0,0.345,0.521,0.433,58000.0,76000.0,1
Thanjavur,OC,1,422000.0,1,0,74.16,128.4,Tier-2 (Affiliated),109000.0,160.4,1,0.456,0.47,0.463,50400.0,58600.0,1
Tiruchirappalli,SC,1,227000.0,1,0,73.59,135.3,Tier-2 (Affiliated),112000.0,32.5,2,0.332,0.605,0.469,52500.0,59500.0,0
Vellore,SC,1,224000.0,1,0,72.58,86.9,Tier-2 (Affiliated),109000.0,28.7,1,0.198,0.508,0.353,38500.0,70500.0,0
Salem,BC,1,361000.0,1,0,64.6,99.5,Tier-1 (Autonomous),180000.0,22.8,1,0.316,0.504,0.41,73800.0,106200.0,0
Erode,BC,1,480000.0,0,1,77.14,123.2,Tier-3 (Self-financing),88000.0,26.9,2,0.268,0.422,0.345,30400.0,57600.0,1
Cuddalore,BC,1,239000.0,0,1,83.16,128.7,Tier-2 (Affiliated),122000.0,60.2,0,0.423,0.359,0.391,47700.0,74300.0,1
Theni,OC,0,708000.0,1,0,70.95,92.8,Tier-2 (Affiliated),103000.0,36.6,2,0.337,0.545,0.441,45400.0,57600.0,1
Theni,MBC,1,388000.0,0,0,88.38,161.4,Tier-2 (Affiliated),110000.0,76.5,4,0.365,0.425,0.395,43400.0,66600.0,0
Vellore,MBC,0,1017000.0,1,0,74.32,98.6,Tier-2 (Affiliated),115000.0,58.8,2,0.135,0.468,0.301,34600.0,80400.0,1
Thoothukudi,MBC,1,220000.0,0,1,62.67,71.0,Tier-2 (Affiliated),120000.0,24.3,2,0.016,0.674,0.345,41400.0,78600.0,1
Coimbatore,BC,0,717000.0,1,0,91.74,126.2,Tier-3 (Self-financing),68000.0,11.6,0,0.298,0.357,0.327,22300.0,45700.0,0
Erode,MBC,1,903000.0,0,1,79.98,135.2,Tier-1 (Autonomous),169000.0,40.3,2,0.271,0.305,0.288,48700.0,120300.0,0
Madurai,OC,0,311000.0,1,0,86.63,134.6,Tier-3 (Self-financing),85000.0,41.1,1,0.456,0.442,0.449,38200.0,46800.0,0
Erode,BC,0,241000.0,0,1,86.87,127.4,Tier-2 (Affiliated),119000.0,12.2,0,0.267,0.35,0.308,36700.0,82300.0,1
Thoothukudi,ST,1,164000.0,1,0,68.54,117.6,Tier-2 (Affiliated),106000.0,209.9,1,0.277,0.545,0.411,43600.0,62400.0,0
Vellore,SC,0,118000.0,1,0,72.78,121.4,Tier-2 (Affiliated),115000.0,23.3,1,0.351,0.63,0.491,56400.0,58600.0,0
Villupuram,ST,1,273000.0,0,1,88.34,106.7,Tier-3 (Self-financing),101000.0,9.6,1,0.205,0.421,0.313,31600.0,69400.0,1
Dindigul,ST,0,171000.0,0,1,96.35,161.9,Tier-3 (Self-financing),85000.0,83.0,0,0.466,0.554,0.51,43400.0,41600.0,1
Cuddalore,MBC,0,108000.0,0,1,78.63,143.5,Tier-3 (Self-financing),83000.0,24.9,1,0.452,0.511,0.481,40000.0,43000.0,0
Dindigul,ST,0,597000.0,1,0,71.73,112.9,Tier-1 (Autonomous),184000.0,89.1,1,0.54,0.415,0.478,87900.0,96100.0,1
Tirunelveli,BC,1,419000.0,1,0,94.82,148.2,Tier-1 (Autonomous),181000.0,59.1,2,0.447,0.466,0.457,82700.0,98300.0,1
Nagapattinam,OC,1,653000.0,1,0,71.73,143.2,Tier-2 (Affiliated),112000.0,11.2,2,0.273,0.449,0.361,40400.0,71600.0,0
Thoothukudi,OC,0,276000.0,0,1,81.29,119.4,Tier-3 (Self-financing),84000.0,21.8,0,0.371,0.445,0.408,34300.0,49700.0,1
Tirunelveli,OC,0,337000.0,0,1,73.72,115.5,Tier-2 (Affiliated),108000.0,28.6,0,0.326,0.485,0.406,43800.0,64200.0,0
Nagapattinam,OC,1,517000.0,1,0,80.69,134.1,Tier-2 (Affiliated),102000.0,41.6,3,0.407,0.401,0.404,41200.0,60800.0,0
Tirunelveli,BC,1,482000.0,1,0,68.55,110.4,Tier-2 (Affiliated),115000.0,12.9,1,0.276,0.466,0.371,42600.0,72400.0,1
Karur,SC,0,193000.0,0,0,74.25,114.7,Tier-2 (Affiliated),102000.0,54.9,2,0.369,0.439,0.404,41200.0,60800.0,0
Nagapattinam,SC,0,304000.0,0,0,71.73,116.1,Tier-3 (Self-financing),78000.0,77.2,0,0.284,0.563,0.423,33000.0,45000.0,1
Thanjavur,MBC,0,295000.0,0,1,84.62,158.9,Tier-3 (Self-financing),75000.0,129.6,2,0.479,0.464,0.472,35400.0,39600.0,1
Karur,BC,0,440000.0,1,0,79.63,139.5,Tier-1 (Autonomous),177000.0,196.8,2,0.403,0.364,0.383,67800.0,109200.0,0
Tirunelveli,SC,1,313000.0,1,0,86.8,137.8,Tier-3 (Self-financing),85000.0,3.2,2,0.389,0.471,0.43,36600.0,48400.0,0
Coimbatore,BC,1,549000.0,1,0,69.74,98.6,Tier-3 (Self-financing),76000.0,146.7,0,0.216,0.436,0.326,24800.0,51200.0,0
Coimbatore,OC,1,552000.0,1,0,75.92,110.5,Tier-3 (Self-financing),83000.0,61.4,1,0.373,0.403,0.388,32200.0,50800.0,1
Thanjavur,BC,1,839000.0,1,0,84.25,149.1,Tier-2 (Affiliated),111000.0,13.0,2,0.531,0.257,0.394,43700.0,67300.0,1
Villupuram,BC,0,357000.0,0,1,86.59,114.6,Tier-3 (Self-financing),72000.0,192.1,2,0.453,0.47,0.461,33200.0,38800.0,1
Madurai,BC,1,443000.0,0,1,63.54,137.7,Tier-3 (Self-financing),79000.0,35.0,1,0.391,0.476,0.433,34200.0,44800.0,1
Dindigul,SC,0,176000.0,0,1,81.18,129.4,Tier-3 (Self-financing),99000.0,60.2,1,0.369,0.549,0.459,45500.0,53500.0,0
Karur,SC,0,184000.0,1,0,69.87,91.1,Tier-3 (Self-financing),79000.0,118.4,4,0.239,0.595,0.417,32900.0,46100.0,0
Salem,MBC,1,427000.0,1,0,87.09,142.1,Tier-2 (Affiliated),116000.0,9.6,2,0.333,0.506,0.419,48700.0,67300.0,0
Karur,BC,0,290000.0,0,0,96.61,142.6,Tier-1 (Autonomous),176000.0,139.9,3,0.468,0.519,0.494,86900.0,89100.0,0
Erode,SC,1,232000.0,1,0,51.88,76.7,Tier-2 (Affiliated),112000.0,45.3,0,0.144,0.55,0.347,38800.0,73200.0,0
Virudhunagar,MBC,1,640000.0,0,1,71.44,91.6,Tier-1 (Autonomous),174000.0,77.3,1,0.265,0.379,0.322,56000.0,118000.0,1
Tiruppur,BC,1,762000.0,0,1,80.64,125.4,Tier-3 (Self-financing),70000.0,20.9,1,0.245,0.475,0.36,25200.0,44800.0,0
Namakkal,MBC,1,1120000.0,1,0,77.96,92.9,Tier-3 (Self-financing),81000.0,12.2,1,0.268,0.324,0.296,24000.0,57000.0,1
Tiruchirappalli,MBC,0,187000.0,1,0,87.4,130.8,Tier-1 (Autonomous),184000.0,14.4,0,0.459,0.498,0.478,88000.0,96000.0,0
Dindigul,MBC,0,375000.0,0,1,78.79,113.7,Tier-2 (Affiliated),115000.0,25.9,2,0.244,0.377,0.31,35700.0,79300.0,1
Kanyakumari,OC,1,220000.0,0,1,72.7,108.8,Tier-3 (Self-financing),86000.0,46.0,1,0.244,0.542,0.393,33800.0,52200.0,1
Chennai,MBC,1,663000.0,1,0,67.8,97.0,Tier-1 (Autonomous),174000.0,70.2,1,0.2,0.447,0.324,56300.0,117700.0,1
Nagapattinam,OC,1,283000.0,1,0,66.11,106.3,Tier-2 (Affiliated),117000.0,41.0,1,0.233,0.554,0.394,46100.0,70900.0,1
Dindigul,BC,0,174000.0,1,0,70.57,126.2,Tier-3 (Self-financing),79000.0,71.9,0,0.449,0.405,0.427,33700.0,45300.0,1
Karur,BC,0,359000.0,0,1,72.35,121.2,Tier-2 (Affiliated),105000.0,91.7,0,0.334,0.537,0.436,45700.0,59300.0,1
Cuddalore,ST,0,120000.0,0,1,81.84,150.4,Tier-3 (Self-financing),77000.0,203.8,1,0.351,0.512,0.432,33200.0,43800.0,0
Thanjavur,BC,1,318000.0,0,1,76.43,114.8,Tier-2 (Affiliated),107000.0,32.4,1,0.237,0.416,0.327,34900.0,72100.0,1
Erode,BC,1,370000.0,0,0,71.49,119.3,Tier-3 (Self-financing),83000.0,210.0,0,0.155,0.441,0.298,24700.0,58300.0,1
Theni,BC,1,721000.0,1,0,67.91,114.1,Tier-2 (Affiliated),112000.0,40.7,2,0.239,0.343,0.291,32600.0,79400.0,1
Madurai,SC,0,117000.0,1,0,70.97,130.8,Tier-1 (Autonomous),169000.0,40.4,0,0.259,0.553,0.406,68600.0,100400.0,0
Tiruppur,MBC,1,408000.0,1,0,72.36,104.8,Tier-1 (Autonomous),176000.0,63.6,3,0.171,0.435,0.303,53300.0,122700.0,0
Coimbatore,ST,0,137000.0,0,0,70.52,124.7,Tier-2 (Affiliated),104000.0,282.0,1,0.304,0.517,0.41,42700.0,61300.0,1
Theni,BC,0,469000.0,0,1,84.73,122.7,Tier-1 (Autonomous),183000.0,10.5,3,0.244,0.421,0.332,60800.0,122200.0,1
Theni,OC,0,622000.0,1,0,91.68,138.1,Tier-3 (Self-financing),87000.0,15.0,4,0.372,0.418,0.395,34400.0,52600.0,0
Coimbatore,MBC,1,153000.0,0,0,66.24,100.6,Tier-2 (Affiliated),102000.0,92.8,0,0.281,0.429,0.355,36200.0,65800.0,0
Nagapattinam,BC,1,858000.0,0,1,89.19,149.5,Tier-3 (Self-financing),89000.0,100.3,0,0.448,0.221,0.335,29800.0,59200.0,1
Thanjavur,SC,0,139000.0,0,0,84.93,119.6,Tier-3 (Self-financing),85000.0,91.0,1,0.336,0.736,0.536,45500.0,39500.0,1
Nagapattinam,SC,1,359000.0,0,0,79.8,113.5,Tier-2 (Affiliated),116000.0,5.0,2,0.094,0.483,0.288,33500.0,82500.0,1
Chennai,MBC,1,251000.0,0,1,93.27,139.6,Tier-2 (Affiliated),105000.0,31.3,0,0.349,0.737,0.543,57000.0,48000.0,1
Tiruchirappalli,ST,0,207000.0,0,1,76.3,122.8,Tier-1 (Autonomous),185000.0,600.0,2,0.43,0.503,0.467,86300.0,98700.0,1
Dindigul,MBC,0,1058000.0,1,0,82.02,117.2,Tier-3 (Self-financing),92000.0,9.6,3,0.479,0.34,0.409,37700.0,54300.0,0
Tiruchirappalli,BC,1,518000.0,0,1,79.24,130.7,Tier-2 (Affiliated),111000.0,17.7,0,0.42,0.425,0.423,46900.0,64100.0,1
Erode,MBC,1,326000.0,1,0,78.49,120.2,Tier-2 (Affiliated),127000.0,253.9,1,0.323,0.531,0.427,54200.0,72800.0,1
Cuddalore,OC,1,554000.0,1,0,82.59,142.0,Tier-3 (Self-financing),89000.0,7.7,1,0.329,0.449,0.389,34600.0,54400.0,0
Madurai,SC,0,87000.0,0,1,78.46,126.5,Tier-2 (Affiliated),124000.0,73.3,0,0.441,0.425,0.433,53700.0,70300.0,0
Cuddalore,OC,1,1398000.0,0,1,82.66,158.5,Tier-2 (Affiliated),130000.0,2.0,1,0.441,0.191,0.316,41100.0,88900.0,1
Madurai,BC,1,574000.0,0,0,71.3,115.9,Tier-2 (Affiliated),97000.0,5.7,0,0.283,0.34,0.312,30200.0,66800.0,1
Tiruchirappalli,MBC,0,146000.0,0,1,71.61,96.3,Tier-2 (Affiliated),119000.0,112.9,2,0.326,0.529,0.428,50900.0,68100.0,0
Tiruppur,OC,0,223000.0,0,1,71.26,110.8,Tier-3 (Self-financing),89000.0,18.0,1,0.039,0.518,0.278,24800.0,64200.0,1
Nagapattinam,OC,1,635000.0,1,0,74.35,119.3,Tier-3 (Self-financing),87000.0,2.0,1,0.31,0.434,0.372,32300.0,54700.0,1
Tiruchirappalli,MBC,0,434000.0,0,0,88.13,127.4,Tier-2 (Affiliated),105000.0,33.9,1,0.226,0.407,0.316,33200.0,71800.0,1
Tirunelveli,OC,1,335000.0,0,1,73.38,140.2,Tier-3 (Self-financing),78000.0,7.0,0,0.433,0.386,0.41,32000.0,46000.0,1
Villupuram,MBC,1,775000.0,1,0,84.52,130.6,Tier-1 (Autonomous),172000.0,36.6,2,0.484,0.488,0.486,83700.0,88300.0,0
Thoothukudi,BC,0,284000.0,1,0,80.65,119.4,Tier-2 (Affiliated),128000.0,47.0,0,0.355,0.51,0.432,55300.0,72700.0,0
Tiruppur,BC,1,290000.0,1,0,73.59,120.5,Tier-2 (Affiliated),114000.0,5.3,3,0.477,0.538,0.508,57900.0,56100.0,0
Thanjavur,BC,1,373000.0,0,1,91.09,132.2,Tier-2 (Affiliated),99000.0,8.2,3,0.377,0.552,0.465,46000.0,53000.0,1
Erode,SC,1,824000.0,1,0,85.36,151.1,Tier-3 (Self-financing),77000.0,5.5,1,0.543,0.223,0.383,29500.0,47500.0,1
Theni,ST,1,127000.0,1,0,78.02,136.3,Tier-2 (Affiliated),94000.0,47.2,1,0.248,0.529,0.388,36500.0,57500.0,0
Tiruppur,BC,1,323000.0,1,0,77.19,125.5,Tier-2 (Affiliated),120000.0,57.0,1,0.354,0.575,0.464,55700.0,64300.0,1
Tirunelveli,ST,0,285000.0,1,0,78.94,135.2,Tier-2 (Affiliated),110000.0,73.7,1,0.265,0.394,0.33,36300.0,73700.0,0
Chennai,MBC,1,473000.0,0,0,62.7,92.8,Tier-3 (Self-financing),89000.0,110.0,3,0.252,0.365,0.309,27500.0,61500.0,0
Tiruchirappalli,MBC,1,272000.0,1,0,69.75,89.1,Tier-1 (Autonomous),180000.0,42.5,2,0.183,0.403,0.293,52700.0,127300.0,0
Thoothukudi,SC,1,536000.0,1,0,82.63,127.3,Tier-3 (Self-financing),93000.0,68.7,1,0.328,0.321,0.324,30200.0,62800.0,1
Thanjavur,SC,1,550000.0,1,0,62.17,91.9,Tier-1 (Autonomous),177000.0,174.2,3,0.201,0.487,0.344,60900.0,116100.0,0
Dindigul,SC,0,234000.0,0,1,70.52,82.3,Tier-1 (Autonomous),182000.0,518.0,4,0.269,0.517,0.393,71500.0,110500.0,0
Dindigul,MBC,1,300000.0,1,0,74.07,102.6,Tier-3 (Self-financing),87000.0,31.9,3,0.272,0.389,0.33,28800.0,58200.0,1
Nagapattinam,MBC,0,202000.0,0,0,99.9,141.4,Tier-2 (Affiliated),101000.0,2.0,1,0.408,0.362,0.385,38900.0,62100.0,1
Coimbatore,BC,0,350000.0,1,0,84.74,119.8,Tier-2 (Affiliated),104000.0,72.3,0,0.318,0.411,0.364,37900.0,66100.0,1
Coimbatore,OC,1,306000.0,0,0,88.97,162.4,Tier-2 (Affiliated),108000.0,86.0,2,0.525,0.574,0.549,59300.0,48700.0,0
Tirunelveli,MBC,1,872000.0,1,0,69.95,119.6,Tier-1 (Autonomous),183000.0,134.4,4,0.299,0.282,0.29,53200.0,129800.0,1
Dindigul,OC,1,1605000.0,1,0,81.62,145.1,Tier-2 (Affiliated),121000.0,38.4,0,0.318,0.092,0.205,24800.0,96200.0,1
Cuddalore,BC,1,424000.0,0,1,60.4,104.3,Tier-3 (Self-financing),86000.0,2.5,0,0.339,0.451,0.395,34000.0,52000.0,1
Dindigul,OC,0,474000.0,1,0,74.69,135.7,Tier-1 (Autonomous),179000.0,45.7,3,0.338,0.354,0.346,61900.0,117100.0,0
Thanjavur,BC,1,927000.0,1,0,83.05,133.3,Tier-3 (Self-financing),87000.0,119.8,2,0.387,0.497,0.442,38400.0,48600.0,1
Villupuram,MBC,0,762000.0,0,1,63.82,124.8,Tier-1 (Autonomous),179000.0,20.5,2,0.396,0.405,0.4,71700.0,107300.0,1
Tiruchirappalli,MBC,1,989000.0,0,1,81.93,112.6,Tier-3 (Self-financing),85000.0,140.0,0,0.206,0.318,0.262,22300.0,62700.0,1
Tiruppur,MBC,1,162000.0,0,1,82.76,131.4,Tier-3 (Self-financing),97000.0,54.8,2,0.293,0.481,0.387,37500.0,59500.0,1
Namakkal,OC,0,328000.0,1,0,71.97,99.8,Tier-3 (Self-financing),83000.0,104.5,1,0.132,0.43,0.281,23300.0,59700.0,0
Dindigul,MBC,0,342000.0,0,0,69.65,130.1,Tier-3 (Self-financing),87000.0,105.7,0,0.325,0.435,0.38,33100.0,53900.0,0
Virudhunagar,BC,0,228000.0,0,1,70.85,119.7,Tier-3 (Self-financing),80000.0,36.9,2,0.401,0.69,0.546,43700.0,36300.0,1
Tirunelveli,SC,1,840000.0,0,1,74.53,137.0,Tier-3 (Self-financing),95000.0,7.1,2,0.376,0.454,0.415,39400.0,55600.0,1
Thoothukudi,MBC,1,1029000.0,0,0,74.83,98.7,Tier-3 (Self-financing),78000.0,28.3,1,0.356,0.322,0.339,26400.0,51600.0,1
Erode,MBC,0,166000.0,0,1,83.1,123.9,Tier-3 (Self-financing),84000.0,27.8,3,0.357,0.526,0.442,37100.0,46900.0,0
Namakkal,MBC,0,238000.0,1,0,72.66,89.5,Tier-1 (Autonomous),188000.0,2.0,3,0.164,0.435,0.3,56300.0,131700.0,0
Namakkal,ST,0,112000.0,0,0,94.02,155.9,Tier-3 (Self-financing),78000.0,132.5,0,0.39,0.599,0.495,38600.0,39400.0,1
Virudhunagar,SC,0,175000.0,1,0,93.95,143.9,Tier-2 (Affiliated),117000.0,106.0,0,0.529,0.237,0.383,44800.0,72200.0,0
Thanjavur,MBC,1,371000.0,1,0,80.36,139.9,Tier-3 (Self-financing),69000.0,158.6,0,0.45,0.42,0.435,30000.0,39000.0,0
Tirunelveli,MBC,1,710000.0,1,0,74.55,119.8,Tier-3 (Self-financing),76000.0,34.9,1,0.303,0.313,0.308,23400.0,52600.0,0
Chennai,OC,0,239000.0,0,1,72.67,84.3,Tier-2 (Affiliated),109000.0,10.8,2,0.202,0.562,0.382,41600.0,67400.0,0
Vellore,ST,1,65000.0,1,0,81.17,105.0,Tier-1 (Autonomous),199000.0,9.4,2,0.229,0.522,0.376,74800.0,124200.0,0
Virudhunagar,BC,0,124000.0,1,0,82.92,133.9,Tier-2 (Affiliated),111000.0,16.1,1,0.165,0.371,0.268,29700.0,81300.0,0
Chennai,BC,0,170000.0,0,1,75.99,128.6,Tier-2 (Affiliated),111000.0,111.0,1,0.355,0.492,0.423,47000.0,64000.0,0
Kanyakumari,ST,1,190000.0,0,1,74.07,85.3,Tier-3 (Self-financing),94000.0,25.4,3,0.096,0.495,0.295,27800.0,66200.0,0
Namakkal,SC,0,216000.0,0,1,81.53,129.2,Tier-2 (Affiliated),101000.0,206.0,0,0.321,0.609,0.465,47000.0,54000.0,0
Madurai,OC,1,348000.0,1,0,78.69,110.6,Tier-2 (Affiliated),86000.0,3.8,0,0.184,0.487,0.335,28800.0,57200.0,0
Erode,OC,1,324000.0,0,0,72.28,99.0,Tier-2 (Affiliated),124000.0,61.7,1,0.229,0.465,0.347,43000.0,81000.0,0
Tiruppur,OC,1,378000.0,1,0,79.13,116.8,Tier-3 (Self-financing),90000.0,71.6,1,0.227,0.462,0.344,31000.0,59000.0,0
Erode,MBC,0,141000.0,1,0,71.95,117.0,Tier-2 (Affiliated),106000.0,62.2,1,0.313,0.321,0.317,33600.0,72400.0,0
Madurai,OC,1,464000.0,1,0,70.48,102.2,Tier-1 (Autonomous),180000.0,9.9,1,0.31,0.375,0.343,61700.0,118300.0,1
Cuddalore,ST,0,122000.0,1,0,77.95,94.9,Tier-2 (Affiliated),118000.0,4.5,2,0.254,0.35,0.302,35600.0,82400.0,0
Cuddalore,ST,1,399000.0,1,0,72.25,117.3,Tier-1 (Autonomous),179000.0,12.3,1,0.19,0.615,0.402,72000.0,107000.0,1
Madurai,MBC,0,151000.0,0,1,70.67,107.8,Tier-3 (Self-financing),86000.0,2.1,3,0.141,0.463,0.302,26000.0,60000.0,0
Tirunelveli,MBC,1,345000.0,0,1,88.46,127.5,Tier-3 (Self-financing),101000.0,74.2,3,0.242,0.516,0.379,38200.0,62800.0,1
Salem,BC,0,222000.0,1,0,74.08,113.9,Tier-1 (Autonomous),170000.0,40.7,1,0.378,0.406,0.392,66600.0,103400.0,0
Cuddalore,OC,1,983000.0,0,0,96.43,149.1,Tier-3 (Self-financing),89000.0,96.5,0,0.595,0.307,0.451,40200.0,48800.0,1
Karur,SC,1,289000.0,1,0,84.27,135.5,Tier-3 (Self-financing),75000.0,10.0,4,0.319,0.448,0.383,28700.0,46300.0,0
Karur,OC,0,695000.0,0,1,69.79,107.9,Tier-1 (Autonomous),193000.0,105.0,4,0.193,0.437,0.315,60800.0,132200.0,1
Villupuram,OC,1,334000.0,0,1,89.6,145.8,Tier-2 (Affiliated),112000.0,31.4,0,0.52,0.453,0.486,54500.0,57500.0,1
Nagapattinam,BC,0,291000.0,1,0,70.83,112.6,Tier-2 (Affiliated),105000.0,80.3,0,0.258,0.421,0.34,35600.0,69400.0,0
Erode,OC,1,459000.0,1,0,97.73,168.7,Tier-2 (Affiliated),98000.0,7.1,1,0.483,0.276,0.379,37200.0,60800.0,1
Madurai,MBC,0,132000.0,1,0,80.26,152.2,Tier-2 (Affiliated),107000.0,93.9,3,0.444,0.683,0.563,60300.0,46700.0,1
Theni,SC,0,188000.0,0,1,83.43,133.3,Tier-3 (Self-financing),86000.0,176.5,0,0.31,0.451,0.381,32700.0,53300.0,1
Villupuram,SC,1,817000.0,0,0,78.31,116.0,Tier-2 (Affiliated),119000.0,32.8,4,0.241,0.338,0.29,34500.0,84500.0,1
Thoothukudi,MBC,1,263000.0,1,0,80.66,107.5,Tier-3 (Self-financing),76000.0,14.8,1,0.267,0.432,0.35,26600.0,49400.0,1
Salem,SC,1,294000.0,1,0,75.71,130.8,Tier-2 (Affiliated),103000.0,23.0,1,0.323,0.584,0.454,46700.0,56300.0,1
Salem,BC,1,235000.0,0,0,68.74,96.4,Tier-2 (Affiliated),106000.0,64.3,2,0.092,0.43,0.261,27700.0,78300.0,0
Chennai,SC,0,87000.0,1,0,81.4,165.5,Tier-3 (Self-financing),79000.0,11.0,2,0.406,0.474,0.44,34800.0,44200.0,1
Madurai,MBC,0,169000.0,0,1,88.25,182.9,Tier-3 (Self-financing),81000.0,26.5,1,0.529,0.513,0.521,42200.0,38800.0,1
Tiruppur,BC,1,377000.0,1,0,66.09,102.5,Tier-3 (Self-financing),77000.0,48.2,1,0.212,0.553,0.382,29400.0,47600.0,1
Namakkal,ST,1,218000.0,0,1,93.4,124.5,Tier-1 (Autonomous),183000.0,31.2,2,0.373,0.486,0.43,78600.0,104400.0,1
Vellore,BC,0,264000.0,1,0,84.01,144.2,Tier-2 (Affiliated),106000.0,126.1,2,0.341,0.482,0.411,43600.0,62400.0,0
Erode,OC,0,158000.0,0,0,73.63,149.3,Tier-1 (Autonomous),180000.0,33.4,3,0.566,0.49,0.528,95000.0,85000.0,1
Virudhunagar,BC,1,342000.0,1,0,73.45,97.8,Tier-1 (Autonomous),182000.0,52.7,1,0.243,0.425,0.334,60800.0,121200.0,0
Dindigul,BC,1,636000.0,1,0,96.64,183.1,Tier-1 (Autonomous),169000.0,25.2,0,0.546,0.553,0.55,92900.0,76100.0,1
Virudhunagar,BC,1,229000.0,0,0,87.39,112.1,Tier-3 (Self-financing),90000.0,58.6,1,0.249,0.42,0.334,30100.0,59900.0,0
Thoothukudi,MBC,0,214000.0,0,0,89.4,121.2,Tier-1 (Autonomous),182000.0,19.5,1,0.301,0.52,0.41,74700.0,107300.0,0
Erode,SC,1,370000.0,1,0,75.49,125.4,Tier-3 (Self-financing),87000.0,76.0,1,0.186,0.412,0.299,26000.0,61000.0,0
Salem,BC,1,314000.0,1,0,83.56,148.9,Tier-3 (Self-financing),84000.0,16.4,1,0.42,0.516,0.468,39300.0,44700.0,1
Thoothukudi,MBC,0,314000.0,1,0,81.49,129.4,Tier-2 (Affiliated),108000.0,87.1,2,0.508,0.464,0.486,52500.0,55500.0,1
Theni,BC,0,130000.0,1,0,76.25,128.7,Tier-2 (Affiliated),110000.0,96.8,0,0.42,0.524,0.472,51900.0,58100.0,0
Tirunelveli,SC,0,318000.0,0,0,79.09,143.1,Tier-3 (Self-financing),86000.0,30.7,4,0.269,0.475,0.372,32000.0,54000.0,0
Theni,BC,1,591000.0,1,0,89.1,160.9,Tier-1 (Autonomous),171000.0,2.0,1,0.485,0.326,0.406,69400.0,101600.0,1
Namakkal,OC,0,402000.0,0,1,94.0,141.1,Tier-2 (Affiliated),123000.0,192.8,0,0.428,0.446,0.437,53700.0,69300.0,1
Villupuram,MBC,1,780000.0,1,0,75.49,107.8,Tier-1 (Autonomous),174000.0,6.6,3,0.396,0.232,0.314,54600.0,119400.0,1
Tirunelveli,MBC,1,350000.0,1,0,64.87,119.6,Tier-1 (Autonomous),181000.0,40.9,1,0.253,0.479,0.366,66300.0,114700.0,1
Thoothukudi,SC,0,139000.0,1,0,94.44,157.9,Tier-2 (Affiliated),119000.0,78.3,1,0.634,0.462,0.548,65200.0,53800.0,1
Villupuram,MBC,1,894000.0,0,1,94.56,160.1,Tier-2 (Affiliated),107000.0,29.0,2,0.468,0.337,0.402,43100.0,63900.0,0
Tiruchirappalli,SC,1,867000.0,0,1,82.0,121.3,Tier-2 (Affiliated),112000.0,2.0,3,0.256,0.362,0.309,34600.0,77400.0,0
Tiruchirappalli,BC,0,204000.0,1,0,95.93,163.1,Tier-3 (Self-financing),67000.0,76.3,1,0.339,0.502,0.42,28200.0,38800.0,0
Namakkal,OC,1,592000.0,0,1,81.28,113.6,Tier-2 (Affiliated),94000.0,34.2,2,0.286,0.229,0.257,24200.0,69800.0,0
Chennai,OC,1,1119000.0,1,0,68.91,114.0,Tier-2 (Affiliated),110000.0,27.5,1,0.313,0.28,0.297,32600.0,77400.0,0
Tirunelveli,OC,0,374000.0,0,1,64.88,105.5,Tier-1 (Autonomous),182000.0,6.8,0,0.175,0.477,0.326,59400.0,122600.0,1
Thanjavur,BC,1,670000.0,0,1,64.78,105.4,Tier-1 (Autonomous),189000.0,2.0,1,0.316,0.525,0.42,79400.0,109600.0,1
Thoothukudi,MBC,1,645000.0,0,0,78.05,136.6,Tier-2 (Affiliated),116000.0,46.9,0,0.418,0.611,0.514,59700.0,56300.0,1
Thoothukudi,BC,0,219000.0,1,0,73.34,102.0,Tier-2 (Affiliated),97000.0,2.1,1,0.255,0.646,0.451,43700.0,53300.0,1
Tiruchirappalli,MBC,1,529000.0,1,0,72.21,125.7,Tier-3 (Self-financing),95000.0,35.6,0,0.269,0.368,0.318,30300.0,64700.0,1
Kanyakumari,MBC,1,419000.0,0,1,76.93,123.4,Tier-1 (Autonomous),170000.0,116.6,1,0.331,0.492,0.412,70000.0,100000.0,0
Coimbatore,MBC,1,215000.0,0,1,86.58,126.7,Tier-3 (Self-financing),92000.0,44.9,2,0.489,0.579,0.534,49100.0,42900.0,1
Karur,MBC,0,151000.0,0,1,72.53,96.2,Tier-2 (Affiliated),106000.0,145.8,2,0.16,0.555,0.358,37900.0,68100.0,0
Virudhunagar,BC,0,209000.0,1,0,70.85,141.7,Tier-2 (Affiliated),132000.0,15.6,3,0.254,0.488,0.371,49000.0,83000.0,1
Kanyakumari,BC,0,498000.0,1,0,73.19,116.1,Tier-3 (Self-financing),80000.0,3.3,1,0.274,0.459,0.366,29300.0,50700.0,0
Salem,MBC,1,713000.0,1,0,87.21,134.2,Tier-3 (Self-financing),84000.0,3.8,0,0.303,0.426,0.365,30600.0,53400.0,1
Kanyakumari,MBC,1,634000.0,1,0,77.3,106.5,Tier-2 (Affiliated),111000.0,20.7,3,0.122,0.362,0.242,26800.0,84200.0,0
Madurai,BC,1,615000.0,0,1,80.8,145.6,Tier-1 (Autonomous),178000.0,27.9,0,0.441,0.437,0.439,78100.0,99900.0,1
Namakkal,BC,0,375000.0,1,0,93.53,164.8,Tier-2 (Affiliated),102000.0,57.1,1,0.37,0.364,0.367,37400.0,64600.0,1
Dindigul,MBC,1,489000.0,0,1,99.9,172.1,Tier-3 (Self-financing),103000.0,107.6,1,0.388,0.631,0.51,52500.0,50500.0,1
Erode,MBC,1,526000.0,1,0,84.4,134.1,Tier-2 (Affiliated),105000.0,23.3,1,0.433,0.406,0.42,44100.0,60900.0,0
Chennai,BC,1,627000.0,0,0,83.41,144.7,Tier-1 (Autonomous),175000.0,57.1,2,0.517,0.461,0.489,85600.0,89400.0,0
Nagapattinam,MBC,1,194000.0,1,0,66.15,93.5,Tier-2 (Affiliated),109000.0,88.4,0,0.431,0.521,0.476,51900.0,57100.0,1
Erode,SC,1,204000.0,1,0,81.69,134.0,Tier-3 (Self-financing),87000.0,86.9,0,0.242,0.511,0.377,32800.0,54200.0,0
Cuddalore,OC,0,221000.0,0,1,78.62,125.0,Tier-2 (Affiliated),105000.0,28.6,3,0.367,0.547,0.457,48000.0,57000.0,0
Thanjavur,SC,1,579000.0,1,0,86.92,143.1,Tier-2 (Affiliated),118000.0,38.3,2,0.287,0.518,0.403,47500.0,70500.0,1
Vellore,BC,1,1200000.0,1,0,74.08,91.3,Tier-3 (Self-financing),86000.0,32.6,0,0.222,0.315,0.269,23100.0,62900.0,1
Kanyakumari,MBC,1,127000.0,1,0,80.01,156.1,Tier-3 (Self-financing),85000.0,25.6,4,0.433,0.582,0.508,43100.0,41900.0,1
Coimbatore,MBC,0,615000.0,0,0,84.05,158.8,Tier-3 (Self-financing),89000.0,150.9,1,0.283,0.46,0.372,33100.0,55900.0,0
Karur,OC,1,661000.0,1,0,96.99,137.9,Tier-1 (Autonomous),173000.0,119.1,1,0.423,0.31,0.367,63500.0,109500.0,1
Karur,ST,0,295000.0,1,0,93.64,158.5,Tier-2 (Affiliated),105000.0,31.5,3,0.453,0.488,0.471,49400.0,55600.0,0
Vellore,MBC,0,344000.0,1,0,90.66,122.8,Tier-2 (Affiliated),110000.0,113.5,1,0.376,0.459,0.417,45900.0,64100.0,1
Tirunelveli,ST,0,373000.0,0,1,85.27,137.7,Tier-3 (Self-financing),92000.0,17.9,0,0.279,0.52,0.399,36800.0,55200.0,1
Chennai,BC,1,542000.0,1,0,73.69,85.0,Tier-2 (Affiliated),108000.0,16.5,0,0.363,0.493,0.428,46300.0,61700.0,1
Villupuram,SC,0,92000.0,1,0,85.27,132.0,Tier-2 (Affiliated),107000.0,54.1,4,0.381,0.536,0.458,49100.0,57900.0,0
Villupuram,ST,1,258000.0,1,0,70.28,105.1,Tier-3 (Self-financing),68000.0,57.2,2,0.292,0.525,0.408,27800.0,40200.0,1
Salem,MBC,1,558000.0,1,0,75.94,138.9,Tier-2 (Affiliated),104000.0,132.1,1,0.495,0.448,0.471,49000.0,55000.0,1
Chennai,BC,1,429000.0,0,0,95.78,178.3,Tier-3 (Self-financing),72000.0,18.6,3,0.522,0.415,0.468,33700.0,38300.0,1
Madurai,MBC,1,603000.0,1,0,83.38,158.8,Tier-2 (Affiliated),99000.0,2.4,1,0.383,0.526,0.455,45000.0,54000.0,1
Coimbatore,MBC,1,405000.0,0,0,80.27,145.8,Tier-2 (Affiliated),113000.0,18.6,0,0.496,0.513,0.505,57000.0,56000.0,1
Virudhunagar,ST,1,197000.0,0,1,81.56,131.7,Tier-1 (Autonomous),207000.0,13.4,3,0.347,0.66,0.503,104200.0,102800.0,1
Kanyakumari,MBC,0,143000.0,0,0,77.06,129.1,Tier-2 (Affiliated),112000.0,187.3,4,0.427,0.503,0.465,52100.0,59900.0,0
Tiruchirappalli,BC,0,241000.0,0,0,56.44,96.1,Tier-3 (Self-financing),88000.0,10.6,1,0.224,0.453,0.338,29800.0,58200.0,0
Karur,BC,1,541000.0,0,1,65.36,86.9,Tier-3 (Self-financing),79000.0,134.9,1,0.375,0.272,0.323,25500.0,53500.0,0
Tiruchirappalli,MBC,1,143000.0,0,1,84.17,151.9,Tier-2 (Affiliated),102000.0,40.1,2,0.426,0.704,0.565,57600.0,44400.0,1
Vellore,ST,1,178000.0,0,0,68.79,120.4,Tier-2 (Affiliated),126000.0,32.9,1,0.268,0.555,0.411,51800.0,74200.0,1
Tiruppur,OC,0,130000.0,1,0,76.92,134.1,Tier-1 (Autonomous),174000.0,46.2,2,0.393,0.585,0.489,85100.0,88900.0,0
Karur,SC,1,224000.0,0,0,65.73,70.9,Tier-3 (Self-financing),69000.0,88.2,0,0.105,0.641,0.373,25800.0,43200.0,0
Kanyakumari,ST,1,527000.0,0,1,70.81,120.1,Tier-1 (Autonomous),182000.0,37.9,1,0.247,0.457,0.352,64100.0,117900.0,0
Chennai,OC,1,328000.0,0,1,77.96,139.8,Tier-2 (Affiliated),107000.0,19.5,1,0.494,0.428,0.461,49300.0,57700.0,1
Tiruchirappalli,OC,1,927000.0,0,0,87.24,139.4,Tier-2 (Affiliated),115000.0,16.7,2,0.283,0.44,0.361,41500.0,73500.0,1
Tirunelveli,MBC,1,2012000.0,0,1,89.24,135.3,Tier-2 (Affiliated),123000.0,26.5,4,0.453,0.136,0.295,36200.0,86800.0,1
Erode,MBC,1,934000.0,1,0,70.65,92.6,Tier-2 (Affiliated),113000.0,53.7,4,0.348,0.22,0.284,32100.0,80900.0,0
Thoothukudi,OC,1,678000.0,1,0,81.07,108.2,Tier-3 (Self-financing),87000.0,39.0,0,0.247,0.537,0.392,34100.0,52900.0,1
Nagapattinam,SC,1,505000.0,0,1,63.75,104.3,Tier-3 (Self-financing),90000.0,21.1,0,0.282,0.362,0.322,29000.0,61000.0,1
Erode,MBC,1,198000.0,0,1,78.56,122.2,Tier-3 (Self-financing),107000.0,41.6,0,0.257,0.451,0.354,37900.0,69100.0,0
Thoothukudi,ST,1,115000.0,0,0,87.53,136.3,Tier-2 (Affiliated),128000.0,42.0,2,0.465,0.589,0.527,67400.0,60600.0,0
Dindigul,SC,1,320000.0,1,0,77.33,146.7,Tier-2 (Affiliated),107000.0,130.9,2,0.307,0.325,0.316,33800.0,73200.0,0
Namakkal,SC,1,392000.0,1,0,91.16,127.0,Tier-3 (Self-financing),93000.0,51.8,1,0.421,0.479,0.45,41800.0,51200.0,0
Thanjavur,MBC,1,767000.0,0,1,86.37,133.0,Tier-1 (Autonomous),194000.0,49.7,0,0.362,0.419,0.39,75800.0,118200.0,1
Madurai,BC,0,219000.0,0,0,80.41,154.1,Tier-3 (Self-financing),91000.0,56.2,1,0.368,0.591,0.48,43700.0,47300.0,0
Villupuram,MBC,1,467000.0,1,0,75.5,116.1,Tier-1 (Autonomous),179000.0,22.2,3,0.246,0.505,0.376,67300.0,111700.0,1
Chennai,OC,1,688000.0,0,0,72.66,117.3,Tier-3 (Self-financing),81000.0,42.3,2,0.345,0.472,0.409,33100.0,47900.0,0
Tiruchirappalli,MBC,0,242000.0,0,0,63.42,98.8,Tier-3 (Self-financing),86000.0,83.9,1,0.146,0.573,0.359,30900.0,55100.0,0
Salem,BC,0,287000.0,1,0,65.05,114.7,Tier-3 (Self-financing),76000.0,16.4,0,0.341,0.61,0.475,36100.0,39900.0,1
Tirunelveli,MBC,0,162000.0,1,0,87.95,109.9,Tier-3 (Self-financing),92000.0,84.1,2,0.294,0.48,0.387,35600.0,56400.0,0
Madurai,OC,1,735000.0,0,0,93.14,146.0,Tier-1 (Autonomous),191000.0,40.2,0,0.376,0.325,0.35,66900.0,124100.0,0
Chennai,BC,1,538000.0,1,0,67.19,108.3,Tier-2 (Affiliated),107000.0,34.6,1,0.313,0.368,0.341,36400.0,70600.0,0
Cuddalore,BC,1,379000.0,0,1,78.68,110.9,Tier-2 (Affiliated),106000.0,2.0,0,0.22,0.524,0.372,39400.0,66600.0,1
Thoothukudi,MBC,0,375000.0,0,1,62.26,104.8,Tier-3 (Self-financing),77000.0,8.9,0,0.24,0.452,0.346,26600.0,50400.0,1
Madurai,SC,1,554000.0,1,0,68.23,121.0,Tier-2 (Affiliated),114000.0,4.5,1,0.288,0.392,0.34,38800.0,75200.0,1
Tirunelveli,OC,1,914000.0,1,0,80.6,135.7,Tier-1 (Autonomous),180000.0,135.0,3,0.269,0.455,0.362,65200.0,114800.0,1
Namakkal,SC,1,178000.0,1,0,72.81,143.2,Tier-2 (Affiliated),98000.0,18.4,3,0.371,0.559,0.465,45600.0,52400.0,1
Villupuram,SC,0,206000.0,1,0,58.84,87.6,Tier-3 (Self-financing),108000.0,109.1,1,0.076,0.634,0.355,38300.0,69700.0,1
Cuddalore,BC,0,181000.0,1,0,95.19,159.8,Tier-3 (Self-financing),71000.0,51.2,1,0.411,0.535,0.473,33600.0,37400.0,0
Nagapattinam,MBC,1,443000.0,1,0,77.51,131.2,Tier-3 (Self-financing),73000.0,5.5,0,0.217,0.506,0.361,26400.0,46600.0,1
Tiruppur,BC,0,182000.0,1,0,66.96,103.6,Tier-1 (Autonomous),188000.0,25.7,1,0.176,0.481,0.328,61700.0,126300.0,0
Thanjavur,BC,1,975000.0,0,0,79.28,143.8,Tier-3 (Self-financing),90000.0,37.7,1,0.326,0.188,0.257,23100.0,66900.0,1
Tiruchirappalli,MBC,1,646000.0,1,0,77.19,127.8,Tier-2 (Affiliated),104000.0,86.5,0,0.376,0.38,0.378,39300.0,64700.0,1
Kanyakumari,OC,0,735000.0,0,1,82.22,113.5,Tier-3 (Self-financing),79000.0,4.0,5,0.216,0.346,0.281,22200.0,56800.0,1
Virudhunagar,SC,0,348000.0,1,0,74.6,130.6,Tier-3 (Self-financing),89000.0,12.5,2,0.253,0.373,0.313,27800.0,61200.0,0
Chennai,ST,1,235000.0,0,1,81.14,122.3,Tier-2 (Affiliated),113000.0,19.3,1,0.293,0.517,0.405,45800.0,67200.0,1
Karur,SC,1,249000.0,0,1,87.44,135.1,Tier-2 (Affiliated),104000.0,54.5,0,0.521,0.574,0.547,56900.0,47100.0,0
Coimbatore,MBC,1,1095000.0,1,0,64.82,100.0,Tier-2 (Affiliated),118000.0,8.0,1,0.112,0.298,0.205,24200.0,93800.0,1
Karur,MBC,0,237000.0,1,0,71.07,124.7,Tier-2 (Affiliated),115000.0,4.4,0,0.388,0.535,0.461,53100.0,61900.0,0
Virudhunagar,ST,1,130000.0,0,1,86.39,154.4,Tier-2 (Affiliated),121000.0,56.8,1,0.465,0.478,0.472,57100.0,63900.0,1
Madurai,BC,1,841000.0,0,1,72.49,113.6,Tier-2 (Affiliated),110000.0,74.7,1,0.46,0.373,0.416,45800.0,64200.0,1
Thanjavur,OC,1,682000.0,1,0,77.18,120.2,Tier-2 (Affiliated),116000.0,32.7,2,0.34,0.368,0.354,41100.0,74900.0,0
Madurai,MBC,1,962000.0,1,0,73.3,86.6,Tier-2 (Affiliated),108000.0,29.2,2,0.202,0.385,0.293,31700.0,76300.0,0
Tiruppur,BC,0,342000.0,0,0,73.92,107.6,Tier-2 (Affiliated),114000.0,94.8,1,0.275,0.529,0.402,45900.0,68100.0,0
Villupuram,BC,1,478000.0,0,1,73.07,102.7,Tier-2 (Affiliated),113000.0,24.5,4,0.252,0.593,0.423,47800.0,65200.0,0
Coimbatore,OC,1,1458000.0,0,1,65.41,109.3,Tier-3 (Self-financing),92000.0,31.3,1,0.334,0.218,0.276,25400.0,66600.0,1
Vellore,MBC,0,112000.0,0,0,82.59,130.5,Tier-2 (Affiliated),114000.0,20.8,0,0.31,0.511,0.411,46800.0,67200.0,1
Thoothukudi,BC,1,350000.0,0,1,88.62,128.2,Tier-3 (Self-financing),70000.0,5.2,1,0.588,0.571,0.58,40600.0,29400.0,1
Erode,BC,1,296000.0,1,0,76.24,124.3,Tier-3 (Self-financing),80000.0,120.8,0,0.4,0.465,0.432,34600.0,45400.0,1
Madurai,OC,1,188000.0,0,0,87.49,139.0,Tier-2 (Affiliated),111000.0,118.3,3,0.368,0.553,0.461,51100.0,59900.0,0
Dindigul,BC,0,483000.0,0,1,73.09,78.8,Tier-3 (Self-financing),89000.0,86.8,2,0.151,0.415,0.283,25200.0,63800.0,1
Namakkal,SC,1,232000.0,0,1,72.5,132.6,Tier-3 (Self-financing),92000.0,13.9,1,0.359,0.536,0.448,41200.0,50800.0,1
Cuddalore,BC,0,492000.0,0,0,82.11,146.5,Tier-3 (Self-financing),89000.0,11.9,2,0.406,0.501,0.454,40400.0,48600.0,1
Erode,MBC,1,520000.0,0,1,82.27,128.1,Tier-1 (Autonomous),174000.0,71.5,3,0.396,0.552,0.474,82500.0,91500.0,0
Thoothukudi,SC,1,440000.0,0,1,76.87,128.3,Tier-1 (Autonomous),187000.0,11.6,4,0.369,0.403,0.386,72200.0,114800.0,0
Namakkal,BC,0,233000.0,0,0,84.77,130.8,Tier-2 (Affiliated),104000.0,4.7,2,0.472,0.543,0.507,52800.0,51200.0,1
Tirunelveli,SC,0,128000.0,1,0,65.13,80.1,Tier-3 (Self-financing),95000.0,86.0,3,0.099,0.514,0.306,29100.0,65900.0,0
Thoothukudi,MBC,1,441000.0,0,1,74.96,152.4,Tier-3 (Self-financing),96000.0,5.8,2,0.428,0.332,0.38,36500.0,59500.0,1
Villupuram,MBC,0,431000.0,1,0,87.65,151.5,Tier-1 (Autonomous),180000.0,70.1,3,0.35,0.416,0.383,68900.0,111100.0,0
Dindigul,OC,1,613000.0,1,0,87.62,154.3,Tier-2 (Affiliated),105000.0,52.1,2,0.4,0.37,0.385,40400.0,64600.0,1
Chennai,OC,1,428000.0,0,0,86.36,133.9,Tier-2 (Affiliated),104000.0,6.0,0,0.325,0.5,0.413,42900.0,61100.0,1
Tiruppur,ST,1,141000.0,0,1,88.21,158.0,Tier-3 (Self-financing),76000.0,32.7,3,0.514,0.452,0.483,36700.0,39300.0,1
Tiruppur,SC,0,218000.0,1,0,74.27,98.3,Tier-2 (Affiliated),103000.0,94.2,4,0.189,0.515,0.352,36300.0,66700.0,0
Madurai,ST,0,125000.0,0,0,60.95,93.8,Tier-2 (Affiliated),109000.0,11.0,1,0.337,0.527,0.432,47000.0,62000.0,0
Theni,ST,0,162000.0,0,1,75.41,131.8,Tier-2 (Affiliated),106000.0,32.5,5,0.475,0.57,0.523,55400.0,50600.0,1
Virudhunagar,OC,1,552000.0,1,0,84.36,125.6,Tier-1 (Autonomous),167000.0,8.9,2,0.394,0.404,0.399,66600.0,100400.0,1
Madurai,SC,1,247000.0,1,0,85.99,151.2,Tier-3 (Self-financing),81000.0,150.7,1,0.336,0.383,0.36,29100.0,51900.0,1
Karur,MBC,1,494000.0,1,0,72.74,120.9,Tier-2 (Affiliated),111000.0,43.3,0,0.435,0.527,0.481,53400.0,57600.0,1
Madurai,SC,0,265000.0,0,0,68.32,112.5,Tier-2 (Affiliated),107000.0,33.7,2,0.257,0.453,0.355,38000.0,69000.0,0
Karur,OC,0,1149000.0,0,0,69.31,100.1,Tier-3 (Self-financing),78000.0,119.5,3,0.221,0.413,0.317,24700.0,53300.0,1
Thanjavur,BC,0,454000.0,0,1,72.56,122.2,Tier-1 (Autonomous),161000.0,42.9,2,0.367,0.46,0.413,66500.0,94500.0,0
Chennai,SC,1,757000.0,0,0,59.03,123.4,Tier-2 (Affiliated),119000.0,40.8,2,0.261,0.407,0.334,39700.0,79300.0,1
Thoothukudi,SC,0,124000.0,0,0,72.73,119.0,Tier-3 (Self-financing),85000.0,91.3,2,0.414,0.574,0.494,42000.0,43000.0,1
Tiruchirappalli,MBC,0,108000.0,0,0,78.48,133.9,Tier-3 (Self-financing),88000.0,22.9,0,0.43,0.58,0.505,44500.0,43500.0,0
Tiruppur,BC,1,479000.0,0,1,77.02,133.8,Tier-2 (Affiliated),111000.0,55.9,0,0.604,0.45,0.527,58500.0,52500.0,1
Tiruchirappalli,BC,1,774000.0,0,0,74.7,102.4,Tier-3 (Self-financing),89000.0,39.8,2,0.279,0.364,0.322,28600.0,60400.0,1
Villupuram,ST,0,249000.0,0,1,71.11,111.8,Tier-2 (Affiliated),112000.0,25.1,2,0.278,0.498,0.388,43400.0,68600.0,1
Karur,MBC,1,818000.0,0,0,72.27,113.2,Tier-2 (Affiliated),111000.0,24.9,1,0.454,0.245,0.35,38800.0,72200.0,1
Virudhunagar,MBC,0,64000.0,1,0,72.45,84.0,Tier-3 (Self-financing),91000.0,7.7,1,0.041,0.616,0.329,29900.0,61100.0,0
Thanjavur,MBC,0,518000.0,0,1,85.05,147.9,Tier-1 (Autonomous),188000.0,23.5,0,0.434,0.38,0.407,76500.0,111500.0,0
Dindigul,BC,0,360000.0,1,0,77.99,110.8,Tier-2 (Affiliated),121000.0,4.5,1,0.274,0.438,0.356,43100.0,77900.0,1
Theni,MBC,0,111000.0,0,1,99.9,170.0,Tier-2 (Affiliated),103000.0,45.9,2,0.593,0.496,0.545,56100.0,46900.0,1
Nagapattinam,MBC,1,625000.0,0,1,74.68,108.1,Tier-2 (Affiliated),112000.0,8.6,1,0.524,0.458,0.491,55000.0,57000.0,1
Virudhunagar,SC,1,346000.0,1,0,82.38,162.4,Tier-2 (Affiliated),97000.0,3.8,3,0.413,0.472,0.443,42900.0,54100.0,0
Chennai,ST,1,337000.0,1,0,74.9,115.7,Tier-3 (Self-financing),81000.0,169.1,1,0.395,0.537,0.466,37800.0,43200.0,1
Cuddalore,ST,0,293000.0,0,1,74.66,148.3,Tier-2 (Affiliated),108000.0,61.9,2,0.529,0.534,0.531,57400.0,50600.0,1
Madurai,MBC,1,532000.0,0,0,93.62,147.2,Tier-3 (Self-financing),91000.0,103.7,3,0.519,0.381,0.45,40900.0,50100.0,1
Tirunelveli,MBC,1,187000.0,1,0,87.98,140.0,Tier-2 (Affiliated),109000.0,23.4,2,0.408,0.449,0.428,46700.0,62300.0,1
Virudhunagar,SC,0,180000.0,0,1,60.45,120.2,Tier-2 (Affiliated),115000.0,39.5,1,0.376,0.493,0.434,49900.0,65100.0,1
Tirunelveli,SC,1,129000.0,0,0,67.77,94.7,Tier-3 (Self-financing),82000.0,4.1,0,0.152,0.582,0.367,30100.0,51900.0,0
Nagapattinam,MBC,1,600000.0,0,0,76.64,123.4,Tier-2 (Affiliated),105000.0,15.8,1,0.472,0.475,0.474,49700.0,55300.0,0
Dindigul,MBC,1,906000.0,0,1,72.83,124.6,Tier-3 (Self-financing),79000.0,21.4,2,0.248,0.423,0.335,26500.0,52500.0,1
Salem,SC,0,99000.0,1,0,62.92,106.7,Tier-3 (Self-financing),91000.0,100.5,0,0.193,0.51,0.352,32000.0,59000.0,0
Erode,MBC,1,290000.0,1,0,79.16,127.3,Tier-3 (Self-financing),82000.0,26.2,2,0.321,0.573,0.447,36700.0,45300.0,1
Namakkal,SC,1,194000.0,0,0,59.22,93.3,Tier-1 (Autonomous),161000.0,54.5,1,0.178,0.54,0.359,57800.0,103200.0,0
Nagapattinam,BC,1,376000.0,0,1,79.27,139.5,Tier-2 (Affiliated),115000.0,64.3,4,0.421,0.429,0.425,48900.0,66100.0,0
Theni,MBC,1,527000.0,0,0,85.3,139.1,Tier-2 (Affiliated),103000.0,2.0,0,0.36,0.426,0.393,40500.0,62500.0,1
Villupuram,MBC,0,204000.0,1,0,86.73,153.3,Tier-3 (Self-financing),87000.0,2.7,2,0.366,0.575,0.47,40900.0,46100.0,1
Kanyakumari,OC,1,902000.0,1,0,76.56,128.4,Tier-1 (Autonomous),171000.0,188.3,3,0.258,0.494,0.376,64200.0,106800.0,1
Nagapattinam,SC,1,566000.0,0,1,93.11,158.7,Tier-3 (Self-financing),85000.0,28.2,0,0.549,0.301,0.425,36100.0,48900.0,1
Theni,MBC,1,770000.0,1,0,81.32,147.1,Tier-2 (Affiliated),87000.0,78.9,1,0.456,0.42,0.438,38100.0,48900.0,1
Tirunelveli,BC,0,162000.0,0,1,86.46,133.7,Tier-3 (Self-financing),85000.0,166.0,3,0.262,0.39,0.326,27700.0,57300.0,0
Thanjavur,SC,0,418000.0,1,0,70.64,129.6,Tier-3 (Self-financing),78000.0,26.4,2,0.403,0.408,0.405,31600.0,46400.0,1
Madurai,SC,0,437000.0,0,1,93.22,146.8,Tier-3 (Self-financing),75000.0,7.1,4,0.387,0.502,0.444,33300.0,41700.0,1
Vellore,SC,0,458000.0,0,1,77.97,103.7,Tier-2 (Affiliated),116000.0,41.8,1,0.134,0.47,0.302,35000.0,81000.0,1
Villupuram,BC,1,443000.0,0,1,93.77,145.1,Tier-3 (Self-financing),84000.0,42.5,1,0.307,0.398,0.353,29600.0,54400.0,1
Thanjavur,SC,0,129000.0,1,0,91.58,135.7,Tier-2 (Affiliated),108000.0,82.2,2,0.454,0.49,0.472,51000.0,57000.0,1
Madurai,BC,1,281000.0,0,1,80.58,134.6,Tier-3 (Self-financing),79000.0,43.7,1,0.477,0.569,0.523,41300.0,37700.0,1
Cuddalore,MBC,1,229000.0,0,1,82.06,127.0,Tier-2 (Affiliated),117000.0,40.5,0,0.399,0.511,0.455,53200.0,63800.0,1
Thoothukudi,OC,1,634000.0,1,0,76.2,123.8,Tier-3 (Self-financing),82000.0,38.3,0,0.272,0.426,0.349,28600.0,53400.0,1
Kanyakumari,MBC,0,414000.0,1,0,69.81,126.9,Tier-2 (Affiliated),122000.0,37.6,0,0.383,0.55,0.467,57000.0,65000.0,1
Tirunelveli,SC,1,646000.0,0,1,83.95,156.6,Tier-3 (Self-financing),95000.0,93.1,2,0.486,0.486,0.486,46200.0,48800.0,1
Dindigul,MBC,1,322000.0,0,1,83.44,137.9,Tier-2 (Affiliated),121000.0,21.7,0,0.181,0.456,0.318,38500.0,82500.0,0
Namakkal,MBC,1,411000.0,1,0,61.81,115.2,Tier-2 (Affiliated),118000.0,121.8,1,0.347,0.518,0.433,51100.0,66900.0,1
Salem,SC,0,184000.0,0,1,77.17,120.8,Tier-1 (Autonomous),175000.0,44.6,3,0.336,0.494,0.415,72600.0,102400.0,0
Tirunelveli,MBC,1,296000.0,0,0,86.68,115.2,Tier-1 (Autonomous),180000.0,4.6,0,0.488,0.5,0.494,88900.0,91100.0,0
Salem,BC,0,448000.0,0,1,92.66,130.6,Tier-3 (Self-financing),83000.0,94.3,0,0.514,0.325,0.42,34800.0,48200.0,1
Thoothukudi,ST,1,333000.0,0,0,85.25,133.5,Tier-3 (Self-financing),92000.0,86.4,3,0.359,0.439,0.399,36700.0,55300.0,1
Karur,SC,0,211000.0,1,0,62.83,112.5,Tier-1 (Autonomous),180000.0,23.1,2,0.327,0.521,0.424,76300.0,103700.0,0
Virudhunagar,ST,0,206000.0,1,0,67.46,105.0,Tier-2 (Affiliated),108000.0,81.8,2,0.275,0.42,0.347,37500.0,70500.0,1
Virudhunagar,ST,1,383000.0,0,1,74.54,137.1,Tier-3 (Self-financing),98000.0,74.9,0,0.341,0.449,0.395,38700.0,59300.0,1
Thoothukudi,ST,0,236000.0,1,0,91.99,174.7,Tier-2 (Affiliated),107000.0,17.7,2,0.402,0.375,0.388,41600.0,65400.0,0
Madurai,SC,1,199000.0,1,0,71.93,101.8,Tier-2 (Affiliated),105000.0,29.6,2,0.2,0.567,0.384,40300.0,64700.0,0
Kanyakumari,MBC,1,688000.0,1,0,88.59,173.6,Tier-3 (Self-financing),82000.0,72.0,2,0.47,0.527,0.499,40900.0,41100.0,1
Coimbatore,BC,0,344000.0,0,1,71.77,90.3,Tier-1 (Autonomous),189000.0,192.9,3,0.308,0.402,0.355,67100.0,121900.0,1
Dindigul,MBC,0,205000.0,0,1,83.33,161.1,Tier-2 (Affiliated),112000.0,100.1,0,0.48,0.383,0.432,48300.0,63700.0,1
Tiruppur,SC,0,222000.0,1,0,68.6,109.3,Tier-2 (Affiliated),114000.0,38.7,0,0.235,0.55,0.392,44700.0,69300.0,1
Vellore,MBC,1,508000.0,1,0,76.06,118.2,Tier-2 (Affiliated),112000.0,17.1,3,0.252,0.47,0.361,40500.0,71500.0,0
Madurai,SC,1,571000.0,0,1,66.68,106.6,Tier-2 (Affiliated),92000.0,48.3,1,0.306,0.474,0.39,35900.0,56100.0,1
Tiruchirappalli,OC,0,219000.0,0,0,92.43,135.9,Tier-1 (Autonomous),171000.0,105.1,0,0.349,0.563,0.456,78000.0,93000.0,0
Virudhunagar,BC,1,1001000.0,0,1,71.05,136.2,Tier-3 (Self-financing),83000.0,96.9,1,0.291,0.365,0.328,27200.0,55800.0,1
Erode,MBC,0,263000.0,0,1,62.53,89.7,Tier-3 (Self-financing),88000.0,178.0,1,0.136,0.608,0.372,32700.0,55300.0,0
Erode,MBC,1,318000.0,0,1,61.74,90.3,Tier-3 (Self-financing),77000.0,3.9,2,0.354,0.606,0.48,37000.0,40000.0,0
Villupuram,OC,1,469000.0,0,1,77.15,102.8,Tier-3 (Self-financing),77000.0,4.5,0,0.247,0.611,0.429,33000.0,44000.0,1
Madurai,BC,0,172000.0,0,0,73.42,106.5,Tier-1 (Autonomous),178000.0,19.5,0,0.358,0.681,0.52,92500.0,85500.0,0
Villupuram,SC,1,121000.0,1,0,84.49,124.7,Tier-2 (Affiliated),121000.0,90.2,1,0.193,0.469,0.331,40100.0,80900.0,0
Villupuram,MBC,0,377000.0,1,0,75.65,109.5,Tier-2 (Affiliated),93000.0,47.8,2,0.375,0.562,0.468,43600.0,49400.0,1
Tiruppur,OC,1,1873000.0,0,1,89.66,140.8,Tier-2 (Affiliated),89000.0,37.1,0,0.453,0.198,0.326,29000.0,60000.0,1
Tiruchirappalli,OC,1,259000.0,0,0,74.15,101.9,Tier-2 (Affiliated),124000.0,18.6,0,0.325,0.346,0.336,41600.0,82400.0,1
Tiruchirappalli,MBC,1,249000.0,0,0,88.26,165.1,Tier-1 (Autonomous),168000.0,85.3,3,0.349,0.543,0.446,74900.0,93100.0,1
Tirunelveli,BC,1,730000.0,0,0,68.47,107.3,Tier-1 (Autonomous),177000.0,2.0,3,0.275,0.35,0.313,55300.0,121700.0,0
Tiruppur,SC,1,307000.0,1,0,62.97,106.4,Tier-1 (Autonomous),168000.0,66.9,1,0.204,0.49,0.347,58300.0,109700.0,0
Tiruchirappalli,SC,0,309000.0,0,1,69.77,124.6,Tier-3 (Self-financing),83000.0,81.2,0,0.24,0.398,0.319,26500.0,56500.0,1
Dindigul,BC,1,457000.0,1,0,66.71,137.1,Tier-3 (Self-financing),84000.0,23.1,2,0.228,0.565,0.396,33300.0,50700.0,1
Madurai,MBC,0,189000.0,0,0,65.59,118.6,Tier-2 (Affiliated),123000.0,27.7,0,0.227,0.441,0.334,41100.0,81900.0,0
Namakkal,BC,1,427000.0,1,0,82.14,127.7,Tier-1 (Autonomous),186000.0,248.9,1,0.253,0.407,0.33,61400.0,124600.0,1
Chennai,BC,0,81000.0,1,0,75.36,104.5,Tier-2 (Affiliated),100000.0,14.6,4,0.326,0.625,0.476,47600.0,52400.0,0
Karur,SC,1,168000.0,1,0,79.42,132.1,Tier-3 (Self-financing),70000.0,7.6,0,0.312,0.539,0.425,29800.0,40200.0,0
Coimbatore,MBC,1,708000.0,1,0,83.28,149.2,Tier-2 (Affiliated),114000.0,48.2,1,0.408,0.555,0.482,54900.0,59100.0,1
Tiruchirappalli,SC,0,376000.0,0,1,61.14,100.0,Tier-3 (Self-financing),81000.0,11.2,0,0.343,0.547,0.445,36100.0,44900.0,1
Tiruchirappalli,BC,1,1047000.0,0,0,83.7,134.9,Tier-2 (Affiliated),104000.0,13.0,1,0.376,0.433,0.404,42100.0,61900.0,1
Virudhunagar,BC,1,616000.0,0,1,65.95,108.7,Tier-3 (Self-financing),94000.0,31.8,1,0.22,0.346,0.283,26600.0,67400.0,0
Coimbatore,MBC,0,75000.0,1,0,72.23,87.5,Tier-3 (Self-financing),71000.0,86.6,3,0.219,0.563,0.391,27800.0,43200.0,0
Thanjavur,MBC,1,296000.0,1,0,59.08,96.7,Tier-2 (Affiliated),107000.0,36.2,0,0.173,0.638,0.405,43400.0,63600.0,0
Tiruppur,ST,1,566000.0,0,1,84.55,146.3,Tier-3 (Self-financing),90000.0,44.8,2,0.27,0.352,0.311,28000.0,62000.0,1
Namakkal,OC,1,1538000.0,1,0,61.11,97.1,Tier-2 (Affiliated),101000.0,19.3,3,0.267,0.25,0.258,26100.0,74900.0,1
Cuddalore,SC,0,413000.0,0,0,66.0,122.5,Tier-2 (Affiliated),120000.0,107.4,2,0.378,0.461,0.42,50400.0,69600.0,0
Virudhunagar,SC,1,277000.0,0,1,66.72,124.1,Tier-2 (Affiliated),102000.0,48.0,0,0.317,0.518,0.417,42500.0,59500.0,1
Vellore,MBC,0,127000.0,1,0,76.71,115.2,Tier-2 (Affiliated),109000.0,84.8,0,0.29,0.586,0.438,47800.0,61200.0,0
Virudhunagar,BC,1,472000.0,0,1,76.41,128.9,Tier-3 (Self-financing),79000.0,25.0,0,0.315,0.468,0.392,31000.0,48000.0,1
Erode,MBC,0,262000.0,0,1,86.12,138.4,Tier-2 (Affiliated),88000.0,28.2,2,0.506,0.661,0.584,51400.0,36600.0,1
Thoothukudi,BC,0,707000.0,1,0,76.95,92.7,Tier-3 (Self-financing),82000.0,31.9,2,0.245,0.223,0.234,19200.0,62800.0,1
Namakkal,SC,0,221000.0,0,1,87.66,137.4,Tier-3 (Self-financing),91000.0,19.2,1,0.369,0.292,0.33,30100.0,60900.0,0
Karur,MBC,0,262000.0,0,1,81.79,115.4,Tier-3 (Self-financing),77000.0,28.8,1,0.379,0.479,0.429,33000.0,44000.0,1
Kanyakumari,ST,1,284000.0,0,0,68.55,111.7,Tier-1 (Autonomous),175000.0,55.1,2,0.373,0.596,0.485,84800.0,90200.0,0
Nagapattinam,MBC,1,523000.0,0,1,71.33,124.4,Tier-1 (Autonomous),176000.0,217.0,5,0.369,0.435,0.402,70700.0,105300.0,1
Kanyakumari,MBC,1,593000.0,1,0,93.11,145.7,Tier-3 (Self-financing),89000.0,23.8,4,0.486,0.4,0.443,39400.0,49600.0,1
Namakkal,SC,1,211000.0,1,0,90.27,130.9,Tier-2 (Affiliated),107000.0,42.5,1,0.401,0.357,0.379,40500.0,66500.0,0
Chennai,MBC,0,145000.0,0,0,86.24,141.5,Tier-3 (Self-financing),85000.0,178.7,2,0.397,0.497,0.447,38000.0,47000.0,1
Dindigul,ST,0,359000.0,1,0,87.55,176.7,Tier-2 (Affiliated),110000.0,92.6,3,0.597,0.437,0.517,56900.0,53100.0,1
Tiruchirappalli,BC,1,196000.0,1,0,82.65,99.7,Tier-2 (Affiliated),106000.0,129.4,1,0.171,0.498,0.335,35500.0,70500.0,0
Kanyakumari,ST,1,672000.0,1,0,81.35,133.7,Tier-3 (Self-financing),99000.0,7.8,1,0.29,0.407,0.348,34500.0,64500.0,1
Salem,SC,1,110000.0,1,0,78.5,117.4,Tier-3 (Self-financing),77000.0,251.1,4,0.348,0.584,0.466,35900.0,41100.0,0
Salem,SC,0,141000.0,0,1,94.99,145.6,Tier-2 (Affiliated),116000.0,395.7,5,0.354,0.488,0.421,48800.0,67200.0,1
Salem,MBC,1,717000.0,1,0,73.35,115.8,Tier-3 (Self-financing),95000.0,5.2,2,0.369,0.341,0.355,33700.0,61300.0,1
Theni,SC,0,195000.0,0,1,80.4,123.5,Tier-2 (Affiliated),109000.0,12.5,1,0.35,0.513,0.432,47100.0,61900.0,1
Tiruppur,BC,1,234000.0,0,1,60.92,106.5,Tier-2 (Affiliated),110000.0,24.0,1,0.436,0.503,0.469,51600.0,58400.0,1
Villupuram,SC,0,247000.0,0,1,63.69,98.3,Tier-2 (Affiliated),114000.0,19.3,3,0.162,0.404,0.283,32200.0,81800.0,1
Thanjavur,BC,1,501000.0,0,0,96.15,121.4,Tier-3 (Self-financing),82000.0,51.2,1,0.397,0.482,0.439,36000.0,46000.0,1
Tirunelveli,BC,0,266000.0,0,1,84.17,153.9,Tier-3 (Self-financing),70000.0,125.3,1,0.398,0.397,0.397,27800.0,42200.0,0
Chennai,MBC,1,298000.0,1,0,75.87,138.3,Tier-3 (Self-financing),83000.0,16.9,1,0.406,0.544,0.475,39400.0,43600.0,1
Chennai,BC,0,293000.0,0,1,78.78,116.9,Tier-2 (Affiliated),123000.0,44.3,1,0.365,0.451,0.408,50200.0,72800.0,0
Vellore,BC,1,351000.0,0,0,64.42,103.8,Tier-3 (Self-financing),90000.0,6.1,1,0.292,0.39,0.341,30700.0,59300.0,1
Villupuram,SC,0,744000.0,1,0,73.72,136.2,Tier-2 (Affiliated),111000.0,7.3,1,0.415,0.626,0.521,57800.0,53200.0,1
Namakkal,BC,1,423000.0,0,1,63.42,117.0,Tier-2 (Affiliated),116000.0,5.2,1,0.341,0.476,0.408,47300.0,68700.0,1
Kanyakumari,SC,0,159000.0,0,1,75.05,140.4,Tier-3 (Self-financing),84000.0,2.0,1,0.371,0.603,0.487,40900.0,43100.0,1
Madurai,OC,0,290000.0,1,0,84.8,141.3,Tier-1 (Autonomous),180000.0,56.9,3,0.461,0.487,0.474,85400.0,94600.0,1
Coimbatore,SC,1,837000.0,1,0,82.53,143.6,Tier-1 (Autonomous),177000.0,154.3,2,0.474,0.491,0.482,85400.0,91600.0,1
Virudhunagar,SC,0,79000.0,1,0,93.89,171.4,Tier-3 (Self-financing),89000.0,53.6,0,0.472,0.593,0.533,47400.0,41600.0,0
Madurai,BC,0,364000.0,0,0,80.95,124.4,Tier-3 (Self-financing),81000.0,39.0,2,0.271,0.457,0.364,29500.0,51500.0,1
Coimbatore,SC,1,276000.0,0,1,53.22,91.8,Tier-2 (Affiliated),107000.0,28.7,0,0.24,0.574,0.407,43500.0,63500.0,1
Thanjavur,ST,1,125000.0,1,0,97.51,123.8,Tier-3 (Self-financing),92000.0,102.9,1,0.348,0.621,0.484,44600.0,47400.0,0
Villupuram,SC,1,201000.0,1,0,69.59,87.6,Tier-3 (Self-financing),83000.0,18.6,1,0.075,0.477,0.276,22900.0,60100.0,1
Cuddalore,BC,0,356000.0,0,0,79.62,134.9,Tier-1 (Autonomous),185000.0,13.8,1,0.389,0.479,0.434,80300.0,104700.0,0
Coimbatore,MBC,1,261000.0,1,0,79.02,136.2,Tier-3 (Self-financing),90000.0,58.4,2,0.311,0.666,0.488,44000.0,46000.0,0
Virudhunagar,SC,1,363000.0,1,0,80.41,122.8,Tier-2 (Affiliated),109000.0,118.8,3,0.174,0.495,0.334,36500.0,72500.0,1
Virudhunagar,BC,0,774000.0,0,1,78.48,116.5,Tier-2 (Affiliated),107000.0,2.0,2,0.337,0.487,0.412,44100.0,62900.0,1
Virudhunagar,SC,1,346000.0,0,1,78.66,120.5,Tier-1 (Autonomous),169000.0,25.2,1,0.223,0.548,0.386,65200.0,103800.0,1
Villupuram,BC,0,134000.0,0,1,64.78,106.5,Tier-2 (Affiliated),101000.0,46.9,1,0.373,0.611,0.492,49700.0,51300.0,0
Salem,SC,1,198000.0,1,0,99.9,125.1,Tier-3 (Self-financing),90000.0,61.9,3,0.398,0.591,0.495,44500.0,45500.0,1
Thoothukudi,OC,1,538000.0,0,1,84.51,142.2,Tier-2 (Affiliated),115000.0,2.0,2,0.416,0.227,0.321,36900.0,78100.0,1
Erode,OC,1,519000.0,1,0,78.52,126.1,Tier-1 (Autonomous),172000.0,2.6,1,0.451,0.406,0.428,73700.0,98300.0,0
Virudhunagar,ST,1,297000.0,0,0,96.42,158.0,Tier-2 (Affiliated),113000.0,241.0,1,0.529,0.468,0.498,56300.0,56700.0,0
Tiruppur,SC,0,232000.0,1,0,67.28,105.8,Tier-3 (Self-financing),87000.0,181.3,1,0.196,0.528,0.362,31500.0,55500.0,1
Nagapattinam,SC,0,505000.0,0,1,86.68,117.9,Tier-2 (Affiliated),117000.0,144.7,3,0.391,0.381,0.386,45200.0,71800.0,1
Theni,ST,1,272000.0,1,0,72.45,99.4,Tier-1 (Autonomous),197000.0,25.7,0,0.19,0.488,0.339,66800.0,130200.0,1
Theni,MBC,1,223000.0,0,0,82.02,154.1,Tier-3 (Self-financing),90000.0,27.9,5,0.512,0.406,0.459,41300.0,48700.0,1
Theni,BC,1,911000.0,1,0,82.24,121.9,Tier-2 (Affiliated),104000.0,3.7,0,0.291,0.21,0.25,26000.0,78000.0,1
Nagapattinam,BC,0,599000.0,1,0,54.64,99.5,Tier-3 (Self-financing),91000.0,11.4,2,0.144,0.648,0.396,36000.0,55000.0,1
Karur,MBC,1,477000.0,0,1,63.68,85.7,Tier-1 (Autonomous),172000.0,11.1,3,0.231,0.422,0.326,56200.0,115800.0,0
Madurai,BC,0,261000.0,1,0,93.86,150.0,Tier-2 (Affiliated),128000.0,227.3,2,0.385,0.601,0.493,63100.0,64900.0,1
Virudhunagar,ST,0,238000.0,0,1,75.48,114.2,Tier-2 (Affiliated),100000.0,91.6,2,0.384,0.575,0.479,47900.0,52100.0,0
Namakkal,OC,1,561000.0,1,0,98.02,152.5,Tier-3 (Self-financing),89000.0,29.3,1,0.537,0.407,0.472,42000.0,47000.0,1
Erode,BC,1,156000.0,0,0,91.1,140.7,Tier-3 (Self-financing),85000.0,86.4,2,0.252,0.641,0.447,38000.0,47000.0,1
Namakkal,BC,1,658000.0,1,0,75.8,142.9,Tier-2 (Affiliated),107000.0,19.2,1,0.398,0.35,0.374,40000.0,67000.0,0
Thoothukudi,BC,1,789000.0,1,0,74.91,148.8,Tier-3 (Self-financing),81000.0,9.1,1,0.471,0.389,0.43,34900.0,46100.0,1
Kanyakumari,BC,0,661000.0,1,0,94.48,154.7,Tier-3 (Self-financing),96000.0,166.6,0,0.45,0.469,0.46,44100.0,51900.0,1
Virudhunagar,MBC,1,281000.0,0,1,99.03,152.3,Tier-2 (Affiliated),115000.0,46.1,0,0.443,0.498,0.47,54100.0,60900.0,0
Dindigul,BC,1,547000.0,0,1,75.13,100.3,Tier-2 (Affiliated),109000.0,46.5,3,0.27,0.43,0.35,38100.0,70900.0,1
Nagapattinam,MBC,1,481000.0,1,0,93.38,128.4,Tier-2 (Affiliated),124000.0,163.9,1,0.219,0.3,0.259,32200.0,91800.0,1
Vellore,SC,0,204000.0,0,0,88.3,163.0,Tier-1 (Autonomous),179000.0,99.4,1,0.597,0.572,0.584,104600.0,74400.0,1
Cuddalore,MBC,0,277000.0,1,0,90.03,122.0,Tier-3 (Self-financing),91000.0,72.1,0,0.378,0.569,0.473,43100.0,47900.0,1
Theni,MBC,0,265000.0,0,1,79.01,119.8,Tier-3 (Self-financing),74000.0,27.5,4,0.265,0.46,0.362,26800.0,47200.0,0
Salem,BC,0,336000.0,0,1,71.28,116.4,Tier-3 (Self-financing),75000.0,92.0,2,0.245,0.559,0.402,30100.0,44900.0,1
Tirunelveli,BC,0,449000.0,1,0,67.46,68.9,Tier-3 (Self-financing),91000.0,88.6,0,0.207,0.482,0.344,31300.0,59700.0,1
Coimbatore,BC,1,945000.0,0,1,64.96,85.2,Tier-3 (Self-financing),87000.0,35.6,2,0.216,0.453,0.335,29100.0,57900.0,1
Madurai,ST,1,180000.0,0,0,97.11,135.3,Tier-3 (Self-financing),102000.0,38.9,3,0.401,0.577,0.489,49900.0,52100.0,0
Thanjavur,MBC,0,236000.0,0,1,78.11,115.0,Tier-3 (Self-financing),79000.0,33.0,2,0.344,0.48,0.412,32600.0,46400.0,1
Dindigul,BC,1,383000.0,1,0,66.55,110.4,Tier-2 (Affiliated),115000.0,18.8,1,0.302,0.643,0.472,54300.0,60700.0,1
Tiruchirappalli,MBC,1,308000.0,1,0,88.02,156.2,Tier-3 (Self-financing),83000.0,17.7,1,0.295,0.418,0.357,29600.0,53400.0,0
Thanjavur,SC,1,130000.0,1,0,73.21,107.2,Tier-3 (Self-financing),92000.0,2.0,1,0.24,0.283,0.261,24000.0,68000.0,0
Theni,MBC,1,426000.0,0,0,71.49,107.5,Tier-2 (Affiliated),116000.0,23.9,4,0.318,0.257,0.288,33400.0,82600.0,0
Salem,MBC,1,547000.0,0,0,98.68,156.1,Tier-2 (Affiliated),110000.0,56.8,1,0.497,0.478,0.488,53600.0,56400.0,1
Erode,SC,0,179000.0,0,0,64.69,91.4,Tier-3 (Self-financing),79000.0,38.9,2,0.179,0.334,0.256,20200.0,58800.0,0
Vellore,MBC,0,259000.0,0,0,80.35,134.8,Tier-1 (Autonomous),177000.0,21.3,2,0.367,0.449,0.408,72200.0,104800.0,0
Namakkal,MBC,1,529000.0,0,1,72.09,122.1,Tier-2 (Affiliated),101000.0,26.1,1,0.418,0.536,0.477,48200.0,52800.0,1
Vellore,BC,1,1050000.0,0,1,70.49,72.0,Tier-1 (Autonomous),183000.0,73.7,3,0.261,0.143,0.202,37000.0,146000.0,1
Karur,OC,1,500000.0,0,0,63.36,111.0,Tier-2 (Affiliated),88000.0,128.9,2,0.312,0.433,0.373,32800.0,55200.0,1
Erode,ST,1,143000.0,1,0,78.6,127.7,Tier-2 (Affiliated),105000.0,71.8,0,0.416,0.516,0.466,48900.0,56100.0,1
Thanjavur,MBC,0,247000.0,0,1,69.26,114.7,Tier-2 (Affiliated),117000.0,38.3,2,0.327,0.378,0.353,41300.0,75700.0,1
Vellore,BC,0,843000.0,0,0,83.91,151.9,Tier-3 (Self-financing),92000.0,23.0,3,0.487,0.405,0.446,41000.0,51000.0,1
Tiruchirappalli,MBC,1,222000.0,0,1,77.53,97.3,Tier-2 (Affiliated),97000.0,17.8,2,0.237,0.491,0.364,35300.0,61700.0,0
Cuddalore,OC,0,558000.0,0,0,74.87,101.0,Tier-2 (Affiliated),115000.0,79.1,0,0.202,0.49,0.346,39800.0,75200.0,1
Salem,SC,1,596000.0,1,0,69.31,109.8,Tier-1 (Autonomous),171000.0,61.8,1,0.43,0.429,0.429,73400.0,97600.0,1
Tirunelveli,BC,1,131000.0,1,0,92.31,112.9,Tier-2 (Affiliated),107000.0,47.8,3,0.437,0.485,0.461,49300.0,57700.0,0
Nagapattinam,SC,1,395000.0,1,0,85.36,133.4,Tier-2 (Affiliated),116000.0,104.4,2,0.367,0.502,0.434,50400.0,65600.0,0
Villupuram,MBC,0,362000.0,0,1,71.19,126.6,Tier-3 (Self-financing),77000.0,12.2,2,0.373,0.581,0.477,36700.0,40300.0,1
Cuddalore,BC,1,417000.0,0,0,64.41,109.0,Tier-2 (Affiliated),121000.0,37.4,3,0.293,0.579,0.436,52700.0,68300.0,0
Villupuram,OC,0,273000.0,1,0,59.12,95.8,Tier-1 (Autonomous),182000.0,13.0,1,0.237,0.544,0.39,71100.0,110900.0,0
Kanyakumari,SC,1,228000.0,1,0,89.37,139.5,Tier-2 (Affiliated),114000.0,21.6,1,0.394,0.571,0.483,55000.0,59000.0,0
Dindigul,BC,0,250000.0,0,1,87.09,132.9,Tier-3 (Self-financing),94000.0,99.0,1,0.457,0.448,0.453,42600.0,51400.0,0
Nagapattinam,OC,1,534000.0,0,1,88.47,134.3,Tier-3 (Self-financing),92000.0,34.6,2,0.283,0.424,0.354,32500.0,59500.0,1
Erode,SC,1,240000.0,1,0,76.8,126.3,Tier-3 (Self-financing),91000.0,115.8,0,0.291,0.54,0.416,37800.0,53200.0,1
Dindigul,BC,0,247000.0,1,0,86.06,114.4,Tier-2 (Affiliated),105000.0,127.8,1,0.373,0.521,0.447,46900.0,58100.0,0
Namakkal,BC,1,930000.0,0,0,88.27,163.2,Tier-1 (Autonomous),171000.0,70.3,2,0.485,0.417,0.451,77100.0,93900.0,1
Thoothukudi,BC,0,153000.0,0,1,77.3,112.6,Tier-2 (Affiliated),108000.0,130.7,1,0.395,0.635,0.515,55700.0,52300.0,0
Virudhunagar,SC,1,120000.0,1,0,74.42,127.4,Tier-2 (Affiliated),114000.0,13.4,2,0.353,0.517,0.435,49600.0,64400.0,0
Dindigul,BC,1,938000.0,1,0,68.24,110.4,Tier-3 (Self-financing),75000.0,7.0,1,0.315,0.248,0.282,21100.0,53900.0,1
Cuddalore,BC,1,435000.0,0,1,82.26,114.3,Tier-1 (Autonomous),185000.0,145.0,0,0.284,0.394,0.339,62700.0,122300.0,1
Salem,BC,0,242000.0,0,1,83.59,153.1,Tier-3 (Self-financing),88000.0,49.0,5,0.546,0.519,0.533,46900.0,41100.0,0
Virudhunagar,BC,1,454000.0,1,0,73.93,134.5,Tier-3 (Self-financing),84000.0,36.9,3,0.442,0.431,0.436,36700.0,47300.0,1
Tiruppur,BC,1,542000.0,1,0,75.11,96.6,Tier-3 (Self-financing),85000.0,183.4,1,0.148,0.346,0.247,21000.0,64000.0,1
Namakkal,OC,1,472000.0,1,0,75.83,120.2,Tier-3 (Self-financing),86000.0,19.4,2,0.371,0.454,0.413,35500.0,50500.0,0
Nagapattinam,BC,0,395000.0,0,1,85.91,140.6,Tier-2 (Affiliated),114000.0,14.5,0,0.477,0.413,0.445,50700.0,63300.0,0
Theni,BC,0,176000.0,0,1,64.26,71.7,Tier-3 (Self-financing),91000.0,2.0,2,0.148,0.562,0.355,32300.0,58700.0,0
Coimbatore,SC,1,267000.0,1,0,66.95,75.3,Tier-3 (Self-financing),108000.0,26.1,2,0.219,0.619,0.419,45300.0,62700.0,0
Tirunelveli,OC,0,115000.0,0,1,67.14,94.9,Tier-2 (Affiliated),111000.0,12.0,1,0.337,0.621,0.479,53100.0,57900.0,0
Tiruchirappalli,BC,0,570000.0,0,1,76.51,102.7,Tier-1 (Autonomous),175000.0,7.9,0,0.252,0.364,0.308,53900.0,121100.0,1
Karur,ST,1,248000.0,0,1,81.15,114.2,Tier-2 (Affiliated),95000.0,11.5,1,0.328,0.452,0.39,37000.0,58000.0,0
Chennai,SC,0,282000.0,0,1,67.31,88.0,Tier-2 (Affiliated),99000.0,81.3,2,0.17,0.372,0.271,26800.0,72200.0,0
Salem,MBC,1,546000.0,1,0,87.09,137.5,Tier-2 (Affiliated),104000.0,35.4,0,0.426,0.533,0.479,49800.0,54200.0,0
Tiruppur,BC,0,405000.0,0,0,92.63,134.8,Tier-2 (Affiliated),116000.0,45.5,2,0.298,0.482,0.39,45200.0,70800.0,1
Cuddalore,BC,1,481000.0,1,0,82.14,148.1,Tier-2 (Affiliated),107000.0,60.4,2,0.474,0.584,0.529,56600.0,50400.0,1
Namakkal,BC,1,598000.0,1,0,89.23,145.5,Tier-2 (Affiliated),113000.0,62.6,1,0.535,0.482,0.508,57400.0,55600.0,1
Kanyakumari,BC,1,285000.0,0,0,68.85,122.1,Tier-3 (Self-financing),79000.0,121.8,1,0.258,0.459,0.359,28300.0,50700.0,1
Villupuram,BC,1,254000.0,1,0,69.09,85.2,Tier-2 (Affiliated),114000.0,36.7,0,0.306,0.358,0.332,37900.0,76100.0,0
Madurai,MBC,1,397000.0,0,1,83.15,123.6,Tier-3 (Self-financing),92000.0,192.5,1,0.333,0.497,0.415,38200.0,53800.0,1
Thoothukudi,BC,0,206000.0,1,0,77.62,126.2,Tier-3 (Self-financing),82000.0,110.7,2,0.294,0.678,0.486,39900.0,42100.0,1
Theni,MBC,1,920000.0,0,1,69.07,117.3,Tier-2 (Affiliated),113000.0,10.1,1,0.297,0.438,0.368,41500.0,71500.0,1
Theni,BC,1,594000.0,1,0,92.25,137.9,Tier-2 (Affiliated),106000.0,58.7,1,0.389,0.423,0.406,43100.0,62900.0,1
Coimbatore,BC,1,326000.0,0,1,80.99,122.1,Tier-1 (Autonomous),170000.0,40.3,2,0.3,0.554,0.427,72500.0,97500.0,1
Theni,SC,0,168000.0,1,0,85.02,130.2,Tier-3 (Self-financing),89000.0,26.4,2,0.451,0.576,0.513,45700.0,43300.0,1
Karur,SC,0,210000.0,0,1,71.26,109.5,Tier-3 (Self-financing),88000.0,139.5,0,0.265,0.61,0.438,38500.0,49500.0,1
Tiruppur,BC,1,465000.0,0,1,94.8,184.1,Tier-1 (Autonomous),185000.0,18.4,0,0.575,0.391,0.483,89400.0,95600.0,1
Coimbatore,MBC,1,488000.0,0,1,76.44,127.0,Tier-3 (Self-financing),93000.0,268.9,2,0.518,0.489,0.504,46800.0,46200.0,1
Namakkal,BC,0,311000.0,0,0,88.19,141.7,Tier-1 (Autonomous),178000.0,104.9,1,0.387,0.37,0.378,67400.0,110600.0,1
Villupuram,OC,0,182000.0,0,0,72.17,96.6,Tier-3 (Self-financing),84000.0,175.0,1,0.202,0.365,0.283,23800.0,60200.0,1
Karur,SC,1,97000.0,0,0,79.69,109.0,Tier-2 (Affiliated),108000.0,8.3,1,0.255,0.587,0.421,45500.0,62500.0,0
Madurai,BC,0,243000.0,1,0,83.58,130.5,Tier-2 (Affiliated),113000.0,182.3,1,0.45,0.602,0.526,59500.0,53500.0,1
Thoothukudi,MBC,1,572000.0,0,1,97.95,173.7,Tier-3 (Self-financing),84000.0,98.0,1,0.506,0.438,0.472,39600.0,44400.0,1
Thoothukudi,MBC,0,213000.0,0,1,73.6,114.8,Tier-2 (Affiliated),111000.0,67.2,0,0.326,0.501,0.414,45900.0,65100.0,1
Tiruchirappalli,BC,0,590000.0,1,0,80.03,125.7,Tier-1 (Autonomous),174000.0,68.7,3,0.287,0.462,0.375,65200.0,108800.0,1
Virudhunagar,OC,0,380000.0,1,0,83.92,123.1,Tier-3 (Self-financing),77000.0,21.3,0,0.31,0.568,0.439,33800.0,43200.0,1
Thanjavur,BC,1,1019000.0,0,1,63.85,76.0,Tier-1 (Autonomous),173000.0,57.0,2,0.245,0.422,0.334,57700.0,115300.0,1
Tiruppur,ST,1,514000.0,0,1,56.26,96.6,Tier-3 (Self-financing),88000.0,2.0,2,0.124,0.476,0.3,26400.0,61600.0,1
Thanjavur,MBC,0,464000.0,0,0,68.04,105.0,Tier-1 (Autonomous),180000.0,23.1,1,0.128,0.514,0.321,57800.0,122200.0,0
Nagapattinam,BC,0,154000.0,1,0,87.67,147.0,Tier-2 (Affiliated),106000.0,30.6,0,0.378,0.586,0.482,51100.0,54900.0,0
Thoothukudi,OC,0,394000.0,1,0,95.16,154.6,Tier-2 (Affiliated),115000.0,57.5,3,0.413,0.387,0.4,46000.0,69000.0,1
Nagapattinam,MBC,0,509000.0,1,0,68.77,95.6,Tier-2 (Affiliated),122000.0,15.0,0,0.215,0.493,0.354,43200.0,78800.0,0
Villupuram,OC,1,732000.0,1,0,65.83,108.7,Tier-2 (Affiliated),106000.0,139.8,0,0.263,0.304,0.283,30000.0,76000.0,1
Villupuram,MBC,0,353000.0,1,0,93.35,130.0,Tier-2 (Affiliated),101000.0,328.2,1,0.358,0.567,0.463,46700.0,54300.0,0
Coimbatore,SC,1,147000.0,1,0,72.35,119.0,Tier-3 (Self-financing),93000.0,25.9,3,0.286,0.589,0.437,40700.0,52300.0,0
Tirunelveli,MBC,0,747000.0,1,0,74.28,117.9,Tier-1 (Autonomous),180000.0,308.5,2,0.423,0.409,0.416,74900.0,105100.0,1
Karur,BC,1,313000.0,1,0,92.59,171.3,Tier-3 (Self-financing),84000.0,4.0,0,0.569,0.474,0.521,43800.0,40200.0,0
Tiruppur,OC,0,130000.0,1,0,90.95,132.5,Tier-1 (Autonomous),188000.0,39.6,0,0.357,0.617,0.487,91500.0,96500.0,0
Coimbatore,OC,0,322000.0,1,0,87.34,119.8,Tier-3 (Self-financing),83000.0,50.0,3,0.394,0.509,0.451,37500.0,45500.0,0
Coimbatore,MBC,0,68000.0,0,1,60.89,91.2,Tier-3 (Self-financing),88000.0,66.4,1,0.013,0.557,0.285,25100.0,62900.0,0
Namakkal,SC,0,107000.0,0,1,65.42,113.8,Tier-3 (Self-financing),86000.0,5.7,1,0.327,0.556,0.441,38000.0,48000.0,0
Theni,BC,0,1221000.0,0,1,89.21,100.8,Tier-2 (Affiliated),136000.0,117.0,1,0.323,0.344,0.333,45300.0,90700.0,1
Tiruchirappalli,MBC,1,341000.0,0,1,81.18,143.0,Tier-3 (Self-financing),84000.0,33.5,0,0.358,0.577,0.467,39300.0,44700.0,1
Tiruchirappalli,MBC,0,119000.0,1,0,70.22,109.2,Tier-3 (Self-financing),92000.0,38.6,0,0.326,0.398,0.362,33300.0,58700.0,0
Madurai,OC,0,395000.0,1,0,74.55,102.2,Tier-3 (Self-financing),83000.0,41.9,0,0.208,0.463,0.336,27900.0,55100.0,1
Tiruppur,BC,0,182000.0,0,1,89.11,137.1,Tier-1 (Autonomous),184000.0,21.8,1,0.409,0.352,0.381,70100.0,113900.0,0
Chennai,BC,1,777000.0,0,0,93.28,138.1,Tier-3 (Self-financing),83000.0,26.8,1,0.281,0.43,0.356,29500.0,53500.0,1
Tiruppur,MBC,1,257000.0,0,1,77.94,106.3,Tier-2 (Affiliated),116000.0,59.1,3,0.346,0.448,0.397,46100.0,69900.0,1
Dindigul,MBC,1,487000.0,1,0,71.13,84.7,Tier-3 (Self-financing),84000.0,21.4,1,0.198,0.466,0.332,27900.0,56100.0,0
Dindigul,SC,1,168000.0,1,0,75.25,131.4,Tier-2 (Affiliated),114000.0,19.0,2,0.381,0.455,0.418,47700.0,66300.0,0
Cuddalore,SC,1,1316000.0,0,1,91.43,137.9,Tier-2 (Affiliated),104000.0,61.9,2,0.379,0.227,0.303,31500.0,72500.0,1
Namakkal,SC,0,257000.0,0,0,91.24,140.1,Tier-3 (Self-financing),79000.0,188.9,3,0.48,0.465,0.472,37300.0,41700.0,0
Karur,ST,1,252000.0,1,0,79.94,140.6,Tier-2 (Affiliated),95000.0,141.6,3,0.415,0.507,0.461,43800.0,51200.0,0
Nagapattinam,SC,1,268000.0,1,0,72.71,117.2,Tier-3 (Self-financing),88000.0,102.5,2,0.387,0.552,0.47,41400.0,46600.0,1
Villupuram,SC,0,144000.0,1,0,88.83,118.7,Tier-2 (Affiliated),105000.0,14.7,0,0.274,0.463,0.368,38700.0,66300.0,1
Nagapattinam,SC,1,207000.0,0,1,94.23,160.9,Tier-3 (Self-financing),103000.0,68.1,1,0.511,0.521,0.516,53100.0,49900.0,1
Namakkal,SC,0,126000.0,0,1,63.46,123.8,Tier-2 (Affiliated),106000.0,16.1,0,0.461,0.558,0.509,54000.0,52000.0,1
Dindigul,SC,0,491000.0,1,0,75.68,128.6,Tier-2 (Affiliated),120000.0,26.0,0,0.482,0.415,0.448,53800.0,66200.0,1
Salem,ST,1,201000.0,0,0,89.56,130.3,Tier-3 (Self-financing),94000.0,9.5,0,0.153,0.541,0.347,32600.0,61400.0,1
Tiruppur,MBC,0,81000.0,1,0,78.74,103.9,Tier-1 (Autonomous),178000.0,98.4,0,0.278,0.43,0.354,63100.0,114900.0,0
Madurai,MBC,1,221000.0,1,0,73.11,103.5,Tier-1 (Autonomous),174000.0,148.7,2,0.145,0.434,0.29,50400.0,123600.0,0
Villupuram,MBC,1,700000.0,0,1,79.85,129.3,Tier-3 (Self-financing),84000.0,53.9,1,0.324,0.498,0.411,34500.0,49500.0,1
Virudhunagar,SC,1,274000.0,0,1,81.71,152.1,Tier-2 (Affiliated),119000.0,37.2,3,0.391,0.318,0.354,42200.0,76800.0,0
Madurai,MBC,0,242000.0,1,0,66.73,95.4,Tier-1 (Autonomous),198000.0,55.4,4,0.283,0.475,0.379,75100.0,122900.0,0
Nagapattinam,SC,1,599000.0,1,0,78.91,116.5,Tier-2 (Affiliated),100000.0,17.1,1,0.298,0.438,0.368,36800.0,63200.0,0
Madurai,SC,1,205000.0,0,1,81.67,146.0,Tier-2 (Affiliated),110000.0,13.2,1,0.354,0.529,0.442,48600.0,61400.0,0
Karur,ST,0,239000.0,1,0,73.09,110.4,Tier-3 (Self-financing),80000.0,4.9,2,0.33,0.526,0.428,34200.0,45800.0,1
Coimbatore,BC,0,207000.0,0,1,70.21,138.0,Tier-3 (Self-financing),82000.0,148.8,2,0.302,0.492,0.397,32500.0,49500.0,1
Dindigul,SC,1,432000.0,1,0,72.62,114.0,Tier-3 (Self-financing),99000.0,10.8,0,0.239,0.435,0.337,33300.0,65700.0,0
Cuddalore,SC,1,254000.0,1,0,68.29,126.8,Tier-3 (Self-financing),79000.0,130.1,1,0.315,0.432,0.374,29500.0,49500.0,0
Karur,ST,0,148000.0,0,1,86.51,144.2,Tier-3 (Self-financing),72000.0,12.1,1,0.391,0.645,0.518,37300.0,34700.0,1
Thanjavur,ST,0,265000.0,1,0,68.16,119.7,Tier-2 (Affiliated),112000.0,21.0,1,0.335,0.56,0.447,50100.0,61900.0,1
Villupuram,MBC,1,634000.0,1,0,79.89,125.2,Tier-3 (Self-financing),88000.0,104.8,6,0.355,0.449,0.402,35400.0,52600.0,1
Nagapattinam,MBC,0,237000.0,1,0,74.26,117.1,Tier-3 (Self-financing),82000.0,12.8,0,0.262,0.498,0.38,31100.0,50900.0,0
Salem,BC,0,231000.0,0,1,70.94,119.8,Tier-3 (Self-financing),80000.0,9.5,3,0.34,0.457,0.398,31900.0,48100.0,0
Cuddalore,ST,1,658000.0,1,0,91.71,158.7,Tier-3 (Self-financing),86000.0,22.2,1,0.464,0.417,0.441,37900.0,48100.0,1
Karur,BC,0,413000.0,1,0,76.69,130.6,Tier-3 (Self-financing),74000.0,151.3,2,0.359,0.392,0.375,27800.0,46200.0,0
Erode,SC,0,157000.0,0,1,71.31,87.6,Tier-1 (Autonomous),183000.0,37.0,0,0.084,0.629,0.356,65200.0,117800.0,0
Karur,SC,1,220000.0,0,1,70.35,116.4,Tier-2 (Affiliated),107000.0,7.5,2,0.344,0.436,0.39,41800.0,65200.0,0
Kanyakumari,MBC,1,738000.0,1,0,81.39,120.4,Tier-2 (Affiliated),121000.0,38.0,1,0.368,0.305,0.337,40800.0,80200.0,1
Virudhunagar,BC,1,515000.0,1,0,86.27,129.8,Tier-3 (Self-financing),88000.0,120.7,1,0.414,0.687,0.551,48500.0,39500.0,1
Nagapattinam,BC,0,273000.0,0,0,90.71,152.0,Tier-3 (Self-financing),84000.0,142.3,1,0.444,0.485,0.465,39000.0,45000.0,0
Theni,SC,1,336000.0,1,0,76.32,147.6,Tier-2 (Affiliated),108000.0,98.5,3,0.502,0.415,0.458,49500.0,58500.0,0
Tirunelveli,MBC,1,506000.0,0,1,75.72,117.7,Tier-1 (Autonomous),165000.0,70.9,1,0.35,0.512,0.431,71100.0,93900.0,1
Nagapattinam,OC,1,611000.0,1,0,79.31,156.5,Tier-2 (Affiliated),109000.0,82.7,1,0.415,0.324,0.369,40200.0,68800.0,1
Vellore,SC,1,611000.0,0,1,79.67,111.0,Tier-1 (Autonomous),178000.0,20.0,2,0.282,0.375,0.328,58500.0,119500.0,1
Namakkal,BC,1,966000.0,0,1,70.28,130.9,Tier-2 (Affiliated),110000.0,106.8,2,0.312,0.425,0.368,40500.0,69500.0,0
Erode,SC,1,422000.0,1,0,92.62,154.7,Tier-3 (Self-financing),83000.0,5.4,0,0.362,0.639,0.5,41500.0,41500.0,1
Erode,BC,1,1029000.0,1,0,78.22,128.3,Tier-2 (Affiliated),121000.0,50.7,0,0.404,0.43,0.417,50500.0,70500.0,1
Tiruchirappalli,BC,0,300000.0,0,1,83.35,154.1,Tier-3 (Self-financing),83000.0,3.4,1,0.419,0.549,0.484,40200.0,42800.0,1
Thoothukudi,OC,1,921000.0,1,0,82.24,122.0,Tier-3 (Self-financing),78000.0,92.2,2,0.381,0.481,0.431,33600.0,44400.0,1
Madurai,MBC,1,730000.0,1,0,82.04,150.4,Tier-3 (Self-financing),72000.0,78.2,0,0.575,0.384,0.48,34500.0,37500.0,1
Coimbatore,MBC,0,455000.0,1,0,67.96,105.6,Tier-1 (Autonomous),176000.0,10.1,1,0.351,0.344,0.348,61200.0,114800.0,1
Villupuram,SC,0,323000.0,0,1,77.94,115.1,Tier-2 (Affiliated),102000.0,99.1,3,0.224,0.431,0.327,33400.0,68600.0,1
Tiruppur,MBC,1,594000.0,0,1,99.9,139.9,Tier-2 (Affiliated),100000.0,269.5,1,0.344,0.544,0.444,44400.0,55600.0,1
Thanjavur,BC,0,877000.0,1,0,93.87,174.0,Tier-2 (Affiliated),108000.0,75.2,3,0.555,0.283,0.419,45300.0,62700.0,1
Karur,BC,1,359000.0,1,0,79.57,144.4,Tier-1 (Autonomous),189000.0,53.3,3,0.438,0.468,0.453,85700.0,103300.0,1
Vellore,BC,1,443000.0,0,1,74.33,111.8,Tier-2 (Affiliated),117000.0,22.5,1,0.396,0.467,0.431,50500.0,66500.0,1
Madurai,ST,0,150000.0,0,0,55.82,97.5,Tier-3 (Self-financing),75000.0,139.2,2,0.21,0.555,0.382,28700.0,46300.0,0
Karur,BC,0,244000.0,0,1,73.03,118.7,Tier-2 (Affiliated),110000.0,70.2,3,0.213,0.551,0.382,42000.0,68000.0,0
Tiruchirappalli,ST,1,91000.0,0,1,77.22,118.3,Tier-2 (Affiliated),113000.0,34.5,3,0.238,0.585,0.411,46500.0,66500.0,1
Tiruppur,BC,0,637000.0,1,0,74.83,134.2,Tier-2 (Affiliated),115000.0,99.5,1,0.464,0.662,0.563,64700.0,50300.0,0
Villupuram,OC,1,358000.0,0,0,75.52,111.5,Tier-1 (Autonomous),193000.0,52.6,0,0.301,0.541,0.421,81300.0,111700.0,0
Villupuram,BC,0,328000.0,1,0,84.22,101.9,Tier-2 (Affiliated),101000.0,23.3,1,0.321,0.602,0.462,46600.0,54400.0,1
Vellore,OC,1,288000.0,1,0,68.0,112.7,Tier-2 (Affiliated),103000.0,6.3,4,0.266,0.499,0.382,39400.0,63600.0,1
Nagapattinam,SC,1,443000.0,0,1,80.73,130.2,Tier-2 (Affiliated),105000.0,27.5,2,0.296,0.623,0.46,48300.0,56700.0,0
Theni,MBC,0,169000.0,1,0,76.9,114.1,Tier-2 (Affiliated),113000.0,159.9,2,0.35,0.455,0.403,45500.0,67500.0,1
Dindigul,BC,1,259000.0,0,1,69.18,97.3,Tier-2 (Affiliated),88000.0,37.1,1,0.132,0.581,0.357,31400.0,56600.0,0
Madurai,MBC,1,467000.0,0,1,94.74,128.2,Tier-1 (Autonomous),178000.0,31.6,0,0.387,0.451,0.419,74500.0,103500.0,1
Vellore,MBC,0,177000.0,0,1,85.48,131.3,Tier-2 (Affiliated),96000.0,57.6,3,0.488,0.595,0.542,52000.0,44000.0,0
Cuddalore,ST,0,123000.0,0,0,70.14,99.1,Tier-1 (Autonomous),180000.0,30.0,1,0.064,0.57,0.317,57100.0,122900.0,1
Thoothukudi,ST,1,300000.0,0,1,83.17,147.5,Tier-3 (Self-financing),102000.0,22.0,2,0.341,0.595,0.468,47700.0,54300.0,0
Chennai,MBC,1,652000.0,1,0,64.11,110.3,Tier-3 (Self-financing),92000.0,2.0,4,0.282,0.463,0.373,34300.0,57700.0,0
Karur,SC,1,201000.0,0,0,71.37,106.9,Tier-3 (Self-financing),75000.0,52.6,2,0.235,0.507,0.371,27800.0,47200.0,0
Virudhunagar,SC,1,183000.0,0,1,91.28,153.9,Tier-2 (Affiliated),107000.0,14.8,3,0.428,0.595,0.512,54800.0,52200.0,1
Thoothukudi,MBC,0,263000.0,1,0,81.52,128.8,Tier-2 (Affiliated),103000.0,2.0,0,0.526,0.433,0.48,49400.0,53600.0,1
Thanjavur,SC,0,262000.0,1,0,80.71,125.1,Tier-1 (Autonomous),190000.0,35.9,1,0.284,0.358,0.321,61000.0,129000.0,0
Madurai,OC,1,1408000.0,0,1,87.87,139.8,Tier-2 (Affiliated),92000.0,22.9,2,0.371,0.099,0.235,21600.0,70400.0,1
Tirunelveli,SC,1,175000.0,0,0,84.11,161.1,Tier-3 (Self-financing),81000.0,19.5,2,0.384,0.662,0.523,42400.0,38600.0,0
Kanyakumari,ST,1,229000.0,0,0,75.34,130.2,Tier-3 (Self-financing),79000.0,13.8,1,0.242,0.526,0.384,30300.0,48700.0,0
Kanyakumari,OC,0,745000.0,0,0,87.36,135.3,Tier-3 (Self-financing),76000.0,25.5,2,0.407,0.443,0.425,32300.0,43700.0,1
Theni,SC,1,932000.0,0,1,61.11,111.2,Tier-3 (Self-financing),98000.0,10.5,2,0.157,0.34,0.249,24400.0,73600.0,1
Madurai,ST,1,158000.0,1,0,71.33,127.0,Tier-3 (Self-financing),72000.0,38.5,1,0.239,0.545,0.392,28200.0,43800.0,0
Madurai,BC,0,199000.0,0,1,77.03,127.1,Tier-3 (Self-financing),75000.0,49.7,2,0.346,0.455,0.401,30100.0,44900.0,1
Dindigul,MBC,1,518000.0,0,0,83.48,128.6,Tier-3 (Self-financing),98000.0,32.3,0,0.395,0.448,0.421,41300.0,56700.0,1
Tiruppur,ST,1,199000.0,1,0,74.75,113.7,Tier-1 (Autonomous),179000.0,111.9,1,0.226,0.368,0.297,53100.0,125900.0,0
Chennai,ST,0,111000.0,0,0,60.16,80.1,Tier-1 (Autonomous),179000.0,14.0,3,0.118,0.378,0.248,44400.0,134600.0,0
Cuddalore,BC,0,342000.0,0,1,58.76,96.7,Tier-2 (Affiliated),105000.0,12.6,1,0.105,0.379,0.242,25400.0,79600.0,0
Namakkal,BC,0,701000.0,1,0,77.32,114.6,Tier-2 (Affiliated),110000.0,6.5,2,0.339,0.345,0.342,37700.0,72300.0,1
Chennai,MBC,1,204000.0,0,0,73.22,110.6,Tier-2 (Affiliated),107000.0,91.0,4,0.287,0.62,0.454,48600.0,58400.0,1
Coimbatore,BC,0,682000.0,0,1,68.9,119.6,Tier-3 (Self-financing),79000.0,45.7,2,0.317,0.62,0.468,37000.0,42000.0,1
Dindigul,BC,0,218000.0,0,0,67.23,132.9,Tier-2 (Affiliated),99000.0,2.0,3,0.258,0.6,0.429,42500.0,56500.0,1
Karur,OC,0,472000.0,1,0,79.34,132.6,Tier-2 (Affiliated),110000.0,49.9,1,0.427,0.204,0.315,34700.0,75300.0,1
Virudhunagar,BC,0,717000.0,1,0,91.02,144.1,Tier-1 (Autonomous),175000.0,141.1,2,0.363,0.552,0.457,80000.0,95000.0,1
Thanjavur,MBC,0,311000.0,0,0,79.34,126.7,Tier-2 (Affiliated),106000.0,90.3,1,0.412,0.459,0.436,46200.0,59800.0,1
Tirunelveli,MBC,1,357000.0,0,0,91.16,162.9,Tier-2 (Affiliated),115000.0,63.0,0,0.417,0.355,0.386,44400.0,70600.0,1
Thoothukudi,MBC,0,386000.0,0,0,74.26,124.6,Tier-2 (Affiliated),106000.0,47.6,2,0.36,0.627,0.494,52300.0,53700.0,1
Dindigul,SC,0,177000.0,0,0,82.43,134.8,Tier-2 (Affiliated),109000.0,59.4,3,0.31,0.483,0.396,43200.0,65800.0,1
Erode,BC,0,398000.0,1,0,91.52,150.4,Tier-2 (Affiliated),123000.0,77.4,3,0.502,0.396,0.449,55200.0,67800.0,0
Thanjavur,BC,0,267000.0,1,0,76.42,100.8,Tier-3 (Self-financing),88000.0,5.3,1,0.153,0.455,0.304,26800.0,61200.0,0
Chennai,OC,0,626000.0,0,1,78.26,131.1,Tier-1 (Autonomous),176000.0,7.3,0,0.381,0.402,0.391,68900.0,107100.0,0
Erode,BC,1,224000.0,0,1,74.26,105.7,Tier-2 (Affiliated),101000.0,113.4,4,0.17,0.555,0.362,36600.0,64400.0,0
Namakkal,BC,1,277000.0,1,0,83.93,140.2,Tier-1 (Autonomous),179000.0,70.6,2,0.355,0.513,0.434,77600.0,101400.0,0
Villupuram,BC,1,223000.0,0,1,87.02,128.2,Tier-2 (Affiliated),116000.0,15.0,3,0.398,0.455,0.426,49500.0,66500.0,0
Karur,OC,0,378000.0,0,0,81.51,139.3,Tier-3 (Self-financing),80000.0,39.5,3,0.294,0.321,0.308,24600.0,55400.0,1
Nagapattinam,BC,1,208000.0,1,0,75.71,118.8,Tier-2 (Affiliated),110000.0,103.6,2,0.351,0.447,0.399,43900.0,66100.0,1
Namakkal,MBC,1,287000.0,0,1,63.0,83.6,Tier-2 (Affiliated),105000.0,133.3,1,0.25,0.514,0.382,40100.0,64900.0,0
Madurai,MBC,0,141000.0,0,0,77.52,119.7,Tier-3 (Self-financing),82000.0,2.0,1,0.156,0.464,0.31,25400.0,56600.0,0
Vellore,ST,0,381000.0,0,1,76.08,154.8,Tier-2 (Affiliated),100000.0,106.2,4,0.479,0.487,0.483,48300.0,51700.0,1
Thoothukudi,SC,1,183000.0,1,0,80.36,94.5,Tier-2 (Affiliated),112000.0,39.6,0,0.318,0.515,0.416,46600.0,65400.0,0
Chennai,MBC,0,128000.0,1,0,79.17,129.2,Tier-3 (Self-financing),86000.0,49.7,1,0.29,0.617,0.454,39000.0,47000.0,1
Kanyakumari,BC,0,343000.0,0,0,93.72,134.8,Tier-2 (Affiliated),121000.0,61.1,2,0.301,0.506,0.403,48800.0,72200.0,1
Cuddalore,MBC,1,1062000.0,1,0,71.04,134.3,Tier-1 (Autonomous),180000.0,35.7,2,0.238,0.412,0.325,58500.0,121500.0,1
Tirunelveli,OC,0,366000.0,0,0,62.25,111.8,Tier-1 (Autonomous),174000.0,102.9,0,0.212,0.461,0.336,58500.0,115500.0,1
Nagapattinam,MBC,1,411000.0,1,0,66.57,109.3,Tier-3 (Self-financing),96000.0,39.8,2,0.361,0.601,0.481,46200.0,49800.0,0
Virudhunagar,BC,0,608000.0,0,0,71.66,128.4,Tier-3 (Self-financing),87000.0,82.7,1,0.314,0.395,0.354,30800.0,56200.0,1
Chennai,MBC,0,421000.0,0,1,88.82,145.8,Tier-2 (Affiliated),111000.0,47.2,3,0.449,0.4,0.425,47100.0,63900.0,0
Madurai,BC,0,378000.0,1,0,65.03,104.1,Tier-2 (Affiliated),109000.0,26.8,0,0.212,0.583,0.397,43300.0,65700.0,1
Cuddalore,MBC,0,189000.0,0,0,66.36,97.2,Tier-1 (Autonomous),181000.0,5.5,2,0.228,0.463,0.346,62500.0,118500.0,0
Thoothukudi,SC,1,405000.0,1,0,82.14,126.0,Tier-2 (Affiliated),103000.0,2.0,2,0.438,0.384,0.411,42300.0,60700.0,1
Chennai,SC,1,149000.0,0,0,86.49,131.4,Tier-3 (Self-financing),84000.0,15.1,1,0.466,0.431,0.449,37700.0,46300.0,1
Cuddalore,MBC,1,298000.0,0,0,62.51,100.2,Tier-2 (Affiliated),108000.0,29.1,2,0.26,0.452,0.356,38400.0,69600.0,0
Madurai,MBC,1,923000.0,0,0,60.28,68.1,Tier-2 (Affiliated),112000.0,30.2,1,0.118,0.348,0.233,26100.0,85900.0,1
Cuddalore,OC,0,798000.0,0,0,70.13,127.7,Tier-2 (Affiliated),118000.0,83.2,2,0.282,0.427,0.354,41800.0,76200.0,1
Theni,SC,0,248000.0,0,1,84.57,164.5,Tier-3 (Self-financing),92000.0,212.3,1,0.539,0.563,0.551,50700.0,41300.0,1
Coimbatore,MBC,0,90000.0,0,1,79.43,120.6,Tier-3 (Self-financing),89000.0,25.0,2,0.31,0.535,0.423,37600.0,51400.0,1
Cuddalore,BC,1,249000.0,0,0,70.5,130.4,Tier-3 (Self-financing),71000.0,32.8,1,0.458,0.577,0.518,36700.0,34300.0,1
Kanyakumari,BC,1,332000.0,1,0,85.39,134.6,Tier-3 (Self-financing),81000.0,85.1,0,0.235,0.55,0.392,31800.0,49200.0,1
Kanyakumari,ST,1,248000.0,1,0,79.24,117.7,Tier-3 (Self-financing),70000.0,77.0,1,0.275,0.428,0.351,24600.0,45400.0,1
Chennai,MBC,1,211000.0,0,1,76.92,117.3,Tier-3 (Self-financing),93000.0,87.3,3,0.296,0.431,0.363,33800.0,59200.0,0
Salem,MBC,1,367000.0,0,1,61.86,100.3,Tier-3 (Self-financing),83000.0,10.4,1,0.289,0.443,0.366,30400.0,52600.0,1
Salem,MBC,0,687000.0,0,1,70.29,101.6,Tier-2 (Affiliated),108000.0,37.5,2,0.149,0.244,0.196,21200.0,86800.0,1
Dindigul,BC,1,602000.0,0,1,97.57,165.2,Tier-3 (Self-financing),79000.0,4.3,1,0.466,0.439,0.452,35700.0,43300.0,0
Madurai,MBC,1,474000.0,0,0,74.64,111.6,Tier-2 (Affiliated),120000.0,47.6,0,0.366,0.439,0.403,48300.0,71700.0,1
Kanyakumari,BC,1,276000.0,0,1,68.43,93.4,Tier-2 (Affiliated),110000.0,2.0,2,0.249,0.626,0.438,48100.0,61900.0,1
Nagapattinam,MBC,0,106000.0,1,0,74.18,118.4,Tier-3 (Self-financing),84000.0,47.9,1,0.339,0.617,0.478,40200.0,43800.0,0
Virudhunagar,MBC,0,132000.0,1,0,79.19,116.3,Tier-3 (Self-financing),85000.0,41.1,2,0.24,0.5,0.37,31400.0,53600.0,1
Tiruchirappalli,OC,1,250000.0,0,1,86.83,134.0,Tier-2 (Affiliated),111000.0,16.9,0,0.35,0.579,0.465,51600.0,59400.0,0
Chennai,SC,1,328000.0,0,1,84.21,133.9,Tier-2 (Affiliated),108000.0,2.0,1,0.285,0.473,0.379,40900.0,67100.0,1
Villupuram,BC,1,597000.0,0,1,71.23,93.9,Tier-3 (Self-financing),95000.0,155.3,1,0.307,0.471,0.389,36900.0,58100.0,1
Tirunelveli,MBC,1,247000.0,0,1,90.72,167.0,Tier-2 (Affiliated),119000.0,25.2,0,0.517,0.347,0.432,51400.0,67600.0,1
Cuddalore,MBC,0,282000.0,0,1,86.15,150.0,Tier-2 (Affiliated),110000.0,70.0,2,0.434,0.45,0.442,48600.0,61400.0,0
Villupuram,MBC,0,583000.0,0,1,73.55,108.2,Tier-1 (Autonomous),173000.0,51.8,1,0.29,0.449,0.37,64000.0,109000.0,0
Chennai,MBC,1,1233000.0,0,1,76.72,122.5,Tier-2 (Affiliated),112000.0,18.8,2,0.424,0.287,0.355,39800.0,72200.0,1
Chennai,ST,0,258000.0,0,1,84.01,144.0,Tier-2 (Affiliated),105000.0,76.7,2,0.564,0.603,0.583,61300.0,43700.0,0
Chennai,MBC,1,381000.0,1,0,88.75,145.1,Tier-2 (Affiliated),121000.0,44.5,2,0.413,0.504,0.459,55500.0,65500.0,1
Tiruchirappalli,SC,1,473000.0,0,1,62.81,128.7,Tier-3 (Self-financing),97000.0,5.6,2,0.355,0.507,0.431,41800.0,55200.0,1
Coimbatore,SC,0,410000.0,1,0,78.7,122.3,Tier-1 (Autonomous),185000.0,27.1,3,0.358,0.487,0.422,78100.0,106900.0,1
Virudhunagar,BC,0,99000.0,0,1,77.69,142.1,Tier-1 (Autonomous),170000.0,22.4,0,0.512,0.532,0.522,88700.0,81300.0,0
Theni,BC,0,676000.0,0,0,72.29,95.6,Tier-2 (Affiliated),106000.0,14.5,2,0.294,0.491,0.393,41600.0,64400.0,1
Thoothukudi,MBC,0,193000.0,0,0,72.24,97.9,Tier-1 (Autonomous),178000.0,194.3,0,0.272,0.655,0.463,82500.0,95500.0,0
Virudhunagar,BC,1,360000.0,0,0,88.54,166.9,Tier-3 (Self-financing),78000.0,8.5,3,0.545,0.312,0.429,33400.0,44600.0,1
Thoothukudi,BC,0,246000.0,0,0,83.35,126.9,Tier-2 (Affiliated),107000.0,6.8,1,0.375,0.421,0.398,42600.0,64400.0,1
Salem,BC,0,357000.0,0,1,99.07,141.0,Tier-3 (Self-financing),86000.0,78.1,2,0.28,0.485,0.382,32900.0,53100.0,1
Tirunelveli,MBC,0,141000.0,0,1,72.3,115.0,Tier-2 (Affiliated),114000.0,172.2,3,0.386,0.63,0.508,57900.0,56100.0,0
Virudhunagar,BC,0,256000.0,0,1,79.37,146.0,Tier-3 (Self-financing),95000.0,3.1,1,0.346,0.563,0.454,43200.0,51800.0,1
Salem,SC,1,421000.0,0,1,81.1,118.3,Tier-2 (Affiliated),109000.0,3.9,1,0.305,0.402,0.354,38500.0,70500.0,1
Coimbatore,MBC,1,474000.0,1,0,86.96,138.5,Tier-3 (Self-financing),82000.0,88.8,3,0.321,0.426,0.373,30600.0,51400.0,0
Cuddalore,SC,1,388000.0,1,0,91.58,118.7,Tier-2 (Affiliated),99000.0,108.5,1,0.292,0.534,0.413,40900.0,58100.0,1
Virudhunagar,OC,1,527000.0,1,0,78.94,119.3,Tier-3 (Self-financing),87000.0,23.4,0,0.334,0.399,0.367,31900.0,55100.0,1
Thoothukudi,MBC,0,381000.0,1,0,67.05,122.2,Tier-1 (Autonomous),176000.0,23.7,0,0.434,0.498,0.466,82000.0,94000.0,1
Villupuram,OC,1,1126000.0,0,1,70.89,101.7,Tier-2 (Affiliated),108000.0,26.7,0,0.219,0.275,0.247,26700.0,81300.0,1
Madurai,MBC,0,450000.0,1,0,79.43,108.0,Tier-2 (Affiliated),105000.0,58.7,2,0.392,0.501,0.447,46900.0,58100.0,1
Nagapattinam,BC,1,611000.0,0,0,89.23,131.1,Tier-3 (Self-financing),80000.0,72.2,0,0.229,0.481,0.355,28400.0,51600.0,1
Virudhunagar,ST,0,283000.0,0,1,63.54,92.5,Tier-2 (Affiliated),115000.0,21.0,1,0.122,0.279,0.201,23100.0,91900.0,0
Cuddalore,BC,0,483000.0,1,0,66.3,117.6,Tier-2 (Affiliated),109000.0,5.0,3,0.241,0.599,0.42,45800.0,63200.0,1
Virudhunagar,MBC,0,1133000.0,0,0,85.57,142.6,Tier-2 (Affiliated),122000.0,96.9,0,0.459,0.481,0.47,57300.0,64700.0,0
Virudhunagar,BC,1,944000.0,0,1,65.06,112.7,Tier-1 (Autonomous),171000.0,65.4,3,0.217,0.202,0.21,35900.0,135100.0,1
Thanjavur,MBC,0,248000.0,0,1,66.75,107.2,Tier-3 (Self-financing),94000.0,81.4,1,0.173,0.483,0.328,30800.0,63200.0,0
Chennai,MBC,1,254000.0,0,1,89.37,133.7,Tier-2 (Affiliated),106000.0,47.3,2,0.51,0.37,0.44,46600.0,59400.0,1
Dindigul,BC,0,259000.0,0,0,75.79,109.6,Tier-2 (Affiliated),109000.0,46.2,4,0.27,0.329,0.3,32700.0,76300.0,0
Salem,BC,1,402000.0,1,0,75.02,126.5,Tier-3 (Self-financing),88000.0,28.4,0,0.46,0.536,0.498,43800.0,44200.0,1
Madurai,OC,1,835000.0,0,1,91.68,170.5,Tier-1 (Autonomous),188000.0,38.0,2,0.578,0.531,0.555,104300.0,83700.0,1
Madurai,OC,0,265000.0,0,1,67.37,93.7,Tier-2 (Affiliated),118000.0,107.2,0,0.289,0.496,0.393,46300.0,71700.0,0
Cuddalore,ST,0,326000.0,0,1,65.36,89.3,Tier-1 (Autonomous),188000.0,37.4,1,0.31,0.611,0.461,86600.0,101400.0,0
Namakkal,BC,0,139000.0,1,0,94.29,133.8,Tier-3 (Self-financing),83000.0,5.7,4,0.345,0.47,0.407,33800.0,49200.0,0
Namakkal,OC,1,257000.0,1,0,80.33,141.0,Tier-2 (Affiliated),124000.0,9.2,2,0.299,0.384,0.342,42400.0,81600.0,0
Karur,ST,1,253000.0,1,0,84.8,135.0,Tier-3 (Self-financing),89000.0,24.6,3,0.412,0.469,0.441,39200.0,49800.0,0
Namakkal,OC,0,245000.0,0,1,74.89,128.2,Tier-3 (Self-financing),61000.0,57.7,0,0.318,0.439,0.379,23100.0,37900.0,1
Theni,BC,0,150000.0,0,1,76.93,115.5,Tier-1 (Autonomous),180000.0,74.6,2,0.35,0.555,0.452,81400.0,98600.0,1
Coimbatore,SC,0,137000.0,0,0,70.96,122.8,Tier-2 (Affiliated),107000.0,17.2,0,0.4,0.61,0.505,54000.0,53000.0,1
Kanyakumari,ST,0,111000.0,1,0,81.18,125.6,Tier-2 (Affiliated),107000.0,44.1,1,0.273,0.436,0.354,37900.0,69100.0,0
Thanjavur,SC,1,317000.0,0,1,86.31,114.9,Tier-2 (Affiliated),115000.0,14.4,3,0.252,0.38,0.316,36300.0,78700.0,1
Tiruchirappalli,MBC,0,185000.0,1,0,79.96,141.8,Tier-2 (Affiliated),112000.0,34.1,0,0.387,0.584,0.486,54400.0,57600.0,1
Virudhunagar,ST,0,126000.0,0,0,88.61,141.2,Tier-2 (Affiliated),104000.0,40.2,3,0.494,0.497,0.496,51600.0,52400.0,0
Karur,OC,1,628000.0,1,0,84.62,130.7,Tier-2 (Affiliated),122000.0,61.1,0,0.293,0.489,0.391,47700.0,74300.0,1
Coimbatore,ST,1,477000.0,0,1,67.52,112.3,Tier-2 (Affiliated),99000.0,88.7,2,0.437,0.391,0.414,41000.0,58000.0,1
Tiruchirappalli,SC,1,707000.0,0,0,76.55,100.8,Tier-2 (Affiliated),99000.0,5.5,0,0.118,0.359,0.239,23600.0,75400.0,1
Chennai,ST,0,183000.0,0,0,73.52,124.1,Tier-3 (Self-financing),76000.0,12.3,3,0.462,0.596,0.529,40200.0,35800.0,1
Tirunelveli,BC,1,547000.0,1,0,85.53,127.9,Tier-3 (Self-financing),88000.0,24.6,0,0.365,0.509,0.437,38400.0,49600.0,1
Coimbatore,BC,1,437000.0,1,0,82.62,129.9,Tier-2 (Affiliated),113000.0,47.3,1,0.395,0.576,0.486,54900.0,58100.0,0
Karur,MBC,1,547000.0,0,1,79.27,143.9,Tier-3 (Self-financing),78000.0,10.9,1,0.448,0.426,0.437,34100.0,43900.0,1
Namakkal,MBC,0,322000.0,1,0,88.14,150.7,Tier-3 (Self-financing),80000.0,130.7,1,0.241,0.591,0.416,33300.0,46700.0,1
Thoothukudi,MBC,1,871000.0,0,0,59.34,92.3,Tier-2 (Affiliated),110000.0,3.7,1,0.197,0.415,0.306,33700.0,76300.0,1
Karur,ST,1,97000.0,0,1,71.97,113.6,Tier-2 (Affiliated),101000.0,24.3,1,0.283,0.563,0.423,42800.0,58200.0,0
Theni,MBC,1,369000.0,0,1,72.82,78.1,Tier-2 (Affiliated),116000.0,7.2,0,0.267,0.409,0.338,39200.0,76800.0,1
Namakkal,BC,1,582000.0,0,1,80.52,116.5,Tier-3 (Self-financing),97000.0,35.2,1,0.299,0.489,0.394,38200.0,58800.0,0
Coimbatore,BC,1,476000.0,1,0,83.53,136.2,Tier-3 (Self-financing),83000.0,64.1,2,0.489,0.436,0.463,38400.0,44600.0,0
Coimbatore,BC,1,288000.0,0,1,77.99,113.3,Tier-2 (Affiliated),112000.0,26.8,1,0.44,0.642,0.541,60600.0,51400.0,1
Theni,BC,1,236000.0,0,1,64.85,83.9,Tier-2 (Affiliated),111000.0,22.4,2,0.237,0.504,0.37,41100.0,69900.0,1
Chennai,BC,0,466000.0,0,0,82.07,138.5,Tier-3 (Self-financing),96000.0,53.1,1,0.398,0.444,0.421,40400.0,55600.0,0
Chennai,SC,0,129000.0,1,0,79.28,146.4,Tier-2 (Affiliated),125000.0,22.3,0,0.329,0.627,0.478,59800.0,65200.0,0
Salem,SC,1,120000.0,1,0,63.31,90.5,Tier-2 (Affiliated),107000.0,20.3,2,0.265,0.533,0.399,42700.0,64300.0,0
Kanyakumari,MBC,1,673000.0,1,0,75.05,133.2,Tier-2 (Affiliated),110000.0,32.2,0,0.34,0.35,0.345,38000.0,72000.0,1
Dindigul,BC,1,622000.0,0,0,81.74,141.7,Tier-3 (Self-financing),92000.0,76.7,1,0.507,0.306,0.406,37400.0,54600.0,1
Karur,MBC,1,394000.0,0,0,94.53,136.6,Tier-2 (Affiliated),112000.0,65.5,1,0.261,0.401,0.331,37100.0,74900.0,1
Thanjavur,SC,1,190000.0,0,1,67.11,96.5,Tier-1 (Autonomous),172000.0,75.4,1,0.182,0.367,0.275,47200.0,124800.0,1
Tiruchirappalli,SC,1,296000.0,1,0,85.9,164.5,Tier-1 (Autonomous),165000.0,83.6,0,0.551,0.485,0.518,85400.0,79600.0,0
Vellore,MBC,0,507000.0,0,0,67.24,90.8,Tier-2 (Affiliated),105000.0,36.0,2,0.354,0.519,0.437,45900.0,59100.0,1
Coimbatore,SC,1,130000.0,1,0,65.29,95.3,Tier-3 (Self-financing),87000.0,163.9,0,0.29,0.479,0.385,33500.0,53500.0,0
Nagapattinam,MBC,0,110000.0,1,0,65.88,134.9,Tier-2 (Affiliated),107000.0,59.0,2,0.475,0.731,0.603,64500.0,42500.0,1
Tiruchirappalli,MBC,1,297000.0,1,0,84.05,125.9,Tier-2 (Affiliated),101000.0,111.6,1,0.355,0.378,0.367,37100.0,63900.0,0
Vellore,SC,1,310000.0,1,0,79.3,147.2,Tier-3 (Self-financing),80000.0,7.0,1,0.553,0.532,0.542,43400.0,36600.0,0
Thoothukudi,BC,0,228000.0,0,1,74.85,104.4,Tier-3 (Self-financing),99000.0,10.1,1,0.285,0.54,0.413,40900.0,58100.0,0
Tiruppur,BC,0,426000.0,0,1,82.58,134.2,Tier-2 (Affiliated),101000.0,128.9,0,0.412,0.433,0.423,42700.0,58300.0,0
Dindigul,BC,0,544000.0,0,0,78.41,141.7,Tier-3 (Self-financing),82000.0,3.8,1,0.415,0.431,0.423,34700.0,47300.0,1
Namakkal,MBC,1,490000.0,0,0,79.11,119.6,Tier-2 (Affiliated),106000.0,283.7,1,0.299,0.587,0.443,47000.0,59000.0,1
Nagapattinam,MBC,0,354000.0,1,0,74.96,121.4,Tier-2 (Affiliated),125000.0,2.0,0,0.361,0.567,0.464,58000.0,67000.0,0
Tirunelveli,MBC,0,302000.0,0,1,67.72,119.5,Tier-2 (Affiliated),98000.0,17.9,0,0.341,0.566,0.453,44400.0,53600.0,1
Theni,MBC,1,422000.0,1,0,94.91,138.3,Tier-2 (Affiliated),103000.0,27.0,6,0.423,0.393,0.408,42000.0,61000.0,1
Kanyakumari,BC,0,147000.0,1,0,92.0,180.8,Tier-2 (Affiliated),110000.0,59.1,1,0.357,0.561,0.459,50500.0,59500.0,1
Tiruppur,SC,1,179000.0,0,1,93.9,165.8,Tier-2 (Affiliated),111000.0,99.5,1,0.414,0.58,0.497,55200.0,55800.0,1
Thanjavur,BC,1,230000.0,0,1,72.61,110.8,Tier-3 (Self-financing),94000.0,211.3,1,0.248,0.574,0.411,38700.0,55300.0,0
Madurai,ST,0,156000.0,0,1,71.18,110.4,Tier-2 (Affiliated),118000.0,2.7,2,0.169,0.408,0.288,34000.0,84000.0,0
Salem,BC,0,340000.0,0,1,73.86,146.9,Tier-1 (Autonomous),174000.0,10.9,2,0.342,0.511,0.427,74200.0,99800.0,0
Villupuram,MBC,1,189000.0,1,0,88.74,136.7,Tier-3 (Self-financing),87000.0,70.3,3,0.438,0.539,0.489,42500.0,44500.0,1
Namakkal,MBC,1,437000.0,1,0,78.0,117.7,Tier-2 (Affiliated),108000.0,4.7,2,0.339,0.554,0.447,48200.0,59800.0,0
Erode,SC,0,120000.0,1,0,72.57,133.3,Tier-2 (Affiliated),106000.0,13.1,0,0.447,0.505,0.476,50500.0,55500.0,1
Thanjavur,BC,1,268000.0,0,1,81.64,109.6,Tier-2 (Affiliated),118000.0,36.1,1,0.358,0.405,0.382,45000.0,73000.0,0
Tiruppur,ST,1,194000.0,1,0,70.64,111.8,Tier-2 (Affiliated),112000.0,29.1,5,0.372,0.436,0.404,45300.0,66700.0,0
Namakkal,MBC,0,140000.0,1,0,64.45,104.4,Tier-3 (Self-financing),97000.0,7.3,1,0.27,0.552,0.411,39900.0,57100.0,0
Cuddalore,MBC,1,586000.0,1,0,79.29,116.3,Tier-2 (Affiliated),114000.0,14.4,0,0.417,0.528,0.472,53900.0,60100.0,0
Tirunelveli,MBC,1,383000.0,1,0,72.84,93.1,Tier-3 (Self-financing),92000.0,97.9,0,0.181,0.446,0.313,28800.0,63200.0,1
Theni,OC,0,611000.0,1,0,77.86,125.6,Tier-2 (Affiliated),88000.0,136.3,2,0.445,0.454,0.45,39600.0,48400.0,1
Thanjavur,MBC,1,329000.0,0,1,51.15,92.2,Tier-2 (Affiliated),110000.0,6.9,5,0.294,0.322,0.308,33900.0,76100.0,1
Villupuram,BC,0,239000.0,1,0,69.08,100.3,Tier-2 (Affiliated),113000.0,21.3,1,0.304,0.333,0.318,36000.0,77000.0,0
Tiruchirappalli,BC,0,838000.0,0,1,77.55,106.4,Tier-1 (Autonomous),184000.0,2.9,2,0.272,0.424,0.348,64000.0,120000.0,0
Madurai,MBC,0,106000.0,0,1,62.84,119.4,Tier-1 (Autonomous),192000.0,46.7,0,0.265,0.566,0.415,79800.0,112200.0,0
Dindigul,MBC,1,851000.0,0,1,63.18,109.0,Tier-2 (Affiliated),115000.0,47.4,1,0.283,0.441,0.362,41600.0,73400.0,1
Namakkal,OC,1,1565000.0,0,0,78.39,120.0,Tier-1 (Autonomous),170000.0,59.0,5,0.2,0.076,0.138,23500.0,146500.0,1
Cuddalore,OC,1,960000.0,0,1,85.02,149.8,Tier-3 (Self-financing),89000.0,29.0,3,0.509,0.478,0.494,44000.0,45000.0,1
Thanjavur,BC,0,249000.0,0,1,69.08,114.2,Tier-3 (Self-financing),91000.0,92.3,1,0.262,0.456,0.359,32700.0,58300.0,0
Villupuram,BC,1,1059000.0,1,0,75.38,147.4,Tier-2 (Affiliated),105000.0,44.6,1,0.384,0.294,0.339,35600.0,69400.0,1
Dindigul,MBC,1,352000.0,1,0,75.61,130.9,Tier-2 (Affiliated),106000.0,64.5,0,0.213,0.534,0.374,39600.0,66400.0,0
Madurai,BC,0,203000.0,1,0,62.38,79.0,Tier-2 (Affiliated),116000.0,38.2,3,0.092,0.517,0.304,35300.0,80700.0,0
Madurai,SC,0,158000.0,1,0,89.84,133.9,Tier-1 (Autonomous),180000.0,44.4,1,0.58,0.654,0.617,111100.0,68900.0,1
Thoothukudi,BC,1,353000.0,0,1,76.17,112.7,Tier-2 (Affiliated),119000.0,44.0,0,0.244,0.538,0.391,46500.0,72500.0,1
Madurai,OC,0,232000.0,1,0,76.28,126.7,Tier-3 (Self-financing),86000.0,23.1,2,0.426,0.628,0.527,45300.0,40700.0,1
Villupuram,SC,1,580000.0,1,0,81.73,126.2,Tier-2 (Affiliated),92000.0,9.5,1,0.239,0.403,0.321,29500.0,62500.0,1
Tirunelveli,BC,1,316000.0,0,1,62.4,82.9,Tier-1 (Autonomous),180000.0,400.7,0,0.081,0.586,0.333,60000.0,120000.0,1
Coimbatore,MBC,0,256000.0,1,0,87.2,148.4,Tier-2 (Affiliated),107000.0,7.7,1,0.417,0.322,0.37,39600.0,67400.0,0
Erode,ST,1,123000.0,1,0,88.51,156.6,Tier-2 (Affiliated),115000.0,131.1,0,0.453,0.519,0.486,55900.0,59100.0,1
Theni,ST,1,278000.0,0,1,79.41,125.5,Tier-3 (Self-financing),88000.0,72.4,1,0.29,0.388,0.339,29800.0,58200.0,1
Thanjavur,SC,1,167000.0,1,0,82.62,135.3,Tier-2 (Affiliated),102000.0,17.7,1,0.372,0.528,0.45,45900.0,56100.0,0
Nagapattinam,OC,1,329000.0,0,1,74.74,105.1,Tier-2 (Affiliated),111000.0,31.5,0,0.204,0.5,0.352,39100.0,71900.0,0
Theni,MBC,1,395000.0,1,0,86.63,130.8,Tier-2 (Affiliated),114000.0,55.3,2,0.454,0.549,0.501,57200.0,56800.0,1
Thanjavur,ST,1,488000.0,1,0,69.77,104.4,Tier-3 (Self-financing),88000.0,27.0,2,0.424,0.475,0.45,39600.0,48400.0,1
Theni,ST,0,215000.0,0,0,77.68,132.7,Tier-2 (Affiliated),118000.0,45.5,1,0.447,0.45,0.448,52900.0,65100.0,1
Thoothukudi,OC,0,516000.0,1,0,78.27,129.1,Tier-2 (Affiliated),102000.0,22.7,1,0.241,0.412,0.327,33300.0,68700.0,0
Thanjavur,BC,0,278000.0,0,1,77.61,119.2,Tier-1 (Autonomous),179000.0,45.5,1,0.351,0.512,0.432,77300.0,101700.0,1
Tiruchirappalli,BC,1,402000.0,0,0,88.69,136.4,Tier-1 (Autonomous),162000.0,25.9,1,0.33,0.42,0.375,60700.0,101300.0,0
Thanjavur,BC,1,746000.0,1,0,99.88,130.3,Tier-3 (Self-financing),94000.0,26.3,1,0.308,0.499,0.404,38000.0,56000.0,1
Virudhunagar,MBC,0,191000.0,1,0,76.9,147.1,Tier-2 (Affiliated),111000.0,44.8,1,0.471,0.483,0.477,52900.0,58100.0,1
Salem,BC,1,764000.0,0,0,82.7,101.0,Tier-1 (Autonomous),179000.0,129.8,1,0.26,0.483,0.371,66400.0,112600.0,0
Villupuram,BC,0,590000.0,1,0,69.98,118.3,Tier-3 (Self-financing),84000.0,25.2,1,0.321,0.381,0.351,29500.0,54500.0,1
Tiruppur,OC,0,246000.0,0,0,88.32,141.9,Tier-3 (Self-financing),89000.0,7.8,0,0.399,0.552,0.476,42300.0,46700.0,0
Theni,MBC,0,177000.0,0,1,72.83,112.5,Tier-2 (Affiliated),118000.0,39.8,2,0.22,0.499,0.359,42400.0,75600.0,0
Erode,BC,1,358000.0,1,0,99.9,159.7,Tier-2 (Affiliated),108000.0,2.7,1,0.377,0.573,0.475,51300.0,56700.0,1
Villupuram,MBC,0,116000.0,0,0,61.29,88.1,Tier-3 (Self-financing),88000.0,36.3,1,0.183,0.681,0.432,38000.0,50000.0,0
Chennai,BC,1,373000.0,0,0,99.47,168.9,Tier-1 (Autonomous),183000.0,13.2,2,0.475,0.494,0.484,88600.0,94400.0,0
Tirunelveli,ST,1,559000.0,1,0,87.91,121.0,Tier-2 (Affiliated),92000.0,314.0,3,0.354,0.593,0.474,43600.0,48400.0,1
Thanjavur,BC,0,168000.0,1,0,66.78,111.8,Tier-2 (Affiliated),104000.0,317.3,2,0.36,0.505,0.432,45000.0,59000.0,0
Dindigul,MBC,1,871000.0,1,0,99.9,149.7,Tier-3 (Self-financing),88000.0,7.4,1,0.408,0.395,0.402,35400.0,52600.0,1
Dindigul,BC,0,236000.0,1,0,68.72,103.5,Tier-2 (Affiliated),120000.0,18.5,2,0.274,0.495,0.384,46100.0,73900.0,0
Madurai,OC,1,2015000.0,1,0,74.86,113.8,Tier-2 (Affiliated),121000.0,77.9,2,0.369,0.075,0.222,26900.0,94100.0,1
Salem,BC,0,206000.0,1,0,65.03,101.6,Tier-3 (Self-financing),75000.0,188.6,4,0.233,0.627,0.43,32200.0,42800.0,0
Coimbatore,OC,1,582000.0,0,1,76.54,130.0,Tier-3 (Self-financing),93000.0,59.0,0,0.388,0.449,0.418,38900.0,54100.0,1
Tiruppur,BC,1,293000.0,0,0,77.47,123.4,Tier-1 (Autonomous),188000.0,61.8,2,0.347,0.459,0.403,75800.0,112200.0,0
Vellore,MBC,0,178000.0,0,1,86.3,152.1,Tier-1 (Autonomous),183000.0,26.7,0,0.405,0.458,0.432,79000.0,104000.0,1
Tiruppur,MBC,0,543000.0,0,1,99.9,175.5,Tier-3 (Self-financing),69000.0,28.2,2,0.412,0.595,0.504,34700.0,34300.0,1
Tiruppur,OC,0,506000.0,0,1,72.87,121.2,Tier-2 (Affiliated),106000.0,117.2,0,0.246,0.439,0.343,36300.0,69700.0,1
Karur,MBC,0,458000.0,1,0,50.47,91.0,Tier-3 (Self-financing),86000.0,9.1,0,0.298,0.448,0.373,32100.0,53900.0,1
Namakkal,MBC,1,204000.0,1,0,84.48,165.5,Tier-1 (Autonomous),178000.0,2.0,1,0.349,0.592,0.471,83800.0,94200.0,0
Theni,BC,1,692000.0,1,0,72.5,94.8,Tier-3 (Self-financing),68000.0,113.1,0,0.371,0.538,0.455,30900.0,37100.0,1
Tiruppur,BC,1,283000.0,0,0,96.18,170.0,Tier-2 (Affiliated),108000.0,21.1,1,0.44,0.453,0.447,48200.0,59800.0,1
Cuddalore,OC,1,302000.0,0,1,77.65,147.4,Tier-2 (Affiliated),103000.0,167.4,2,0.273,0.541,0.407,41900.0,61100.0,1
Theni,BC,1,551000.0,0,0,70.41,119.2,Tier-1 (Autonomous),185000.0,26.0,0,0.272,0.492,0.382,70600.0,114400.0,0
Erode,MBC,1,476000.0,0,1,67.87,137.2,Tier-2 (Affiliated),114000.0,115.5,1,0.198,0.443,0.32,36500.0,77500.0,1
Salem,ST,0,174000.0,0,1,84.23,161.4,Tier-2 (Affiliated),114000.0,116.1,3,0.327,0.485,0.406,46300.0,67700.0,1
Nagapattinam,ST,0,251000.0,1,0,75.25,115.3,Tier-2 (Affiliated),107000.0,63.7,0,0.309,0.452,0.381,40700.0,66300.0,1
Erode,ST,0,273000.0,0,0,92.68,144.4,Tier-3 (Self-financing),85000.0,35.9,0,0.279,0.58,0.429,36500.0,48500.0,1
Namakkal,MBC,0,583000.0,1,0,75.89,129.4,Tier-2 (Affiliated),109000.0,16.0,0,0.23,0.456,0.343,37400.0,71600.0,0
Tiruchirappalli,OC,0,203000.0,0,1,92.15,138.1,Tier-2 (Affiliated),117000.0,60.9,1,0.386,0.517,0.451,52800.0,64200.0,0
Thanjavur,BC,0,683000.0,0,0,64.2,143.4,Tier-3 (Self-financing),81000.0,24.3,1,0.406,0.359,0.383,31000.0,50000.0,1
Namakkal,BC,0,842000.0,1,0,60.61,108.8,Tier-1 (Autonomous),174000.0,15.1,1,0.318,0.468,0.393,68400.0,105600.0,0
Theni,OC,0,319000.0,1,0,86.29,138.8,Tier-3 (Self-financing),93000.0,26.2,5,0.402,0.513,0.458,42600.0,50400.0,0
Namakkal,OC,0,156000.0,0,0,73.36,96.2,Tier-2 (Affiliated),117000.0,44.7,1,0.229,0.45,0.339,39700.0,77300.0,0
Vellore,MBC,0,121000.0,1,0,75.36,124.4,Tier-2 (Affiliated),114000.0,41.5,1,0.379,0.499,0.439,50000.0,64000.0,1
Thoothukudi,BC,0,232000.0,0,1,67.88,90.8,Tier-2 (Affiliated),123000.0,136.3,0,0.287,0.565,0.426,52400.0,70600.0,1
Namakkal,BC,1,1462000.0,1,0,67.14,118.8,Tier-3 (Self-financing),102000.0,80.9,0,0.318,0.123,0.221,22500.0,79500.0,0
Virudhunagar,SC,1,318000.0,0,1,84.36,97.4,Tier-2 (Affiliated),120000.0,9.2,3,0.278,0.485,0.382,45800.0,74200.0,0
Karur,BC,1,344000.0,0,0,77.81,145.3,Tier-2 (Affiliated),104000.0,8.9,6,0.198,0.55,0.374,38900.0,65100.0,0
Tiruppur,SC,0,134000.0,1,0,67.4,101.5,Tier-2 (Affiliated),117000.0,15.7,1,0.217,0.544,0.38,44500.0,72500.0,1
Kanyakumari,BC,0,144000.0,1,0,85.91,112.1,Tier-2 (Affiliated),111000.0,30.1,2,0.405,0.581,0.493,54700.0,56300.0,0
Madurai,MBC,0,421000.0,1,0,89.75,143.4,Tier-2 (Affiliated),106000.0,14.7,1,0.355,0.301,0.328,34800.0,71200.0,1
Villupuram,BC,0,284000.0,0,1,76.91,123.3,Tier-2 (Affiliated),104000.0,75.3,2,0.369,0.39,0.38,39500.0,64500.0,1
Kanyakumari,MBC,0,825000.0,1,0,88.03,139.9,Tier-2 (Affiliated),112000.0,81.3,4,0.406,0.46,0.433,48500.0,63500.0,1
Namakkal,BC,1,682000.0,0,1,67.98,129.5,Tier-3 (Self-financing),92000.0,2.9,1,0.301,0.449,0.375,34500.0,57500.0,0
Karur,BC,0,472000.0,0,1,83.77,139.7,Tier-2 (Affiliated),121000.0,61.4,1,0.423,0.436,0.43,52000.0,69000.0,1
Namakkal,MBC,0,228000.0,0,0,79.62,139.3,Tier-2 (Affiliated),115000.0,11.6,3,0.349,0.528,0.438,50400.0,64600.0,0
Tirunelveli,BC,1,265000.0,0,1,70.08,108.4,Tier-2 (Affiliated),115000.0,49.9,1,0.237,0.546,0.392,45100.0,69900.0,1
Nagapattinam,BC,1,299000.0,0,1,98.53,164.1,Tier-2 (Affiliated),108000.0,17.7,0,0.433,0.453,0.443,47800.0,60200.0,1
Salem,ST,0,80000.0,1,0,80.33,108.9,Tier-2 (Affiliated),112000.0,30.0,0,0.209,0.479,0.344,38500.0,73500.0,0
Erode,OC,0,643000.0,0,0,72.09,119.2,Tier-2 (Affiliated),98000.0,81.0,4,0.234,0.317,0.276,27000.0,71000.0,1
Namakkal,MBC,1,340000.0,1,0,78.2,113.7,Tier-2 (Affiliated),115000.0,2.9,1,0.256,0.6,0.428,49200.0,65800.0,0
Virudhunagar,MBC,0,439000.0,0,1,69.3,130.7,Tier-3 (Self-financing),88000.0,30.6,0,0.361,0.47,0.415,36500.0,51500.0,1
Vellore,BC,1,520000.0,1,0,66.43,107.4,Tier-2 (Affiliated),125000.0,39.7,0,0.243,0.57,0.406,50800.0,74200.0,0
Dindigul,MBC,1,358000.0,0,1,73.51,127.6,Tier-2 (Affiliated),110000.0,219.8,3,0.309,0.373,0.341,37500.0,72500.0,1
Chennai,OC,0,205000.0,0,0,74.18,122.6,Tier-1 (Autonomous),190000.0,493.6,3,0.532,0.52,0.526,100000.0,90000.0,0
Madurai,SC,1,372000.0,1,0,69.96,139.0,Tier-2 (Affiliated),106000.0,98.7,0,0.442,0.382,0.412,43700.0,62300.0,1
Coimbatore,BC,0,265000.0,1,0,90.51,121.4,Tier-2 (Affiliated),124000.0,41.0,1,0.19,0.639,0.415,51400.0,72600.0,0
Coimbatore,BC,0,491000.0,1,0,70.34,110.8,Tier-2 (Affiliated),122000.0,116.4,1,0.305,0.672,0.489,59600.0,62400.0,1
Kanyakumari,BC,0,202000.0,0,0,68.68,95.5,Tier-2 (Affiliated),119000.0,187.3,2,0.254,0.611,0.433,51500.0,67500.0,1
Virudhunagar,ST,1,383000.0,1,0,66.14,75.1,Tier-1 (Autonomous),180000.0,15.7,1,0.44,0.385,0.413,74300.0,105700.0,1
Virudhunagar,SC,0,481000.0,1,0,65.18,88.9,Tier-2 (Affiliated),108000.0,28.0,0,0.235,0.363,0.299,32300.0,75700.0,1
Coimbatore,ST,0,196000.0,1,0,88.27,158.8,Tier-2 (Affiliated),107000.0,32.0,2,0.623,0.504,0.563,60300.0,46700.0,0
Coimbatore,MBC,1,647000.0,0,1,80.58,128.5,Tier-3 (Self-financing),77000.0,94.3,1,0.315,0.434,0.375,28900.0,48100.0,1
Tirunelveli,MBC,0,356000.0,0,0,84.9,132.5,Tier-3 (Self-financing),89000.0,44.5,1,0.3,0.522,0.411,36600.0,52400.0,1
Tiruppur,MBC,1,1193000.0,0,0,88.18,152.7,Tier-3 (Self-financing),83000.0,51.1,0,0.341,0.354,0.347,28800.0,54200.0,0
Erode,ST,1,335000.0,1,0,74.67,121.2,Tier-3 (Self-financing),88000.0,35.0,3,0.392,0.486,0.439,38600.0,49400.0,0
Dindigul,MBC,1,617000.0,0,1,92.72,157.6,Tier-3 (Self-financing),86000.0,8.4,2,0.377,0.411,0.394,33900.0,52100.0,1
Tiruchirappalli,BC,1,473000.0,0,0,71.73,119.6,Tier-1 (Autonomous),171000.0,43.6,0,0.264,0.392,0.328,56100.0,114900.0,1
Karur,MBC,1,274000.0,1,0,67.04,115.4,Tier-2 (Affiliated),118000.0,84.8,0,0.343,0.551,0.447,52700.0,65300.0,0
Erode,MBC,0,134000.0,1,0,81.74,124.0,Tier-3 (Self-financing),86000.0,108.7,0,0.306,0.333,0.32,27500.0,58500.0,0
Coimbatore,BC,1,970000.0,1,0,79.45,142.8,Tier-2 (Affiliated),117000.0,11.6,5,0.41,0.368,0.389,45500.0,71500.0,0
Karur,BC,1,277000.0,1,0,79.43,108.9,Tier-2 (Affiliated),101000.0,17.5,1,0.178,0.514,0.346,34900.0,66100.0,1
Villupuram,BC,1,728000.0,0,1,88.15,139.8,Tier-3 (Self-financing),79000.0,30.1,1,0.197,0.39,0.293,23200.0,55800.0,1
Chennai,SC,1,396000.0,1,0,79.06,142.9,Tier-3 (Self-financing),82000.0,2.0,1,0.501,0.538,0.519,42600.0,39400.0,1
Thanjavur,BC,1,800000.0,0,0,81.13,127.5,Tier-2 (Affiliated),112000.0,12.2,2,0.437,0.472,0.454,50900.0,61100.0,0
Virudhunagar,SC,1,237000.0,0,1,91.6,140.1,Tier-2 (Affiliated),109000.0,118.9,1,0.369,0.52,0.444,48400.0,60600.0,1
Karur,MBC,0,168000.0,0,0,80.67,163.4,Tier-1 (Autonomous),191000.0,54.4,0,0.479,0.702,0.591,112800.0,78200.0,0
Kanyakumari,SC,1,388000.0,0,1,82.94,154.0,Tier-1 (Autonomous),188000.0,52.3,1,0.362,0.418,0.39,73400.0,114600.0,1
Thanjavur,BC,1,411000.0,1,0,63.82,104.2,Tier-3 (Self-financing),79000.0,26.6,2,0.241,0.432,0.337,26600.0,52400.0,1
Vellore,ST,1,139000.0,1,0,99.9,145.3,Tier-2 (Affiliated),134000.0,3.6,2,0.601,0.49,0.545,73100.0,60900.0,0
Karur,MBC,0,755000.0,0,1,62.09,68.8,Tier-2 (Affiliated),109000.0,66.1,0,0.28,0.492,0.386,42100.0,66900.0,1
Tiruchirappalli,BC,1,313000.0,0,1,72.61,126.8,Tier-3 (Self-financing),95000.0,25.8,3,0.364,0.518,0.441,41900.0,53100.0,0
Salem,BC,1,280000.0,0,0,72.3,134.7,Tier-2 (Affiliated),108000.0,3.2,1,0.217,0.341,0.279,30200.0,77800.0,0
Theni,BC,0,262000.0,0,1,99.08,164.5,Tier-3 (Self-financing),90000.0,48.3,1,0.517,0.472,0.494,44500.0,45500.0,1
Cuddalore,BC,1,962000.0,1,0,71.99,89.5,Tier-3 (Self-financing),93000.0,53.9,2,0.189,0.314,0.251,23400.0,69600.0,1
Madurai,SC,1,96000.0,1,0,82.42,134.3,Tier-3 (Self-financing),73000.0,123.8,0,0.335,0.667,0.501,36600.0,36400.0,0
Namakkal,ST,0,322000.0,0,1,72.37,108.5,Tier-3 (Self-financing),99000.0,58.1,2,0.277,0.422,0.349,34600.0,64400.0,1
Vellore,MBC,0,157000.0,0,1,67.6,110.6,Tier-3 (Self-financing),79000.0,83.4,3,0.439,0.518,0.478,37800.0,41200.0,1
Namakkal,MBC,1,486000.0,1,0,83.7,163.1,Tier-1 (Autonomous),177000.0,68.0,1,0.482,0.329,0.405,71700.0,105300.0,1
Thoothukudi,MBC,0,179000.0,1,0,70.81,125.1,Tier-2 (Affiliated),105000.0,52.4,0,0.415,0.528,0.472,49500.0,55500.0,0
Coimbatore,SC,1,942000.0,1,0,80.08,136.8,Tier-3 (Self-financing),80000.0,18.1,0,0.411,0.516,0.464,37100.0,42900.0,1
Thoothukudi,SC,0,209000.0,0,1,84.27,134.2,Tier-3 (Self-financing),81000.0,39.3,1,0.4,0.442,0.421,34100.0,46900.0,0
Thanjavur,BC,0,203000.0,0,0,97.07,161.5,Tier-2 (Affiliated),100000.0,44.7,0,0.518,0.585,0.551,55100.0,44900.0,0
Nagapattinam,ST,0,143000.0,0,0,65.38,93.8,Tier-3 (Self-financing),91000.0,29.0,2,0.192,0.506,0.349,31700.0,59300.0,0
Thanjavur,BC,1,507000.0,1,0,76.47,130.7,Tier-2 (Affiliated),111000.0,31.7,1,0.247,0.449,0.348,38600.0,72400.0,1
Erode,SC,1,347000.0,0,1,76.89,120.1,Tier-2 (Affiliated),109000.0,51.1,2,0.446,0.532,0.489,53300.0,55700.0,1
Nagapattinam,ST,1,348000.0,1,0,78.01,112.5,Tier-2 (Affiliated),118000.0,61.0,3,0.17,0.381,0.275,32500.0,85500.0,1
Cuddalore,SC,1,315000.0,0,1,99.9,172.1,Tier-3 (Self-financing),99000.0,9.5,1,0.525,0.427,0.476,47100.0,51900.0,1
Madurai,BC,1,226000.0,1,0,76.27,88.6,Tier-3 (Self-financing),73000.0,12.5,1,0.352,0.433,0.393,28700.0,44300.0,1
Karur,MBC,0,216000.0,0,0,52.79,76.3,Tier-3 (Self-financing),98000.0,29.5,2,0.191,0.643,0.417,40900.0,57100.0,0
Nagapattinam,OC,1,880000.0,1,0,76.02,130.8,Tier-3 (Self-financing),85000.0,99.6,2,0.404,0.462,0.433,36800.0,48200.0,1
Vellore,SC,1,218000.0,0,1,76.82,141.3,Tier-1 (Autonomous),169000.0,36.5,1,0.441,0.586,0.514,86800.0,82200.0,1
Villupuram,BC,0,433000.0,1,0,75.59,128.0,Tier-2 (Affiliated),113000.0,57.7,0,0.44,0.546,0.493,55700.0,57300.0,1
Theni,MBC,1,427000.0,0,1,70.81,103.2,Tier-2 (Affiliated),109000.0,13.8,0,0.367,0.531,0.449,49000.0,60000.0,1
Erode,ST,0,150000.0,1,0,64.79,102.9,Tier-2 (Affiliated),117000.0,18.6,2,0.143,0.391,0.267,31200.0,85800.0,0
Chennai,BC,0,577000.0,1,0,99.59,163.7,Tier-3 (Self-financing),86000.0,156.9,1,0.577,0.389,0.483,41600.0,44400.0,0
Cuddalore,BC,1,186000.0,0,1,81.18,153.3,Tier-1 (Autonomous),183000.0,126.4,2,0.43,0.496,0.463,84800.0,98200.0,1
Salem,MBC,1,290000.0,0,1,76.08,135.5,Tier-2 (Affiliated),107000.0,36.2,0,0.312,0.504,0.408,43600.0,63400.0,0
Nagapattinam,BC,0,589000.0,0,1,99.28,172.8,Tier-3 (Self-financing),77000.0,37.2,1,0.418,0.353,0.386,29700.0,47300.0,1
Namakkal,BC,1,1322000.0,0,1,69.31,111.9,Tier-3 (Self-financing),91000.0,9.4,4,0.31,0.18,0.245,22300.0,68700.0,1
Dindigul,OC,0,1371000.0,1,0,84.02,118.4,Tier-2 (Affiliated),106000.0,5.7,0,0.267,0.197,0.232,24600.0,81400.0,0
Tiruchirappalli,BC,1,497000.0,0,1,65.51,83.7,Tier-1 (Autonomous),183000.0,180.8,0,0.196,0.392,0.294,53800.0,129200.0,1
Karur,MBC,1,540000.0,0,1,85.51,132.3,Tier-2 (Affiliated),122000.0,35.5,1,0.361,0.415,0.388,47300.0,74700.0,1
Tiruchirappalli,MBC,0,408000.0,0,0,66.66,117.1,Tier-2 (Affiliated),109000.0,100.7,4,0.331,0.504,0.418,45500.0,63500.0,0
Thanjavur,BC,1,974000.0,0,1,82.7,124.8,Tier-3 (Self-financing),91000.0,3.4,2,0.398,0.347,0.373,33900.0,57100.0,1
Virudhunagar,MBC,1,499000.0,0,1,97.53,164.6,Tier-2 (Affiliated),110000.0,28.8,0,0.569,0.55,0.56,61600.0,48400.0,1
Villupuram,BC,1,804000.0,1,0,78.93,114.4,Tier-2 (Affiliated),107000.0,76.6,2,0.39,0.442,0.416,44500.0,62500.0,0
Thoothukudi,BC,0,385000.0,0,1,56.07,80.1,Tier-3 (Self-financing),73000.0,73.1,3,0.298,0.45,0.374,27300.0,45700.0,0
Thoothukudi,SC,0,260000.0,1,0,78.36,146.5,Tier-2 (Affiliated),110000.0,2.0,2,0.39,0.535,0.463,50900.0,59100.0,1
Tiruppur,BC,1,291000.0,1,0,82.8,144.0,Tier-3 (Self-financing),84000.0,192.7,4,0.344,0.485,0.414,34800.0,49200.0,1
Salem,MBC,1,350000.0,0,1,87.01,134.6,Tier-1 (Autonomous),173000.0,116.7,0,0.362,0.434,0.398,68900.0,104100.0,0
Virudhunagar,ST,1,205000.0,1,0,92.74,135.9,Tier-2 (Affiliated),94000.0,19.3,1,0.335,0.515,0.425,39900.0,54100.0,0
Virudhunagar,MBC,1,218000.0,1,0,93.25,163.4,Tier-2 (Affiliated),97000.0,6.1,1,0.366,0.541,0.453,44000.0,53000.0,1
Thoothukudi,MBC,1,169000.0,1,0,76.69,135.9,Tier-2 (Affiliated),124000.0,8.2,0,0.353,0.597,0.475,58900.0,65100.0,0
Cuddalore,OC,0,309000.0,0,0,71.41,123.8,Tier-2 (Affiliated),110000.0,67.2,1,0.386,0.666,0.526,57900.0,52100.0,1
Madurai,BC,1,418000.0,1,0,66.81,104.2,Tier-2 (Affiliated),99000.0,25.3,1,0.359,0.57,0.464,46000.0,53000.0,0
Namakkal,OC,1,667000.0,0,1,72.6,99.7,Tier-3 (Self-financing),80000.0,16.5,0,0.238,0.34,0.289,23100.0,56900.0,0
Thanjavur,SC,0,265000.0,0,1,82.77,132.2,Tier-1 (Autonomous),180000.0,27.1,1,0.447,0.37,0.409,73600.0,106400.0,0
Virudhunagar,SC,0,216000.0,0,1,64.51,124.3,Tier-2 (Affiliated),114000.0,25.6,2,0.333,0.611,0.472,53800.0,60200.0,1
Vellore,BC,1,419000.0,0,0,68.73,96.3,Tier-1 (Autonomous),178000.0,153.9,0,0.043,0.458,0.251,44600.0,133400.0,1
Erode,BC,1,292000.0,1,0,83.62,134.5,Tier-2 (Affiliated),126000.0,54.5,2,0.26,0.436,0.348,43900.0,82100.0,1
Coimbatore,BC,1,782000.0,0,0,71.54,139.0,Tier-2 (Affiliated),127000.0,32.5,0,0.417,0.527,0.472,60000.0,67000.0,1
Virudhunagar,MBC,0,246000.0,0,1,81.7,126.2,Tier-1 (Autonomous),183000.0,58.7,0,0.195,0.487,0.341,62400.0,120600.0,0
Nagapattinam,MBC,1,331000.0,1,0,69.86,109.9,Tier-1 (Autonomous),177000.0,92.0,0,0.175,0.476,0.326,57700.0,119300.0,0
Chennai,MBC,0,235000.0,0,1,80.88,109.2,Tier-3 (Self-financing),88000.0,63.2,0,0.158,0.453,0.305,26900.0,61100.0,0
Thanjavur,ST,0,113000.0,0,1,70.28,121.8,Tier-2 (Affiliated),99000.0,8.3,2,0.307,0.365,0.336,33300.0,65700.0,0
Dindigul,BC,1,361000.0,0,0,58.98,83.3,Tier-3 (Self-financing),93000.0,41.7,0,0.207,0.405,0.306,28500.0,64500.0,0
Dindigul,MBC,1,308000.0,1,0,87.56,116.8,Tier-3 (Self-financing),86000.0,55.5,0,0.17,0.439,0.304,26200.0,59800.0,1
Villupuram,MBC,1,359000.0,1,0,71.04,99.4,Tier-1 (Autonomous),170000.0,16.3,1,0.305,0.348,0.327,55600.0,114400.0,0
Tiruchirappalli,BC,1,693000.0,1,0,75.51,123.9,Tier-2 (Affiliated),105000.0,54.9,0,0.332,0.421,0.376,39500.0,65500.0,1
Erode,ST,1,342000.0,1,0,71.09,90.0,Tier-2 (Affiliated),115000.0,118.0,2,0.106,0.504,0.305,35100.0,79900.0,0
Tiruchirappalli,OC,0,913000.0,1,0,83.44,112.7,Tier-1 (Autonomous),167000.0,2.0,3,0.295,0.444,0.369,61700.0,105300.0,1
Salem,SC,0,380000.0,1,0,81.33,138.5,Tier-1 (Autonomous),173000.0,17.9,2,0.322,0.415,0.369,63800.0,109200.0,1
Villupuram,SC,1,924000.0,1,0,83.42,132.4,Tier-2 (Affiliated),106000.0,154.7,0,0.3,0.219,0.259,27500.0,78500.0,1
Villupuram,ST,1,371000.0,1,0,72.5,102.3,Tier-2 (Affiliated),118000.0,21.2,4,0.154,0.451,0.302,35700.0,82300.0,0
Chennai,MBC,0,351000.0,1,0,77.5,119.2,Tier-2 (Affiliated),124000.0,38.1,1,0.313,0.381,0.347,43100.0,80900.0,1
Theni,BC,0,229000.0,0,0,82.17,157.5,Tier-2 (Affiliated),113000.0,11.4,0,0.43,0.503,0.466,52700.0,60300.0,0
Salem,SC,0,307000.0,0,0,93.45,168.7,Tier-2 (Affiliated),85000.0,251.6,4,0.469,0.559,0.514,43700.0,41300.0,1
Tiruchirappalli,SC,0,136000.0,0,0,81.07,128.1,Tier-2 (Affiliated),101000.0,120.2,0,0.336,0.481,0.408,41300.0,59700.0,0
Tirunelveli,MBC,1,187000.0,0,0,67.97,121.0,Tier-3 (Self-financing),113000.0,13.6,2,0.34,0.508,0.424,47900.0,65100.0,1
Tiruchirappalli,SC,0,451000.0,1,0,80.68,130.9,Tier-1 (Autonomous),181000.0,40.9,1,0.34,0.298,0.319,57700.0,123300.0,1
Dindigul,BC,0,150000.0,1,0,76.35,95.5,Tier-2 (Affiliated),89000.0,9.9,2,0.072,0.489,0.281,25000.0,64000.0,0
Thoothukudi,MBC,1,535000.0,1,0,58.01,63.5,Tier-3 (Self-financing),104000.0,43.0,3,0.114,0.574,0.344,35800.0,68200.0,0
Tiruppur,SC,1,194000.0,1,0,59.55,81.6,Tier-2 (Affiliated),99000.0,16.9,1,0.105,0.557,0.331,32700.0,66300.0,0
Karur,BC,1,898000.0,1,0,77.34,100.1,Tier-2 (Affiliated),115000.0,31.7,2,0.337,0.312,0.324,37300.0,77700.0,1
Dindigul,MBC,0,521000.0,1,0,78.18,129.2,Tier-2 (Affiliated),101000.0,3.5,2,0.384,0.358,0.371,37500.0,63500.0,0
Chennai,ST,0,226000.0,0,0,75.05,111.8,Tier-2 (Affiliated),128000.0,14.1,1,0.368,0.504,0.436,55800.0,72200.0,0
Coimbatore,SC,0,387000.0,0,0,86.84,145.3,Tier-1 (Autonomous),169000.0,32.4,1,0.363,0.515,0.439,74200.0,94800.0,1
Tirunelveli,SC,0,196000.0,0,1,68.65,116.5,Tier-2 (Affiliated),105000.0,6.5,1,0.376,0.45,0.413,43400.0,61600.0,0
Salem,BC,0,1022000.0,0,1,64.14,113.0,Tier-2 (Affiliated),118000.0,2.0,2,0.203,0.334,0.269,31700.0,86300.0,0
Virudhunagar,ST,0,255000.0,0,1,69.74,97.6,Tier-2 (Affiliated),106000.0,7.0,1,0.237,0.346,0.291,30900.0,75100.0,0
Virudhunagar,BC,0,182000.0,0,0,71.9,122.8,Tier-3 (Self-financing),89000.0,2.4,0,0.255,0.579,0.417,37100.0,51900.0,0
Kanyakumari,MBC,0,270000.0,0,1,77.42,109.5,Tier-3 (Self-financing),92000.0,2.0,1,0.328,0.429,0.378,34800.0,57200.0,1
Theni,MBC,1,386000.0,0,1,70.02,122.7,Tier-2 (Affiliated),111000.0,10.9,4,0.465,0.525,0.495,54900.0,56100.0,1
Tiruppur,SC,0,170000.0,1,0,56.58,108.9,Tier-3 (Self-financing),76000.0,17.8,3,0.306,0.545,0.425,32300.0,43700.0,1
Theni,ST,0,68000.0,0,1,52.31,94.5,Tier-1 (Autonomous),174000.0,51.1,3,0.108,0.574,0.341,59300.0,114700.0,0
Thanjavur,SC,1,390000.0,1,0,79.23,124.1,Tier-3 (Self-financing),82000.0,86.8,3,0.278,0.453,0.365,30000.0,52000.0,1
Cuddalore,MBC,0,121000.0,0,1,66.71,115.2,Tier-3 (Self-financing),90000.0,65.1,2,0.545,0.658,0.602,54100.0,35900.0,1
Nagapattinam,MBC,1,105000.0,1,0,57.95,69.7,Tier-2 (Affiliated),116000.0,91.3,2,0.206,0.477,0.341,39600.0,76400.0,0
Nagapattinam,MBC,1,348000.0,1,0,84.25,108.4,Tier-2 (Affiliated),112000.0,173.6,3,0.215,0.615,0.415,46400.0,65600.0,0
Theni,MBC,1,277000.0,1,0,93.45,156.5,Tier-2 (Affiliated),116000.0,3.4,1,0.52,0.516,0.518,60100.0,55900.0,0
Coimbatore,OC,0,243000.0,0,0,77.06,142.9,Tier-2 (Affiliated),97000.0,273.7,0,0.408,0.512,0.46,44600.0,52400.0,1
Karur,MBC,1,76000.0,1,0,80.68,110.6,Tier-2 (Affiliated),112000.0,49.3,0,0.495,0.517,0.506,56600.0,55400.0,0
Vellore,SC,1,197000.0,0,0,80.77,129.5,Tier-3 (Self-financing),84000.0,147.8,2,0.357,0.52,0.439,36800.0,47200.0,1
Karur,SC,0,177000.0,0,1,54.87,94.4,Tier-2 (Affiliated),114000.0,106.1,3,0.207,0.516,0.361,41200.0,72800.0,1
Namakkal,SC,0,138000.0,1,0,86.89,129.8,Tier-2 (Affiliated),116000.0,34.0,3,0.346,0.662,0.504,58500.0,57500.0,0
Kanyakumari,BC,0,370000.0,0,1,90.4,139.5,Tier-2 (Affiliated),102000.0,56.5,3,0.355,0.38,0.368,37500.0,64500.0,0
Erode,MBC,1,903000.0,0,1,96.37,163.4,Tier-3 (Self-financing),84000.0,29.5,0,0.414,0.358,0.386,32400.0,51600.0,1
Villupuram,OC,0,518000.0,1,0,73.62,119.4,Tier-2 (Affiliated),121000.0,25.7,1,0.226,0.373,0.299,36200.0,84800.0,1
Virudhunagar,BC,0,526000.0,0,0,66.65,108.3,Tier-1 (Autonomous),182000.0,37.1,2,0.238,0.401,0.319,58100.0,123900.0,1
Erode,MBC,1,773000.0,1,0,91.59,131.8,Tier-3 (Self-financing),84000.0,19.2,1,0.421,0.4,0.41,34500.0,49500.0,1
Dindigul,BC,1,276000.0,0,1,82.99,132.3,Tier-1 (Autonomous),170000.0,4.8,2,0.341,0.616,0.478,81300.0,88700.0,0
Namakkal,OC,0,497000.0,0,1,86.75,132.8,Tier-2 (Affiliated),114000.0,23.6,0,0.317,0.491,0.404,46100.0,67900.0,1
Nagapattinam,MBC,0,449000.0,0,1,71.53,109.3,Tier-2 (Affiliated),99000.0,10.2,0,0.174,0.386,0.28,27700.0,71300.0,1
Cuddalore,MBC,0,205000.0,0,1,80.72,121.0,Tier-3 (Self-financing),84000.0,52.5,3,0.378,0.486,0.432,36300.0,47700.0,1
Kanyakumari,BC,1,313000.0,1,0,67.47,107.5,Tier-3 (Self-financing),81000.0,14.6,3,0.402,0.581,0.492,39800.0,41200.0,0
Vellore,BC,1,647000.0,1,0,77.95,111.7,Tier-3 (Self-financing),88000.0,5.5,0,0.221,0.377,0.299,26300.0,61700.0,1
Namakkal,MBC,1,186000.0,0,1,74.52,119.4,Tier-3 (Self-financing),80000.0,26.9,0,0.265,0.524,0.394,31600.0,48400.0,1
Thanjavur,MBC,0,143000.0,0,1,99.9,154.4,Tier-2 (Affiliated),107000.0,36.0,0,0.365,0.555,0.46,49200.0,57800.0,1
Villupuram,MBC,0,180000.0,1,0,83.49,119.6,Tier-3 (Self-financing),78000.0,13.2,3,0.382,0.497,0.439,34300.0,43700.0,0
Erode,MBC,0,333000.0,0,0,56.48,61.1,Tier-3 (Self-financing),83000.0,24.6,0,0.193,0.412,0.302,25100.0,57900.0,1
Tiruppur,OC,0,440000.0,0,0,77.98,139.0,Tier-3 (Self-financing),87000.0,14.8,0,0.397,0.484,0.44,38300.0,48700.0,1
Madurai,ST,1,482000.0,0,0,81.68,141.9,Tier-3 (Self-financing),82000.0,79.8,2,0.3,0.64,0.47,38500.0,43500.0,1
Kanyakumari,OC,1,379000.0,1,0,73.26,105.1,Tier-1 (Autonomous),177000.0,25.1,2,0.296,0.438,0.367,65000.0,112000.0,0
Vellore,MBC,0,152000.0,0,1,66.97,117.4,Tier-2 (Affiliated),111000.0,33.1,0,0.327,0.477,0.402,44700.0,66300.0,0
Erode,BC,1,644000.0,0,1,84.61,120.0,Tier-3 (Self-financing),93000.0,35.1,0,0.344,0.483,0.414,38500.0,54500.0,1
Tiruppur,MBC,0,168000.0,1,0,68.39,104.8,Tier-1 (Autonomous),186000.0,92.2,3,0.18,0.708,0.444,82600.0,103400.0,0
Dindigul,BC,1,347000.0,1,0,83.75,126.0,Tier-1 (Autonomous),170000.0,51.1,1,0.25,0.414,0.332,56400.0,113600.0,0
Virudhunagar,SC,0,70000.0,1,0,67.54,103.9,Tier-3 (Self-financing),91000.0,3.3,1,0.131,0.442,0.286,26100.0,64900.0,0
Namakkal,BC,1,567000.0,1,0,72.66,125.9,Tier-3 (Self-financing),96000.0,36.0,0,0.431,0.503,0.467,44800.0,51200.0,1
Namakkal,MBC,0,607000.0,1,0,87.56,134.1,Tier-2 (Affiliated),116000.0,16.5,0,0.462,0.497,0.479,55600.0,60400.0,1
Madurai,BC,1,274000.0,1,0,82.89,127.5,Tier-1 (Autonomous),161000.0,38.1,4,0.215,0.418,0.316,50900.0,110100.0,0
Chennai,OC,1,1105000.0,1,0,78.31,136.4,Tier-2 (Affiliated),112000.0,67.5,1,0.312,0.31,0.311,34800.0,77200.0,0
Vellore,BC,1,467000.0,0,1,77.7,125.2,Tier-1 (Autonomous),191000.0,14.9,3,0.273,0.366,0.319,61000.0,130000.0,1
Thoothukudi,MBC,1,159000.0,0,0,78.91,117.4,Tier-1 (Autonomous),176000.0,72.0,2,0.381,0.49,0.435,76600.0,99400.0,0
Villupuram,MBC,0,159000.0,1,0,70.08,115.7,Tier-2 (Affiliated),133000.0,51.0,0,0.309,0.496,0.403,53500.0,79500.0,0
Theni,ST,1,161000.0,1,0,62.83,115.4,Tier-3 (Self-financing),68000.0,2.6,0,0.425,0.595,0.51,34700.0,33300.0,1
Theni,SC,0,164000.0,0,0,83.69,149.7,Tier-2 (Affiliated),111000.0,85.6,1,0.399,0.616,0.507,56300.0,54700.0,1
Vellore,ST,1,344000.0,1,0,93.3,129.4,Tier-1 (Autonomous),186000.0,136.3,2,0.244,0.475,0.359,66800.0,119200.0,0
Tiruchirappalli,BC,0,827000.0,1,0,84.04,115.3,Tier-2 (Affiliated),111000.0,53.1,2,0.242,0.508,0.375,41600.0,69400.0,1
Chennai,SC,0,89000.0,0,0,80.54,143.9,Tier-1 (Autonomous),181000.0,19.7,0,0.329,0.609,0.469,84900.0,96100.0,0
Erode,MBC,1,322000.0,1,0,65.91,101.1,Tier-3 (Self-financing),77000.0,2.1,3,0.335,0.381,0.358,27600.0,49400.0,0
Erode,MBC,0,159000.0,0,1,86.77,105.8,Tier-2 (Affiliated),105000.0,52.3,4,0.421,0.609,0.515,54100.0,50900.0,0
Tiruchirappalli,ST,1,136000.0,1,0,82.81,121.5,Tier-2 (Affiliated),115000.0,19.3,2,0.362,0.588,0.475,54600.0,60400.0,0
Tirunelveli,MBC,0,274000.0,1,0,85.6,130.4,Tier-2 (Affiliated),93000.0,16.7,3,0.299,0.65,0.474,44100.0,48900.0,0
Chennai,SC,1,315000.0,1,0,88.34,136.7,Tier-1 (Autonomous),187000.0,79.3,1,0.397,0.51,0.453,84800.0,102200.0,0
Theni,SC,1,116000.0,1,0,93.86,161.6,Tier-1 (Autonomous),179000.0,69.7,0,0.334,0.669,0.502,89800.0,89200.0,0
Villupuram,BC,1,488000.0,1,0,66.85,93.0,Tier-3 (Self-financing),89000.0,153.6,1,0.206,0.316,0.261,23200.0,65800.0,1
Cuddalore,MBC,0,134000.0,0,1,65.11,118.2,Tier-3 (Self-financing),92000.0,17.5,2,0.177,0.488,0.333,30600.0,61400.0,0
Thanjavur,MBC,0,262000.0,1,0,79.48,131.4,Tier-3 (Self-financing),115000.0,63.8,1,0.396,0.34,0.368,42400.0,72600.0,1
Thanjavur,ST,0,340000.0,0,0,68.77,90.7,Tier-3 (Self-financing),96000.0,33.5,3,0.201,0.459,0.33,31700.0,64300.0,0
Erode,SC,0,252000.0,1,0,67.04,102.5,Tier-1 (Autonomous),170000.0,76.3,1,0.321,0.514,0.418,71000.0,99000.0,0
Madurai,OC,1,695000.0,0,1,90.2,151.7,Tier-3 (Self-financing),102000.0,20.0,0,0.489,0.412,0.45,45900.0,56100.0,1
Tiruppur,BC,0,224000.0,0,1,67.91,109.2,Tier-3 (Self-financing),63000.0,16.2,0,0.235,0.581,0.408,25700.0,37300.0,1
Tiruppur,OC,0,405000.0,0,1,77.89,130.3,Tier-2 (Affiliated),106000.0,43.8,0,0.435,0.669,0.552,58500.0,47500.0,1
Chennai,MBC,0,354000.0,0,1,61.69,89.9,Tier-3 (Self-financing),86000.0,33.0,0,0.117,0.452,0.284,24500.0,61500.0,1
Thanjavur,OC,1,813000.0,0,1,78.63,134.1,Tier-2 (Affiliated),107000.0,78.7,1,0.578,0.493,0.535,57300.0,49700.0,1
Tirunelveli,SC,0,185000.0,0,0,89.83,137.8,Tier-3 (Self-financing),87000.0,81.1,0,0.273,0.571,0.422,36700.0,50300.0,0
Tiruchirappalli,MBC,0,293000.0,0,1,90.13,182.4,Tier-3 (Self-financing),84000.0,31.4,0,0.598,0.522,0.56,47000.0,37000.0,1
Karur,SC,1,153000.0,0,1,88.45,121.7,Tier-3 (Self-financing),95000.0,31.6,1,0.423,0.589,0.506,48100.0,46900.0,0
Namakkal,BC,0,200000.0,1,0,77.22,164.0,Tier-3 (Self-financing),81000.0,72.7,0,0.487,0.484,0.485,39300.0,41700.0,1
Theni,MBC,1,620000.0,0,1,89.12,128.3,Tier-3 (Self-financing),84000.0,92.4,1,0.264,0.513,0.389,32700.0,51300.0,0
Karur,OC,0,620000.0,1,0,82.3,150.7,Tier-2 (Affiliated),124000.0,2.8,3,0.364,0.313,0.339,42000.0,82000.0,1
Thoothukudi,SC,1,332000.0,0,0,73.61,130.2,Tier-2 (Affiliated),118000.0,4.3,1,0.272,0.498,0.385,45400.0,72600.0,1
Virudhunagar,BC,1,1089000.0,1,0,81.82,117.3,Tier-3 (Self-financing),84000.0,105.2,2,0.308,0.312,0.31,26000.0,58000.0,1
Theni,OC,1,833000.0,1,0,86.86,148.0,Tier-2 (Affiliated),114000.0,21.2,2,0.48,0.586,0.533,60700.0,53300.0,1
Kanyakumari,BC,1,425000.0,1,0,64.72,96.1,Tier-1 (Autonomous),195000.0,16.6,3,0.272,0.381,0.326,63600.0,131400.0,0
Dindigul,SC,1,161000.0,1,0,67.4,112.0,Tier-2 (Affiliated),99000.0,28.1,0,0.294,0.558,0.426,42200.0,56800.0,1
Thoothukudi,OC,0,860000.0,1,0,76.56,124.7,Tier-2 (Affiliated),101000.0,38.7,0,0.223,0.483,0.353,35600.0,65400.0,1
Nagapattinam,MBC,1,642000.0,0,1,65.78,100.0,Tier-2 (Affiliated),105000.0,38.1,5,0.383,0.379,0.381,40000.0,65000.0,0
Cuddalore,SC,1,847000.0,0,1,65.64,98.5,Tier-3 (Self-financing),87000.0,8.2,1,0.228,0.387,0.307,26800.0,60200.0,1
Villupuram,SC,1,1037000.0,0,1,73.79,123.2,Tier-3 (Self-financing),93000.0,19.5,3,0.299,0.306,0.302,28100.0,64900.0,1
Namakkal,BC,1,238000.0,1,0,87.92,127.1,Tier-1 (Autonomous),174000.0,7.8,1,0.361,0.469,0.415,72200.0,101800.0,0
Karur,OC,0,192000.0,1,0,87.73,127.4,Tier-3 (Self-financing),77000.0,91.1,2,0.211,0.648,0.429,33100.0,43900.0,1
Tirunelveli,MBC,0,60000.0,0,1,81.21,144.3,Tier-1 (Autonomous),170000.0,11.4,1,0.399,0.387,0.393,66800.0,103200.0,1
Thoothukudi,BC,0,495000.0,1,0,79.8,134.1,Tier-2 (Affiliated),102000.0,70.4,0,0.351,0.475,0.413,42100.0,59900.0,1
Theni,MBC,0,373000.0,0,0,98.87,138.6,Tier-3 (Self-financing),80000.0,82.8,0,0.37,0.31,0.34,27200.0,52800.0,1
Nagapattinam,BC,0,316000.0,1,0,72.61,101.1,Tier-3 (Self-financing),68000.0,83.1,1,0.349,0.565,0.457,31000.0,37000.0,1
Dindigul,MBC,0,132000.0,1,0,80.41,96.6,Tier-2 (Affiliated),106000.0,5.8,0,0.135,0.494,0.314,33300.0,72700.0,0
Kanyakumari,OC,1,600000.0,0,0,72.11,129.0,Tier-3 (Self-financing),77000.0,39.3,1,0.346,0.295,0.32,24700.0,52300.0,1
Coimbatore,MBC,1,465000.0,1,0,65.13,114.5,Tier-3 (Self-financing),84000.0,38.0,1,0.249,0.447,0.348,29200.0,54800.0,0
Madurai,BC,1,743000.0,0,0,89.85,127.4,Tier-1 (Autonomous),194000.0,60.5,2,0.327,0.308,0.317,61600.0,132400.0,1
Namakkal,MBC,1,488000.0,1,0,74.95,129.7,Tier-2 (Affiliated),97000.0,37.5,3,0.418,0.534,0.476,46200.0,50800.0,1
Karur,OC,0,562000.0,1,0,84.95,165.7,Tier-3 (Self-financing),93000.0,6.9,3,0.469,0.523,0.496,46100.0,46900.0,0
Virudhunagar,ST,0,158000.0,0,1,75.54,97.8,Tier-1 (Autonomous),193000.0,132.8,3,0.217,0.428,0.323,62300.0,130700.0,0
Thanjavur,MBC,1,804000.0,0,1,90.47,135.5,Tier-2 (Affiliated),118000.0,81.0,2,0.184,0.436,0.31,36600.0,81400.0,0
Theni,BC,1,684000.0,0,1,68.03,85.4,Tier-2 (Affiliated),113000.0,23.8,1,0.258,0.365,0.311,35200.0,77800.0,0
Tiruppur,OC,1,328000.0,1,0,89.64,157.7,Tier-2 (Affiliated),121000.0,48.0,1,0.321,0.463,0.392,47400.0,73600.0,0
Thoothukudi,BC,1,1037000.0,1,0,86.94,137.7,Tier-2 (Affiliated),115000.0,59.9,2,0.342,0.507,0.425,48800.0,66200.0,1
Cuddalore,BC,1,948000.0,0,1,60.05,90.1,Tier-1 (Autonomous),189000.0,118.9,2,0.144,0.335,0.239,45200.0,143800.0,0
Thanjavur,BC,1,624000.0,0,1,72.83,119.9,Tier-2 (Affiliated),111000.0,68.9,0,0.135,0.545,0.34,37800.0,73200.0,1
Thoothukudi,SC,1,368000.0,0,1,88.21,132.8,Tier-3 (Self-financing),77000.0,49.7,0,0.374,0.62,0.497,38300.0,38700.0,0
Madurai,MBC,1,1046000.0,0,1,94.37,145.0,Tier-2 (Affiliated),119000.0,276.6,1,0.372,0.32,0.346,41200.0,77800.0,1
Thoothukudi,BC,0,122000.0,0,1,85.15,140.4,Tier-2 (Affiliated),131000.0,68.2,1,0.431,0.549,0.49,64200.0,66800.0,0
Tiruchirappalli,MBC,0,515000.0,1,0,74.03,109.3,Tier-3 (Self-financing),82000.0,152.8,0,0.323,0.412,0.368,30200.0,51800.0,1
Tirunelveli,BC,0,230000.0,0,1,68.32,102.3,Tier-1 (Autonomous),180000.0,33.3,3,0.304,0.507,0.406,73000.0,107000.0,0
Virudhunagar,ST,1,499000.0,1,0,83.67,131.5,Tier-1 (Autonomous),181000.0,71.4,0,0.399,0.506,0.452,81900.0,99100.0,1
Karur,OC,1,673000.0,0,0,73.74,119.4,Tier-2 (Affiliated),98000.0,33.5,0,0.355,0.413,0.384,37600.0,60400.0,0
Thoothukudi,SC,0,98000.0,1,0,74.16,127.7,Tier-1 (Autonomous),173000.0,112.3,3,0.421,0.563,0.492,85200.0,87800.0,0
Karur,SC,0,148000.0,0,1,75.76,130.0,Tier-1 (Autonomous),182000.0,89.5,0,0.382,0.467,0.424,77200.0,104800.0,0
Theni,OC,1,1105000.0,0,1,86.82,116.4,Tier-3 (Self-financing),84000.0,106.6,5,0.322,0.263,0.293,24600.0,59400.0,1
Erode,BC,0,266000.0,0,1,96.06,174.8,Tier-3 (Self-financing),85000.0,15.2,3,0.498,0.47,0.484,41100.0,43900.0,1
Chennai,BC,1,343000.0,1,0,88.27,142.1,Tier-2 (Affiliated),110000.0,115.8,1,0.416,0.496,0.456,50200.0,59800.0,1
Madurai,SC,0,138000.0,1,0,78.1,120.0,Tier-2 (Affiliated),109000.0,8.6,2,0.359,0.628,0.493,53800.0,55200.0,0
Tirunelveli,MBC,0,370000.0,0,1,69.01,96.9,Tier-3 (Self-financing),79000.0,47.9,5,0.275,0.464,0.37,29200.0,49800.0,1
Chennai,MBC,0,681000.0,0,0,84.68,165.3,Tier-3 (Self-financing),88000.0,12.2,0,0.463,0.451,0.457,40200.0,47800.0,1
Namakkal,SC,0,60000.0,1,0,94.65,186.8,Tier-2 (Affiliated),113000.0,109.4,1,0.7,0.464,0.582,65800.0,47200.0,0
Nagapattinam,SC,0,910000.0,0,1,88.04,168.9,Tier-3 (Self-financing),78000.0,4.3,0,0.613,0.442,0.527,41100.0,36900.0,1
Thoothukudi,MBC,0,291000.0,1,0,80.08,129.9,Tier-3 (Self-financing),88000.0,3.9,1,0.287,0.463,0.375,33000.0,55000.0,1
Dindigul,MBC,0,358000.0,0,1,73.11,122.1,Tier-1 (Autonomous),175000.0,61.4,3,0.324,0.464,0.394,68900.0,106100.0,1
Kanyakumari,SC,0,153000.0,1,0,81.45,152.7,Tier-2 (Affiliated),115000.0,10.7,5,0.562,0.526,0.544,62600.0,52400.0,0
Thoothukudi,BC,1,482000.0,1,0,89.55,139.7,Tier-3 (Self-financing),85000.0,97.8,0,0.316,0.414,0.365,31000.0,54000.0,1
Kanyakumari,SC,0,217000.0,0,1,80.32,136.6,Tier-1 (Autonomous),183000.0,85.7,3,0.277,0.42,0.349,63800.0,119200.0,0
Dindigul,OC,0,219000.0,1,0,76.97,126.6,Tier-2 (Affiliated),111000.0,94.1,1,0.555,0.545,0.55,61000.0,50000.0,0
Erode,BC,0,192000.0,0,1,71.13,142.6,Tier-3 (Self-financing),85000.0,14.0,1,0.358,0.586,0.472,40200.0,44800.0,1
Thoothukudi,SC,1,604000.0,1,0,99.9,181.4,Tier-3 (Self-financing),88000.0,103.0,2,0.373,0.326,0.35,30800.0,57200.0,1
Salem,BC,1,206000.0,1,0,69.09,108.5,Tier-2 (Affiliated),117000.0,12.3,0,0.211,0.531,0.371,43400.0,73600.0,0
Thanjavur,BC,1,616000.0,1,0,68.17,131.9,Tier-2 (Affiliated),111000.0,188.1,1,0.325,0.449,0.387,43000.0,68000.0,1
Coimbatore,BC,1,394000.0,0,1,79.64,127.4,Tier-2 (Affiliated),111000.0,110.1,0,0.408,0.445,0.427,47400.0,63600.0,1
Nagapattinam,MBC,0,153000.0,0,1,75.98,113.4,Tier-3 (Self-financing),82000.0,13.8,2,0.297,0.492,0.395,32400.0,49600.0,0
Theni,SC,1,932000.0,0,0,88.23,136.9,Tier-3 (Self-financing),70000.0,5.8,1,0.264,0.454,0.359,25200.0,44800.0,1
Coimbatore,OC,0,231000.0,1,0,88.57,143.9,Tier-3 (Self-financing),85000.0,27.3,5,0.167,0.68,0.423,36000.0,49000.0,1
Salem,OC,1,338000.0,1,0,65.86,93.6,Tier-2 (Affiliated),100000.0,49.1,1,0.263,0.589,0.426,42600.0,57400.0,1
Tiruppur,MBC,0,235000.0,0,1,70.44,104.9,Tier-3 (Self-financing),80000.0,41.9,2,0.269,0.549,0.409,32700.0,47300.0,1
Namakkal,ST,0,111000.0,1,0,69.25,89.1,Tier-3 (Self-financing),78000.0,32.1,2,0.305,0.624,0.465,36200.0,41800.0,0
Virudhunagar,BC,1,485000.0,1,0,85.85,125.0,Tier-2 (Affiliated),104000.0,133.9,2,0.284,0.494,0.389,40500.0,63500.0,1
Tirunelveli,ST,1,297000.0,1,0,82.28,135.2,Tier-2 (Affiliated),105000.0,29.6,3,0.349,0.438,0.394,41300.0,63700.0,1
Villupuram,SC,1,358000.0,0,1,74.29,134.5,Tier-2 (Affiliated),114000.0,2.0,3,0.325,0.51,0.418,47600.0,66400.0,1
Thanjavur,BC,0,279000.0,0,1,80.16,142.0,Tier-2 (Affiliated),113000.0,48.4,2,0.346,0.389,0.367,41500.0,71500.0,1
Virudhunagar,SC,0,133000.0,0,1,66.74,113.2,Tier-1 (Autonomous),181000.0,73.2,2,0.324,0.465,0.395,71400.0,109600.0,0
Salem,MBC,0,370000.0,1,0,70.57,90.0,Tier-2 (Affiliated),120000.0,18.9,2,0.175,0.554,0.364,43700.0,76300.0,0
Chennai,MBC,0,245000.0,1,0,65.0,91.1,Tier-1 (Autonomous),204000.0,268.1,1,0.08,0.488,0.284,57900.0,146100.0,0
Coimbatore,MBC,1,320000.0,1,0,79.45,124.2,Tier-1 (Autonomous),184000.0,171.3,0,0.437,0.422,0.429,79000.0,105000.0,1
Vellore,SC,0,440000.0,0,1,79.42,141.5,Tier-2 (Affiliated),117000.0,39.7,0,0.411,0.416,0.413,48400.0,68600.0,1
Thoothukudi,SC,1,295000.0,1,0,68.16,100.7,Tier-3 (Self-financing),87000.0,147.9,3,0.302,0.395,0.348,30300.0,56700.0,1
Chennai,SC,0,356000.0,1,0,82.21,113.2,Tier-2 (Affiliated),115000.0,95.2,0,0.398,0.507,0.452,52000.0,63000.0,1
Vellore,ST,1,536000.0,0,0,88.57,163.4,Tier-3 (Self-financing),72000.0,84.0,0,0.454,0.411,0.432,31100.0,40900.0,1
Madurai,MBC,1,853000.0,0,1,67.7,97.3,Tier-2 (Affiliated),88000.0,48.8,0,0.221,0.364,0.292,25700.0,62300.0,1
Villupuram,SC,1,461000.0,0,1,74.74,102.7,Tier-3 (Self-financing),68000.0,21.8,3,0.17,0.493,0.331,22500.0,45500.0,1
Cuddalore,SC,0,195000.0,1,0,83.14,136.4,Tier-3 (Self-financing),80000.0,80.1,0,0.444,0.539,0.491,39300.0,40700.0,1
Nagapattinam,BC,0,289000.0,0,0,77.94,124.0,Tier-3 (Self-financing),96000.0,13.0,2,0.207,0.399,0.303,29100.0,66900.0,1
Karur,OC,0,341000.0,0,0,64.28,95.3,Tier-3 (Self-financing),87000.0,21.7,3,0.246,0.391,0.319,27700.0,59300.0,0
Cuddalore,BC,1,147000.0,0,1,73.59,117.7,Tier-2 (Affiliated),107000.0,107.0,2,0.351,0.516,0.433,46400.0,60600.0,0
Nagapattinam,SC,1,468000.0,1,0,73.26,103.3,Tier-2 (Affiliated),115000.0,69.3,1,0.153,0.51,0.332,38100.0,76900.0,1
Chennai,BC,0,342000.0,1,0,76.3,114.4,Tier-3 (Self-financing),88000.0,86.3,0,0.396,0.43,0.413,36300.0,51700.0,1
Kanyakumari,SC,1,496000.0,1,0,76.72,122.2,Tier-1 (Autonomous),169000.0,32.1,1,0.166,0.411,0.288,48800.0,120200.0,0
Karur,OC,1,591000.0,1,0,93.66,119.3,Tier-2 (Affiliated),114000.0,57.1,2,0.209,0.446,0.327,37300.0,76700.0,1
Karur,BC,1,696000.0,1,0,75.91,135.8,Tier-2 (Affiliated),117000.0,69.1,0,0.371,0.424,0.397,46500.0,70500.0,0
Vellore,MBC,0,122000.0,1,0,60.82,76.7,Tier-2 (Affiliated),127000.0,53.2,4,0.222,0.522,0.372,47200.0,79800.0,1
Virudhunagar,BC,1,254000.0,0,0,78.91,112.2,Tier-3 (Self-financing),84000.0,213.0,1,0.181,0.531,0.356,29900.0,54100.0,0
Vellore,SC,0,60000.0,1,0,95.48,167.8,Tier-3 (Self-financing),99000.0,16.0,1,0.544,0.466,0.505,50000.0,49000.0,0
Chennai,BC,0,278000.0,1,0,76.33,130.7,Tier-1 (Autonomous),177000.0,33.3,0,0.421,0.617,0.519,91800.0,85200.0,0
Villupuram,ST,1,178000.0,1,0,73.62,119.1,Tier-2 (Affiliated),129000.0,21.8,1,0.283,0.491,0.387,49900.0,79100.0,0
Salem,BC,1,294000.0,0,0,74.95,94.3,Tier-3 (Self-financing),80000.0,55.4,3,0.237,0.627,0.432,34600.0,45400.0,0
Madurai,ST,1,328000.0,0,1,83.84,125.1,Tier-3 (Self-financing),90000.0,84.8,1,0.429,0.312,0.37,33300.0,56700.0,0
Theni,MBC,0,206000.0,0,1,74.91,116.6,Tier-2 (Affiliated),112000.0,81.1,2,0.428,0.374,0.401,44900.0,67100.0,0
Salem,OC,0,177000.0,0,0,62.84,98.4,Tier-1 (Autonomous),192000.0,66.0,0,0.2,0.509,0.354,68000.0,124000.0,0
Kanyakumari,OC,1,2554000.0,0,1,71.28,131.2,Tier-3 (Self-financing),96000.0,45.7,1,0.291,0.13,0.21,20200.0,75800.0,1
Thanjavur,OC,1,617000.0,0,1,77.35,153.7,Tier-2 (Affiliated),102000.0,135.2,3,0.424,0.448,0.436,44500.0,57500.0,1
Chennai,MBC,0,143000.0,0,1,83.36,142.6,Tier-1 (Autonomous),177000.0,29.5,4,0.311,0.513,0.412,72900.0,104100.0,0
Thoothukudi,SC,0,135000.0,1,0,72.17,107.5,Tier-1 (Autonomous),197000.0,26.4,2,0.374,0.546,0.46,90600.0,106400.0,0
Namakkal,BC,1,439000.0,1,0,75.04,138.3,Tier-3 (Self-financing),86000.0,153.1,2,0.421,0.462,0.442,38000.0,48000.0,1
Tirunelveli,MBC,1,381000.0,1,0,78.45,116.7,Tier-2 (Affiliated),117000.0,58.9,3,0.306,0.632,0.469,54900.0,62100.0,1
Cuddalore,MBC,0,532000.0,0,0,70.23,73.0,Tier-2 (Affiliated),101000.0,50.2,4,0.241,0.405,0.323,32600.0,68400.0,0
Namakkal,MBC,1,402000.0,0,1,77.08,104.6,Tier-2 (Affiliated),108000.0,104.2,2,0.325,0.573,0.449,48500.0,59500.0,0
Chennai,MBC,1,1165000.0,0,0,82.67,96.7,Tier-3 (Self-financing),79000.0,32.6,0,0.313,0.263,0.288,22800.0,56200.0,0
Nagapattinam,MBC,0,205000.0,1,0,66.14,100.1,Tier-2 (Affiliated),117000.0,59.3,0,0.292,0.486,0.389,45500.0,71500.0,0
Thanjavur,SC,1,398000.0,0,1,81.06,127.0,Tier-2 (Affiliated),116000.0,44.6,2,0.456,0.394,0.425,49300.0,66700.0,0
Cuddalore,ST,1,479000.0,1,0,67.1,83.5,Tier-2 (Affiliated),120000.0,2.0,1,0.079,0.524,0.302,36200.0,83800.0,0
Kanyakumari,BC,1,932000.0,0,1,67.3,94.9,Tier-1 (Autonomous),171000.0,34.4,1,0.271,0.464,0.368,62900.0,108100.0,1
Theni,OC,1,1296000.0,0,0,71.37,92.8,Tier-3 (Self-financing),89000.0,4.3,2,0.347,0.282,0.315,28000.0,61000.0,1
Cuddalore,BC,1,416000.0,0,0,91.65,144.7,Tier-1 (Autonomous),180000.0,11.9,3,0.379,0.512,0.446,80200.0,99800.0,1
Tirunelveli,MBC,1,419000.0,0,0,60.85,84.6,Tier-1 (Autonomous),160000.0,74.9,2,0.147,0.478,0.313,50000.0,110000.0,0
Salem,BC,0,76000.0,0,0,73.36,132.5,Tier-1 (Autonomous),184000.0,23.8,2,0.332,0.583,0.457,84200.0,99800.0,0
Thanjavur,ST,1,245000.0,1,0,77.74,126.9,Tier-1 (Autonomous),190000.0,29.5,1,0.342,0.597,0.469,89200.0,100800.0,0
Kanyakumari,MBC,0,474000.0,0,1,89.67,167.5,Tier-2 (Affiliated),123000.0,4.3,0,0.572,0.366,0.469,57700.0,65300.0,1
Namakkal,MBC,0,426000.0,0,0,97.48,149.1,Tier-3 (Self-financing),85000.0,109.2,1,0.421,0.382,0.401,34100.0,50900.0,1
Erode,SC,1,300000.0,0,1,73.78,150.2,Tier-1 (Autonomous),187000.0,53.4,0,0.515,0.447,0.481,89900.0,97100.0,0
Nagapattinam,BC,1,1230000.0,1,0,83.39,133.5,Tier-1 (Autonomous),184000.0,28.2,0,0.404,0.274,0.339,62400.0,121600.0,1
Kanyakumari,SC,1,255000.0,1,0,77.05,115.4,Tier-2 (Affiliated),104000.0,11.5,3,0.376,0.517,0.447,46400.0,57600.0,0
Villupuram,OC,1,425000.0,1,0,76.99,159.3,Tier-3 (Self-financing),78000.0,32.9,1,0.46,0.468,0.464,36200.0,41800.0,0
Tirunelveli,MBC,1,325000.0,0,0,80.73,101.7,Tier-3 (Self-financing),85000.0,21.1,0,0.234,0.47,0.352,29900.0,55100.0,0
Karur,ST,0,91000.0,1,0,62.15,91.1,Tier-3 (Self-financing),83000.0,78.7,0,0.109,0.526,0.318,26400.0,56600.0,0
Tiruppur,SC,1,444000.0,0,0,77.52,99.1,Tier-1 (Autonomous),181000.0,143.3,1,0.049,0.481,0.265,48000.0,133000.0,1
Thanjavur,SC,1,369000.0,1,0,82.51,104.4,Tier-3 (Self-financing),82000.0,4.7,1,0.231,0.416,0.324,26500.0,55500.0,0
Vellore,BC,0,418000.0,1,0,69.4,80.0,Tier-2 (Affiliated),112000.0,41.4,2,0.0,0.299,0.149,16700.0,95300.0,0
Madurai,SC,1,251000.0,0,1,82.57,141.4,Tier-1 (Autonomous),171000.0,108.8,0,0.386,0.428,0.407,69600.0,101400.0,1
Tirunelveli,MBC,1,407000.0,0,1,60.72,77.2,Tier-3 (Self-financing),97000.0,17.2,0,0.219,0.559,0.389,37800.0,59200.0,1
Namakkal,MBC,0,78000.0,0,0,78.94,122.5,Tier-3 (Self-financing),70000.0,61.3,1,0.328,0.328,0.328,23000.0,47000.0,0
Kanyakumari,OC,1,775000.0,0,0,91.42,159.7,Tier-3 (Self-financing),84000.0,10.0,1,0.232,0.489,0.36,30300.0,53700.0,1
Kanyakumari,BC,0,316000.0,0,1,75.81,128.2,Tier-2 (Affiliated),108000.0,17.0,2,0.313,0.443,0.378,40800.0,67200.0,1
Tiruchirappalli,MBC,0,142000.0,0,1,68.22,115.4,Tier-2 (Affiliated),109000.0,84.3,3,0.343,0.59,0.467,50900.0,58100.0,0
Cuddalore,OC,0,368000.0,0,0,63.75,120.2,Tier-2 (Affiliated),103000.0,84.2,1,0.418,0.396,0.407,41900.0,61100.0,1
Coimbatore,SC,0,169000.0,1,0,81.91,155.2,Tier-1 (Autonomous),168000.0,20.7,0,0.482,0.316,0.399,67100.0,100900.0,0
Cuddalore,SC,0,515000.0,0,1,87.28,120.9,Tier-1 (Autonomous),182000.0,6.4,0,0.319,0.38,0.35,63600.0,118400.0,1
Erode,ST,1,152000.0,1,0,77.44,131.2,Tier-3 (Self-financing),83000.0,71.4,2,0.393,0.51,0.451,37500.0,45500.0,0
Thanjavur,OC,0,468000.0,0,0,73.36,113.3,Tier-1 (Autonomous),183000.0,8.2,2,0.44,0.489,0.465,85000.0,98000.0,1
Karur,ST,1,150000.0,0,1,58.69,91.7,Tier-1 (Autonomous),167000.0,60.2,1,0.218,0.408,0.313,52200.0,114800.0,0
Thanjavur,OC,1,464000.0,0,1,79.24,104.1,Tier-1 (Autonomous),194000.0,62.0,2,0.141,0.489,0.315,61100.0,132900.0,1
Virudhunagar,MBC,0,303000.0,1,0,71.11,105.8,Tier-1 (Autonomous),179000.0,97.2,1,0.228,0.493,0.361,64500.0,114500.0,0
Namakkal,SC,0,174000.0,0,1,71.68,108.3,Tier-2 (Affiliated),86000.0,67.1,1,0.215,0.467,0.341,29300.0,56700.0,0
Thoothukudi,OC,1,628000.0,1,0,94.16,172.1,Tier-3 (Self-financing),87000.0,87.3,1,0.407,0.436,0.421,36700.0,50300.0,0
Theni,OC,1,757000.0,1,0,59.98,78.6,Tier-3 (Self-financing),81000.0,169.4,1,0.113,0.409,0.261,21100.0,59900.0,1
Tirunelveli,OC,1,480000.0,1,0,61.32,62.3,Tier-1 (Autonomous),171000.0,42.6,1,0.333,0.498,0.416,71100.0,99900.0,1
Nagapattinam,MBC,0,423000.0,0,0,80.31,128.4,Tier-2 (Affiliated),120000.0,36.8,2,0.264,0.483,0.373,44800.0,75200.0,0
Thanjavur,SC,1,266000.0,0,0,74.15,99.8,Tier-1 (Autonomous),187000.0,113.0,0,0.204,0.506,0.355,66400.0,120600.0,0
Namakkal,BC,1,458000.0,1,0,72.81,114.4,Tier-1 (Autonomous),183000.0,80.9,1,0.519,0.619,0.569,104100.0,78900.0,1
Madurai,BC,1,589000.0,1,0,80.73,139.1,Tier-3 (Self-financing),86000.0,4.1,0,0.428,0.279,0.354,30400.0,55600.0,1
Madurai,MBC,0,295000.0,1,0,80.56,127.4,Tier-3 (Self-financing),89000.0,6.3,2,0.369,0.388,0.378,33700.0,55300.0,1
Tiruppur,BC,1,688000.0,1,0,68.26,102.7,Tier-2 (Affiliated),97000.0,81.3,2,0.297,0.502,0.4,38800.0,58200.0,1
Tiruchirappalli,SC,0,232000.0,0,1,72.08,113.0,Tier-3 (Self-financing),87000.0,100.3,2,0.305,0.387,0.346,30100.0,56900.0,1
Thoothukudi,ST,1,353000.0,1,0,78.5,138.3,Tier-2 (Affiliated),120000.0,21.4,2,0.342,0.553,0.447,53700.0,66300.0,1
Kanyakumari,SC,1,263000.0,1,0,79.67,110.2,Tier-3 (Self-financing),93000.0,56.1,1,0.306,0.524,0.415,38600.0,54400.0,0
Karur,SC,1,175000.0,1,0,82.83,143.5,Tier-2 (Affiliated),102000.0,70.4,0,0.441,0.411,0.426,43500.0,58500.0,1
Karur,MBC,0,119000.0,1,0,72.17,100.4,Tier-2 (Affiliated),111000.0,153.3,0,0.11,0.606,0.358,39700.0,71300.0,0
Tiruppur,SC,1,126000.0,0,1,81.47,139.4,Tier-3 (Self-financing),76000.0,101.0,1,0.346,0.62,0.483,36700.0,39300.0,1
Coimbatore,BC,0,788000.0,1,0,87.5,116.9,Tier-3 (Self-financing),86000.0,19.5,2,0.168,0.398,0.283,24300.0,61700.0,1
Vellore,OC,1,187000.0,1,0,78.47,133.7,Tier-3 (Self-financing),79000.0,2.0,1,0.291,0.505,0.398,31500.0,47500.0,1
Dindigul,MBC,1,810000.0,0,1,76.97,121.6,Tier-2 (Affiliated),103000.0,73.1,0,0.362,0.495,0.428,44100.0,58900.0,1
Villupuram,OC,1,401000.0,0,0,75.64,122.5,Tier-3 (Self-financing),88000.0,80.8,1,0.289,0.336,0.312,27500.0,60500.0,0
Salem,SC,1,605000.0,0,1,71.83,129.3,Tier-3 (Self-financing),79000.0,88.2,1,0.328,0.487,0.408,32200.0,46800.0,1
Dindigul,MBC,1,125000.0,0,1,68.62,97.5,Tier-2 (Affiliated),104000.0,5.3,1,0.017,0.41,0.214,22200.0,81800.0,1
Erode,ST,1,240000.0,1,0,75.02,119.7,Tier-2 (Affiliated),113000.0,3.5,2,0.205,0.549,0.377,42600.0,70400.0,0
Madurai,BC,1,1075000.0,0,0,82.51,136.6,Tier-3 (Self-financing),73000.0,59.3,1,0.28,0.329,0.305,22200.0,50800.0,1
Madurai,MBC,1,622000.0,1,0,69.11,106.1,Tier-2 (Affiliated),107000.0,17.4,0,0.128,0.425,0.277,29600.0,77400.0,1
Vellore,SC,1,262000.0,0,0,77.25,134.4,Tier-2 (Affiliated),98000.0,133.0,1,0.38,0.63,0.505,49500.0,48500.0,1
Coimbatore,BC,1,166000.0,1,0,76.09,126.7,Tier-1 (Autonomous),169000.0,97.4,1,0.345,0.392,0.368,62300.0,106700.0,0
Coimbatore,MBC,1,203000.0,1,0,95.78,144.5,Tier-2 (Affiliated),119000.0,41.1,3,0.468,0.568,0.518,61600.0,57400.0,0
Vellore,MBC,0,558000.0,1,0,85.23,155.3,Tier-2 (Affiliated),107000.0,30.7,1,0.544,0.435,0.489,52400.0,54600.0,0
Salem,ST,1,225000.0,0,1,85.07,144.5,Tier-1 (Autonomous),174000.0,235.5,1,0.514,0.514,0.514,89400.0,84600.0,1
Tiruppur,SC,0,187000.0,1,0,87.2,126.9,Tier-3 (Self-financing),92000.0,22.5,2,0.37,0.582,0.476,43800.0,48200.0,1
Chennai,OC,0,456000.0,0,1,72.54,103.3,Tier-2 (Affiliated),123000.0,49.5,2,0.274,0.525,0.4,49200.0,73800.0,1
Erode,MBC,1,205000.0,1,0,91.77,143.5,Tier-1 (Autonomous),182000.0,37.1,2,0.423,0.56,0.491,89400.0,92600.0,0
Dindigul,MBC,0,325000.0,0,1,79.59,134.1,Tier-2 (Affiliated),118000.0,105.5,0,0.286,0.417,0.352,41500.0,76500.0,1
Thoothukudi,BC,1,383000.0,0,1,77.55,90.9,Tier-1 (Autonomous),176000.0,95.5,2,0.237,0.524,0.381,67000.0,109000.0,0
Theni,MBC,1,494000.0,1,0,65.85,93.4,Tier-2 (Affiliated),110000.0,116.2,0,0.183,0.514,0.348,38300.0,71700.0,1
Kanyakumari,BC,0,218000.0,0,1,73.98,109.7,Tier-2 (Affiliated),110000.0,10.0,0,0.183,0.548,0.365,40200.0,69800.0,0
Erode,OC,0,164000.0,0,1,60.34,75.0,Tier-3 (Self-financing),88000.0,165.9,4,0.015,0.568,0.292,25700.0,62300.0,0
Thanjavur,MBC,0,206000.0,0,0,75.52,105.5,Tier-2 (Affiliated),118000.0,69.1,1,0.073,0.517,0.295,34800.0,83200.0,0
Thanjavur,BC,0,425000.0,0,1,72.24,117.6,Tier-3 (Self-financing),73000.0,91.1,1,0.289,0.374,0.331,24200.0,48800.0,0
Kanyakumari,MBC,1,522000.0,1,0,74.02,111.1,Tier-2 (Affiliated),103000.0,2.7,4,0.232,0.415,0.324,33300.0,69700.0,1
Thoothukudi,BC,1,491000.0,1,0,64.14,96.5,Tier-3 (Self-financing),81000.0,59.7,0,0.175,0.416,0.296,23900.0,57100.0,1
Thoothukudi,SC,1,516000.0,0,1,85.04,115.4,Tier-3 (Self-financing),77000.0,173.6,0,0.209,0.451,0.33,25400.0,51600.0,1
Nagapattinam,BC,0,267000.0,1,0,83.93,131.1,Tier-3 (Self-financing),87000.0,55.2,1,0.312,0.466,0.389,33800.0,53200.0,1
Namakkal,SC,1,325000.0,1,0,94.9,129.3,Tier-3 (Self-financing),87000.0,52.2,1,0.263,0.631,0.447,38900.0,48100.0,1
Namakkal,OC,0,300000.0,1,0,94.61,173.3,Tier-3 (Self-financing),85000.0,104.2,1,0.513,0.528,0.52,44200.0,40800.0,0
Thoothukudi,MBC,1,711000.0,1,0,79.56,153.4,Tier-3 (Self-financing),82000.0,2.6,0,0.494,0.406,0.45,36900.0,45100.0,1
Tirunelveli,BC,1,567000.0,0,0,88.23,134.1,Tier-3 (Self-financing),96000.0,197.6,0,0.328,0.462,0.395,37900.0,58100.0,1
Erode,BC,0,220000.0,0,0,80.61,112.1,Tier-2 (Affiliated),112000.0,124.9,0,0.377,0.541,0.459,51400.0,60600.0,0
Kanyakumari,MBC,1,185000.0,1,0,73.73,130.8,Tier-2 (Affiliated),109000.0,96.7,1,0.294,0.687,0.491,53500.0,55500.0,1
Vellore,SC,1,578000.0,1,0,75.22,129.2,Tier-2 (Affiliated),111000.0,34.9,2,0.196,0.473,0.334,37100.0,73900.0,1
Salem,ST,0,112000.0,1,0,84.39,163.1,Tier-3 (Self-financing),91000.0,50.5,1,0.579,0.496,0.537,48900.0,42100.0,0
Tiruppur,BC,1,503000.0,0,1,99.9,192.0,Tier-3 (Self-financing),87000.0,19.7,1,0.408,0.37,0.389,33800.0,53200.0,1
Erode,BC,1,1762000.0,1,0,89.67,113.1,Tier-3 (Self-financing),78000.0,35.2,3,0.248,0.223,0.236,18400.0,59600.0,1
Kanyakumari,SC,0,303000.0,0,1,80.46,146.1,Tier-2 (Affiliated),124000.0,14.3,2,0.472,0.655,0.564,69900.0,54100.0,0
Villupuram,MBC,0,631000.0,1,0,82.84,129.2,Tier-3 (Self-financing),89000.0,20.5,4,0.449,0.414,0.432,38400.0,50600.0,1
Erode,BC,1,359000.0,0,1,82.75,140.6,Tier-2 (Affiliated),101000.0,27.5,4,0.377,0.405,0.391,39500.0,61500.0,1
Namakkal,SC,1,568000.0,1,0,77.1,135.0,Tier-3 (Self-financing),70000.0,27.8,1,0.325,0.518,0.421,29500.0,40500.0,1
Thoothukudi,MBC,1,426000.0,1,0,85.56,147.9,Tier-2 (Affiliated),116000.0,31.6,0,0.584,0.476,0.53,61500.0,54500.0,0
Karur,MBC,1,514000.0,0,0,76.45,137.3,Tier-2 (Affiliated),120000.0,4.5,2,0.452,0.319,0.386,46300.0,73700.0,1
Salem,BC,1,1468000.0,1,0,67.88,100.2,Tier-2 (Affiliated),114000.0,5.8,0,0.334,0.279,0.307,34900.0,79100.0,1
Tiruppur,MBC,0,223000.0,1,0,82.82,118.2,Tier-2 (Affiliated),115000.0,53.1,1,0.349,0.598,0.473,54400.0,60600.0,0
Theni,BC,0,302000.0,0,1,84.15,152.4,Tier-2 (Affiliated),115000.0,61.1,2,0.48,0.323,0.402,46200.0,68800.0,0
Cuddalore,SC,0,119000.0,0,1,76.54,109.4,Tier-3 (Self-financing),85000.0,17.5,4,0.301,0.584,0.443,37600.0,47400.0,0
Chennai,BC,1,787000.0,1,0,81.1,157.7,Tier-2 (Affiliated),97000.0,5.4,2,0.44,0.296,0.368,35700.0,61300.0,1
Tirunelveli,SC,1,231000.0,0,1,87.61,128.7,Tier-3 (Self-financing),79000.0,56.6,2,0.2,0.488,0.344,27200.0,51800.0,0
Kanyakumari,SC,1,553000.0,0,1,77.48,118.3,Tier-1 (Autonomous),186000.0,25.3,2,0.204,0.404,0.304,56600.0,129400.0,1
Salem,SC,0,79000.0,1,0,73.53,114.8,Tier-1 (Autonomous),185000.0,97.3,1,0.353,0.623,0.488,90400.0,94600.0,1
Tirunelveli,OC,1,852000.0,1,0,70.91,90.3,Tier-2 (Affiliated),108000.0,80.0,1,0.309,0.463,0.386,41700.0,66300.0,0
Erode,BC,1,339000.0,1,0,75.46,97.7,Tier-2 (Affiliated),106000.0,35.9,0,0.253,0.375,0.314,33300.0,72700.0,1
Tiruchirappalli,MBC,0,389000.0,1,0,93.35,163.0,Tier-3 (Self-financing),86000.0,202.4,1,0.381,0.315,0.348,29900.0,56100.0,0
Tiruchirappalli,MBC,0,258000.0,0,1,76.02,95.8,Tier-3 (Self-financing),82000.0,6.4,0,0.248,0.378,0.313,25700.0,56300.0,1
Erode,ST,1,203000.0,1,0,81.59,168.3,Tier-3 (Self-financing),84000.0,26.2,4,0.518,0.544,0.531,44600.0,39400.0,1
Kanyakumari,BC,1,390000.0,0,0,74.76,118.2,Tier-3 (Self-financing),86000.0,75.8,3,0.159,0.291,0.225,19300.0,66700.0,0
Chennai,SC,1,197000.0,0,0,73.9,102.8,Tier-3 (Self-financing),79000.0,5.2,0,0.377,0.46,0.418,33100.0,45900.0,1
Tirunelveli,BC,0,474000.0,1,0,69.21,117.0,Tier-3 (Self-financing),91000.0,8.5,0,0.376,0.532,0.454,41300.0,49700.0,0
Coimbatore,BC,1,271000.0,1,0,79.0,89.5,Tier-2 (Affiliated),109000.0,66.2,0,0.125,0.545,0.335,36500.0,72500.0,1
Tiruppur,OC,0,337000.0,0,1,72.83,111.5,Tier-1 (Autonomous),184000.0,80.9,2,0.281,0.348,0.315,57900.0,126100.0,1
Tirunelveli,SC,0,236000.0,1,0,90.74,142.1,Tier-3 (Self-financing),86000.0,27.5,0,0.369,0.52,0.444,38200.0,47800.0,1
Nagapattinam,BC,1,1173000.0,1,0,76.92,104.1,Tier-2 (Affiliated),122000.0,14.9,1,0.365,0.244,0.304,37100.0,84900.0,1
Tiruppur,BC,0,297000.0,0,1,77.55,114.6,Tier-3 (Self-financing),89000.0,12.9,1,0.253,0.44,0.347,30800.0,58200.0,1
Nagapattinam,SC,1,276000.0,0,1,76.2,144.8,Tier-3 (Self-financing),88000.0,76.0,2,0.309,0.45,0.38,33400.0,54600.0,1
Theni,MBC,1,488000.0,0,0,81.71,133.5,Tier-2 (Affiliated),113000.0,183.7,2,0.356,0.418,0.387,43700.0,69300.0,1
Thanjavur,OC,0,125000.0,1,0,92.91,154.6,Tier-3 (Self-financing),102000.0,25.3,3,0.356,0.519,0.437,44600.0,57400.0,0
Kanyakumari,OC,0,202000.0,0,1,67.6,96.4,Tier-1 (Autonomous),180000.0,31.0,2,0.311,0.451,0.381,68700.0,111300.0,1
Dindigul,MBC,1,342000.0,0,1,80.78,109.4,Tier-3 (Self-financing),86000.0,27.6,1,0.272,0.427,0.35,30100.0,55900.0,0
Villupuram,BC,0,202000.0,0,1,62.31,96.1,Tier-3 (Self-financing),86000.0,71.8,1,0.138,0.582,0.36,30900.0,55100.0,1
Thoothukudi,BC,0,124000.0,1,0,90.23,107.5,Tier-3 (Self-financing),69000.0,42.2,3,0.214,0.526,0.37,25500.0,43500.0,0
Tiruppur,MBC,0,417000.0,0,1,76.92,106.6,Tier-2 (Affiliated),111000.0,30.1,1,0.233,0.381,0.307,34100.0,76900.0,1
Cuddalore,BC,0,345000.0,0,1,63.05,82.1,Tier-2 (Affiliated),118000.0,70.8,4,0.158,0.491,0.324,38300.0,79700.0,1
Tirunelveli,MBC,1,454000.0,0,0,65.24,73.8,Tier-1 (Autonomous),184000.0,274.5,1,0.022,0.342,0.182,33500.0,150500.0,0
Virudhunagar,BC,1,330000.0,0,1,86.14,147.6,Tier-2 (Affiliated),122000.0,140.4,3,0.321,0.495,0.408,49700.0,72300.0,1
Cuddalore,BC,0,312000.0,0,1,61.35,96.2,Tier-2 (Affiliated),116000.0,48.2,0,0.254,0.534,0.394,45700.0,70300.0,1
Villupuram,BC,1,641000.0,1,0,80.78,120.0,Tier-2 (Affiliated),114000.0,88.5,0,0.419,0.489,0.454,51700.0,62300.0,1
Tirunelveli,BC,0,258000.0,1,0,73.71,128.0,Tier-2 (Affiliated),117000.0,128.3,0,0.303,0.533,0.418,48900.0,68100.0,1
Nagapattinam,OC,1,805000.0,0,1,76.05,97.0,Tier-2 (Affiliated),113000.0,23.2,0,0.242,0.306,0.274,31000.0,82000.0,1
Dindigul,BC,0,193000.0,1,0,71.26,93.9,Tier-1 (Autonomous),178000.0,74.8,1,0.411,0.467,0.439,78100.0,99900.0,0
Tiruchirappalli,ST,1,288000.0,0,1,68.47,126.3,Tier-1 (Autonomous),179000.0,52.3,0,0.358,0.585,0.471,84300.0,94700.0,0
Tiruchirappalli,SC,0,366000.0,1,0,73.13,151.2,Tier-3 (Self-financing),66000.0,87.4,2,0.27,0.453,0.362,23900.0,42100.0,1
Tiruppur,BC,1,951000.0,0,1,83.72,144.2,Tier-3 (Self-financing),98000.0,14.7,2,0.446,0.357,0.402,39400.0,58600.0,0
Erode,MBC,0,540000.0,1,0,75.07,127.2,Tier-2 (Affiliated),108000.0,22.1,0,0.359,0.498,0.429,46300.0,61700.0,1
Madurai,MBC,1,491000.0,1,0,82.21,122.8,Tier-2 (Affiliated),102000.0,8.0,2,0.291,0.574,0.433,44100.0,57900.0,0
Thanjavur,SC,0,198000.0,1,0,75.58,112.5,Tier-1 (Autonomous),177000.0,68.7,1,0.199,0.505,0.352,62300.0,114700.0,0
Cuddalore,BC,1,377000.0,0,1,84.11,138.0,Tier-2 (Affiliated),124000.0,83.6,2,0.445,0.445,0.445,55200.0,68800.0,1
Erode,BC,1,179000.0,0,1,82.15,152.0,Tier-3 (Self-financing),86000.0,42.1,3,0.212,0.667,0.439,37800.0,48200.0,0
Thoothukudi,BC,0,143000.0,1,0,72.59,122.5,Tier-1 (Autonomous),182000.0,18.5,1,0.291,0.679,0.485,88300.0,93700.0,0
Nagapattinam,OC,0,356000.0,0,0,68.46,123.9,Tier-1 (Autonomous),197000.0,9.6,2,0.301,0.483,0.392,77300.0,119700.0,0
Namakkal,BC,0,282000.0,0,1,87.56,126.4,Tier-2 (Affiliated),117000.0,160.7,2,0.282,0.496,0.389,45500.0,71500.0,1
Villupuram,SC,1,685000.0,0,1,69.87,121.0,Tier-3 (Self-financing),83000.0,60.5,3,0.311,0.488,0.4,33200.0,49800.0,0
Thanjavur,ST,1,563000.0,0,1,83.01,122.7,Tier-2 (Affiliated),96000.0,2.0,2,0.226,0.475,0.35,33600.0,62400.0,0
Madurai,OC,1,432000.0,0,1,78.31,127.4,Tier-2 (Affiliated),115000.0,292.2,1,0.387,0.468,0.427,49100.0,65900.0,1
Chennai,MBC,0,408000.0,0,1,73.37,126.6,Tier-3 (Self-financing),80000.0,101.2,1,0.573,0.529,0.551,44100.0,35900.0,0
Villupuram,BC,1,372000.0,1,0,82.29,123.7,Tier-3 (Self-financing),90000.0,66.5,0,0.257,0.425,0.341,30700.0,59300.0,0
Thoothukudi,MBC,0,378000.0,0,1,91.68,131.4,Tier-2 (Affiliated),110000.0,146.3,3,0.39,0.565,0.477,52500.0,57500.0,1
Karur,MBC,0,405000.0,0,1,84.26,140.3,Tier-2 (Affiliated),113000.0,12.4,2,0.401,0.524,0.462,52200.0,60800.0,1
Madurai,OC,0,772000.0,0,1,79.29,124.8,Tier-2 (Affiliated),117000.0,74.5,1,0.35,0.435,0.393,45900.0,71100.0,1
Tirunelveli,SC,1,240000.0,1,0,94.21,152.8,Tier-3 (Self-financing),71000.0,18.3,4,0.395,0.494,0.445,31600.0,39400.0,1
Chennai,ST,1,477000.0,1,0,61.26,107.9,Tier-3 (Self-financing),86000.0,19.8,1,0.275,0.407,0.341,29300.0,56700.0,1
Coimbatore,MBC,1,150000.0,1,0,66.88,126.6,Tier-3 (Self-financing),85000.0,99.5,2,0.357,0.379,0.368,31300.0,53700.0,1
Salem,MBC,0,530000.0,1,0,73.36,127.3,Tier-2 (Affiliated),112000.0,49.7,1,0.407,0.305,0.356,39900.0,72100.0,0
Tiruppur,MBC,0,256000.0,1,0,92.19,155.5,Tier-1 (Autonomous),184000.0,52.0,2,0.501,0.366,0.434,79800.0,104200.0,0
Coimbatore,BC,1,482000.0,0,1,87.43,132.4,Tier-2 (Affiliated),111000.0,34.0,2,0.464,0.553,0.509,56500.0,54500.0,1
Thoothukudi,BC,1,158000.0,1,0,60.84,92.1,Tier-3 (Self-financing),80000.0,78.4,0,0.16,0.466,0.313,25100.0,54900.0,0
Dindigul,MBC,0,210000.0,0,0,73.64,124.6,Tier-1 (Autonomous),171000.0,38.3,1,0.348,0.412,0.38,65000.0,106000.0,0
Tirunelveli,OC,0,822000.0,1,0,64.76,98.2,Tier-2 (Affiliated),97000.0,187.6,3,0.228,0.382,0.305,29600.0,67400.0,0
Namakkal,SC,1,249000.0,0,1,77.6,130.9,Tier-2 (Affiliated),111000.0,15.7,2,0.424,0.425,0.425,47100.0,63900.0,1
Nagapattinam,MBC,1,622000.0,1,0,87.02,127.0,Tier-2 (Affiliated),114000.0,49.7,0,0.217,0.397,0.307,35000.0,79000.0,1
Erode,BC,1,492000.0,0,1,87.76,169.4,Tier-2 (Affiliated),107000.0,2.0,0,0.579,0.498,0.539,57600.0,49400.0,1
Chennai,BC,0,536000.0,0,1,80.68,132.0,Tier-2 (Affiliated),117000.0,82.8,2,0.385,0.419,0.402,47000.0,70000.0,0
Coimbatore,ST,1,303000.0,1,0,73.75,119.9,Tier-3 (Self-financing),84000.0,160.5,2,0.413,0.464,0.439,36900.0,47100.0,1
Kanyakumari,BC,0,179000.0,0,1,77.05,116.0,Tier-2 (Affiliated),109000.0,11.4,2,0.307,0.513,0.41,44700.0,64300.0,0
Madurai,BC,1,498000.0,0,1,84.83,164.4,Tier-3 (Self-financing),73000.0,12.0,1,0.46,0.341,0.4,29200.0,43800.0,1
Theni,BC,0,721000.0,1,0,99.9,141.0,Tier-1 (Autonomous),176000.0,114.3,0,0.339,0.432,0.385,67800.0,108200.0,1
Vellore,MBC,0,342000.0,1,0,66.15,95.3,Tier-2 (Affiliated),117000.0,34.2,2,0.198,0.597,0.397,46500.0,70500.0,1
Nagapattinam,ST,1,256000.0,1,0,93.89,163.0,Tier-1 (Autonomous),191000.0,54.3,0,0.307,0.471,0.389,74300.0,116700.0,0
Coimbatore,BC,0,1034000.0,0,0,80.44,132.3,Tier-2 (Affiliated),108000.0,3.5,0,0.348,0.355,0.352,38000.0,70000.0,0
Kanyakumari,ST,0,320000.0,0,0,86.2,129.3,Tier-2 (Affiliated),117000.0,33.6,3,0.308,0.42,0.364,42600.0,74400.0,0
Cuddalore,BC,1,757000.0,0,1,79.85,119.5,Tier-2 (Affiliated),121000.0,85.7,3,0.323,0.344,0.334,40400.0,80600.0,1
Thanjavur,MBC,1,500000.0,1,0,92.04,142.9,Tier-1 (Autonomous),173000.0,158.6,0,0.342,0.531,0.436,75500.0,97500.0,1
Salem,OC,1,941000.0,1,0,81.3,131.6,Tier-3 (Self-financing),88000.0,65.5,1,0.386,0.379,0.382,33700.0,54300.0,1
Thoothukudi,MBC,0,396000.0,0,0,71.51,137.7,Tier-3 (Self-financing),87000.0,62.7,2,0.369,0.525,0.447,38900.0,48100.0,1
Erode,MBC,0,78000.0,0,1,82.5,141.1,Tier-3 (Self-financing),94000.0,69.2,1,0.246,0.556,0.401,37700.0,56300.0,0
Dindigul,MBC,1,522000.0,0,0,89.27,158.2,Tier-3 (Self-financing),78000.0,28.7,2,0.456,0.435,0.446,34800.0,43200.0,0
Vellore,BC,0,274000.0,0,1,78.0,118.3,Tier-2 (Affiliated),113000.0,44.5,3,0.377,0.593,0.485,54800.0,58200.0,0
Salem,SC,0,148000.0,0,0,57.26,99.4,Tier-2 (Affiliated),108000.0,5.6,0,0.316,0.378,0.347,37500.0,70500.0,1
Thanjavur,ST,1,245000.0,0,1,76.85,99.6,Tier-3 (Self-financing),88000.0,76.0,0,0.174,0.437,0.306,26900.0,61100.0,1
Tiruchirappalli,MBC,1,178000.0,0,1,78.98,129.1,Tier-2 (Affiliated),120000.0,157.7,3,0.229,0.485,0.357,42800.0,77200.0,0
Chennai,MBC,0,96000.0,0,0,77.55,125.8,Tier-2 (Affiliated),122000.0,17.5,0,0.425,0.535,0.48,58600.0,63400.0,0
Tirunelveli,SC,1,625000.0,0,1,73.05,144.2,Tier-2 (Affiliated),120000.0,136.2,3,0.436,0.404,0.42,50400.0,69600.0,1
Madurai,BC,1,623000.0,0,0,91.23,169.3,Tier-2 (Affiliated),102000.0,28.2,2,0.414,0.445,0.429,43800.0,58200.0,0
Thanjavur,SC,0,60000.0,1,0,54.27,83.0,Tier-3 (Self-financing),81000.0,55.2,0,0.12,0.648,0.384,31100.0,49900.0,0
Kanyakumari,BC,1,352000.0,0,0,78.94,114.0,Tier-2 (Affiliated),118000.0,2.0,1,0.299,0.389,0.344,40600.0,77400.0,0
Tiruchirappalli,SC,0,316000.0,0,1,79.08,114.7,Tier-1 (Autonomous),185000.0,69.1,1,0.367,0.61,0.489,90400.0,94600.0,1
Chennai,OC,0,334000.0,0,1,98.95,153.9,Tier-3 (Self-financing),83000.0,67.8,0,0.41,0.467,0.439,36400.0,46600.0,1
Madurai,BC,1,958000.0,0,1,77.86,144.1,Tier-3 (Self-financing),78000.0,25.8,4,0.283,0.378,0.33,25800.0,52200.0,0
Namakkal,MBC,1,748000.0,0,1,82.46,138.2,Tier-3 (Self-financing),54000.0,152.6,0,0.229,0.405,0.317,17100.0,36900.0,1
Tirunelveli,MBC,0,123000.0,0,0,79.25,134.6,Tier-3 (Self-financing),72000.0,80.6,1,0.303,0.548,0.426,30700.0,41300.0,0
Dindigul,SC,1,291000.0,0,0,78.94,138.5,Tier-2 (Affiliated),108000.0,49.5,3,0.316,0.589,0.453,48900.0,59100.0,0
Chennai,ST,1,213000.0,1,0,95.63,138.1,Tier-2 (Affiliated),108000.0,9.8,3,0.292,0.416,0.354,38200.0,69800.0,0
Erode,OC,0,182000.0,1,0,66.88,96.4,Tier-1 (Autonomous),183000.0,17.8,1,0.347,0.457,0.402,73600.0,109400.0,0
Thanjavur,BC,1,217000.0,0,0,71.33,121.9,Tier-2 (Affiliated),115000.0,11.4,0,0.199,0.558,0.378,43500.0,71500.0,0
Thanjavur,BC,1,310000.0,0,1,85.54,125.2,Tier-3 (Self-financing),103000.0,105.2,0,0.276,0.425,0.351,36100.0,66900.0,1
Tiruppur,MBC,0,183000.0,1,0,80.57,106.0,Tier-3 (Self-financing),79000.0,104.9,2,0.44,0.365,0.402,31800.0,47200.0,0
Nagapattinam,MBC,1,491000.0,0,0,75.17,104.0,Tier-2 (Affiliated),94000.0,28.6,1,0.197,0.506,0.351,33000.0,61000.0,0
Dindigul,SC,1,559000.0,1,0,77.29,139.5,Tier-2 (Affiliated),103000.0,249.4,2,0.385,0.379,0.382,39300.0,63700.0,1
Virudhunagar,SC,1,418000.0,1,0,87.14,133.8,Tier-3 (Self-financing),98000.0,47.7,0,0.479,0.539,0.509,49900.0,48100.0,1
Namakkal,OC,0,589000.0,0,1,82.85,135.9,Tier-2 (Affiliated),110000.0,56.6,2,0.364,0.399,0.381,42000.0,68000.0,0
Tirunelveli,MBC,0,225000.0,0,1,70.87,97.9,Tier-2 (Affiliated),118000.0,75.5,1,0.27,0.597,0.434,51200.0,66800.0,1
Salem,MBC,0,362000.0,0,0,80.38,134.3,Tier-2 (Affiliated),105000.0,61.9,1,0.314,0.499,0.407,42700.0,62300.0,1
Erode,MBC,1,387000.0,1,0,77.5,120.0,Tier-2 (Affiliated),106000.0,95.2,1,0.248,0.418,0.333,35300.0,70700.0,1
Tiruppur,BC,1,379000.0,0,1,82.7,139.0,Tier-2 (Affiliated),96000.0,3.0,3,0.256,0.378,0.317,30400.0,65600.0,1
Salem,BC,1,1371000.0,1,0,74.79,112.5,Tier-3 (Self-financing),82000.0,77.0,4,0.274,0.263,0.268,22000.0,60000.0,1
Villupuram,BC,1,134000.0,0,0,65.92,113.0,Tier-2 (Affiliated),110000.0,27.5,2,0.323,0.528,0.426,46800.0,63200.0,1
Dindigul,BC,0,107000.0,1,0,84.72,127.6,Tier-2 (Affiliated),117000.0,111.0,1,0.499,0.478,0.489,57200.0,59800.0,0
Kanyakumari,SC,0,241000.0,1,0,83.49,132.4,Tier-2 (Affiliated),114000.0,60.8,3,0.318,0.399,0.359,40900.0,73100.0,0
Cuddalore,BC,1,417000.0,0,1,92.15,143.4,Tier-2 (Affiliated),126000.0,107.7,3,0.496,0.45,0.473,59600.0,66400.0,1
Erode,MBC,1,191000.0,0,1,64.84,104.1,Tier-2 (Affiliated),109000.0,116.0,1,0.336,0.636,0.486,53000.0,56000.0,1
Salem,MBC,1,235000.0,0,1,77.3,127.9,Tier-2 (Affiliated),112000.0,64.0,4,0.286,0.524,0.405,45400.0,66600.0,0
Karur,SC,0,117000.0,1,0,75.7,113.7,Tier-2 (Affiliated),110000.0,126.3,1,0.298,0.475,0.387,42500.0,67500.0,0
Erode,BC,0,488000.0,1,0,74.04,116.7,Tier-1 (Autonomous),174000.0,62.7,3,0.309,0.466,0.388,67500.0,106500.0,1
Salem,OC,1,1227000.0,0,1,62.59,102.9,Tier-3 (Self-financing),88000.0,44.4,1,0.146,0.36,0.253,22300.0,65700.0,1
Villupuram,BC,0,737000.0,1,0,67.34,115.4,Tier-2 (Affiliated),108000.0,67.1,6,0.281,0.332,0.306,33100.0,74900.0,0
Dindigul,MBC,0,108000.0,0,0,80.71,128.0,Tier-3 (Self-financing),98000.0,85.0,1,0.278,0.508,0.393,38500.0,59500.0,0
Chennai,BC,1,228000.0,0,1,73.0,103.5,Tier-3 (Self-financing),79000.0,76.5,1,0.241,0.494,0.367,29000.0,50000.0,0
Dindigul,SC,1,143000.0,1,0,69.74,112.9,Tier-1 (Autonomous),177000.0,9.9,0,0.279,0.49,0.385,68100.0,108900.0,0
Dindigul,BC,1,981000.0,0,1,92.3,157.7,Tier-1 (Autonomous),170000.0,44.5,2,0.447,0.259,0.353,60000.0,110000.0,1
Kanyakumari,OC,1,793000.0,1,0,99.9,139.8,Tier-1 (Autonomous),183000.0,123.5,2,0.339,0.448,0.393,72000.0,111000.0,0
Karur,BC,1,505000.0,0,0,77.44,104.1,Tier-3 (Self-financing),74000.0,96.6,0,0.177,0.283,0.23,17000.0,57000.0,0
Tiruchirappalli,SC,0,221000.0,1,0,62.98,90.8,Tier-2 (Affiliated),110000.0,158.5,0,0.073,0.454,0.263,29000.0,81000.0,0
Tiruchirappalli,SC,1,305000.0,0,0,81.96,128.3,Tier-2 (Affiliated),101000.0,26.3,0,0.421,0.432,0.427,43100.0,57900.0,1
Theni,SC,1,170000.0,0,1,57.15,58.5,Tier-1 (Autonomous),172000.0,10.3,1,0.102,0.472,0.287,49400.0,122600.0,0
Chennai,MBC,0,345000.0,0,1,64.5,111.8,Tier-1 (Autonomous),174000.0,91.9,2,0.37,0.599,0.485,84300.0,89700.0,1
Erode,SC,1,284000.0,1,0,82.14,128.7,Tier-2 (Affiliated),116000.0,129.5,1,0.336,0.47,0.403,46700.0,69300.0,1
Madurai,MBC,1,217000.0,0,1,64.16,67.4,Tier-3 (Self-financing),84000.0,74.4,1,0.13,0.593,0.361,30400.0,53600.0,0
Chennai,BC,0,410000.0,0,1,75.04,103.4,Tier-2 (Affiliated),109000.0,79.5,1,0.237,0.48,0.359,39100.0,69900.0,0
Villupuram,MBC,1,332000.0,0,1,63.16,96.5,Tier-2 (Affiliated),114000.0,155.3,0,0.205,0.521,0.363,41400.0,72600.0,0
Coimbatore,SC,1,357000.0,0,0,78.56,99.1,Tier-3 (Self-financing),80000.0,65.8,1,0.262,0.456,0.359,28800.0,51200.0,1
Chennai,BC,0,279000.0,1,0,89.23,157.3,Tier-3 (Self-financing),69000.0,30.9,1,0.425,0.553,0.489,33700.0,35300.0,1
Villupuram,MBC,0,425000.0,1,0,71.87,117.8,Tier-2 (Affiliated),101000.0,157.5,1,0.386,0.417,0.402,40600.0,60400.0,0
Tiruchirappalli,MBC,1,474000.0,1,0,77.81,134.7,Tier-3 (Self-financing),83000.0,77.9,1,0.48,0.422,0.451,37400.0,45600.0,1
Virudhunagar,MBC,0,160000.0,0,1,69.84,96.3,Tier-3 (Self-financing),85000.0,11.0,1,0.338,0.477,0.407,34600.0,50400.0,1
Chennai,OC,0,466000.0,0,0,70.54,119.0,Tier-2 (Affiliated),114000.0,125.2,3,0.437,0.375,0.406,46300.0,67700.0,0
Tiruchirappalli,MBC,1,510000.0,0,0,69.69,101.6,Tier-1 (Autonomous),179000.0,63.9,3,0.161,0.448,0.305,54500.0,124500.0,0
Madurai,SC,1,417000.0,0,1,85.86,134.5,Tier-2 (Affiliated),118000.0,143.1,0,0.465,0.538,0.501,59200.0,58800.0,1
Karur,BC,1,854000.0,1,0,63.86,107.5,Tier-1 (Autonomous),183000.0,108.4,0,0.28,0.356,0.318,58200.0,124800.0,1
Theni,BC,1,344000.0,0,1,74.68,118.4,Tier-1 (Autonomous),169000.0,77.5,2,0.32,0.419,0.369,62400.0,106600.0,0
Dindigul,OC,1,910000.0,1,0,82.1,143.5,Tier-3 (Self-financing),65000.0,14.7,1,0.343,0.528,0.435,28300.0,36700.0,1
Salem,OC,1,244000.0,0,0,87.1,141.4,Tier-3 (Self-financing),77000.0,63.0,0,0.363,0.471,0.417,32100.0,44900.0,1
Coimbatore,ST,0,158000.0,1,0,82.41,124.9,Tier-2 (Affiliated),111000.0,11.0,1,0.158,0.578,0.368,40900.0,70100.0,0
Tiruppur,MBC,1,361000.0,1,0,77.27,136.3,Tier-3 (Self-financing),88000.0,86.9,2,0.42,0.48,0.45,39600.0,48400.0,1
Salem,BC,0,663000.0,1,0,72.31,131.5,Tier-3 (Self-financing),84000.0,20.1,4,0.342,0.506,0.424,35600.0,48400.0,0
Tiruppur,BC,1,443000.0,1,0,87.25,140.9,Tier-3 (Self-financing),86000.0,34.4,2,0.35,0.459,0.405,34800.0,51200.0,1
Cuddalore,ST,1,381000.0,0,0,69.33,131.0,Tier-3 (Self-financing),96000.0,11.2,4,0.463,0.471,0.467,44900.0,51100.0,1
Virudhunagar,BC,0,113000.0,1,0,69.48,107.6,Tier-3 (Self-financing),85000.0,14.0,2,0.275,0.523,0.399,33900.0,51100.0,1
Dindigul,SC,1,260000.0,0,1,91.52,144.5,Tier-2 (Affiliated),113000.0,128.1,1,0.33,0.479,0.404,45700.0,67300.0,0
Chennai,BC,1,303000.0,0,1,81.6,130.6,Tier-3 (Self-financing),98000.0,48.7,2,0.354,0.496,0.425,41600.0,56400.0,0
Tirunelveli,OC,1,2458000.0,0,1,81.96,129.2,Tier-3 (Self-financing),71000.0,3.7,1,0.487,0.007,0.247,17500.0,53500.0,1
Kanyakumari,MBC,0,180000.0,0,0,83.99,129.7,Tier-2 (Affiliated),124000.0,53.9,3,0.341,0.554,0.448,55500.0,68500.0,1
Namakkal,OC,1,656000.0,1,0,77.05,112.6,Tier-2 (Affiliated),90000.0,10.8,2,0.356,0.639,0.497,44800.0,45200.0,1
Theni,MBC,0,279000.0,0,0,63.62,86.9,Tier-2 (Affiliated),103000.0,32.5,0,0.143,0.421,0.282,29000.0,74000.0,0
Dindigul,BC,1,202000.0,0,1,80.51,130.5,Tier-2 (Affiliated),106000.0,16.0,0,0.394,0.536,0.465,49300.0,56700.0,0
Tiruchirappalli,SC,1,236000.0,0,1,77.82,142.5,Tier-2 (Affiliated),97000.0,122.3,0,0.414,0.505,0.459,44600.0,52400.0,0
Kanyakumari,SC,0,244000.0,1,0,69.41,123.3,Tier-1 (Autonomous),179000.0,40.5,0,0.329,0.412,0.371,66300.0,112700.0,0
Nagapattinam,SC,0,204000.0,1,0,67.11,113.2,Tier-2 (Affiliated),110000.0,109.8,1,0.255,0.573,0.414,45500.0,64500.0,1
Thoothukudi,OC,1,178000.0,1,0,77.53,142.8,Tier-2 (Affiliated),116000.0,57.3,2,0.375,0.48,0.428,49600.0,66400.0,0
Kanyakumari,SC,1,231000.0,1,0,64.42,103.4,Tier-1 (Autonomous),186000.0,31.8,2,0.108,0.45,0.279,51900.0,134100.0,0
Tirunelveli,ST,0,296000.0,0,1,76.57,107.7,Tier-3 (Self-financing),86000.0,15.7,0,0.145,0.601,0.373,32100.0,53900.0,1
Tirunelveli,BC,1,667000.0,0,0,75.36,115.3,Tier-3 (Self-financing),94000.0,156.7,3,0.176,0.392,0.284,26700.0,67300.0,0
Salem,BC,1,944000.0,0,1,76.81,122.0,Tier-1 (Autonomous),185000.0,77.8,2,0.203,0.458,0.331,61200.0,123800.0,1
Villupuram,SC,0,113000.0,1,0,82.03,123.6,Tier-2 (Affiliated),107000.0,11.6,2,0.308,0.571,0.439,47000.0,60000.0,0
Tiruppur,BC,1,977000.0,1,0,84.22,143.9,Tier-1 (Autonomous),181000.0,65.2,1,0.362,0.366,0.364,65900.0,115100.0,1
Dindigul,MBC,0,254000.0,0,1,70.89,127.5,Tier-2 (Affiliated),105000.0,29.0,0,0.26,0.551,0.405,42600.0,62400.0,0
Thoothukudi,SC,0,468000.0,0,1,86.7,112.7,Tier-2 (Affiliated),100000.0,78.5,0,0.388,0.521,0.454,45400.0,54600.0,1
Theni,OC,1,631000.0,1,0,75.81,119.1,Tier-2 (Affiliated),113000.0,156.2,0,0.293,0.412,0.352,39800.0,73200.0,1
Villupuram,MBC,0,84000.0,1,0,95.53,109.3,Tier-2 (Affiliated),98000.0,8.0,1,0.351,0.504,0.427,41900.0,56100.0,0
Thoothukudi,MBC,1,670000.0,1,0,72.15,114.1,Tier-2 (Affiliated),109000.0,28.8,0,0.178,0.487,0.333,36300.0,72700.0,1
Coimbatore,BC,1,378000.0,0,1,61.89,97.5,Tier-3 (Self-financing),67000.0,9.5,2,0.271,0.698,0.485,32500.0,34500.0,1
Vellore,SC,1,256000.0,0,1,86.34,164.8,Tier-1 (Autonomous),181000.0,60.1,1,0.554,0.37,0.462,83700.0,97300.0,0
Karur,BC,0,134000.0,0,1,82.26,153.8,Tier-3 (Self-financing),79000.0,38.3,1,0.468,0.435,0.451,35700.0,43300.0,1
Virudhunagar,BC,0,730000.0,0,1,90.02,158.0,Tier-2 (Affiliated),115000.0,20.9,1,0.416,0.33,0.373,42900.0,72100.0,1
Madurai,SC,1,237000.0,1,0,81.1,115.4,Tier-1 (Autonomous),178000.0,60.5,1,0.278,0.478,0.378,67300.0,110700.0,0
Erode,BC,1,1149000.0,0,1,99.9,144.6,Tier-1 (Autonomous),179000.0,15.0,1,0.431,0.247,0.339,60700.0,118300.0,0
Namakkal,SC,1,248000.0,0,1,76.11,105.3,Tier-2 (Affiliated),110000.0,72.2,0,0.27,0.55,0.41,45100.0,64900.0,0
Nagapattinam,OC,0,234000.0,1,0,88.46,164.4,Tier-3 (Self-financing),80000.0,12.3,1,0.561,0.388,0.475,38000.0,42000.0,1
Madurai,MBC,0,537000.0,0,1,72.75,102.7,Tier-2 (Affiliated),105000.0,27.3,1,0.181,0.411,0.296,31100.0,73900.0,1
Theni,OC,0,375000.0,0,0,82.92,126.9,Tier-2 (Affiliated),105000.0,77.7,2,0.419,0.437,0.428,44900.0,60100.0,0
Tirunelveli,MBC,1,406000.0,1,0,84.78,122.2,Tier-3 (Self-financing),84000.0,123.2,3,0.349,0.55,0.449,37700.0,46300.0,1
Salem,SC,0,96000.0,0,1,86.33,119.3,Tier-2 (Affiliated),106000.0,115.0,0,0.331,0.527,0.429,45500.0,60500.0,0
Namakkal,SC,1,245000.0,1,0,85.76,142.2,Tier-3 (Self-financing),89000.0,45.9,1,0.381,0.395,0.388,34500.0,54500.0,0
Thanjavur,ST,1,346000.0,0,0,45.63,75.3,Tier-2 (Affiliated),96000.0,2.0,1,0.244,0.506,0.375,36000.0,60000.0,0
Theni,MBC,0,127000.0,1,0,77.31,90.3,Tier-3 (Self-financing),73000.0,94.7,2,0.142,0.451,0.296,21600.0,51400.0,1
Erode,SC,1,234000.0,0,0,72.25,96.1,Tier-3 (Self-financing),100000.0,75.0,0,0.141,0.409,0.275,27500.0,72500.0,1
Virudhunagar,MBC,1,333000.0,0,1,74.22,122.6,Tier-1 (Autonomous),177000.0,111.2,1,0.328,0.573,0.451,79800.0,97200.0,1
Coimbatore,ST,1,283000.0,1,0,75.17,119.2,Tier-1 (Autonomous),172000.0,71.2,1,0.259,0.46,0.36,61900.0,110100.0,0
Kanyakumari,MBC,0,587000.0,1,0,87.77,134.4,Tier-3 (Self-financing),85000.0,64.5,2,0.392,0.474,0.433,36800.0,48200.0,1
Chennai,SC,1,267000.0,0,1,80.03,137.1,Tier-3 (Self-financing),91000.0,28.5,0,0.529,0.46,0.495,45000.0,46000.0,1
Karur,BC,0,205000.0,0,1,72.92,95.0,Tier-2 (Affiliated),115000.0,59.5,2,0.235,0.53,0.382,44000.0,71000.0,1
Erode,MBC,1,1902000.0,0,1,63.32,92.4,Tier-2 (Affiliated),104000.0,75.7,0,0.236,0.289,0.263,27300.0,76700.0,1
Vellore,SC,1,248000.0,0,0,93.33,157.1,Tier-1 (Autonomous),176000.0,34.0,1,0.575,0.517,0.546,96000.0,80000.0,0
Chennai,BC,0,269000.0,0,1,71.53,104.7,Tier-3 (Self-financing),82000.0,127.1,1,0.294,0.468,0.381,31300.0,50700.0,0
Karur,BC,1,397000.0,0,0,76.69,127.4,Tier-1 (Autonomous),182000.0,18.0,2,0.428,0.367,0.397,72300.0,109700.0,0
Tiruchirappalli,ST,1,234000.0,1,0,99.39,141.8,Tier-2 (Affiliated),110000.0,39.0,0,0.372,0.575,0.474,52100.0,57900.0,1
Cuddalore,MBC,0,271000.0,1,0,71.8,102.5,Tier-2 (Affiliated),103000.0,164.7,3,0.251,0.535,0.393,40500.0,62500.0,0
Karur,BC,1,801000.0,1,0,75.24,93.7,Tier-2 (Affiliated),106000.0,5.5,2,0.171,0.419,0.295,31300.0,74700.0,0
Virudhunagar,BC,0,373000.0,0,0,80.32,97.7,Tier-3 (Self-financing),83000.0,26.6,1,0.275,0.471,0.373,30900.0,52100.0,1
Karur,BC,1,873000.0,0,1,61.94,92.0,Tier-2 (Affiliated),122000.0,79.5,4,0.257,0.469,0.363,44300.0,77700.0,1
Erode,MBC,1,746000.0,1,0,60.78,104.0,Tier-2 (Affiliated),109000.0,63.5,0,0.318,0.369,0.343,37400.0,71600.0,0
Karur,ST,1,306000.0,0,1,73.18,115.4,Tier-3 (Self-financing),111000.0,4.3,3,0.335,0.534,0.435,48200.0,62800.0,0
Virudhunagar,ST,1,336000.0,0,0,73.53,135.1,Tier-2 (Affiliated),108000.0,149.0,2,0.359,0.63,0.494,53400.0,54600.0,0
Erode,MBC,1,773000.0,1,0,79.34,121.1,Tier-3 (Self-financing),72000.0,28.3,2,0.365,0.405,0.385,27700.0,44300.0,1
Madurai,MBC,0,141000.0,1,0,68.22,77.3,Tier-3 (Self-financing),88000.0,134.9,1,0.284,0.495,0.39,34300.0,53700.0,1
Kanyakumari,BC,0,1181000.0,0,1,82.34,136.9,Tier-3 (Self-financing),93000.0,49.3,0,0.387,0.274,0.331,30800.0,62200.0,1
Madurai,SC,0,147000.0,0,1,56.43,74.1,Tier-1 (Autonomous),184000.0,37.0,4,0.049,0.476,0.262,48300.0,135700.0,0
Tiruppur,BC,1,398000.0,0,1,77.3,125.6,Tier-1 (Autonomous),182000.0,187.8,1,0.258,0.475,0.367,66700.0,115300.0,1
Salem,OC,1,323000.0,1,0,81.6,96.3,Tier-2 (Affiliated),107000.0,52.1,0,0.253,0.619,0.436,46700.0,60300.0,0
Madurai,ST,1,142000.0,0,1,81.28,125.9,Tier-1 (Autonomous),178000.0,23.2,1,0.269,0.557,0.413,73500.0,104500.0,1
Nagapattinam,SC,0,333000.0,1,0,76.37,132.7,Tier-2 (Affiliated),91000.0,102.9,0,0.322,0.501,0.412,37500.0,53500.0,0
Madurai,BC,0,1042000.0,0,1,71.4,122.9,Tier-2 (Affiliated),117000.0,151.3,0,0.285,0.358,0.321,37600.0,79400.0,1
Cuddalore,MBC,1,307000.0,0,1,76.08,118.0,Tier-1 (Autonomous),177000.0,14.7,1,0.342,0.366,0.354,62700.0,114300.0,0
Cuddalore,MBC,0,315000.0,1,0,90.34,143.8,Tier-2 (Affiliated),119000.0,9.7,2,0.528,0.481,0.505,60000.0,59000.0,1
Coimbatore,BC,1,545000.0,1,0,72.01,107.8,Tier-2 (Affiliated),106000.0,25.7,1,0.155,0.369,0.262,27800.0,78200.0,1
Tiruchirappalli,BC,0,518000.0,1,0,87.78,136.0,Tier-1 (Autonomous),180000.0,124.2,0,0.456,0.569,0.512,92200.0,87800.0,1
Nagapattinam,BC,0,1013000.0,0,1,89.37,152.4,Tier-3 (Self-financing),95000.0,8.6,3,0.51,0.282,0.396,37600.0,57400.0,1
Namakkal,MBC,1,970000.0,0,0,60.64,85.8,Tier-3 (Self-financing),96000.0,26.4,1,0.218,0.253,0.236,22600.0,73400.0,1
Madurai,MBC,1,368000.0,1,0,76.72,113.0,Tier-2 (Affiliated),117000.0,78.3,1,0.276,0.34,0.308,36100.0,80900.0,1
Thoothukudi,MBC,1,562000.0,1,0,68.22,85.5,Tier-3 (Self-financing),70000.0,22.6,2,0.257,0.378,0.317,22200.0,47800.0,1
Tirunelveli,BC,1,682000.0,1,0,62.98,110.5,Tier-1 (Autonomous),170000.0,2.0,1,0.289,0.184,0.236,40200.0,129800.0,1
Chennai,ST,0,167000.0,0,1,85.92,132.7,Tier-3 (Self-financing),91000.0,2.0,2,0.35,0.532,0.441,40100.0,50900.0,1
Villupuram,MBC,1,230000.0,1,0,82.73,113.4,Tier-2 (Affiliated),104000.0,84.9,0,0.15,0.524,0.337,35000.0,69000.0,0
Chennai,SC,1,203000.0,0,0,80.63,141.3,Tier-2 (Affiliated),111000.0,42.4,2,0.43,0.423,0.426,47300.0,63700.0,0
Tiruppur,OC,1,1185000.0,0,1,67.15,105.9,Tier-3 (Self-financing),87000.0,96.0,0,0.379,0.387,0.383,33300.0,53700.0,1
Thoothukudi,MBC,1,836000.0,0,1,80.1,116.2,Tier-3 (Self-financing),87000.0,4.2,0,0.193,0.373,0.283,24600.0,62400.0,1
Tiruppur,SC,0,174000.0,0,1,64.9,116.4,Tier-1 (Autonomous),172000.0,237.4,0,0.234,0.504,0.369,63400.0,108600.0,1
Tiruppur,BC,0,345000.0,0,1,78.77,120.1,Tier-2 (Affiliated),118000.0,289.2,1,0.28,0.552,0.416,49100.0,68900.0,1
Vellore,BC,1,933000.0,0,0,71.38,89.8,Tier-3 (Self-financing),81000.0,28.9,2,0.189,0.458,0.323,26200.0,54800.0,0
Madurai,BC,1,189000.0,1,0,88.51,155.2,Tier-2 (Affiliated),115000.0,16.7,1,0.384,0.432,0.408,46900.0,68100.0,1
Tiruppur,BC,0,234000.0,1,0,74.37,105.6,Tier-2 (Affiliated),108000.0,26.7,1,0.368,0.389,0.379,40900.0,67100.0,0
Kanyakumari,MBC,0,789000.0,0,0,80.31,173.0,Tier-1 (Autonomous),195000.0,31.9,2,0.664,0.365,0.515,100400.0,94600.0,1
Coimbatore,BC,1,569000.0,1,0,80.33,121.0,Tier-1 (Autonomous),192000.0,192.9,0,0.339,0.563,0.451,86500.0,105500.0,1
Kanyakumari,BC,1,260000.0,0,1,77.24,92.5,Tier-2 (Affiliated),127000.0,27.3,1,0.167,0.437,0.302,38400.0,88600.0,1
Thanjavur,MBC,1,448000.0,0,0,79.05,152.0,Tier-2 (Affiliated),123000.0,8.2,0,0.443,0.54,0.491,60500.0,62500.0,1
Namakkal,OC,0,684000.0,1,0,81.04,128.0,Tier-2 (Affiliated),109000.0,43.1,3,0.256,0.338,0.297,32400.0,76600.0,1
Tiruchirappalli,BC,1,119000.0,0,1,69.04,113.5,Tier-3 (Self-financing),81000.0,80.8,2,0.278,0.514,0.396,32100.0,48900.0,1
Theni,MBC,1,463000.0,0,0,82.03,136.2,Tier-3 (Self-financing),76000.0,90.2,1,0.418,0.413,0.416,31600.0,44400.0,1
Tiruchirappalli,BC,1,394000.0,1,0,86.64,117.4,Tier-1 (Autonomous),182000.0,135.5,2,0.361,0.506,0.433,78800.0,103200.0,0
Tirunelveli,BC,0,121000.0,0,0,81.97,97.8,Tier-1 (Autonomous),180000.0,73.5,2,0.284,0.538,0.411,74000.0,106000.0,0
Karur,BC,1,505000.0,0,1,74.46,147.6,Tier-3 (Self-financing),85000.0,31.9,2,0.377,0.38,0.378,32200.0,52800.0,1
Coimbatore,OC,1,584000.0,1,0,79.74,103.3,Tier-3 (Self-financing),78000.0,147.7,2,0.269,0.397,0.333,26000.0,52000.0,1
Thanjavur,MBC,1,414000.0,1,0,74.36,142.7,Tier-3 (Self-financing),88000.0,90.6,1,0.369,0.384,0.376,33100.0,54900.0,1
Tiruppur,OC,1,520000.0,0,1,76.81,130.0,Tier-3 (Self-financing),82000.0,25.4,0,0.423,0.467,0.445,36500.0,45500.0,1
Madurai,BC,1,275000.0,1,0,66.12,107.6,Tier-3 (Self-financing),81000.0,74.1,1,0.307,0.415,0.361,29200.0,51800.0,0
Tirunelveli,ST,0,76000.0,0,1,91.8,139.0,Tier-1 (Autonomous),181000.0,35.6,0,0.517,0.543,0.53,95900.0,85100.0,0
Erode,ST,1,187000.0,0,1,97.35,189.6,Tier-1 (Autonomous),179000.0,42.8,3,0.589,0.545,0.567,101500.0,77500.0,0
Cuddalore,BC,1,775000.0,0,1,70.96,102.3,Tier-1 (Autonomous),169000.0,3.8,0,0.187,0.451,0.319,53900.0,115100.0,0
Thoothukudi,BC,0,340000.0,0,0,85.86,126.6,Tier-2 (Affiliated),104000.0,2.0,1,0.244,0.537,0.391,40600.0,63400.0,1
Virudhunagar,MBC,0,250000.0,1,0,92.58,157.4,Tier-2 (Affiliated),114000.0,26.2,0,0.462,0.528,0.495,56400.0,57600.0,0
Tiruchirappalli,SC,1,178000.0,1,0,68.42,98.6,Tier-2 (Affiliated),110000.0,59.3,0,0.055,0.429,0.242,26600.0,83400.0,0
Chennai,SC,0,159000.0,0,1,56.42,74.3,Tier-1 (Autonomous),164000.0,142.6,2,0.124,0.449,0.287,47000.0,117000.0,1
Coimbatore,BC,1,724000.0,0,1,93.17,147.4,Tier-2 (Affiliated),116000.0,7.7,4,0.367,0.338,0.353,40900.0,75100.0,1
Tiruppur,BC,0,395000.0,0,1,77.9,134.2,Tier-3 (Self-financing),85000.0,37.8,2,0.303,0.467,0.385,32800.0,52200.0,1
Tiruchirappalli,BC,0,230000.0,1,0,72.81,143.9,Tier-3 (Self-financing),77000.0,2.0,1,0.413,0.592,0.503,38700.0,38300.0,1
Salem,SC,0,60000.0,0,0,78.47,156.0,Tier-2 (Affiliated),105000.0,19.0,1,0.361,0.482,0.422,44300.0,60700.0,1
Virudhunagar,SC,1,217000.0,1,0,74.31,91.2,Tier-1 (Autonomous),181000.0,35.4,0,0.089,0.483,0.286,51800.0,129200.0,0
Kanyakumari,OC,1,483000.0,0,0,99.9,174.7,Tier-2 (Affiliated),92000.0,199.7,0,0.549,0.551,0.55,50600.0,41400.0,1
Virudhunagar,MBC,1,255000.0,0,1,72.69,100.8,Tier-2 (Affiliated),113000.0,2.7,2,0.22,0.39,0.305,34500.0,78500.0,0
Tirunelveli,BC,1,385000.0,1,0,81.27,115.2,Tier-2 (Affiliated),118000.0,15.1,4,0.327,0.596,0.462,54500.0,63500.0,1
Theni,MBC,0,407000.0,1,0,90.92,136.6,Tier-3 (Self-financing),92000.0,33.3,1,0.39,0.52,0.455,41800.0,50200.0,1
Theni,ST,1,267000.0,0,0,90.87,135.6,Tier-3 (Self-financing),94000.0,124.5,1,0.415,0.442,0.428,40200.0,53800.0,1
Tiruchirappalli,MBC,1,724000.0,0,0,88.96,125.5,Tier-1 (Autonomous),174000.0,6.2,1,0.354,0.381,0.367,63900.0,110100.0,0
Tiruppur,OC,1,275000.0,1,0,73.74,82.3,Tier-1 (Autonomous),188000.0,5.6,1,0.231,0.632,0.431,81100.0,106900.0,0
Namakkal,MBC,0,220000.0,1,0,76.48,143.3,Tier-1 (Autonomous),182000.0,20.8,3,0.535,0.467,0.501,91200.0,90800.0,0
Vellore,BC,1,166000.0,1,0,56.26,102.7,Tier-3 (Self-financing),78000.0,28.0,3,0.283,0.575,0.429,33400.0,44600.0,1
Nagapattinam,SC,0,154000.0,1,0,77.26,122.6,Tier-1 (Autonomous),184000.0,91.0,2,0.371,0.683,0.527,97000.0,87000.0,0
Cuddalore,BC,0,168000.0,1,0,78.33,110.0,Tier-3 (Self-financing),88000.0,43.0,1,0.291,0.514,0.402,35400.0,52600.0,1
Namakkal,SC,0,395000.0,0,1,85.42,154.4,Tier-2 (Affiliated),122000.0,17.6,3,0.287,0.472,0.38,46300.0,75700.0,1
Karur,BC,0,375000.0,0,0,95.95,151.8,Tier-2 (Affiliated),120000.0,20.2,0,0.419,0.653,0.536,64300.0,55700.0,0
Nagapattinam,BC,0,522000.0,0,1,85.11,126.8,Tier-3 (Self-financing),79000.0,45.2,1,0.449,0.361,0.405,32000.0,47000.0,1
Tiruppur,BC,1,381000.0,1,0,88.71,116.5,Tier-2 (Affiliated),113000.0,53.0,0,0.344,0.474,0.409,46200.0,66800.0,1
Tirunelveli,OC,0,223000.0,0,1,77.83,131.8,Tier-3 (Self-financing),88000.0,113.2,0,0.32,0.54,0.43,37900.0,50100.0,1
Nagapattinam,BC,1,271000.0,0,1,90.84,139.6,Tier-1 (Autonomous),182000.0,28.1,0,0.416,0.373,0.395,71900.0,110100.0,0
Karur,MBC,1,486000.0,1,0,78.11,128.1,Tier-3 (Self-financing),83000.0,33.3,0,0.257,0.362,0.309,25700.0,57300.0,1
Thoothukudi,BC,1,1307000.0,0,1,89.41,144.8,Tier-3 (Self-financing),99000.0,46.1,1,0.46,0.248,0.354,35100.0,63900.0,0
Madurai,OC,1,790000.0,1,0,86.04,146.4,Tier-1 (Autonomous),175000.0,53.1,0,0.372,0.428,0.4,70000.0,105000.0,1
Thanjavur,BC,1,393000.0,0,1,81.93,133.6,Tier-2 (Affiliated),123000.0,77.1,2,0.379,0.434,0.407,50000.0,73000.0,0
Villupuram,OC,0,352000.0,1,0,62.59,94.8,Tier-2 (Affiliated),99000.0,23.3,2,0.147,0.474,0.311,30700.0,68300.0,0
Namakkal,SC,0,192000.0,1,0,88.93,149.8,Tier-1 (Autonomous),177000.0,58.1,1,0.44,0.575,0.507,89800.0,87200.0,0
Villupuram,ST,1,832000.0,0,1,81.78,144.4,Tier-2 (Affiliated),116000.0,48.7,0,0.211,0.435,0.323,37500.0,78500.0,1
Chennai,OC,1,1242000.0,0,1,85.03,158.5,Tier-2 (Affiliated),102000.0,20.8,3,0.419,0.143,0.281,28600.0,73400.0,1
Chennai,SC,1,363000.0,0,0,81.14,112.3,Tier-3 (Self-financing),79000.0,256.0,1,0.229,0.493,0.361,28500.0,50500.0,1
Nagapattinam,SC,1,335000.0,1,0,82.86,148.5,Tier-2 (Affiliated),114000.0,45.7,0,0.36,0.528,0.444,50600.0,63400.0,0
Vellore,ST,1,322000.0,1,0,91.01,121.0,Tier-2 (Affiliated),96000.0,2.0,0,0.046,0.48,0.263,25300.0,70700.0,0
Namakkal,BC,1,634000.0,0,0,73.26,131.7,Tier-3 (Self-financing),94000.0,10.3,1,0.304,0.468,0.386,36300.0,57700.0,1
Thanjavur,BC,1,385000.0,0,0,82.68,122.7,Tier-3 (Self-financing),97000.0,167.4,1,0.348,0.536,0.442,42900.0,54100.0,1
Thanjavur,MBC,1,264000.0,1,0,70.23,124.2,Tier-2 (Affiliated),122000.0,72.6,0,0.261,0.524,0.392,47900.0,74100.0,1
Villupuram,SC,1,556000.0,0,0,83.77,155.7,Tier-1 (Autonomous),183000.0,7.6,0,0.48,0.433,0.457,83600.0,99400.0,0
Coimbatore,SC,1,319000.0,1,0,80.51,131.5,Tier-2 (Affiliated),107000.0,112.6,2,0.43,0.508,0.469,50200.0,56800.0,0
Nagapattinam,MBC,1,708000.0,0,0,71.69,114.0,Tier-3 (Self-financing),82000.0,77.8,3,0.32,0.225,0.272,22300.0,59700.0,1
Kanyakumari,BC,1,1194000.0,0,0,78.94,124.8,Tier-2 (Affiliated),112000.0,48.5,0,0.365,0.429,0.397,44500.0,67500.0,0
Cuddalore,SC,0,260000.0,0,1,72.31,108.6,Tier-2 (Affiliated),111000.0,11.3,0,0.298,0.605,0.452,50100.0,60900.0,0
Vellore,SC,0,238000.0,0,1,74.22,135.6,Tier-2 (Affiliated),107000.0,275.7,2,0.416,0.604,0.51,54500.0,52500.0,1
Tiruchirappalli,BC,1,2808000.0,1,0,81.55,128.9,Tier-2 (Affiliated),123000.0,79.1,2,0.295,0.021,0.158,19400.0,103600.0,1
Cuddalore,MBC,0,291000.0,1,0,80.68,96.5,Tier-2 (Affiliated),108000.0,68.0,0,0.165,0.539,0.352,38000.0,70000.0,0
Dindigul,BC,1,265000.0,1,0,58.8,107.3,Tier-2 (Affiliated),121000.0,2.8,0,0.206,0.509,0.357,43300.0,77700.0,0
Madurai,MBC,1,360000.0,1,0,81.7,143.2,Tier-2 (Affiliated),111000.0,27.1,2,0.453,0.505,0.479,53200.0,57800.0,0
Vellore,MBC,1,986000.0,1,0,74.97,120.6,Tier-2 (Affiliated),110000.0,16.8,0,0.251,0.466,0.359,39500.0,70500.0,1
Thoothukudi,SC,1,155000.0,1,0,73.86,106.4,Tier-3 (Self-financing),89000.0,40.7,1,0.245,0.378,0.312,27700.0,61300.0,1
Tirunelveli,ST,1,180000.0,1,0,66.73,89.4,Tier-3 (Self-financing),89000.0,10.4,0,0.174,0.55,0.362,32200.0,56800.0,1
Tiruchirappalli,MBC,0,478000.0,1,0,77.55,112.3,Tier-3 (Self-financing),84000.0,61.2,0,0.304,0.39,0.347,29100.0,54900.0,1
Cuddalore,BC,0,258000.0,1,0,72.77,119.4,Tier-1 (Autonomous),185000.0,86.1,0,0.364,0.407,0.386,71400.0,113600.0,1
Tiruchirappalli,BC,1,455000.0,0,0,90.74,117.5,Tier-3 (Self-financing),91000.0,38.6,1,0.358,0.451,0.404,36800.0,54200.0,1
Villupuram,BC,0,540000.0,0,1,60.51,103.2,Tier-1 (Autonomous),193000.0,139.5,3,0.114,0.344,0.229,44200.0,148800.0,1
Kanyakumari,BC,1,326000.0,0,0,68.36,110.5,Tier-3 (Self-financing),86000.0,145.8,1,0.311,0.386,0.348,30000.0,56000.0,1
Thoothukudi,OC,1,281000.0,0,1,67.68,127.6,Tier-3 (Self-financing),79000.0,30.8,3,0.34,0.362,0.351,27700.0,51300.0,0
Villupuram,MBC,1,196000.0,0,1,80.59,139.5,Tier-2 (Affiliated),105000.0,25.5,1,0.399,0.473,0.436,45800.0,59200.0,0
Salem,BC,1,665000.0,0,0,89.73,132.7,Tier-1 (Autonomous),199000.0,17.1,1,0.334,0.462,0.398,79300.0,119700.0,0
Salem,BC,1,557000.0,0,1,83.03,107.5,Tier-3 (Self-financing),70000.0,8.0,0,0.208,0.507,0.358,25000.0,45000.0,1
Erode,SC,1,215000.0,1,0,67.05,95.0,Tier-2 (Affiliated),100000.0,102.7,4,0.306,0.666,0.486,48600.0,51400.0,0
Dindigul,BC,0,158000.0,1,0,73.71,138.7,Tier-3 (Self-financing),85000.0,37.9,0,0.366,0.487,0.426,36200.0,48800.0,0
Kanyakumari,MBC,1,362000.0,0,1,69.91,116.3,Tier-3 (Self-financing),80000.0,53.2,0,0.401,0.543,0.472,37800.0,42200.0,0
Karur,ST,0,312000.0,1,0,83.08,141.9,Tier-3 (Self-financing),92000.0,78.1,1,0.391,0.503,0.447,41200.0,50800.0,1
Theni,MBC,1,265000.0,1,0,73.5,108.2,Tier-2 (Affiliated),116000.0,7.2,3,0.274,0.51,0.392,45500.0,70500.0,0
Kanyakumari,BC,0,208000.0,1,0,63.87,109.5,Tier-2 (Affiliated),106000.0,2.0,4,0.224,0.539,0.382,40500.0,65500.0,1
Theni,BC,1,251000.0,0,1,83.85,111.4,Tier-3 (Self-financing),97000.0,2.0,2,0.285,0.565,0.425,41200.0,55800.0,1
Vellore,MBC,1,343000.0,0,1,90.63,159.0,Tier-3 (Self-financing),76000.0,20.4,1,0.528,0.521,0.525,39900.0,36100.0,1
Thanjavur,MBC,0,313000.0,0,1,76.21,104.6,Tier-1 (Autonomous),174000.0,31.6,1,0.252,0.457,0.355,61700.0,112300.0,1
Namakkal,BC,1,1546000.0,1,0,79.2,97.1,Tier-2 (Affiliated),123000.0,2.0,0,0.253,0.294,0.273,33600.0,89400.0,1
Coimbatore,MBC,0,293000.0,1,0,62.94,134.6,Tier-1 (Autonomous),170000.0,7.0,0,0.499,0.442,0.47,80000.0,90000.0,1
Karur,MBC,0,252000.0,1,0,57.41,93.9,Tier-3 (Self-financing),88000.0,22.3,0,0.129,0.548,0.338,29800.0,58200.0,1
Cuddalore,BC,0,481000.0,1,0,59.51,96.8,Tier-3 (Self-financing),98000.0,62.3,0,0.161,0.465,0.313,30700.0,67300.0,1
Karur,MBC,0,381000.0,1,0,77.55,96.0,Tier-2 (Affiliated),89000.0,12.7,0,0.257,0.326,0.291,25900.0,63100.0,0
Namakkal,OC,1,459000.0,1,0,74.92,129.2,Tier-3 (Self-financing),82000.0,21.5,0,0.213,0.449,0.331,27100.0,54900.0,1
Nagapattinam,BC,1,1713000.0,1,0,83.46,146.8,Tier-2 (Affiliated),118000.0,20.7,1,0.453,0.289,0.371,43800.0,74200.0,0
Villupuram,SC,1,311000.0,1,0,76.02,118.6,Tier-2 (Affiliated),108000.0,55.6,0,0.249,0.479,0.364,39300.0,68700.0,1
Tiruppur,BC,1,550000.0,0,0,87.88,154.0,Tier-2 (Affiliated),110000.0,20.3,0,0.401,0.461,0.431,47400.0,62600.0,1
Thanjavur,MBC,1,569000.0,1,0,86.72,156.3,Tier-1 (Autonomous),182000.0,17.1,1,0.513,0.4,0.457,83100.0,98900.0,0
Madurai,BC,1,584000.0,0,1,74.78,127.5,Tier-1 (Autonomous),183000.0,8.1,0,0.243,0.414,0.329,60100.0,122900.0,1
Nagapattinam,BC,1,1118000.0,0,1,67.97,76.3,Tier-2 (Affiliated),104000.0,81.6,0,0.004,0.407,0.205,21400.0,82600.0,1
Villupuram,ST,0,122000.0,1,0,58.84,76.9,Tier-1 (Autonomous),186000.0,10.2,0,0.0,0.492,0.246,45700.0,140300.0,0
Cuddalore,BC,1,743000.0,0,1,92.34,173.0,Tier-3 (Self-financing),87000.0,46.8,1,0.527,0.312,0.42,36500.0,50500.0,1
Kanyakumari,BC,1,529000.0,0,1,68.57,110.9,Tier-2 (Affiliated),101000.0,189.0,2,0.353,0.272,0.312,31500.0,69500.0,1
Kanyakumari,ST,0,290000.0,1,0,63.04,102.2,Tier-2 (Affiliated),106000.0,97.1,1,0.169,0.432,0.301,31900.0,74100.0,1
Nagapattinam,SC,1,280000.0,0,0,79.3,114.4,Tier-1 (Autonomous),169000.0,42.0,0,0.383,0.407,0.395,66800.0,102200.0,0
Namakkal,MBC,0,214000.0,0,1,63.12,91.4,Tier-2 (Affiliated),112000.0,171.1,4,0.211,0.389,0.3,33600.0,78400.0,1
Coimbatore,OC,0,583000.0,0,0,79.29,144.8,Tier-3 (Self-financing),89000.0,37.1,1,0.408,0.35,0.379,33700.0,55300.0,1
Chennai,BC,1,588000.0,0,1,74.64,141.9,Tier-3 (Self-financing),87000.0,51.8,1,0.468,0.356,0.412,35800.0,51200.0,0
Salem,MBC,0,166000.0,0,1,87.24,151.5,Tier-1 (Autonomous),184000.0,22.7,0,0.286,0.433,0.359,66100.0,117900.0,0
Thanjavur,BC,1,1012000.0,0,0,86.37,146.5,Tier-1 (Autonomous),181000.0,16.6,1,0.462,0.462,0.462,83700.0,97300.0,1
Karur,BC,1,723000.0,1,0,89.03,151.8,Tier-1 (Autonomous),186000.0,212.5,0,0.281,0.276,0.279,51900.0,134100.0,1
Dindigul,SC,0,187000.0,0,1,80.06,127.0,Tier-2 (Affiliated),109000.0,196.5,2,0.211,0.56,0.385,42000.0,67000.0,0
Chennai,BC,1,373000.0,1,0,69.42,93.0,Tier-1 (Autonomous),186000.0,103.5,0,0.104,0.52,0.312,58000.0,128000.0,0
Salem,OC,1,770000.0,0,1,67.63,86.9,Tier-1 (Autonomous),170000.0,7.7,1,0.246,0.448,0.347,59000.0,111000.0,1
Thoothukudi,OC,1,906000.0,0,0,72.69,136.0,Tier-3 (Self-financing),74000.0,20.4,0,0.424,0.369,0.396,29300.0,44700.0,1
Thoothukudi,MBC,1,175000.0,1,0,97.94,156.2,Tier-3 (Self-financing),86000.0,32.2,2,0.512,0.617,0.564,48500.0,37500.0,0
Vellore,MBC,1,516000.0,0,1,75.51,128.0,Tier-2 (Affiliated),115000.0,2.0,0,0.338,0.449,0.394,45300.0,69700.0,1
Virudhunagar,SC,0,279000.0,0,1,79.61,130.5,Tier-2 (Affiliated),108000.0,96.0,3,0.32,0.478,0.399,43100.0,64900.0,1
Karur,OC,0,107000.0,0,1,93.19,153.0,Tier-3 (Self-financing),90000.0,86.8,2,0.469,0.622,0.546,49100.0,40900.0,0
Villupuram,BC,0,333000.0,0,0,80.55,134.1,Tier-1 (Autonomous),182000.0,11.2,0,0.351,0.471,0.411,74800.0,107200.0,0
Kanyakumari,MBC,0,381000.0,0,0,70.51,123.3,Tier-2 (Affiliated),94000.0,38.1,0,0.341,0.348,0.344,32400.0,61600.0,0
Theni,BC,1,665000.0,0,1,85.3,125.0,Tier-2 (Affiliated),129000.0,17.9,2,0.324,0.46,0.392,50600.0,78400.0,1
Vellore,MBC,0,404000.0,0,1,73.72,135.7,Tier-2 (Affiliated),100000.0,6.3,0,0.363,0.558,0.46,46000.0,54000.0,1
Theni,ST,1,228000.0,0,1,80.89,118.4,Tier-2 (Affiliated),102000.0,19.3,2,0.469,0.529,0.499,50900.0,51100.0,1
Erode,MBC,1,237000.0,0,1,83.12,136.6,Tier-3 (Self-financing),94000.0,19.7,1,0.443,0.475,0.459,43100.0,50900.0,1
Erode,BC,1,179000.0,1,0,73.06,99.2,Tier-2 (Affiliated),110000.0,30.9,2,0.277,0.536,0.406,44700.0,65300.0,0
Theni,ST,1,498000.0,0,1,79.86,125.3,Tier-3 (Self-financing),79000.0,79.8,1,0.3,0.507,0.404,31900.0,47100.0,1
Tiruppur,OC,1,927000.0,1,0,94.0,140.5,Tier-2 (Affiliated),106000.0,9.8,1,0.389,0.286,0.338,35800.0,70200.0,0
Tiruppur,ST,1,519000.0,1,0,71.73,115.1,Tier-2 (Affiliated),103000.0,49.7,0,0.373,0.285,0.329,33900.0,69100.0,1
Vellore,MBC,0,174000.0,0,1,91.17,156.9,Tier-3 (Self-financing),79000.0,4.8,1,0.457,0.505,0.481,38000.0,41000.0,1
Thanjavur,MBC,1,654000.0,0,0,72.1,116.5,Tier-2 (Affiliated),116000.0,7.1,0,0.268,0.505,0.386,44800.0,71200.0,1
Chennai,ST,0,74000.0,0,0,96.02,183.0,Tier-2 (Affiliated),106000.0,50.0,1,0.401,0.445,0.423,44800.0,61200.0,0
Theni,MBC,1,260000.0,0,0,69.45,123.1,Tier-3 (Self-financing),76000.0,31.3,4,0.294,0.397,0.345,26200.0,49800.0,0
Tiruppur,MBC,1,450000.0,0,0,74.06,115.1,Tier-3 (Self-financing),79000.0,67.1,0,0.35,0.478,0.414,32700.0,46300.0,0
Villupuram,BC,0,431000.0,0,0,93.08,147.6,Tier-2 (Affiliated),109000.0,199.7,1,0.309,0.447,0.378,41200.0,67800.0,1
Namakkal,MBC,0,655000.0,1,0,93.52,155.3,Tier-2 (Affiliated),104000.0,99.0,2,0.554,0.366,0.46,47900.0,56100.0,1
Dindigul,MBC,0,228000.0,1,0,86.18,148.5,Tier-3 (Self-financing),83000.0,42.3,2,0.433,0.598,0.515,42800.0,40200.0,1
Coimbatore,BC,1,300000.0,0,0,67.18,89.0,Tier-3 (Self-financing),88000.0,41.7,1,0.315,0.438,0.376,33100.0,54900.0,0
Tiruchirappalli,SC,1,190000.0,1,0,78.82,135.7,Tier-3 (Self-financing),81000.0,7.0,1,0.361,0.541,0.451,36600.0,44400.0,0
Erode,MBC,0,178000.0,0,0,78.01,106.7,Tier-1 (Autonomous),173000.0,20.1,0,0.089,0.582,0.336,58100.0,114900.0,0
Vellore,BC,0,1014000.0,0,1,69.44,119.2,Tier-3 (Self-financing),79000.0,6.9,2,0.277,0.335,0.306,24200.0,54800.0,1
Vellore,OC,0,591000.0,0,1,84.97,152.5,Tier-2 (Affiliated),121000.0,37.9,0,0.373,0.502,0.437,52900.0,68100.0,1
Vellore,MBC,1,774000.0,1,0,70.23,116.9,Tier-2 (Affiliated),127000.0,86.1,2,0.232,0.452,0.342,43400.0,83600.0,1
Nagapattinam,OC,0,342000.0,0,1,65.09,69.3,Tier-2 (Affiliated),110000.0,212.2,2,0.171,0.498,0.334,36800.0,73200.0,1
Madurai,OC,0,390000.0,1,0,61.79,72.1,Tier-1 (Autonomous),186000.0,4.0,1,0.069,0.444,0.257,47700.0,138300.0,1
Erode,MBC,1,617000.0,1,0,95.12,160.6,Tier-3 (Self-financing),77000.0,10.3,0,0.339,0.544,0.441,34000.0,43000.0,1
Tiruchirappalli,OC,1,477000.0,0,1,72.9,79.8,Tier-2 (Affiliated),105000.0,94.9,1,0.118,0.529,0.324,34000.0,71000.0,0
Erode,BC,1,411000.0,0,0,73.1,126.1,Tier-3 (Self-financing),89000.0,111.5,3,0.399,0.529,0.464,41300.0,47700.0,1
Cuddalore,MBC,1,290000.0,0,1,67.69,123.1,Tier-2 (Affiliated),91000.0,53.5,2,0.3,0.498,0.399,36300.0,54700.0,0
Chennai,BC,1,378000.0,1,0,91.68,163.7,Tier-1 (Autonomous),186000.0,41.3,0,0.392,0.433,0.412,76700.0,109300.0,1
Erode,ST,1,280000.0,0,1,64.2,99.1,Tier-2 (Affiliated),105000.0,9.1,1,0.204,0.34,0.272,28600.0,76400.0,0
Chennai,ST,0,108000.0,0,0,65.96,112.1,Tier-3 (Self-financing),76000.0,10.9,1,0.369,0.571,0.47,35700.0,40300.0,0
Thoothukudi,MBC,0,304000.0,0,0,74.78,122.8,Tier-2 (Affiliated),113000.0,12.5,0,0.358,0.464,0.411,46500.0,66500.0,1
Karur,ST,1,319000.0,1,0,77.78,102.4,Tier-3 (Self-financing),97000.0,100.0,2,0.29,0.505,0.398,38600.0,58400.0,1
Salem,SC,1,285000.0,1,0,84.59,146.5,Tier-3 (Self-financing),82000.0,26.0,0,0.441,0.692,0.566,46400.0,35600.0,1
Tiruchirappalli,BC,1,306000.0,0,1,71.24,134.8,Tier-1 (Autonomous),182000.0,11.7,0,0.23,0.59,0.41,74600.0,107400.0,0
Coimbatore,SC,0,207000.0,0,1,93.44,159.8,Tier-1 (Autonomous),184000.0,21.7,0,0.44,0.545,0.493,90600.0,93400.0,1
Dindigul,BC,0,227000.0,0,1,71.31,106.6,Tier-2 (Affiliated),112000.0,11.0,1,0.343,0.497,0.42,47000.0,65000.0,1
Nagapattinam,MBC,0,267000.0,0,0,67.91,119.8,Tier-2 (Affiliated),102000.0,57.0,2,0.133,0.56,0.347,35400.0,66600.0,0
Tiruppur,MBC,1,768000.0,0,1,66.96,126.6,Tier-2 (Affiliated),112000.0,31.1,3,0.177,0.472,0.324,36300.0,75700.0,0
Kanyakumari,OC,1,316000.0,1,0,70.26,129.9,Tier-2 (Affiliated),111000.0,120.3,2,0.258,0.457,0.357,39700.0,71300.0,1
Erode,BC,1,1596000.0,0,1,66.31,121.5,Tier-2 (Affiliated),88000.0,30.8,2,0.254,0.216,0.235,20700.0,67300.0,1
Tirunelveli,ST,1,262000.0,0,1,85.51,112.9,Tier-2 (Affiliated),117000.0,29.9,3,0.287,0.517,0.402,47100.0,69900.0,0
Dindigul,BC,0,375000.0,0,0,67.99,114.8,Tier-2 (Affiliated),98000.0,33.7,0,0.187,0.416,0.301,29500.0,68500.0,1
Salem,BC,1,319000.0,0,0,76.67,132.4,Tier-3 (Self-financing),86000.0,34.2,2,0.393,0.433,0.413,35500.0,50500.0,1
Thoothukudi,BC,0,560000.0,1,0,67.7,123.9,Tier-3 (Self-financing),97000.0,2.9,0,0.501,0.35,0.426,41300.0,55700.0,1
Tiruchirappalli,MBC,0,243000.0,1,0,66.26,113.8,Tier-2 (Affiliated),108000.0,191.7,0,0.241,0.642,0.442,47700.0,60300.0,0
Dindigul,SC,1,254000.0,0,0,89.07,165.8,Tier-2 (Affiliated),102000.0,104.2,1,0.358,0.392,0.375,38300.0,63700.0,0
Namakkal,SC,1,230000.0,0,0,94.03,123.0,Tier-1 (Autonomous),184000.0,21.6,0,0.285,0.4,0.343,63000.0,121000.0,0
Coimbatore,MBC,0,224000.0,1,0,90.69,153.5,Tier-2 (Affiliated),121000.0,3.1,4,0.47,0.324,0.397,48000.0,73000.0,1
Dindigul,BC,0,376000.0,1,0,63.29,108.4,Tier-2 (Affiliated),101000.0,213.8,3,0.28,0.526,0.403,40700.0,60300.0,1
Dindigul,OC,1,693000.0,1,0,64.67,117.0,Tier-3 (Self-financing),66000.0,64.2,1,0.357,0.338,0.348,23000.0,43000.0,1
Tirunelveli,MBC,0,254000.0,1,0,97.78,179.6,Tier-2 (Affiliated),119000.0,10.1,2,0.497,0.561,0.529,62900.0,56100.0,1
Madurai,SC,1,213000.0,1,0,75.46,107.4,Tier-2 (Affiliated),117000.0,35.1,4,0.291,0.504,0.397,46500.0,70500.0,0
Chennai,SC,1,206000.0,1,0,64.25,125.4,Tier-1 (Autonomous),183000.0,34.3,3,0.533,0.611,0.572,104700.0,78300.0,0
Chennai,BC,0,232000.0,1,0,88.82,154.3,Tier-2 (Affiliated),96000.0,23.9,2,0.398,0.437,0.417,40100.0,55900.0,0
Dindigul,MBC,0,335000.0,1,0,78.67,123.1,Tier-3 (Self-financing),90000.0,16.4,3,0.319,0.489,0.404,36400.0,53600.0,0
Coimbatore,MBC,0,374000.0,1,0,83.69,120.3,Tier-2 (Affiliated),118000.0,108.2,1,0.346,0.566,0.456,53800.0,64200.0,1
Thoothukudi,MBC,1,651000.0,1,0,55.62,91.9,Tier-2 (Affiliated),127000.0,125.4,3,0.41,0.52,0.465,59000.0,68000.0,1
Salem,MBC,0,260000.0,0,1,74.74,123.9,Tier-1 (Autonomous),178000.0,27.6,1,0.391,0.586,0.489,87000.0,91000.0,1
Cuddalore,MBC,1,519000.0,0,0,87.49,145.1,Tier-2 (Affiliated),111000.0,50.2,0,0.406,0.493,0.449,49900.0,61100.0,0
Cuddalore,MBC,0,237000.0,1,0,71.6,105.2,Tier-2 (Affiliated),93000.0,87.2,1,0.22,0.502,0.361,33500.0,59500.0,1
Dindigul,ST,1,105000.0,0,0,90.35,153.7,Tier-1 (Autonomous),188000.0,138.7,2,0.536,0.576,0.556,104500.0,83500.0,1
Kanyakumari,MBC,0,231000.0,0,1,64.83,97.6,Tier-3 (Self-financing),93000.0,58.0,6,0.223,0.4,0.312,29000.0,64000.0,1
Madurai,OC,0,317000.0,0,1,76.87,141.2,Tier-1 (Autonomous),183000.0,21.7,1,0.506,0.458,0.482,88200.0,94800.0,1
Salem,BC,1,273000.0,0,1,94.45,176.8,Tier-1 (Autonomous),190000.0,66.3,0,0.488,0.609,0.549,104300.0,85700.0,1
Tirunelveli,MBC,1,307000.0,0,1,66.49,94.2,Tier-2 (Affiliated),104000.0,76.7,0,0.17,0.564,0.367,38200.0,65800.0,1
Madurai,MBC,0,280000.0,0,1,80.71,130.0,Tier-1 (Autonomous),178000.0,56.5,2,0.228,0.398,0.313,55700.0,122300.0,0
Tirunelveli,MBC,0,139000.0,0,0,83.85,148.7,Tier-2 (Affiliated),109000.0,117.6,1,0.451,0.551,0.501,54600.0,54400.0,1
Erode,SC,1,213000.0,0,1,78.91,130.4,Tier-2 (Affiliated),119000.0,76.8,0,0.201,0.436,0.318,37900.0,81100.0,1
Nagapattinam,BC,0,700000.0,0,1,75.5,100.5,Tier-3 (Self-financing),94000.0,37.0,1,0.34,0.39,0.365,34300.0,59700.0,1
Erode,MBC,0,108000.0,0,0,69.24,123.8,Tier-2 (Affiliated),113000.0,7.1,1,0.207,0.647,0.427,48300.0,64700.0,1
Kanyakumari,SC,0,176000.0,0,1,79.97,118.9,Tier-2 (Affiliated),112000.0,60.5,0,0.159,0.37,0.265,29600.0,82400.0,0
Nagapattinam,BC,0,157000.0,0,1,76.97,126.2,Tier-1 (Autonomous),184000.0,51.5,2,0.327,0.417,0.372,68500.0,115500.0,0
Villupuram,BC,1,319000.0,1,0,63.64,86.9,Tier-3 (Self-financing),82000.0,87.0,1,0.269,0.5,0.384,31500.0,50500.0,0
Madurai,BC,1,433000.0,0,0,89.0,154.3,Tier-2 (Affiliated),121000.0,18.4,2,0.421,0.503,0.462,55900.0,65100.0,1
Thoothukudi,BC,1,281000.0,1,0,68.9,103.9,Tier-3 (Self-financing),81000.0,154.3,1,0.313,0.471,0.392,31800.0,49200.0,0
Theni,SC,1,432000.0,1,0,63.9,115.7,Tier-2 (Affiliated),113000.0,14.5,1,0.319,0.558,0.439,49600.0,63400.0,1
Thoothukudi,ST,0,355000.0,0,1,72.04,112.0,Tier-3 (Self-financing),80000.0,191.0,0,0.335,0.462,0.399,31900.0,48100.0,0
Vellore,MBC,1,667000.0,0,0,69.07,103.3,Tier-2 (Affiliated),118000.0,60.7,0,0.376,0.441,0.409,48200.0,69800.0,0
Thoothukudi,BC,0,525000.0,0,0,75.42,126.9,Tier-3 (Self-financing),84000.0,113.5,2,0.277,0.452,0.364,30600.0,53400.0,1
Tiruppur,MBC,0,122000.0,0,0,65.58,88.8,Tier-2 (Affiliated),127000.0,53.9,2,0.211,0.506,0.358,45500.0,81500.0,0
Coimbatore,SC,1,276000.0,1,0,82.48,158.9,Tier-3 (Self-financing),84000.0,15.5,3,0.29,0.556,0.423,35500.0,48500.0,0
Thanjavur,BC,0,387000.0,1,0,91.81,149.7,Tier-3 (Self-financing),92000.0,81.4,1,0.523,0.41,0.466,42900.0,49100.0,1
Madurai,SC,0,315000.0,1,0,79.06,118.0,Tier-2 (Affiliated),105000.0,5.8,1,0.275,0.592,0.433,45500.0,59500.0,1
Villupuram,OC,0,1023000.0,1,0,63.56,95.7,Tier-3 (Self-financing),83000.0,22.6,0,0.228,0.427,0.327,27200.0,55800.0,1
Erode,OC,1,1134000.0,1,0,68.87,110.5,Tier-1 (Autonomous),180000.0,132.3,1,0.25,0.406,0.328,59000.0,121000.0,1
Salem,BC,0,490000.0,1,0,80.21,143.3,Tier-3 (Self-financing),88000.0,51.1,3,0.337,0.637,0.487,42800.0,45200.0,1
Tiruppur,BC,1,2056000.0,0,1,58.33,79.9,Tier-2 (Affiliated),104000.0,23.7,3,0.228,0.181,0.204,21300.0,82700.0,0
Thanjavur,SC,1,332000.0,0,0,65.67,99.5,Tier-2 (Affiliated),105000.0,65.1,0,0.282,0.495,0.389,40800.0,64200.0,0
Coimbatore,MBC,1,358000.0,0,0,61.52,97.7,Tier-1 (Autonomous),181000.0,28.9,0,0.186,0.517,0.352,63700.0,117300.0,0
Virudhunagar,BC,0,330000.0,0,1,79.15,149.8,Tier-3 (Self-financing),88000.0,95.5,3,0.553,0.452,0.503,44200.0,43800.0,1
Virudhunagar,MBC,1,254000.0,0,1,99.62,174.4,Tier-3 (Self-financing),85000.0,43.1,1,0.569,0.493,0.531,45200.0,39800.0,1
Karur,BC,0,310000.0,0,0,65.39,128.5,Tier-2 (Affiliated),109000.0,6.8,1,0.468,0.423,0.445,48500.0,60500.0,1
Theni,BC,1,187000.0,1,0,86.16,138.3,Tier-1 (Autonomous),169000.0,31.4,3,0.224,0.622,0.423,71500.0,97500.0,0
Thanjavur,BC,1,361000.0,0,1,72.36,137.3,Tier-3 (Self-financing),89000.0,21.6,4,0.32,0.399,0.359,32000.0,57000.0,1
Namakkal,MBC,0,244000.0,1,0,64.8,122.7,Tier-2 (Affiliated),117000.0,44.8,1,0.396,0.437,0.417,48700.0,68300.0,1
Namakkal,BC,1,814000.0,0,1,93.64,160.3,Tier-3 (Self-financing),93000.0,36.9,1,0.354,0.374,0.364,33800.0,59200.0,1
Tiruchirappalli,SC,1,580000.0,0,0,99.6,171.0,Tier-2 (Affiliated),111000.0,53.2,0,0.456,0.348,0.402,44600.0,66400.0,1
Coimbatore,BC,1,284000.0,1,0,82.12,122.5,Tier-2 (Affiliated),105000.0,143.6,1,0.236,0.442,0.339,35600.0,69400.0,1
Tirunelveli,SC,0,611000.0,0,1,81.63,158.0,Tier-1 (Autonomous),177000.0,19.2,3,0.476,0.402,0.439,77700.0,99300.0,0
Dindigul,SC,1,342000.0,1,0,78.62,122.1,Tier-3 (Self-financing),86000.0,6.2,1,0.29,0.547,0.418,36000.0,50000.0,1
Tiruchirappalli,BC,1,551000.0,1,0,76.52,130.8,Tier-2 (Affiliated),110000.0,80.7,1,0.267,0.326,0.297,32600.0,77400.0,1
Madurai,OC,1,259000.0,0,1,81.4,140.4,Tier-3 (Self-financing),78000.0,25.6,2,0.521,0.458,0.489,38100.0,39900.0,1
Kanyakumari,ST,0,120000.0,0,0,84.76,115.0,Tier-2 (Affiliated),97000.0,61.1,1,0.344,0.551,0.447,43400.0,53600.0,0
Vellore,MBC,1,748000.0,0,0,94.63,150.6,Tier-2 (Affiliated),106000.0,52.6,1,0.468,0.444,0.456,48300.0,57700.0,1
Tiruppur,MBC,1,461000.0,0,1,72.77,119.5,Tier-1 (Autonomous),178000.0,5.2,3,0.324,0.667,0.496,88200.0,89800.0,0
Namakkal,OC,1,668000.0,1,0,79.27,125.1,Tier-3 (Self-financing),87000.0,57.2,0,0.397,0.536,0.466,40600.0,46400.0,1
Karur,BC,1,547000.0,1,0,77.12,122.8,Tier-1 (Autonomous),177000.0,166.4,0,0.364,0.575,0.47,83100.0,93900.0,1
Karur,MBC,0,118000.0,0,1,88.24,163.6,Tier-2 (Affiliated),108000.0,17.8,3,0.319,0.404,0.361,39000.0,69000.0,0
Tirunelveli,SC,1,299000.0,1,0,99.9,147.4,Tier-3 (Self-financing),86000.0,22.3,1,0.564,0.518,0.541,46500.0,39500.0,0
Virudhunagar,BC,0,649000.0,1,0,88.59,122.7,Tier-1 (Autonomous),193000.0,37.0,0,0.463,0.473,0.468,90400.0,102600.0,0
Vellore,SC,0,354000.0,0,1,85.98,128.8,Tier-3 (Self-financing),84000.0,31.4,1,0.308,0.383,0.346,29000.0,55000.0,1
Virudhunagar,MBC,1,392000.0,0,0,87.08,150.5,Tier-3 (Self-financing),73000.0,14.4,2,0.288,0.454,0.371,27100.0,45900.0,1
Thanjavur,OC,0,922000.0,1,0,90.67,157.7,Tier-2 (Affiliated),105000.0,16.4,3,0.36,0.434,0.397,41700.0,63300.0,1
Madurai,BC,0,150000.0,1,0,99.9,168.9,Tier-2 (Affiliated),124000.0,78.4,1,0.402,0.59,0.496,61500.0,62500.0,0
Nagapattinam,BC,0,175000.0,0,1,61.15,111.5,Tier-1 (Autonomous),191000.0,41.2,3,0.308,0.618,0.463,88400.0,102600.0,0
Chennai,MBC,1,1171000.0,0,1,84.0,138.2,Tier-2 (Affiliated),118000.0,15.3,0,0.346,0.331,0.339,39900.0,78100.0,1
Nagapattinam,MBC,1,577000.0,0,1,52.19,75.7,Tier-3 (Self-financing),91000.0,47.6,2,0.109,0.394,0.252,22900.0,68100.0,1
Chennai,MBC,1,358000.0,1,0,87.51,125.8,Tier-1 (Autonomous),186000.0,96.8,1,0.385,0.528,0.457,85000.0,101000.0,0
Salem,BC,0,290000.0,1,0,83.51,114.7,Tier-3 (Self-financing),83000.0,141.0,0,0.287,0.509,0.398,33100.0,49900.0,1
Theni,MBC,1,270000.0,0,0,72.53,112.6,Tier-2 (Affiliated),117000.0,4.5,0,0.365,0.535,0.45,52700.0,64300.0,0
Villupuram,MBC,0,303000.0,1,0,51.3,93.9,Tier-1 (Autonomous),187000.0,11.9,3,0.219,0.342,0.28,52400.0,134600.0,0
Thanjavur,MBC,1,468000.0,0,1,77.86,128.1,Tier-2 (Affiliated),117000.0,59.3,0,0.48,0.459,0.469,54900.0,62100.0,1
Madurai,MBC,1,425000.0,1,0,80.23,128.7,Tier-2 (Affiliated),105000.0,112.1,1,0.526,0.501,0.513,53900.0,51100.0,0
Salem,BC,0,158000.0,1,0,77.37,108.0,Tier-3 (Self-financing),82000.0,117.2,0,0.292,0.52,0.406,33300.0,48700.0,0
Kanyakumari,MBC,1,486000.0,0,0,71.79,153.6,Tier-3 (Self-financing),80000.0,45.7,0,0.409,0.444,0.427,34100.0,45900.0,1
Karur,BC,0,223000.0,0,1,69.03,98.1,Tier-2 (Affiliated),118000.0,19.7,2,0.233,0.496,0.365,43000.0,75000.0,0
Madurai,BC,1,281000.0,0,1,77.48,125.8,Tier-3 (Self-financing),87000.0,152.3,1,0.421,0.425,0.423,36800.0,50200.0,1
Vellore,BC,0,600000.0,1,0,69.98,127.0,Tier-2 (Affiliated),113000.0,213.0,0,0.41,0.502,0.456,51500.0,61500.0,1
Tirunelveli,MBC,1,1385000.0,1,0,86.09,138.4,Tier-2 (Affiliated),115000.0,104.3,2,0.228,0.255,0.242,27800.0,87200.0,1
Tiruchirappalli,MBC,1,1223000.0,0,1,77.21,111.4,Tier-3 (Self-financing),74000.0,13.1,1,0.33,0.11,0.22,16300.0,57700.0,1
Virudhunagar,BC,1,691000.0,1,0,60.75,109.3,Tier-2 (Affiliated),117000.0,44.9,3,0.247,0.366,0.306,35900.0,81100.0,1
Theni,SC,1,272000.0,1,0,79.77,107.5,Tier-2 (Affiliated),106000.0,95.2,0,0.294,0.436,0.365,38700.0,67300.0,0
Tiruchirappalli,SC,0,188000.0,0,1,82.14,157.6,Tier-3 (Self-financing),81000.0,25.7,2,0.448,0.487,0.468,37900.0,43100.0,1
Cuddalore,OC,1,787000.0,0,1,94.18,154.9,Tier-2 (Affiliated),103000.0,81.9,0,0.407,0.344,0.376,38700.0,64300.0,1
Thanjavur,MBC,1,333000.0,0,1,87.28,135.8,Tier-2 (Affiliated),111000.0,58.2,3,0.238,0.476,0.357,39600.0,71400.0,1
Coimbatore,BC,0,618000.0,0,1,69.01,89.2,Tier-3 (Self-financing),84000.0,56.2,0,0.08,0.445,0.262,22000.0,62000.0,1
Thanjavur,ST,0,60000.0,1,0,92.26,130.3,Tier-2 (Affiliated),99000.0,49.1,1,0.33,0.475,0.402,39800.0,59200.0,0
Tiruchirappalli,BC,0,254000.0,1,0,64.14,101.8,Tier-3 (Self-financing),71000.0,102.2,0,0.241,0.504,0.373,26500.0,44500.0,0
Salem,BC,0,465000.0,0,0,78.28,153.6,Tier-3 (Self-financing),83000.0,36.6,0,0.429,0.512,0.471,39100.0,43900.0,0
Kanyakumari,MBC,1,264000.0,0,1,85.54,140.4,Tier-2 (Affiliated),117000.0,33.7,3,0.409,0.47,0.439,51400.0,65600.0,1
Karur,BC,1,423000.0,0,1,92.59,153.3,Tier-1 (Autonomous),186000.0,58.8,2,0.368,0.52,0.444,82600.0,103400.0,1
Madurai,MBC,1,582000.0,0,1,96.89,160.8,Tier-3 (Self-financing),93000.0,309.5,1,0.348,0.542,0.445,41400.0,51600.0,0
Kanyakumari,MBC,1,968000.0,0,1,90.75,180.7,Tier-2 (Affiliated),108000.0,77.0,4,0.609,0.285,0.447,48300.0,59700.0,1
Tiruppur,BC,0,147000.0,1,0,76.63,116.0,Tier-2 (Affiliated),107000.0,6.4,0,0.347,0.545,0.446,47700.0,59300.0,0
Kanyakumari,MBC,1,198000.0,1,0,83.8,157.6,Tier-1 (Autonomous),179000.0,35.4,0,0.393,0.674,0.533,95500.0,83500.0,0
Karur,SC,0,116000.0,1,0,80.24,122.4,Tier-1 (Autonomous),186000.0,37.0,3,0.394,0.547,0.47,87500.0,98500.0,0
Erode,SC,0,84000.0,0,1,70.91,102.9,Tier-2 (Affiliated),123000.0,48.0,1,0.175,0.467,0.321,39500.0,83500.0,0
Namakkal,MBC,0,116000.0,0,1,76.84,121.7,Tier-3 (Self-financing),81000.0,108.4,2,0.34,0.566,0.453,36700.0,44300.0,0
Namakkal,BC,0,175000.0,1,0,95.98,152.3,Tier-2 (Affiliated),108000.0,47.3,4,0.449,0.502,0.476,51400.0,56600.0,0
Karur,BC,0,589000.0,0,1,84.46,143.6,Tier-2 (Affiliated),110000.0,196.9,1,0.349,0.333,0.341,37500.0,72500.0,1
Salem,SC,1,265000.0,0,0,98.59,122.9,Tier-3 (Self-financing),83000.0,6.2,3,0.366,0.485,0.425,35300.0,47700.0,1
Erode,SC,0,198000.0,1,0,67.18,109.7,Tier-2 (Affiliated),105000.0,4.0,2,0.176,0.42,0.298,31300.0,73700.0,1
Salem,MBC,0,154000.0,1,0,74.18,109.7,Tier-1 (Autonomous),179000.0,8.2,0,0.278,0.388,0.333,59600.0,119400.0,0
Tirunelveli,SC,1,446000.0,1,0,82.15,120.6,Tier-3 (Self-financing),79000.0,4.5,1,0.317,0.532,0.424,33500.0,45500.0,1
Tiruchirappalli,BC,0,839000.0,0,1,85.42,117.2,Tier-2 (Affiliated),116000.0,190.1,2,0.218,0.198,0.208,24200.0,91800.0,1
Chennai,MBC,1,258000.0,1,0,76.83,117.5,Tier-2 (Affiliated),122000.0,56.1,2,0.358,0.611,0.485,59200.0,62800.0,1
Villupuram,BC,1,1247000.0,0,1,86.01,129.9,Tier-3 (Self-financing),83000.0,64.1,1,0.441,0.351,0.396,32900.0,50100.0,1
Coimbatore,BC,1,590000.0,0,0,85.93,131.1,Tier-2 (Affiliated),123000.0,32.7,1,0.351,0.554,0.452,55700.0,67300.0,1
Kanyakumari,MBC,1,424000.0,0,0,64.12,78.0,Tier-2 (Affiliated),109000.0,76.4,0,0.175,0.6,0.388,42200.0,66800.0,1
Chennai,BC,1,602000.0,1,0,85.53,138.3,Tier-3 (Self-financing),79000.0,105.1,1,0.359,0.522,0.44,34800.0,44200.0,1
Nagapattinam,ST,1,338000.0,0,1,88.73,130.1,Tier-2 (Affiliated),115000.0,114.0,2,0.345,0.45,0.397,45700.0,69300.0,1
Erode,BC,1,1341000.0,1,0,80.96,105.0,Tier-3 (Self-financing),78000.0,31.1,1,0.223,0.238,0.23,18000.0,60000.0,1
Namakkal,SC,1,419000.0,1,0,59.6,87.1,Tier-1 (Autonomous),185000.0,114.1,0,0.201,0.477,0.339,62700.0,122300.0,1
Tirunelveli,SC,0,263000.0,1,0,75.23,108.8,Tier-3 (Self-financing),87000.0,25.7,2,0.256,0.578,0.417,36300.0,50700.0,1
Dindigul,MBC,1,333000.0,0,1,82.38,132.4,Tier-2 (Affiliated),107000.0,7.5,0,0.491,0.636,0.564,60300.0,46700.0,1
Dindigul,ST,1,433000.0,1,0,69.34,102.5,Tier-2 (Affiliated),106000.0,150.8,5,0.236,0.385,0.31,32900.0,73100.0,0
Namakkal,BC,0,177000.0,0,0,87.18,117.7,Tier-2 (Affiliated),103000.0,263.1,2,0.231,0.58,0.406,41800.0,61200.0,1
Vellore,BC,1,513000.0,0,1,85.3,123.2,Tier-2 (Affiliated),118000.0,5.4,1,0.188,0.453,0.321,37800.0,80200.0,1
Namakkal,BC,1,2359000.0,0,1,79.34,101.0,Tier-1 (Autonomous),178000.0,9.0,2,0.329,0.091,0.21,37400.0,140600.0,1
Virudhunagar,BC,1,122000.0,1,0,78.17,142.1,Tier-3 (Self-financing),87000.0,49.5,0,0.509,0.578,0.543,47300.0,39700.0,1
Thanjavur,SC,0,222000.0,1,0,79.93,147.4,Tier-3 (Self-financing),85000.0,175.9,3,0.318,0.301,0.309,26300.0,58700.0,1
Vellore,MBC,0,302000.0,1,0,77.96,146.0,Tier-1 (Autonomous),178000.0,69.0,3,0.456,0.493,0.474,84500.0,93500.0,1
Madurai,BC,0,264000.0,0,1,65.15,95.4,Tier-3 (Self-financing),88000.0,172.8,1,0.271,0.399,0.335,29500.0,58500.0,1
Vellore,BC,1,432000.0,0,0,73.7,137.4,Tier-2 (Affiliated),114000.0,20.4,1,0.378,0.524,0.451,51400.0,62600.0,1
Madurai,MBC,1,442000.0,0,1,78.72,132.1,Tier-2 (Affiliated),111000.0,12.3,0,0.268,0.488,0.378,42000.0,69000.0,1
Tiruchirappalli,SC,1,274000.0,1,0,92.19,135.2,Tier-2 (Affiliated),108000.0,2.0,2,0.409,0.632,0.521,56200.0,51800.0,0
Thoothukudi,BC,0,338000.0,1,0,84.92,126.4,Tier-3 (Self-financing),76000.0,118.1,2,0.443,0.603,0.523,39800.0,36200.0,1
Coimbatore,SC,0,149000.0,1,0,92.72,145.8,Tier-2 (Affiliated),105000.0,9.5,3,0.519,0.473,0.496,52000.0,53000.0,0
Dindigul,MBC,1,1277000.0,0,0,63.95,103.9,Tier-1 (Autonomous),178000.0,32.8,3,0.3,0.322,0.311,55300.0,122700.0,1
Virudhunagar,SC,1,274000.0,0,1,74.44,124.5,Tier-2 (Affiliated),110000.0,35.2,0,0.401,0.625,0.513,56400.0,53600.0,1
Thoothukudi,BC,1,661000.0,1,0,98.74,158.0,Tier-2 (Affiliated),96000.0,15.6,2,0.304,0.459,0.382,36600.0,59400.0,1
Madurai,MBC,0,180000.0,0,1,70.57,107.7,Tier-2 (Affiliated),115000.0,21.9,0,0.32,0.573,0.447,51400.0,63600.0,0
Tiruchirappalli,BC,0,500000.0,0,0,70.37,132.9,Tier-1 (Autonomous),183000.0,23.2,1,0.411,0.584,0.497,91000.0,92000.0,1
Vellore,BC,1,723000.0,0,1,75.28,118.7,Tier-2 (Affiliated),105000.0,32.7,0,0.285,0.528,0.406,42700.0,62300.0,1
Tiruppur,SC,1,397000.0,0,0,98.18,154.5,Tier-1 (Autonomous),173000.0,37.1,1,0.445,0.49,0.467,80800.0,92200.0,1
Thoothukudi,MBC,0,148000.0,0,1,71.28,110.8,Tier-2 (Affiliated),105000.0,44.0,1,0.241,0.609,0.425,44600.0,60400.0,0
Salem,BC,1,319000.0,1,0,83.57,132.0,Tier-2 (Affiliated),99000.0,28.1,1,0.234,0.563,0.398,39400.0,59600.0,1
Tiruchirappalli,SC,1,796000.0,1,0,81.92,110.6,Tier-3 (Self-financing),82000.0,29.2,4,0.332,0.533,0.432,35400.0,46600.0,1
Tirunelveli,OC,1,414000.0,1,0,58.72,78.9,Tier-1 (Autonomous),179000.0,271.6,1,0.322,0.481,0.401,71800.0,107200.0,0
Kanyakumari,MBC,1,597000.0,0,1,77.84,161.2,Tier-1 (Autonomous),187000.0,78.2,1,0.392,0.538,0.465,86900.0,100100.0,1
Chennai,ST,1,162000.0,1,0,72.47,91.2,Tier-2 (Affiliated),114000.0,14.1,1,0.221,0.49,0.355,40500.0,73500.0,0
Vellore,MBC,1,731000.0,0,0,84.78,139.7,Tier-2 (Affiliated),120000.0,2.6,0,0.279,0.449,0.364,43700.0,76300.0,1
Madurai,SC,1,216000.0,0,0,95.39,157.8,Tier-2 (Affiliated),111000.0,92.3,4,0.468,0.584,0.526,58400.0,52600.0,1
Tiruchirappalli,MBC,1,247000.0,0,0,74.55,134.5,Tier-2 (Affiliated),103000.0,42.6,2,0.316,0.562,0.439,45300.0,57700.0,1
Villupuram,SC,1,213000.0,0,1,74.55,124.8,Tier-1 (Autonomous),194000.0,86.7,2,0.322,0.539,0.43,83500.0,110500.0,0
Chennai,MBC,1,310000.0,1,0,99.9,188.2,Tier-3 (Self-financing),82000.0,13.7,1,0.636,0.493,0.565,46300.0,35700.0,0
Erode,MBC,0,325000.0,1,0,70.88,117.0,Tier-2 (Affiliated),98000.0,87.0,1,0.329,0.549,0.439,43100.0,54900.0,0
Villupuram,BC,0,311000.0,0,1,64.57,123.5,Tier-3 (Self-financing),87000.0,5.7,2,0.319,0.536,0.428,37200.0,49800.0,0
Theni,SC,1,172000.0,1,0,91.78,162.4,Tier-2 (Affiliated),97000.0,55.7,2,0.392,0.531,0.461,44800.0,52200.0,0
Coimbatore,BC,0,294000.0,0,0,77.49,147.1,Tier-3 (Self-financing),84000.0,142.4,2,0.468,0.552,0.51,42900.0,41100.0,1
Dindigul,ST,1,146000.0,0,1,80.83,129.7,Tier-3 (Self-financing),81000.0,104.3,5,0.262,0.407,0.335,27100.0,53900.0,0
Thoothukudi,BC,1,688000.0,1,0,99.9,165.8,Tier-1 (Autonomous),184000.0,10.1,1,0.585,0.455,0.52,95600.0,88400.0,1
Thanjavur,BC,1,761000.0,1,0,63.97,96.8,Tier-1 (Autonomous),188000.0,6.2,2,0.244,0.27,0.257,48300.0,139700.0,1
Namakkal,SC,1,311000.0,1,0,76.05,124.1,Tier-1 (Autonomous),177000.0,25.5,1,0.249,0.424,0.336,59500.0,117500.0,0
Namakkal,BC,1,561000.0,0,1,65.64,108.2,Tier-3 (Self-financing),82000.0,98.6,2,0.155,0.472,0.313,25700.0,56300.0,1
Cuddalore,BC,1,1266000.0,0,1,81.35,99.0,Tier-2 (Affiliated),116000.0,50.0,1,0.217,0.303,0.26,30100.0,85900.0,1
Tiruchirappalli,SC,1,289000.0,0,0,72.47,113.8,Tier-2 (Affiliated),104000.0,106.6,2,0.267,0.363,0.315,32700.0,71300.0,1
Virudhunagar,BC,0,178000.0,0,1,66.27,119.4,Tier-2 (Affiliated),111000.0,2.0,2,0.352,0.369,0.36,40000.0,71000.0,0
Thoothukudi,BC,0,411000.0,0,0,85.32,116.3,Tier-3 (Self-financing),89000.0,202.5,1,0.222,0.446,0.334,29800.0,59200.0,1
Madurai,MBC,1,225000.0,0,0,78.1,110.2,Tier-2 (Affiliated),104000.0,69.6,0,0.346,0.364,0.355,36900.0,67100.0,0
Virudhunagar,BC,1,430000.0,0,1,65.48,122.1,Tier-2 (Affiliated),108000.0,36.9,3,0.122,0.359,0.241,26000.0,82000.0,0
Virudhunagar,BC,1,347000.0,0,1,66.1,125.9,Tier-2 (Affiliated),111000.0,119.9,1,0.345,0.437,0.391,43400.0,67600.0,1
Karur,OC,0,265000.0,1,0,80.08,118.8,Tier-1 (Autonomous),191000.0,156.9,2,0.255,0.57,0.413,78800.0,112200.0,0
Vellore,BC,1,421000.0,0,0,61.29,100.7,Tier-1 (Autonomous),170000.0,115.0,2,0.257,0.376,0.316,53800.0,116200.0,0
Dindigul,BC,1,792000.0,0,1,80.27,127.3,Tier-3 (Self-financing),84000.0,6.8,2,0.44,0.223,0.332,27900.0,56100.0,0
Virudhunagar,OC,1,1157000.0,1,0,91.4,163.9,Tier-3 (Self-financing),96000.0,59.5,1,0.545,0.432,0.488,46900.0,49100.0,0
Tiruchirappalli,MBC,0,433000.0,1,0,84.67,127.5,Tier-3 (Self-financing),93000.0,70.0,0,0.371,0.534,0.452,42100.0,50900.0,1
Virudhunagar,MBC,1,505000.0,0,0,71.77,109.2,Tier-2 (Affiliated),108000.0,40.2,0,0.386,0.48,0.433,46800.0,61200.0,1
Villupuram,OC,1,547000.0,0,1,80.74,149.3,Tier-1 (Autonomous),179000.0,56.8,1,0.531,0.44,0.485,86900.0,92100.0,0
Cuddalore,BC,1,132000.0,0,1,65.48,89.7,Tier-2 (Affiliated),114000.0,22.3,0,0.334,0.692,0.513,58400.0,55600.0,1
Erode,SC,0,239000.0,1,0,79.36,119.5,Tier-1 (Autonomous),184000.0,163.6,1,0.267,0.529,0.398,73200.0,110800.0,1
Tiruppur,MBC,1,120000.0,0,1,74.73,121.6,Tier-3 (Self-financing),96000.0,8.7,0,0.383,0.533,0.458,44000.0,52000.0,0
Coimbatore,BC,0,104000.0,0,1,67.61,131.0,Tier-3 (Self-financing),94000.0,7.4,1,0.418,0.515,0.467,43900.0,50100.0,0
Villupuram,MBC,1,384000.0,1,0,84.24,116.9,Tier-3 (Self-financing),74000.0,42.8,2,0.307,0.51,0.409,30200.0,43800.0,1
Erode,BC,0,346000.0,1,0,58.23,82.5,Tier-3 (Self-financing),72000.0,173.5,2,0.268,0.424,0.346,24900.0,47100.0,1
Coimbatore,SC,1,246000.0,0,0,66.14,114.7,Tier-2 (Affiliated),106000.0,10.8,2,0.302,0.591,0.446,47300.0,58700.0,0
Nagapattinam,ST,1,635000.0,0,1,67.34,118.9,Tier-2 (Affiliated),95000.0,142.7,0,0.195,0.53,0.362,34400.0,60600.0,0
Cuddalore,ST,0,218000.0,0,1,72.95,119.9,Tier-3 (Self-financing),95000.0,102.1,0,0.419,0.609,0.514,48800.0,46200.0,1
Theni,BC,0,261000.0,0,1,90.99,143.8,Tier-2 (Affiliated),98000.0,9.4,0,0.353,0.495,0.424,41500.0,56500.0,1
Coimbatore,BC,0,641000.0,0,0,85.54,138.8,Tier-3 (Self-financing),83000.0,59.6,0,0.244,0.455,0.349,29000.0,54000.0,1
Nagapattinam,BC,0,707000.0,1,0,79.05,103.9,Tier-2 (Affiliated),103000.0,49.0,0,0.516,0.306,0.411,42300.0,60700.0,1
Theni,BC,1,640000.0,1,0,78.58,127.2,Tier-2 (Affiliated),97000.0,114.4,2,0.257,0.324,0.29,28200.0,68800.0,0
Nagapattinam,BC,0,195000.0,1,0,77.88,146.8,Tier-2 (Affiliated),119000.0,459.3,1,0.463,0.573,0.518,61700.0,57300.0,0
Virudhunagar,MBC,0,192000.0,1,0,91.72,126.9,Tier-1 (Autonomous),175000.0,41.5,1,0.257,0.586,0.421,73800.0,101200.0,0
Salem,BC,1,218000.0,0,1,59.84,84.0,Tier-2 (Affiliated),125000.0,28.9,2,0.157,0.368,0.262,32800.0,92200.0,1
Salem,ST,0,165000.0,0,0,85.72,131.2,Tier-1 (Autonomous),191000.0,13.0,1,0.301,0.415,0.358,68400.0,122600.0,1
Villupuram,OC,1,354000.0,1,0,72.92,111.7,Tier-2 (Affiliated),110000.0,67.8,2,0.209,0.406,0.307,33800.0,76200.0,1
Namakkal,OC,1,526000.0,0,1,83.03,160.5,Tier-2 (Affiliated),93000.0,14.6,3,0.53,0.475,0.502,46700.0,46300.0,0
Thanjavur,SC,1,364000.0,0,0,83.08,118.9,Tier-1 (Autonomous),177000.0,164.7,0,0.495,0.444,0.47,83200.0,93800.0,0
Tirunelveli,SC,1,106000.0,0,1,85.33,119.6,Tier-3 (Self-financing),103000.0,113.1,1,0.317,0.436,0.376,38800.0,64200.0,0
Theni,BC,0,149000.0,1,0,93.84,161.7,Tier-1 (Autonomous),183000.0,154.0,2,0.323,0.496,0.409,74900.0,108100.0,0
Nagapattinam,MBC,1,318000.0,1,0,64.29,93.2,Tier-3 (Self-financing),84000.0,83.1,0,0.139,0.461,0.3,25200.0,58800.0,0
Chennai,BC,1,469000.0,0,1,88.05,152.7,Tier-1 (Autonomous),175000.0,15.6,1,0.366,0.531,0.449,78500.0,96500.0,1
Tiruppur,BC,0,228000.0,0,0,77.36,120.8,Tier-3 (Self-financing),92000.0,18.4,2,0.329,0.484,0.406,37400.0,54600.0,0
Thoothukudi,MBC,1,362000.0,1,0,73.39,124.3,Tier-2 (Affiliated),113000.0,65.3,1,0.3,0.596,0.448,50600.0,62400.0,0
Tirunelveli,BC,1,328000.0,0,1,98.34,133.8,Tier-3 (Self-financing),87000.0,202.5,0,0.536,0.322,0.429,37300.0,49700.0,0
Tirunelveli,MBC,1,189000.0,0,1,85.02,142.9,Tier-2 (Affiliated),119000.0,25.3,2,0.391,0.55,0.47,55900.0,63100.0,0
Kanyakumari,BC,1,360000.0,1,0,73.83,121.4,Tier-2 (Affiliated),119000.0,104.1,1,0.387,0.647,0.517,61600.0,57400.0,0
Coimbatore,MBC,0,231000.0,1,0,87.57,136.3,Tier-3 (Self-financing),88000.0,14.6,1,0.361,0.494,0.428,37600.0,50400.0,1
Vellore,SC,1,266000.0,0,1,77.54,105.6,Tier-2 (Affiliated),97000.0,390.2,1,0.264,0.476,0.37,35800.0,61200.0,0
Dindigul,BC,1,514000.0,0,1,73.67,121.1,Tier-2 (Affiliated),102000.0,50.3,2,0.293,0.396,0.345,35100.0,66900.0,1
Nagapattinam,OC,1,793000.0,1,0,71.94,126.0,Tier-2 (Affiliated),105000.0,2.9,3,0.338,0.278,0.308,32400.0,72600.0,0
Madurai,MBC,0,378000.0,0,0,81.05,121.7,Tier-3 (Self-financing),85000.0,29.0,1,0.284,0.561,0.422,35900.0,49100.0,1
Thanjavur,SC,1,222000.0,1,0,71.86,107.3,Tier-2 (Affiliated),122000.0,66.8,2,0.276,0.443,0.36,43900.0,78100.0,1
Tiruchirappalli,MBC,1,177000.0,1,0,79.55,139.2,Tier-3 (Self-financing),101000.0,77.6,0,0.341,0.588,0.464,46900.0,54100.0,0
Nagapattinam,SC,0,392000.0,1,0,86.87,164.6,Tier-1 (Autonomous),183000.0,39.6,2,0.657,0.505,0.581,106200.0,76800.0,1
Theni,BC,1,597000.0,0,0,79.11,140.7,Tier-1 (Autonomous),184000.0,2.0,0,0.422,0.486,0.454,83500.0,100500.0,1
Dindigul,BC,1,286000.0,0,1,97.77,159.9,Tier-2 (Affiliated),98000.0,2.0,0,0.505,0.418,0.462,45200.0,52800.0,1
Vellore,MBC,1,489000.0,0,1,78.13,121.4,Tier-3 (Self-financing),82000.0,2.4,1,0.309,0.482,0.395,32400.0,49600.0,1
Tiruchirappalli,BC,1,869000.0,0,1,91.49,146.0,Tier-1 (Autonomous),176000.0,71.8,1,0.291,0.38,0.336,59100.0,116900.0,0
Villupuram,SC,0,505000.0,0,1,87.76,120.5,Tier-2 (Affiliated),105000.0,27.0,2,0.211,0.466,0.339,35600.0,69400.0,0
Theni,BC,1,554000.0,0,1,93.25,146.9,Tier-3 (Self-financing),90000.0,36.3,0,0.399,0.24,0.32,28800.0,61200.0,1
Erode,BC,1,865000.0,0,1,97.72,173.2,Tier-2 (Affiliated),106000.0,13.8,4,0.489,0.423,0.456,48300.0,57700.0,0
Thanjavur,MBC,1,216000.0,1,0,60.39,97.2,Tier-2 (Affiliated),95000.0,137.7,1,0.268,0.686,0.477,45400.0,49600.0,1
Karur,MBC,0,255000.0,0,0,80.65,119.7,Tier-2 (Affiliated),117000.0,37.6,0,0.331,0.398,0.365,42700.0,74300.0,0
Karur,MBC,0,216000.0,0,0,76.88,112.2,Tier-1 (Autonomous),190000.0,23.4,1,0.252,0.583,0.418,79400.0,110600.0,0
Dindigul,MBC,1,507000.0,0,0,79.11,126.1,Tier-2 (Affiliated),112000.0,49.1,3,0.551,0.432,0.492,55100.0,56900.0,1
Erode,ST,0,410000.0,1,0,74.03,99.9,Tier-1 (Autonomous),179000.0,23.8,0,0.275,0.387,0.331,59200.0,119800.0,1
Cuddalore,SC,1,361000.0,0,1,72.57,102.5,Tier-2 (Affiliated),103000.0,9.7,1,0.221,0.423,0.322,33100.0,69900.0,0
Cuddalore,SC,1,188000.0,1,0,67.0,130.2,Tier-2 (Affiliated),103000.0,21.7,4,0.324,0.63,0.477,49100.0,53900.0,0
Tiruppur,MBC,1,210000.0,0,1,78.97,110.8,Tier-2 (Affiliated),119000.0,32.7,0,0.343,0.532,0.437,52100.0,66900.0,0
Coimbatore,MBC,0,643000.0,1,0,87.34,127.7,Tier-2 (Affiliated),104000.0,16.9,1,0.327,0.414,0.37,38500.0,65500.0,1
Dindigul,MBC,1,557000.0,1,0,73.06,121.3,Tier-3 (Self-financing),101000.0,13.5,3,0.398,0.315,0.357,36000.0,65000.0,0
Theni,MBC,0,333000.0,0,0,74.71,112.9,Tier-2 (Affiliated),118000.0,55.2,1,0.286,0.529,0.407,48100.0,69900.0,0
Thoothukudi,BC,1,400000.0,1,0,71.02,115.0,Tier-1 (Autonomous),183000.0,19.0,1,0.269,0.558,0.414,75700.0,107300.0,1
Namakkal,MBC,1,487000.0,1,0,68.06,121.8,Tier-3 (Self-financing),107000.0,33.1,2,0.209,0.479,0.344,36800.0,70200.0,0
Erode,OC,1,366000.0,0,0,75.64,97.8,Tier-3 (Self-financing),95000.0,2.0,1,0.322,0.387,0.355,33700.0,61300.0,0
Tiruppur,OC,0,483000.0,0,1,81.43,141.6,Tier-2 (Affiliated),107000.0,120.7,2,0.307,0.498,0.402,43000.0,64000.0,1
Tiruchirappalli,SC,0,102000.0,1,0,90.57,136.2,Tier-2 (Affiliated),102000.0,57.6,1,0.435,0.679,0.557,56800.0,45200.0,1
Coimbatore,OC,1,517000.0,1,0,66.08,101.4,Tier-3 (Self-financing),82000.0,2.0,1,0.204,0.436,0.32,26200.0,55800.0,1
Cuddalore,MBC,1,295000.0,1,0,77.7,153.2,Tier-3 (Self-financing),84000.0,18.5,0,0.504,0.575,0.539,45300.0,38700.0,1
Thoothukudi,MBC,1,70000.0,0,1,89.78,122.6,Tier-2 (Affiliated),104000.0,31.5,0,0.429,0.519,0.474,49300.0,54700.0,0
Virudhunagar,BC,1,399000.0,0,0,66.21,114.8,Tier-2 (Affiliated),101000.0,42.3,1,0.239,0.458,0.348,35200.0,65800.0,1
Tiruppur,SC,1,192000.0,1,0,90.67,162.0,Tier-1 (Autonomous),182000.0,14.8,1,0.399,0.529,0.464,84400.0,97600.0,0
Chennai,BC,1,430000.0,1,0,73.61,107.5,Tier-1 (Autonomous),187000.0,3.7,0,0.451,0.437,0.444,83000.0,104000.0,0
Thoothukudi,SC,1,315000.0,0,0,85.11,126.2,Tier-1 (Autonomous),195000.0,9.5,0,0.376,0.452,0.414,80700.0,114300.0,0
Thanjavur,SC,1,833000.0,0,1,75.82,115.8,Tier-2 (Affiliated),111000.0,140.1,2,0.361,0.388,0.374,41600.0,69400.0,1
Tirunelveli,BC,1,571000.0,1,0,82.59,121.8,Tier-3 (Self-financing),90000.0,21.4,0,0.216,0.515,0.366,32900.0,57100.0,0
Kanyakumari,BC,0,359000.0,1,0,94.09,151.5,Tier-3 (Self-financing),70000.0,315.5,4,0.347,0.486,0.417,29200.0,40800.0,0
Karur,BC,1,634000.0,1,0,76.79,136.3,Tier-1 (Autonomous),187000.0,60.1,0,0.392,0.423,0.408,76200.0,110800.0,1
Karur,BC,0,483000.0,0,0,87.97,135.3,Tier-1 (Autonomous),172000.0,20.8,0,0.341,0.471,0.406,69900.0,102100.0,1
Tirunelveli,BC,1,620000.0,0,0,80.75,143.1,Tier-2 (Affiliated),112000.0,96.9,1,0.319,0.555,0.437,49000.0,63000.0,1
Thoothukudi,ST,1,319000.0,0,1,70.14,133.2,Tier-2 (Affiliated),110000.0,107.1,0,0.387,0.409,0.398,43700.0,66300.0,1
Dindigul,BC,1,714000.0,0,1,76.54,128.9,Tier-3 (Self-financing),83000.0,2.0,0,0.212,0.464,0.338,28100.0,54900.0,1
Namakkal,SC,0,60000.0,0,1,75.92,129.4,Tier-3 (Self-financing),73000.0,49.4,1,0.375,0.606,0.49,35800.0,37200.0,0
Nagapattinam,BC,0,943000.0,0,1,63.88,93.3,Tier-2 (Affiliated),104000.0,17.5,0,0.151,0.352,0.252,26200.0,77800.0,1
Cuddalore,ST,0,405000.0,0,1,82.59,92.8,Tier-1 (Autonomous),172000.0,42.6,0,0.278,0.569,0.424,72900.0,99100.0,1
Tiruchirappalli,BC,0,337000.0,0,1,84.58,144.1,Tier-3 (Self-financing),80000.0,144.3,1,0.411,0.559,0.485,38800.0,41200.0,1
Erode,MBC,0,120000.0,1,0,86.12,149.7,Tier-2 (Affiliated),119000.0,7.0,1,0.465,0.593,0.529,63000.0,56000.0,1
Vellore,MBC,1,817000.0,0,1,92.3,151.3,Tier-2 (Affiliated),107000.0,17.1,1,0.535,0.288,0.412,44100.0,62900.0,1
Villupuram,BC,0,204000.0,0,1,87.54,153.7,Tier-3 (Self-financing),80000.0,59.9,1,0.383,0.467,0.425,34000.0,46000.0,1
Karur,SC,0,262000.0,1,0,71.97,106.9,Tier-2 (Affiliated),115000.0,4.9,2,0.193,0.445,0.319,36700.0,78300.0,0
Vellore,BC,1,239000.0,0,1,74.1,126.3,Tier-2 (Affiliated),113000.0,25.6,1,0.436,0.561,0.499,56300.0,56700.0,1
Karur,MBC,0,885000.0,0,0,86.39,160.3,Tier-3 (Self-financing),101000.0,12.8,1,0.595,0.449,0.522,52700.0,48300.0,1
Karur,MBC,0,118000.0,1,0,81.9,141.0,Tier-1 (Autonomous),188000.0,124.1,0,0.494,0.507,0.5,94100.0,93900.0,0
Vellore,MBC,1,436000.0,1,0,77.82,144.7,Tier-1 (Autonomous),164000.0,59.4,0,0.218,0.445,0.332,54400.0,109600.0,1
Thanjavur,OC,0,121000.0,0,1,69.25,131.0,Tier-2 (Affiliated),116000.0,47.2,2,0.405,0.704,0.554,64300.0,51700.0,0
Kanyakumari,BC,0,292000.0,1,0,72.69,98.0,Tier-1 (Autonomous),185000.0,44.7,3,0.165,0.509,0.337,62400.0,122600.0,0
Tiruppur,BC,1,382000.0,1,0,83.83,144.9,Tier-3 (Self-financing),98000.0,41.0,2,0.477,0.512,0.495,48500.0,49500.0,0
Madurai,BC,0,559000.0,1,0,58.49,84.1,Tier-3 (Self-financing),83000.0,40.8,0,0.171,0.422,0.296,24600.0,58400.0,1
Karur,BC,0,237000.0,0,0,54.6,70.7,Tier-3 (Self-financing),94000.0,2.0,2,0.117,0.61,0.363,34200.0,59800.0,0
Tiruppur,ST,0,316000.0,1,0,84.93,131.6,Tier-1 (Autonomous),177000.0,7.3,2,0.327,0.521,0.424,75100.0,101900.0,0
Namakkal,MBC,0,148000.0,0,0,72.67,142.6,Tier-3 (Self-financing),87000.0,38.1,1,0.349,0.536,0.443,38500.0,48500.0,0
Karur,MBC,1,360000.0,0,1,82.69,124.1,Tier-1 (Autonomous),172000.0,113.9,2,0.23,0.498,0.364,62500.0,109500.0,0
Villupuram,BC,0,259000.0,0,0,93.77,123.7,Tier-2 (Affiliated),99000.0,36.0,0,0.3,0.466,0.383,37900.0,61100.0,1
Erode,BC,0,393000.0,1,0,67.87,86.9,Tier-1 (Autonomous),187000.0,63.3,1,0.211,0.398,0.304,56900.0,130100.0,1
Thanjavur,MBC,0,318000.0,0,1,61.3,105.3,Tier-3 (Self-financing),85000.0,105.0,0,0.385,0.488,0.437,37100.0,47900.0,1
Tiruchirappalli,BC,1,719000.0,1,0,75.24,109.0,Tier-2 (Affiliated),100000.0,2.0,3,0.32,0.534,0.427,42700.0,57300.0,1
Theni,BC,0,346000.0,1,0,71.15,83.2,Tier-3 (Self-financing),92000.0,122.7,0,0.165,0.459,0.312,28700.0,63300.0,1
Thanjavur,MBC,1,604000.0,0,1,77.75,103.3,Tier-3 (Self-financing),63000.0,175.8,1,0.23,0.516,0.373,23500.0,39500.0,0
Erode,MBC,0,159000.0,0,0,83.38,135.9,Tier-2 (Affiliated),104000.0,28.6,3,0.135,0.488,0.311,32400.0,71600.0,0
Cuddalore,ST,1,338000.0,1,0,81.27,141.7,Tier-3 (Self-financing),72000.0,441.0,0,0.363,0.334,0.348,25100.0,46900.0,1
Thanjavur,BC,0,724000.0,0,0,78.46,118.9,Tier-2 (Affiliated),120000.0,2.3,1,0.325,0.366,0.345,41500.0,78500.0,1
Dindigul,MBC,0,103000.0,1,0,88.58,151.5,Tier-1 (Autonomous),177000.0,14.3,1,0.38,0.4,0.39,69000.0,108000.0,0
Thanjavur,BC,1,632000.0,0,1,84.71,149.3,Tier-2 (Affiliated),111000.0,9.0,2,0.379,0.486,0.433,48000.0,63000.0,1
Tirunelveli,BC,0,434000.0,0,1,76.19,110.1,Tier-3 (Self-financing),87000.0,58.7,5,0.084,0.318,0.201,17500.0,69500.0,0
Madurai,SC,1,704000.0,0,0,84.35,133.1,Tier-1 (Autonomous),186000.0,109.8,1,0.253,0.419,0.336,62400.0,123600.0,1
Virudhunagar,BC,1,720000.0,0,1,62.54,91.1,Tier-3 (Self-financing),91000.0,124.3,3,0.128,0.349,0.238,21700.0,69300.0,0
Coimbatore,MBC,1,444000.0,1,0,88.64,149.9,Tier-2 (Affiliated),116000.0,32.0,0,0.365,0.413,0.389,45200.0,70800.0,0
Erode,BC,0,379000.0,0,1,78.22,116.0,Tier-3 (Self-financing),83000.0,96.5,1,0.06,0.545,0.303,25100.0,57900.0,0
Cuddalore,OC,1,421000.0,0,1,65.99,87.4,Tier-1 (Autonomous),187000.0,59.7,1,0.187,0.458,0.323,60400.0,126600.0,0
Madurai,ST,0,137000.0,1,0,73.83,118.9,Tier-2 (Affiliated),105000.0,27.5,0,0.307,0.521,0.414,43400.0,61600.0,0
Cuddalore,BC,1,232000.0,1,0,88.38,158.1,Tier-2 (Affiliated),107000.0,129.9,1,0.485,0.497,0.491,52500.0,54500.0,1
Karur,SC,1,714000.0,0,0,70.32,120.2,Tier-2 (Affiliated),98000.0,95.4,1,0.284,0.379,0.331,32500.0,65500.0,1
Cuddalore,BC,1,619000.0,1,0,82.11,146.5,Tier-2 (Affiliated),123000.0,50.1,1,0.477,0.365,0.421,51800.0,71200.0,1
Erode,ST,1,165000.0,0,0,86.79,152.6,Tier-2 (Affiliated),102000.0,170.7,1,0.575,0.384,0.48,49000.0,53000.0,0
Chennai,BC,1,561000.0,1,0,78.24,125.8,Tier-2 (Affiliated),121000.0,6.1,3,0.226,0.471,0.348,42100.0,78900.0,1
Kanyakumari,BC,1,914000.0,1,0,69.35,102.0,Tier-1 (Autonomous),184000.0,90.0,1,0.154,0.395,0.275,50500.0,133500.0,1
Erode,SC,0,337000.0,1,0,77.36,110.7,Tier-1 (Autonomous),182000.0,40.4,3,0.312,0.576,0.444,80700.0,101300.0,0
Virudhunagar,BC,1,290000.0,1,0,63.91,78.5,Tier-3 (Self-financing),88000.0,28.9,1,0.218,0.526,0.372,32700.0,55300.0,0
Tiruchirappalli,BC,0,60000.0,1,0,73.11,134.8,Tier-1 (Autonomous),171000.0,157.1,1,0.272,0.502,0.387,66200.0,104800.0,0
Tiruchirappalli,ST,0,210000.0,0,1,66.93,102.1,Tier-2 (Affiliated),123000.0,34.7,2,0.389,0.496,0.443,54500.0,68500.0,1
Nagapattinam,MBC,1,258000.0,1,0,77.53,98.5,Tier-2 (Affiliated),107000.0,6.5,4,0.166,0.545,0.356,38100.0,68900.0,1
Villupuram,MBC,0,366000.0,1,0,65.31,123.0,Tier-2 (Affiliated),118000.0,39.6,3,0.309,0.566,0.438,51600.0,66400.0,0
Kanyakumari,MBC,1,708000.0,0,1,78.83,127.5,Tier-2 (Affiliated),106000.0,80.7,1,0.398,0.379,0.388,41200.0,64800.0,1
Nagapattinam,SC,0,360000.0,1,0,89.33,157.4,Tier-2 (Affiliated),99000.0,14.3,1,0.564,0.568,0.566,56100.0,42900.0,1
Salem,SC,0,509000.0,1,0,89.96,140.0,Tier-3 (Self-financing),101000.0,2.0,2,0.309,0.444,0.377,38000.0,63000.0,1
Villupuram,MBC,1,829000.0,1,0,65.55,93.0,Tier-3 (Self-financing),80000.0,81.0,0,0.282,0.335,0.308,24700.0,55300.0,1
Cuddalore,BC,0,783000.0,0,1,71.34,120.8,Tier-1 (Autonomous),184000.0,26.0,0,0.312,0.346,0.329,60500.0,123500.0,1
Tiruchirappalli,OC,1,1345000.0,1,0,86.53,146.4,Tier-3 (Self-financing),61000.0,127.9,2,0.293,0.264,0.279,17000.0,44000.0,1
Madurai,MBC,1,941000.0,0,0,85.04,131.9,Tier-3 (Self-financing),84000.0,80.4,1,0.311,0.365,0.338,28400.0,55600.0,1
Kanyakumari,SC,1,308000.0,1,0,71.85,134.7,Tier-3 (Self-financing),90000.0,45.4,5,0.273,0.582,0.427,38500.0,51500.0,0
Tirunelveli,MBC,0,128000.0,0,1,73.14,131.2,Tier-2 (Affiliated),111000.0,14.1,1,0.412,0.676,0.544,60400.0,50600.0,1
Nagapattinam,BC,1,1892000.0,1,0,78.82,134.6,Tier-3 (Self-financing),84000.0,55.0,1,0.255,0.162,0.209,17500.0,66500.0,0
Madurai,BC,1,500000.0,0,0,59.67,78.8,Tier-2 (Affiliated),108000.0,2.0,1,0.207,0.342,0.274,29600.0,78400.0,1
Tirunelveli,MBC,0,511000.0,1,0,83.25,114.4,Tier-2 (Affiliated),117000.0,8.2,1,0.297,0.403,0.35,40900.0,76100.0,0
Tirunelveli,SC,0,144000.0,0,0,88.83,160.1,Tier-2 (Affiliated),100000.0,41.9,4,0.486,0.498,0.492,49200.0,50800.0,1
Tirunelveli,BC,0,508000.0,1,0,74.11,85.8,Tier-3 (Self-financing),83000.0,24.8,0,0.196,0.473,0.335,27800.0,55200.0,1
Cuddalore,MBC,1,109000.0,1,0,63.81,100.7,Tier-3 (Self-financing),96000.0,53.2,1,0.179,0.385,0.282,27100.0,68900.0,0
Villupuram,SC,0,156000.0,0,0,92.13,149.6,Tier-1 (Autonomous),168000.0,11.0,1,0.452,0.604,0.528,88700.0,79300.0,0
Villupuram,ST,0,160000.0,1,0,80.19,121.0,Tier-2 (Affiliated),109000.0,7.4,2,0.331,0.447,0.389,42400.0,66600.0,0
Karur,OC,1,813000.0,1,0,85.09,135.6,Tier-2 (Affiliated),101000.0,81.1,2,0.331,0.415,0.373,37700.0,63300.0,0
Salem,ST,1,492000.0,0,1,64.79,110.0,Tier-2 (Affiliated),112000.0,124.1,0,0.487,0.444,0.465,52100.0,59900.0,1
Thoothukudi,MBC,0,142000.0,0,1,64.83,94.9,Tier-2 (Affiliated),110000.0,34.4,1,0.134,0.469,0.301,33200.0,76800.0,1
Namakkal,SC,0,280000.0,0,1,82.14,144.6,Tier-3 (Self-financing),77000.0,97.3,1,0.444,0.603,0.524,40300.0,36700.0,1
Namakkal,OC,0,766000.0,0,1,88.28,150.0,Tier-3 (Self-financing),85000.0,89.4,1,0.471,0.364,0.417,35500.0,49500.0,1
Karur,MBC,1,1526000.0,0,0,66.71,104.0,Tier-3 (Self-financing),86000.0,2.8,0,0.238,0.175,0.206,17700.0,68300.0,1
Nagapattinam,MBC,1,619000.0,0,1,76.98,110.8,Tier-1 (Autonomous),175000.0,161.4,2,0.305,0.472,0.388,67900.0,107100.0,0
Thoothukudi,BC,1,375000.0,0,1,62.13,98.0,Tier-1 (Autonomous),177000.0,5.2,0,0.275,0.547,0.411,72800.0,104200.0,0
Tiruppur,MBC,1,209000.0,1,0,70.98,145.2,Tier-3 (Self-financing),80000.0,188.8,1,0.4,0.493,0.447,35700.0,44300.0,1
Theni,MBC,0,711000.0,0,1,75.43,109.3,Tier-2 (Affiliated),92000.0,59.2,2,0.235,0.426,0.33,30400.0,61600.0,1
Karur,MBC,1,630000.0,1,0,82.89,155.6,Tier-2 (Affiliated),117000.0,52.4,0,0.437,0.504,0.47,55000.0,62000.0,0
Tirunelveli,OC,0,385000.0,1,0,56.94,64.8,Tier-1 (Autonomous),190000.0,4.4,0,0.074,0.458,0.266,50500.0,139500.0,1
Erode,MBC,0,107000.0,1,0,91.2,133.0,Tier-3 (Self-financing),71000.0,85.1,1,0.473,0.509,0.491,34900.0,36100.0,0
Theni,BC,0,179000.0,0,0,76.29,113.9,Tier-1 (Autonomous),190000.0,4.9,2,0.366,0.578,0.472,89700.0,100300.0,0
Coimbatore,ST,0,239000.0,0,1,90.94,159.7,Tier-3 (Self-financing),88000.0,56.3,1,0.464,0.491,0.477,42000.0,46000.0,1
Erode,ST,1,332000.0,1,0,84.99,136.8,Tier-1 (Autonomous),171000.0,10.4,2,0.317,0.423,0.37,63300.0,107700.0,0
Karur,BC,0,103000.0,1,0,86.52,158.1,Tier-1 (Autonomous),178000.0,100.4,0,0.426,0.53,0.478,85100.0,92900.0,0
Thoothukudi,BC,0,423000.0,1,0,98.2,152.1,Tier-2 (Affiliated),104000.0,32.6,1,0.383,0.39,0.387,40200.0,63800.0,1
Namakkal,BC,0,126000.0,0,1,70.18,111.5,Tier-2 (Affiliated),117000.0,20.1,1,0.279,0.52,0.4,46800.0,70200.0,0
Vellore,MBC,1,884000.0,1,0,79.35,122.0,Tier-3 (Self-financing),78000.0,117.6,1,0.196,0.454,0.325,25400.0,52600.0,1
Thanjavur,SC,1,353000.0,0,1,68.09,139.3,Tier-2 (Affiliated),127000.0,2.1,2,0.341,0.384,0.362,46000.0,81000.0,0
Cuddalore,MBC,1,326000.0,1,0,76.98,106.4,Tier-2 (Affiliated),119000.0,173.2,1,0.181,0.483,0.332,39500.0,79500.0,0
Namakkal,OC,1,1086000.0,1,0,85.2,128.7,Tier-1 (Autonomous),170000.0,105.6,1,0.292,0.385,0.338,57500.0,112500.0,1
Chennai,OC,1,765000.0,0,1,89.27,128.2,Tier-2 (Affiliated),123000.0,44.6,1,0.492,0.396,0.444,54600.0,68400.0,1
Namakkal,BC,1,1001000.0,0,1,74.18,127.3,Tier-1 (Autonomous),186000.0,100.5,3,0.317,0.466,0.391,72800.0,113200.0,1
Thanjavur,SC,0,204000.0,0,1,65.95,88.4,Tier-2 (Affiliated),109000.0,30.6,2,0.221,0.515,0.368,40100.0,68900.0,0
Karur,MBC,0,281000.0,0,1,78.73,153.3,Tier-3 (Self-financing),90000.0,132.4,0,0.417,0.526,0.472,42400.0,47600.0,1
Kanyakumari,MBC,0,222000.0,0,0,69.48,112.4,Tier-2 (Affiliated),117000.0,79.0,2,0.341,0.617,0.479,56100.0,60900.0,1
Thoothukudi,BC,1,558000.0,0,1,72.22,121.7,Tier-3 (Self-financing),79000.0,119.0,1,0.292,0.482,0.387,30600.0,48400.0,1
Theni,ST,0,430000.0,0,1,84.72,142.5,Tier-3 (Self-financing),92000.0,75.2,0,0.353,0.465,0.409,37600.0,54400.0,1
Vellore,BC,0,227000.0,1,0,82.86,132.3,Tier-3 (Self-financing),82000.0,61.5,1,0.306,0.471,0.389,31900.0,50100.0,1
Thanjavur,SC,1,450000.0,1,0,86.34,140.0,Tier-3 (Self-financing),92000.0,29.1,5,0.329,0.45,0.389,35800.0,56200.0,0
Tiruchirappalli,SC,0,120000.0,0,0,74.63,120.7,Tier-3 (Self-financing),84000.0,48.6,0,0.44,0.554,0.497,41800.0,42200.0,1
Villupuram,MBC,0,83000.0,0,1,88.09,148.7,Tier-2 (Affiliated),102000.0,117.7,0,0.449,0.472,0.461,47000.0,55000.0,0
Virudhunagar,SC,0,219000.0,1,0,78.14,112.7,Tier-2 (Affiliated),115000.0,113.3,2,0.242,0.613,0.428,49200.0,65800.0,0
Kanyakumari,BC,1,592000.0,0,1,75.16,105.4,Tier-3 (Self-financing),82000.0,68.0,0,0.333,0.618,0.476,39000.0,43000.0,0
Erode,MBC,0,245000.0,0,0,67.01,119.5,Tier-2 (Affiliated),111000.0,5.0,1,0.408,0.503,0.455,50500.0,60500.0,0
Erode,OC,0,171000.0,0,1,57.1,91.3,Tier-2 (Affiliated),113000.0,179.2,0,0.159,0.38,0.27,30500.0,82500.0,1
Kanyakumari,MBC,0,307000.0,1,0,62.36,69.7,Tier-2 (Affiliated),122000.0,137.7,2,0.117,0.552,0.334,40800.0,81200.0,0
Namakkal,BC,1,559000.0,0,0,80.15,121.1,Tier-1 (Autonomous),177000.0,60.5,0,0.322,0.449,0.386,68300.0,108700.0,1
Karur,OC,0,239000.0,1,0,68.92,133.2,Tier-2 (Affiliated),103000.0,29.2,0,0.303,0.557,0.43,44300.0,58700.0,1
Dindigul,OC,0,185000.0,0,1,61.55,96.1,Tier-3 (Self-financing),98000.0,13.5,2,0.194,0.511,0.353,34500.0,63500.0,0
Thanjavur,BC,1,420000.0,0,0,73.81,110.1,Tier-2 (Affiliated),110000.0,24.5,2,0.243,0.544,0.394,43300.0,66700.0,0
Theni,MBC,1,601000.0,0,0,80.8,106.9,Tier-2 (Affiliated),106000.0,19.4,0,0.26,0.375,0.317,33600.0,72400.0,0
Virudhunagar,MBC,0,327000.0,1,0,82.15,122.9,Tier-2 (Affiliated),113000.0,67.0,1,0.573,0.52,0.546,61700.0,51300.0,1
Erode,BC,0,184000.0,0,1,77.71,106.9,Tier-1 (Autonomous),177000.0,14.9,0,0.199,0.54,0.37,65400.0,111600.0,1
Virudhunagar,ST,0,182000.0,1,0,77.39,130.3,Tier-1 (Autonomous),178000.0,7.3,2,0.236,0.547,0.392,69700.0,108300.0,0
Salem,ST,1,445000.0,1,0,72.62,116.9,Tier-1 (Autonomous),201000.0,314.9,0,0.385,0.526,0.455,91500.0,109500.0,0
Thanjavur,BC,0,157000.0,0,0,84.34,129.5,Tier-3 (Self-financing),77000.0,73.9,2,0.366,0.593,0.48,36900.0,40100.0,1
Villupuram,BC,1,500000.0,0,1,76.23,110.5,Tier-3 (Self-financing),73000.0,62.5,2,0.26,0.362,0.311,22700.0,50300.0,1
Thoothukudi,MBC,1,877000.0,1,0,77.24,146.5,Tier-2 (Affiliated),120000.0,95.6,1,0.48,0.442,0.461,55400.0,64600.0,1
Villupuram,SC,1,156000.0,0,1,88.38,130.8,Tier-2 (Affiliated),107000.0,52.4,1,0.258,0.535,0.396,42400.0,64600.0,0
Erode,BC,0,565000.0,1,0,85.92,126.9,Tier-3 (Self-financing),88000.0,11.7,0,0.367,0.424,0.396,34800.0,53200.0,0
Virudhunagar,SC,1,767000.0,1,0,76.15,118.2,Tier-1 (Autonomous),185000.0,43.5,2,0.296,0.423,0.359,66500.0,118500.0,0
Villupuram,BC,1,427000.0,0,0,74.73,118.0,Tier-1 (Autonomous),166000.0,47.7,2,0.313,0.486,0.4,66300.0,99700.0,0
Thoothukudi,BC,1,400000.0,0,1,74.65,126.7,Tier-2 (Affiliated),119000.0,11.8,0,0.345,0.48,0.413,49100.0,69900.0,0
Chennai,SC,0,344000.0,1,0,57.79,106.4,Tier-2 (Affiliated),106000.0,5.2,0,0.46,0.342,0.401,42500.0,63500.0,1
Karur,MBC,1,379000.0,0,1,88.97,155.2,Tier-3 (Self-financing),100000.0,2.0,2,0.402,0.487,0.444,44400.0,55600.0,1
Thoothukudi,SC,1,86000.0,0,0,71.15,150.3,Tier-3 (Self-financing),79000.0,49.2,1,0.357,0.517,0.437,34500.0,44500.0,0
Nagapattinam,OC,1,597000.0,0,1,86.55,113.1,Tier-3 (Self-financing),98000.0,56.9,1,0.336,0.461,0.399,39100.0,58900.0,1
Salem,BC,1,626000.0,0,1,78.42,128.9,Tier-3 (Self-financing),99000.0,30.8,3,0.431,0.423,0.427,42300.0,56700.0,1
Nagapattinam,OC,1,946000.0,0,0,91.92,139.3,Tier-3 (Self-financing),81000.0,107.0,0,0.278,0.535,0.406,32900.0,48100.0,1
Madurai,BC,0,184000.0,1,0,83.29,163.4,Tier-3 (Self-financing),83000.0,67.3,1,0.502,0.498,0.5,41500.0,41500.0,1
Dindigul,OC,1,543000.0,0,1,87.12,142.0,Tier-2 (Affiliated),107000.0,40.0,0,0.302,0.322,0.312,33400.0,73600.0,0
Theni,MBC,1,719000.0,0,1,72.08,84.9,Tier-2 (Affiliated),122000.0,3.0,1,0.085,0.401,0.243,29700.0,92300.0,1
Dindigul,MBC,1,406000.0,1,0,65.15,110.8,Tier-3 (Self-financing),86000.0,26.7,3,0.267,0.435,0.351,30200.0,55800.0,1
Cuddalore,MBC,0,112000.0,0,1,79.48,131.2,Tier-1 (Autonomous),184000.0,35.6,2,0.304,0.545,0.424,78100.0,105900.0,1
Salem,BC,0,591000.0,0,0,58.83,105.5,Tier-2 (Affiliated),109000.0,211.6,1,0.163,0.398,0.281,30600.0,78400.0,1
Theni,OC,1,560000.0,1,0,73.32,106.5,Tier-2 (Affiliated),114000.0,42.0,0,0.202,0.491,0.346,39500.0,74500.0,1
Theni,MBC,1,765000.0,0,1,66.11,110.7,Tier-3 (Self-financing),89000.0,3.3,0,0.243,0.399,0.321,28600.0,60400.0,1
Theni,OC,0,181000.0,1,0,69.6,107.3,Tier-2 (Affiliated),105000.0,2.2,2,0.322,0.543,0.433,45400.0,59600.0,0
Tirunelveli,SC,0,182000.0,1,0,83.96,124.3,Tier-2 (Affiliated),124000.0,166.8,3,0.254,0.632,0.443,55000.0,69000.0,1
Erode,OC,1,834000.0,0,1,83.3,138.4,Tier-3 (Self-financing),83000.0,9.1,1,0.388,0.392,0.39,32400.0,50600.0,1
Tirunelveli,MBC,1,400000.0,0,1,76.38,124.5,Tier-2 (Affiliated),118000.0,146.4,1,0.186,0.365,0.276,32500.0,85500.0,1
Dindigul,SC,0,102000.0,0,1,81.2,145.7,Tier-1 (Autonomous),170000.0,21.4,0,0.391,0.492,0.441,75000.0,95000.0,0
Tiruppur,MBC,0,70000.0,1,0,72.59,116.5,Tier-2 (Affiliated),115000.0,20.9,1,0.364,0.426,0.395,45400.0,69600.0,0
Vellore,MBC,0,601000.0,0,1,99.9,168.9,Tier-1 (Autonomous),189000.0,80.9,1,0.452,0.385,0.419,79100.0,109900.0,1
Thanjavur,MBC,0,298000.0,1,0,81.01,111.5,Tier-3 (Self-financing),87000.0,73.7,0,0.33,0.21,0.27,23500.0,63500.0,1
Tirunelveli,BC,1,918000.0,1,0,72.1,136.3,Tier-3 (Self-financing),94000.0,27.3,0,0.222,0.437,0.33,31000.0,63000.0,1
Salem,MBC,1,700000.0,1,0,86.75,127.1,Tier-1 (Autonomous),174000.0,173.3,1,0.253,0.294,0.274,47600.0,126400.0,0
Cuddalore,SC,1,437000.0,0,1,90.4,158.2,Tier-2 (Affiliated),114000.0,98.9,3,0.497,0.522,0.51,58100.0,55900.0,1
Virudhunagar,ST,1,229000.0,1,0,70.26,116.4,Tier-1 (Autonomous),168000.0,13.1,1,0.355,0.454,0.405,68000.0,100000.0,1
Tirunelveli,MBC,0,340000.0,1,0,63.81,104.1,Tier-3 (Self-financing),86000.0,84.5,2,0.411,0.462,0.436,37500.0,48500.0,0
Kanyakumari,BC,0,657000.0,0,1,65.8,116.7,Tier-1 (Autonomous),174000.0,58.0,1,0.362,0.551,0.457,79500.0,94500.0,1
Tiruppur,SC,0,204000.0,1,0,71.3,82.0,Tier-2 (Affiliated),109000.0,6.2,6,0.276,0.485,0.381,41500.0,67500.0,0
Tiruchirappalli,MBC,0,740000.0,0,1,77.46,115.3,Tier-2 (Affiliated),121000.0,31.3,2,0.224,0.327,0.276,33400.0,87600.0,1
Vellore,BC,1,212000.0,1,0,61.71,109.9,Tier-3 (Self-financing),99000.0,170.6,2,0.282,0.468,0.375,37100.0,61900.0,1
Chennai,BC,0,124000.0,0,0,73.82,146.9,Tier-2 (Affiliated),100000.0,55.1,1,0.302,0.426,0.364,36400.0,63600.0,0
Chennai,BC,1,832000.0,0,0,75.92,121.1,Tier-2 (Affiliated),120000.0,91.0,1,0.408,0.455,0.432,51800.0,68200.0,1
Erode,MBC,0,166000.0,1,0,81.25,93.4,Tier-2 (Affiliated),121000.0,8.5,3,0.201,0.562,0.381,46100.0,74900.0,0
Dindigul,BC,0,920000.0,0,0,84.12,129.8,Tier-3 (Self-financing),88000.0,74.4,3,0.391,0.346,0.368,32400.0,55600.0,0
Nagapattinam,OC,0,814000.0,0,1,82.02,130.3,Tier-2 (Affiliated),121000.0,176.0,2,0.17,0.452,0.311,37600.0,83400.0,0
Madurai,OC,1,1509000.0,0,1,95.92,170.1,Tier-2 (Affiliated),107000.0,130.2,3,0.293,0.302,0.298,31800.0,75200.0,0
Virudhunagar,ST,1,444000.0,1,0,88.94,143.0,Tier-1 (Autonomous),176000.0,5.3,1,0.54,0.441,0.49,86300.0,89700.0,1
Salem,OC,1,379000.0,0,0,80.22,109.2,Tier-2 (Affiliated),106000.0,101.2,1,0.556,0.495,0.526,55700.0,50300.0,0
Madurai,OC,0,157000.0,1,0,68.3,123.7,Tier-2 (Affiliated),116000.0,71.1,1,0.359,0.5,0.43,49800.0,66200.0,0
Cuddalore,MBC,1,956000.0,1,0,71.25,122.5,Tier-2 (Affiliated),109000.0,36.5,3,0.45,0.31,0.38,41400.0,67600.0,0
Nagapattinam,BC,1,212000.0,0,1,63.71,91.4,Tier-3 (Self-financing),79000.0,214.2,2,0.158,0.304,0.231,18200.0,60800.0,0
Theni,ST,0,404000.0,0,1,79.53,138.0,Tier-3 (Self-financing),80000.0,45.4,3,0.255,0.448,0.351,28100.0,51900.0,0
Madurai,ST,0,244000.0,0,1,81.31,121.9,Tier-2 (Affiliated),110000.0,2.0,6,0.456,0.501,0.479,52700.0,57300.0,0
Madurai,BC,0,287000.0,1,0,86.93,134.6,Tier-2 (Affiliated),103000.0,66.4,1,0.358,0.381,0.37,38100.0,64900.0,1
Vellore,MBC,0,332000.0,1,0,80.67,121.1,Tier-3 (Self-financing),90000.0,75.5,3,0.305,0.551,0.428,38500.0,51500.0,1
Dindigul,BC,1,624000.0,1,0,88.54,137.0,Tier-2 (Affiliated),120000.0,73.8,0,0.511,0.409,0.46,55200.0,64800.0,1
Thoothukudi,OC,0,349000.0,1,0,88.74,155.6,Tier-2 (Affiliated),118000.0,43.1,4,0.416,0.514,0.465,54900.0,63100.0,1
Tirunelveli,BC,1,1058000.0,1,0,67.72,81.6,Tier-2 (Affiliated),133000.0,202.7,2,0.088,0.363,0.226,30000.0,103000.0,1
Tiruchirappalli,BC,1,1038000.0,1,0,72.82,133.1,Tier-2 (Affiliated),113000.0,172.3,2,0.253,0.336,0.295,33300.0,79700.0,0
Villupuram,OC,0,425000.0,0,0,77.89,127.3,Tier-1 (Autonomous),194000.0,19.2,0,0.343,0.419,0.381,74000.0,120000.0,0
Tiruchirappalli,MBC,1,302000.0,1,0,70.94,107.7,Tier-1 (Autonomous),181000.0,45.5,3,0.344,0.432,0.388,70200.0,110800.0,0
Chennai,OC,0,800000.0,0,0,75.57,121.2,Tier-2 (Affiliated),108000.0,79.2,4,0.299,0.256,0.277,30000.0,78000.0,0
Thanjavur,OC,1,207000.0,0,1,81.01,116.0,Tier-3 (Self-financing),86000.0,59.3,2,0.294,0.625,0.46,39500.0,46500.0,1
Thanjavur,MBC,0,332000.0,0,1,76.77,98.4,Tier-1 (Autonomous),181000.0,65.3,1,0.179,0.509,0.344,62300.0,118700.0,0
Theni,MBC,0,391000.0,0,1,78.0,111.6,Tier-1 (Autonomous),179000.0,90.2,1,0.247,0.394,0.32,57300.0,121700.0,0
Kanyakumari,BC,0,190000.0,0,1,68.57,81.3,Tier-2 (Affiliated),101000.0,66.5,1,0.307,0.556,0.431,43600.0,57400.0,0
Villupuram,OC,1,1076000.0,0,0,83.06,112.6,Tier-3 (Self-financing),77000.0,16.3,1,0.28,0.244,0.262,20200.0,56800.0,1
Tirunelveli,BC,1,476000.0,0,0,82.33,107.4,Tier-1 (Autonomous),189000.0,23.0,3,0.211,0.503,0.357,67500.0,121500.0,0
Thoothukudi,BC,1,358000.0,1,0,70.37,130.9,Tier-3 (Self-financing),92000.0,46.0,1,0.488,0.512,0.5,46000.0,46000.0,1
Theni,SC,0,331000.0,0,1,65.07,84.8,Tier-1 (Autonomous),194000.0,275.2,0,0.171,0.431,0.301,58400.0,135600.0,0
Coimbatore,ST,1,150000.0,0,1,90.3,143.9,Tier-1 (Autonomous),177000.0,92.0,0,0.388,0.392,0.39,69000.0,108000.0,0
Villupuram,BC,0,482000.0,1,0,95.48,169.5,Tier-3 (Self-financing),81000.0,31.1,1,0.472,0.413,0.443,35800.0,45200.0,1
Madurai,BC,1,162000.0,1,0,80.35,141.3,Tier-3 (Self-financing),76000.0,84.8,0,0.262,0.524,0.393,29900.0,46100.0,1
Tiruppur,SC,1,369000.0,1,0,74.38,114.6,Tier-2 (Affiliated),118000.0,160.1,2,0.264,0.35,0.307,36300.0,81700.0,1
Nagapattinam,MBC,1,430000.0,0,1,88.46,137.2,Tier-1 (Autonomous),173000.0,23.3,5,0.394,0.408,0.401,69400.0,103600.0,1
Salem,BC,0,222000.0,0,0,82.7,135.0,Tier-2 (Affiliated),110000.0,148.8,1,0.336,0.609,0.472,51900.0,58100.0,0
Tirunelveli,OC,1,781000.0,1,0,75.89,153.1,Tier-1 (Autonomous),183000.0,40.6,0,0.512,0.389,0.451,82500.0,100500.0,1
Dindigul,MBC,1,402000.0,0,1,87.68,146.5,Tier-2 (Affiliated),97000.0,3.3,3,0.33,0.681,0.505,49000.0,48000.0,1
Kanyakumari,MBC,0,464000.0,1,0,69.9,121.9,Tier-3 (Self-financing),91000.0,48.3,1,0.346,0.492,0.419,38100.0,52900.0,1
Salem,BC,1,657000.0,0,0,71.09,147.7,Tier-2 (Affiliated),118000.0,72.6,1,0.373,0.404,0.388,45800.0,72200.0,0
Cuddalore,BC,0,384000.0,0,1,81.64,134.8,Tier-3 (Self-financing),87000.0,2.0,3,0.444,0.401,0.422,36700.0,50300.0,0
Dindigul,BC,1,567000.0,1,0,79.14,143.8,Tier-1 (Autonomous),179000.0,138.7,0,0.523,0.345,0.434,77700.0,101300.0,1
Madurai,BC,1,373000.0,0,1,84.37,142.2,Tier-3 (Self-financing),85000.0,79.3,1,0.493,0.487,0.49,41600.0,43400.0,1
Karur,MBC,1,356000.0,0,1,89.93,150.8,Tier-3 (Self-financing),96000.0,53.7,1,0.431,0.44,0.435,41800.0,54200.0,1
Virudhunagar,MBC,1,481000.0,1,0,62.48,85.5,Tier-3 (Self-financing),85000.0,27.7,1,0.192,0.428,0.31,26300.0,58700.0,1
Tiruppur,MBC,0,236000.0,0,1,78.39,108.5,Tier-1 (Autonomous),180000.0,80.8,1,0.268,0.517,0.392,70600.0,109400.0,0
Tiruchirappalli,BC,1,890000.0,0,1,97.01,147.5,Tier-1 (Autonomous),175000.0,39.3,3,0.327,0.319,0.323,56600.0,118400.0,1
Tiruchirappalli,OC,0,411000.0,0,1,72.03,128.5,Tier-2 (Affiliated),88000.0,80.8,1,0.418,0.536,0.477,42000.0,46000.0,1
Thanjavur,SC,1,387000.0,0,1,70.85,125.9,Tier-2 (Affiliated),119000.0,14.7,1,0.167,0.494,0.331,39400.0,79600.0,1
Namakkal,MBC,1,194000.0,1,0,55.59,108.9,Tier-3 (Self-financing),85000.0,147.8,0,0.245,0.463,0.354,30100.0,54900.0,1
Tiruppur,OC,1,1058000.0,0,1,79.02,126.3,Tier-2 (Affiliated),103000.0,81.0,2,0.468,0.36,0.414,42600.0,60400.0,1
Salem,BC,0,217000.0,0,0,83.81,142.2,Tier-2 (Affiliated),127000.0,17.4,3,0.264,0.323,0.293,37300.0,89700.0,1
Namakkal,SC,0,110000.0,0,0,83.79,142.2,Tier-2 (Affiliated),114000.0,30.0,1,0.433,0.558,0.496,56500.0,57500.0,0
Tirunelveli,SC,1,779000.0,1,0,67.63,106.6,Tier-3 (Self-financing),83000.0,42.4,1,0.33,0.426,0.378,31300.0,51700.0,1
Cuddalore,SC,0,286000.0,0,1,77.91,119.8,Tier-1 (Autonomous),188000.0,73.0,1,0.27,0.328,0.299,56200.0,131800.0,0
Nagapattinam,MBC,0,445000.0,1,0,80.22,106.1,Tier-3 (Self-financing),88000.0,65.0,0,0.183,0.313,0.248,21900.0,66100.0,1
Cuddalore,MBC,0,334000.0,0,1,78.52,123.3,Tier-3 (Self-financing),88000.0,24.8,2,0.193,0.459,0.326,28700.0,59300.0,1
Chennai,MBC,1,399000.0,0,1,67.05,105.7,Tier-1 (Autonomous),175000.0,6.8,2,0.228,0.42,0.324,56700.0,118300.0,0
Thoothukudi,BC,0,256000.0,1,0,78.77,143.0,Tier-3 (Self-financing),91000.0,12.0,1,0.334,0.494,0.414,37700.0,53300.0,0
Chennai,MBC,1,645000.0,0,1,69.85,130.3,Tier-2 (Affiliated),118000.0,106.1,2,0.237,0.427,0.332,39200.0,78800.0,1
Thoothukudi,MBC,1,783000.0,1,0,59.28,97.0,Tier-2 (Affiliated),105000.0,41.9,0,0.314,0.518,0.416,43700.0,61300.0,1
Chennai,BC,1,465000.0,1,0,84.81,166.6,Tier-2 (Affiliated),95000.0,8.4,3,0.411,0.429,0.42,39900.0,55100.0,1
Namakkal,SC,0,610000.0,1,0,79.4,129.9,Tier-3 (Self-financing),93000.0,98.7,1,0.387,0.478,0.433,40300.0,52700.0,1
Madurai,BC,0,268000.0,0,1,83.92,149.8,Tier-2 (Affiliated),115000.0,12.0,3,0.352,0.459,0.405,46600.0,68400.0,0
Coimbatore,OC,0,181000.0,1,0,72.66,114.8,Tier-2 (Affiliated),117000.0,124.5,2,0.34,0.545,0.443,51800.0,65200.0,1
Cuddalore,BC,1,187000.0,0,0,84.27,117.7,Tier-2 (Affiliated),110000.0,40.7,4,0.324,0.479,0.402,44200.0,65800.0,0
Karur,SC,1,124000.0,1,0,88.22,134.8,Tier-2 (Affiliated),118000.0,136.0,2,0.451,0.42,0.435,51400.0,66600.0,1
Madurai,ST,0,135000.0,0,1,95.54,175.0,Tier-1 (Autonomous),175000.0,72.0,1,0.382,0.474,0.428,74900.0,100100.0,1
Thoothukudi,MBC,0,229000.0,0,1,86.14,133.9,Tier-1 (Autonomous),179000.0,128.5,3,0.304,0.535,0.419,75000.0,104000.0,1
Erode,ST,0,246000.0,0,1,81.85,124.0,Tier-1 (Autonomous),172000.0,148.7,1,0.404,0.408,0.406,69800.0,102200.0,1
Erode,SC,0,192000.0,0,0,64.2,102.7,Tier-2 (Affiliated),119000.0,36.7,1,0.203,0.518,0.36,42900.0,76100.0,0
Tirunelveli,SC,1,501000.0,1,0,76.93,117.2,Tier-2 (Affiliated),110000.0,16.3,0,0.275,0.477,0.376,41300.0,68700.0,0
Dindigul,SC,0,200000.0,0,0,63.77,119.9,Tier-3 (Self-financing),87000.0,126.2,1,0.359,0.537,0.448,39000.0,48000.0,1
Tiruchirappalli,BC,0,301000.0,0,1,69.81,140.0,Tier-2 (Affiliated),113000.0,29.6,2,0.363,0.549,0.456,51500.0,61500.0,1
Thanjavur,SC,0,142000.0,1,0,97.55,156.2,Tier-3 (Self-financing),83000.0,25.2,1,0.452,0.684,0.568,47200.0,35800.0,0
Salem,MBC,0,569000.0,0,1,67.77,116.5,Tier-2 (Affiliated),117000.0,26.5,0,0.294,0.336,0.315,36800.0,80200.0,1
Coimbatore,SC,0,84000.0,1,0,54.57,101.9,Tier-1 (Autonomous),193000.0,25.3,2,0.225,0.502,0.364,70200.0,122800.0,0
Vellore,BC,0,353000.0,0,0,86.13,139.4,Tier-3 (Self-financing),93000.0,4.6,2,0.274,0.475,0.375,34900.0,58100.0,1
Cuddalore,SC,0,176000.0,0,1,71.27,100.9,Tier-3 (Self-financing),71000.0,56.7,2,0.211,0.474,0.343,24300.0,46700.0,1
Nagapattinam,ST,0,260000.0,0,1,85.68,130.9,Tier-2 (Affiliated),111000.0,38.4,2,0.398,0.592,0.495,54900.0,56100.0,1
Vellore,BC,1,477000.0,0,1,66.3,112.3,Tier-1 (Autonomous),181000.0,33.8,2,0.263,0.555,0.409,74100.0,106900.0,1
Erode,ST,1,274000.0,0,0,73.74,123.9,Tier-1 (Autonomous),190000.0,149.4,2,0.369,0.675,0.522,99100.0,90900.0,0
Nagapattinam,BC,0,258000.0,1,0,89.96,117.1,Tier-2 (Affiliated),106000.0,203.1,2,0.279,0.487,0.383,40600.0,65400.0,0
Cuddalore,BC,1,1039000.0,0,1,64.78,97.1,Tier-3 (Self-financing),77000.0,157.9,0,0.274,0.254,0.264,20300.0,56700.0,0
Virudhunagar,OC,0,391000.0,1,0,76.31,111.0,Tier-2 (Affiliated),117000.0,41.2,0,0.235,0.454,0.345,40300.0,76700.0,1
Villupuram,SC,1,931000.0,0,0,80.91,142.7,Tier-1 (Autonomous),180000.0,4.8,3,0.303,0.29,0.296,53300.0,126700.0,1
Virudhunagar,MBC,1,488000.0,1,0,70.81,102.8,Tier-2 (Affiliated),105000.0,57.6,0,0.325,0.52,0.422,44300.0,60700.0,0
Villupuram,BC,0,303000.0,0,1,80.42,121.8,Tier-2 (Affiliated),108000.0,67.1,3,0.234,0.55,0.392,42400.0,65600.0,1
Thanjavur,MBC,0,240000.0,0,1,78.16,117.6,Tier-1 (Autonomous),169000.0,8.0,0,0.252,0.564,0.408,69000.0,100000.0,1
Vellore,BC,1,659000.0,0,1,83.35,145.2,Tier-3 (Self-financing),86000.0,16.0,0,0.406,0.587,0.497,42700.0,43300.0,1
Erode,MBC,0,188000.0,0,1,96.42,168.8,Tier-2 (Affiliated),108000.0,103.3,0,0.344,0.514,0.429,46300.0,61700.0,1
Salem,SC,0,211000.0,1,0,99.9,167.2,Tier-3 (Self-financing),89000.0,19.8,1,0.437,0.457,0.447,39800.0,49200.0,1
Karur,MBC,1,422000.0,0,0,82.63,148.8,Tier-1 (Autonomous),178000.0,27.7,1,0.365,0.463,0.414,73700.0,104300.0,0
Karur,SC,1,377000.0,0,0,76.9,141.6,Tier-1 (Autonomous),180000.0,8.4,3,0.37,0.398,0.384,69200.0,110800.0,0
Virudhunagar,MBC,1,509000.0,1,0,82.41,104.7,Tier-2 (Affiliated),106000.0,14.1,2,0.243,0.395,0.319,33800.0,72200.0,0
Tiruchirappalli,ST,1,341000.0,0,0,75.68,130.0,Tier-2 (Affiliated),108000.0,170.9,2,0.313,0.484,0.399,43000.0,65000.0,0
Dindigul,BC,1,509000.0,0,0,62.13,93.9,Tier-2 (Affiliated),101000.0,37.4,1,0.21,0.489,0.35,35300.0,65700.0,1
Salem,BC,1,1145000.0,0,0,77.53,105.2,Tier-3 (Self-financing),93000.0,45.4,3,0.38,0.259,0.32,29700.0,63300.0,0
Kanyakumari,OC,1,795000.0,0,1,88.82,137.3,Tier-3 (Self-financing),85000.0,173.9,0,0.565,0.289,0.427,36300.0,48700.0,1
Tirunelveli,MBC,1,1761000.0,0,1,63.35,112.3,Tier-3 (Self-financing),69000.0,20.5,1,0.329,0.262,0.295,20400.0,48600.0,1
Madurai,MBC,1,432000.0,1,0,68.15,130.9,Tier-1 (Autonomous),167000.0,51.3,2,0.328,0.395,0.362,60400.0,106600.0,1
Tiruppur,SC,1,534000.0,1,0,72.18,95.3,Tier-2 (Affiliated),118000.0,57.8,4,0.156,0.457,0.307,36200.0,81800.0,1
Kanyakumari,BC,1,324000.0,1,0,81.72,140.0,Tier-2 (Affiliated),110000.0,128.5,1,0.327,0.578,0.452,49800.0,60200.0,1
Villupuram,OC,1,1361000.0,0,1,99.9,189.3,Tier-2 (Affiliated),110000.0,58.6,3,0.541,0.348,0.445,48900.0,61100.0,1
Coimbatore,MBC,1,285000.0,0,1,69.91,139.3,Tier-2 (Affiliated),110000.0,54.0,2,0.474,0.541,0.508,55900.0,54100.0,0
Erode,ST,0,217000.0,1,0,78.91,74.5,Tier-3 (Self-financing),89000.0,156.0,2,0.073,0.594,0.334,29700.0,59300.0,0
Tiruchirappalli,BC,1,418000.0,0,1,78.06,157.6,Tier-1 (Autonomous),192000.0,8.4,0,0.477,0.487,0.482,92500.0,99500.0,1
Erode,BC,0,383000.0,0,0,74.99,134.4,Tier-3 (Self-financing),89000.0,74.6,2,0.325,0.386,0.355,31600.0,57400.0,1
Namakkal,BC,0,263000.0,0,1,77.52,89.4,Tier-3 (Self-financing),87000.0,7.3,1,0.284,0.695,0.49,42600.0,44400.0,1
Tirunelveli,MBC,0,168000.0,1,0,73.35,105.9,Tier-2 (Affiliated),105000.0,43.9,1,0.236,0.552,0.394,41400.0,63600.0,0
Coimbatore,BC,1,416000.0,0,0,99.9,178.7,Tier-1 (Autonomous),168000.0,11.4,1,0.462,0.506,0.484,81300.0,86700.0,1
Namakkal,BC,1,1128000.0,1,0,85.5,142.2,Tier-2 (Affiliated),114000.0,5.3,1,0.338,0.343,0.341,38800.0,75200.0,1
Coimbatore,MBC,0,336000.0,0,1,73.44,108.9,Tier-1 (Autonomous),184000.0,7.7,2,0.415,0.348,0.381,70200.0,113800.0,1
Salem,BC,0,147000.0,1,0,89.84,144.7,Tier-3 (Self-financing),94000.0,68.0,1,0.399,0.451,0.425,39900.0,54100.0,0
Chennai,BC,0,546000.0,0,1,80.57,137.1,Tier-2 (Affiliated),124000.0,43.7,1,0.463,0.574,0.518,64300.0,59700.0,1
Coimbatore,OC,0,239000.0,1,0,78.58,117.0,Tier-2 (Affiliated),101000.0,43.3,4,0.332,0.349,0.341,34400.0,66600.0,0
Thanjavur,ST,0,254000.0,0,1,76.18,120.0,Tier-2 (Affiliated),105000.0,54.2,0,0.364,0.491,0.427,44800.0,60200.0,0
Kanyakumari,BC,1,655000.0,1,0,75.5,134.3,Tier-1 (Autonomous),185000.0,4.9,1,0.336,0.443,0.389,72000.0,113000.0,1
Nagapattinam,BC,0,420000.0,0,1,65.8,94.8,Tier-2 (Affiliated),110000.0,295.3,1,0.217,0.439,0.328,36100.0,73900.0,1
Coimbatore,OC,0,1081000.0,1,0,61.26,77.7,Tier-3 (Self-financing),97000.0,2.0,0,0.081,0.5,0.29,28200.0,68800.0,1
Chennai,MBC,0,165000.0,1,0,81.71,121.2,Tier-2 (Affiliated),108000.0,70.3,2,0.239,0.394,0.317,34200.0,73800.0,0
Erode,SC,1,441000.0,1,0,76.08,108.4,Tier-1 (Autonomous),196000.0,2.0,3,0.255,0.405,0.33,64700.0,131300.0,1
Cuddalore,OC,1,1260000.0,0,1,86.77,129.8,Tier-2 (Affiliated),110000.0,9.5,2,0.322,0.329,0.325,35800.0,74200.0,1
Karur,BC,0,210000.0,0,0,69.1,84.6,Tier-2 (Affiliated),123000.0,93.6,0,0.178,0.54,0.359,44200.0,78800.0,1
Virudhunagar,BC,0,198000.0,1,0,67.02,110.8,Tier-2 (Affiliated),91000.0,3.2,2,0.344,0.519,0.432,39300.0,51700.0,1
Erode,MBC,1,359000.0,1,0,85.76,150.2,Tier-2 (Affiliated),114000.0,39.4,1,0.57,0.501,0.535,61000.0,53000.0,0
Tiruchirappalli,ST,0,202000.0,0,1,75.05,107.9,Tier-2 (Affiliated),110000.0,93.7,1,0.193,0.459,0.326,35900.0,74100.0,0
Chennai,MBC,1,193000.0,0,1,86.56,128.7,Tier-2 (Affiliated),93000.0,47.6,0,0.376,0.485,0.43,40000.0,53000.0,0
Madurai,BC,1,654000.0,0,0,78.33,122.5,Tier-2 (Affiliated),110000.0,6.8,3,0.276,0.338,0.307,33800.0,76200.0,1
Coimbatore,SC,1,145000.0,0,0,96.78,141.2,Tier-2 (Affiliated),100000.0,53.6,2,0.257,0.553,0.405,40500.0,59500.0,0
Kanyakumari,SC,1,642000.0,0,0,85.56,151.7,Tier-2 (Affiliated),106000.0,163.9,2,0.615,0.288,0.452,47900.0,58100.0,1
Tirunelveli,BC,0,397000.0,1,0,82.1,118.0,Tier-2 (Affiliated),112000.0,2.0,2,0.302,0.363,0.332,37200.0,74800.0,0
Virudhunagar,BC,0,856000.0,0,0,86.0,129.7,Tier-1 (Autonomous),179000.0,8.5,0,0.318,0.452,0.385,69000.0,110000.0,1
Tiruppur,BC,0,432000.0,1,0,75.27,109.0,Tier-3 (Self-financing),88000.0,46.0,2,0.347,0.418,0.382,33700.0,54300.0,1
Namakkal,SC,0,165000.0,1,0,61.57,113.6,Tier-1 (Autonomous),181000.0,51.9,1,0.484,0.71,0.597,108100.0,72900.0,1
Dindigul,MBC,0,168000.0,0,1,81.61,127.1,Tier-2 (Affiliated),129000.0,41.1,2,0.364,0.48,0.422,54400.0,74600.0,0
Virudhunagar,MBC,1,479000.0,0,1,97.42,185.8,Tier-3 (Self-financing),87000.0,3.3,2,0.7,0.419,0.56,48700.0,38300.0,1
Chennai,SC,1,310000.0,0,1,55.1,93.5,Tier-3 (Self-financing),86000.0,10.4,2,0.22,0.595,0.407,35000.0,51000.0,1
Coimbatore,BC,0,574000.0,0,1,82.69,149.7,Tier-3 (Self-financing),88000.0,29.2,1,0.501,0.516,0.508,44700.0,43300.0,1
Thanjavur,BC,1,290000.0,1,0,62.65,95.4,Tier-2 (Affiliated),110000.0,40.0,4,0.163,0.477,0.32,35200.0,74800.0,1
Vellore,OC,0,1185000.0,1,0,77.77,110.3,Tier-2 (Affiliated),97000.0,196.9,2,0.217,0.31,0.264,25600.0,71400.0,1
Namakkal,SC,0,393000.0,0,0,78.79,125.6,Tier-3 (Self-financing),91000.0,73.1,5,0.36,0.553,0.456,41500.0,49500.0,1
Karur,MBC,0,232000.0,1,0,85.47,126.6,Tier-3 (Self-financing),95000.0,62.9,1,0.445,0.521,0.483,45800.0,49200.0,1
Tiruppur,BC,1,1298000.0,0,0,80.1,98.2,Tier-3 (Self-financing),97000.0,15.1,1,0.199,0.269,0.234,22700.0,74300.0,1
Tirunelveli,OC,1,410000.0,0,1,91.74,162.0,Tier-2 (Affiliated),116000.0,46.7,1,0.538,0.455,0.497,57600.0,58400.0,0
Erode,SC,1,353000.0,1,0,89.66,143.9,Tier-2 (Affiliated),108000.0,44.4,1,0.43,0.639,0.535,57700.0,50300.0,1
Nagapattinam,SC,0,97000.0,0,1,76.03,111.1,Tier-1 (Autonomous),182000.0,60.0,1,0.263,0.506,0.384,69900.0,112100.0,0
Salem,MBC,0,718000.0,0,0,88.94,147.9,Tier-1 (Autonomous),194000.0,19.2,4,0.473,0.384,0.428,83100.0,110900.0,1
Namakkal,BC,1,195000.0,0,0,74.87,120.5,Tier-3 (Self-financing),83000.0,73.0,0,0.255,0.509,0.382,31700.0,51300.0,0
Namakkal,ST,0,77000.0,0,1,73.15,138.2,Tier-3 (Self-financing),75000.0,49.7,1,0.463,0.54,0.501,37600.0,37400.0,0
Nagapattinam,SC,0,138000.0,0,0,65.96,112.0,Tier-2 (Affiliated),128000.0,58.4,0,0.27,0.464,0.367,47000.0,81000.0,0
Karur,MBC,0,538000.0,1,0,91.12,143.4,Tier-1 (Autonomous),172000.0,37.0,1,0.458,0.572,0.515,88600.0,83400.0,1
Dindigul,MBC,0,440000.0,0,1,75.0,130.4,Tier-2 (Affiliated),97000.0,7.7,3,0.371,0.435,0.403,39100.0,57900.0,0
Erode,ST,1,292000.0,1,0,53.78,85.5,Tier-1 (Autonomous),183000.0,60.6,3,0.203,0.533,0.368,67300.0,115700.0,0
Vellore,ST,0,296000.0,0,1,83.42,136.2,Tier-3 (Self-financing),88000.0,9.1,0,0.104,0.624,0.364,32000.0,56000.0,0
Thanjavur,MBC,1,394000.0,0,1,73.66,136.2,Tier-1 (Autonomous),184000.0,33.7,2,0.329,0.446,0.388,71400.0,112600.0,0
Salem,BC,1,609000.0,1,0,75.01,102.5,Tier-1 (Autonomous),187000.0,16.5,3,0.176,0.463,0.32,59800.0,127200.0,1
Theni,BC,0,742000.0,1,0,75.66,108.1,Tier-2 (Affiliated),109000.0,52.5,3,0.32,0.307,0.313,34200.0,74800.0,0
Salem,SC,0,170000.0,1,0,74.63,113.1,Tier-2 (Affiliated),109000.0,61.5,3,0.275,0.455,0.365,39800.0,69200.0,0
Theni,MBC,1,276000.0,0,0,99.9,155.7,Tier-3 (Self-financing),80000.0,66.1,2,0.31,0.508,0.409,32700.0,47300.0,0
Nagapattinam,OC,1,816000.0,0,1,94.63,168.8,Tier-2 (Affiliated),111000.0,47.9,3,0.535,0.359,0.447,49600.0,61400.0,1
Thoothukudi,BC,1,726000.0,1,0,84.99,114.8,Tier-3 (Self-financing),89000.0,16.4,1,0.286,0.469,0.378,33600.0,55400.0,0
Madurai,ST,0,180000.0,1,0,80.41,128.2,Tier-2 (Affiliated),117000.0,14.5,2,0.342,0.475,0.408,47800.0,69200.0,1
Nagapattinam,SC,1,547000.0,1,0,89.29,134.6,Tier-1 (Autonomous),173000.0,22.2,1,0.406,0.423,0.415,71700.0,101300.0,1
Coimbatore,ST,1,244000.0,0,0,80.44,154.2,Tier-1 (Autonomous),170000.0,36.6,0,0.459,0.454,0.456,77600.0,92400.0,0
Erode,MBC,0,279000.0,0,1,86.16,151.1,Tier-2 (Affiliated),117000.0,42.8,1,0.588,0.586,0.587,68700.0,48300.0,1
Tiruchirappalli,SC,1,387000.0,0,0,83.58,137.3,Tier-2 (Affiliated),106000.0,42.0,1,0.452,0.46,0.456,48300.0,57700.0,1
Tiruchirappalli,SC,1,369000.0,0,1,79.28,141.4,Tier-2 (Affiliated),102000.0,11.7,2,0.399,0.428,0.413,42100.0,59900.0,0
Tiruchirappalli,BC,1,1173000.0,0,1,87.4,120.0,Tier-1 (Autonomous),165000.0,36.9,0,0.344,0.252,0.298,49200.0,115800.0,1
Chennai,BC,0,366000.0,0,0,73.8,148.5,Tier-1 (Autonomous),191000.0,4.8,2,0.401,0.393,0.397,75800.0,115200.0,0
Virudhunagar,ST,0,143000.0,0,0,78.58,113.1,Tier-1 (Autonomous),182000.0,130.4,2,0.254,0.579,0.416,75800.0,106200.0,0
Coimbatore,OC,0,521000.0,1,0,68.21,128.0,Tier-3 (Self-financing),89000.0,70.3,1,0.417,0.443,0.43,38200.0,50800.0,1
Vellore,MBC,1,732000.0,1,0,69.36,119.3,Tier-2 (Affiliated),113000.0,30.5,1,0.444,0.643,0.544,61500.0,51500.0,1
Cuddalore,MBC,0,398000.0,1,0,52.71,88.3,Tier-1 (Autonomous),182000.0,93.9,2,0.193,0.43,0.311,56600.0,125400.0,0
Thoothukudi,MBC,0,386000.0,0,1,82.57,150.3,Tier-2 (Affiliated),110000.0,96.0,1,0.468,0.351,0.41,45100.0,64900.0,0
Kanyakumari,BC,1,212000.0,0,0,85.32,151.5,Tier-3 (Self-financing),84000.0,120.7,4,0.356,0.493,0.424,35600.0,48400.0,1
Madurai,SC,0,60000.0,1,0,88.85,143.8,Tier-1 (Autonomous),172000.0,57.3,2,0.453,0.72,0.587,100900.0,71100.0,0
Thoothukudi,BC,1,974000.0,0,1,66.98,100.8,Tier-1 (Autonomous),166000.0,39.4,1,0.176,0.388,0.282,46800.0,119200.0,1
Cuddalore,SC,0,248000.0,1,0,82.4,133.7,Tier-2 (Affiliated),128000.0,81.5,1,0.382,0.496,0.439,56200.0,71800.0,0
Tiruchirappalli,BC,1,477000.0,0,1,77.99,123.2,Tier-2 (Affiliated),110000.0,80.4,0,0.365,0.415,0.39,42900.0,67100.0,1
Thanjavur,MBC,0,381000.0,1,0,85.38,141.9,Tier-1 (Autonomous),176000.0,2.0,0,0.501,0.45,0.475,83700.0,92300.0,1
Villupuram,SC,1,909000.0,0,1,71.49,129.7,Tier-3 (Self-financing),79000.0,82.7,2,0.187,0.468,0.328,25900.0,53100.0,1
Vellore,BC,1,1051000.0,1,0,74.64,126.5,Tier-3 (Self-financing),93000.0,13.4,1,0.469,0.278,0.373,34700.0,58300.0,1
Tiruchirappalli,BC,0,508000.0,1,0,62.47,102.7,Tier-3 (Self-financing),86000.0,73.3,5,0.354,0.453,0.404,34700.0,51300.0,1
Kanyakumari,SC,0,120000.0,0,1,70.83,103.5,Tier-3 (Self-financing),78000.0,32.4,1,0.302,0.539,0.42,32800.0,45200.0,0
Thoothukudi,OC,0,257000.0,1,0,78.03,129.7,Tier-1 (Autonomous),178000.0,38.5,0,0.327,0.501,0.414,73700.0,104300.0,0
Thoothukudi,BC,1,130000.0,1,0,79.74,102.1,Tier-3 (Self-financing),87000.0,6.2,1,0.34,0.5,0.42,36500.0,50500.0,0
Thoothukudi,MBC,0,368000.0,1,0,61.14,85.9,Tier-3 (Self-financing),82000.0,39.5,0,0.349,0.362,0.355,29100.0,52900.0,1
Kanyakumari,ST,0,311000.0,0,1,72.89,125.7,Tier-2 (Affiliated),117000.0,25.7,2,0.317,0.507,0.412,48200.0,68800.0,1
Dindigul,MBC,0,500000.0,0,0,79.6,140.6,Tier-3 (Self-financing),102000.0,49.4,2,0.507,0.43,0.469,47800.0,54200.0,1
Tiruchirappalli,BC,1,700000.0,1,0,92.08,147.0,Tier-3 (Self-financing),82000.0,207.9,1,0.492,0.512,0.502,41200.0,40800.0,0
Theni,ST,1,251000.0,1,0,69.55,114.3,Tier-2 (Affiliated),108000.0,113.5,2,0.398,0.487,0.443,47800.0,60200.0,0
Salem,MBC,0,191000.0,1,0,82.9,138.2,Tier-2 (Affiliated),103000.0,39.8,2,0.445,0.509,0.477,49100.0,53900.0,0
Dindigul,MBC,1,267000.0,0,0,72.38,126.0,Tier-3 (Self-financing),84000.0,38.8,2,0.341,0.51,0.426,35800.0,48200.0,1
Cuddalore,BC,1,441000.0,1,0,73.54,114.6,Tier-2 (Affiliated),94000.0,36.4,0,0.205,0.502,0.353,33200.0,60800.0,1
Villupuram,BC,1,282000.0,1,0,69.22,96.0,Tier-2 (Affiliated),119000.0,13.4,3,0.195,0.351,0.273,32500.0,86500.0,0
Tirunelveli,BC,1,1269000.0,1,0,67.56,113.9,Tier-1 (Autonomous),169000.0,3.0,3,0.352,0.326,0.339,57300.0,111700.0,1
Tirunelveli,MBC,0,127000.0,1,0,73.25,146.6,Tier-1 (Autonomous),174000.0,76.4,2,0.396,0.39,0.393,68400.0,105600.0,1
Karur,OC,1,565000.0,0,1,88.48,127.7,Tier-1 (Autonomous),181000.0,35.1,2,0.193,0.41,0.301,54600.0,126400.0,0
Chennai,MBC,1,145000.0,1,0,70.45,110.8,Tier-2 (Affiliated),121000.0,25.1,5,0.238,0.573,0.406,49100.0,71900.0,0
Tiruppur,BC,1,569000.0,1,0,68.89,104.4,Tier-1 (Autonomous),173000.0,14.9,2,0.174,0.604,0.389,67300.0,105700.0,1
Karur,BC,0,299000.0,0,1,80.09,164.3,Tier-1 (Autonomous),179000.0,4.1,1,0.495,0.412,0.454,81200.0,97800.0,0
Tiruppur,BC,0,246000.0,0,1,78.05,110.5,Tier-3 (Self-financing),87000.0,125.1,1,0.354,0.435,0.395,34300.0,52700.0,1
Vellore,MBC,1,251000.0,1,0,77.32,121.3,Tier-2 (Affiliated),105000.0,4.8,1,0.34,0.366,0.353,37100.0,67900.0,1
Virudhunagar,SC,0,195000.0,0,0,80.54,123.4,Tier-3 (Self-financing),84000.0,249.3,0,0.212,0.454,0.333,28000.0,56000.0,1
Vellore,BC,1,358000.0,0,1,67.9,89.8,Tier-1 (Autonomous),167000.0,70.4,1,0.181,0.663,0.422,70500.0,96500.0,0
Karur,BC,0,277000.0,1,0,69.01,90.8,Tier-2 (Affiliated),106000.0,236.8,1,0.132,0.369,0.25,26500.0,79500.0,0
Dindigul,BC,1,1417000.0,1,0,87.86,149.1,Tier-3 (Self-financing),95000.0,2.0,1,0.41,0.024,0.217,20600.0,74400.0,1
Chennai,SC,0,214000.0,1,0,76.54,133.1,Tier-3 (Self-financing),92000.0,30.5,1,0.426,0.579,0.502,46200.0,45800.0,1
Namakkal,BC,0,401000.0,0,0,83.96,125.9,Tier-3 (Self-financing),81000.0,74.9,1,0.347,0.54,0.444,35900.0,45100.0,1
Chennai,SC,0,151000.0,0,1,90.24,165.5,Tier-3 (Self-financing),77000.0,141.0,1,0.482,0.524,0.503,38700.0,38300.0,1
Villupuram,BC,1,314000.0,0,1,86.46,104.6,Tier-1 (Autonomous),178000.0,65.5,0,0.391,0.499,0.445,79200.0,98800.0,0
Theni,BC,1,477000.0,0,1,64.3,84.0,Tier-2 (Affiliated),98000.0,23.3,1,0.12,0.519,0.32,31400.0,66600.0,1
Vellore,SC,1,1249000.0,1,0,76.84,110.6,Tier-3 (Self-financing),83000.0,60.5,1,0.375,0.37,0.373,30900.0,52100.0,0
Dindigul,MBC,1,359000.0,0,1,88.41,141.3,Tier-2 (Affiliated),107000.0,2.4,3,0.37,0.398,0.384,41100.0,65900.0,1
Theni,OC,1,769000.0,0,0,83.23,126.4,Tier-1 (Autonomous),176000.0,15.6,2,0.542,0.299,0.421,74100.0,101900.0,1
Tirunelveli,ST,1,173000.0,1,0,79.84,124.7,Tier-1 (Autonomous),179000.0,57.2,2,0.358,0.436,0.397,71000.0,108000.0,0
Tirunelveli,BC,1,106000.0,0,1,61.6,105.8,Tier-3 (Self-financing),89000.0,69.2,2,0.125,0.468,0.296,26400.0,62600.0,0
Thanjavur,BC,1,313000.0,0,1,71.83,136.8,Tier-1 (Autonomous),172000.0,54.7,3,0.348,0.547,0.447,76900.0,95100.0,0
Tirunelveli,BC,1,1789000.0,0,1,78.69,137.9,Tier-2 (Affiliated),118000.0,13.6,0,0.28,0.284,0.282,33300.0,84700.0,1
Nagapattinam,MBC,0,361000.0,0,1,63.74,102.8,Tier-1 (Autonomous),189000.0,119.3,3,0.429,0.452,0.44,83200.0,105800.0,1
Madurai,SC,1,777000.0,0,1,85.94,136.3,Tier-2 (Affiliated),128000.0,85.6,0,0.319,0.42,0.37,47300.0,80700.0,1
Virudhunagar,OC,0,322000.0,1,0,76.82,139.4,Tier-2 (Affiliated),112000.0,36.3,1,0.487,0.48,0.483,54100.0,57900.0,1
Erode,ST,0,60000.0,1,0,58.2,121.4,Tier-1 (Autonomous),192000.0,136.9,1,0.4,0.471,0.436,83600.0,108400.0,0
Tiruppur,MBC,1,228000.0,1,0,72.33,125.3,Tier-3 (Self-financing),93000.0,43.3,1,0.244,0.435,0.339,31600.0,61400.0,0
Tiruchirappalli,ST,1,340000.0,1,0,75.14,112.9,Tier-1 (Autonomous),182000.0,82.6,0,0.172,0.489,0.33,60100.0,121900.0,0
Vellore,SC,0,222000.0,0,1,76.7,126.6,Tier-3 (Self-financing),75000.0,32.4,1,0.421,0.567,0.494,37000.0,38000.0,0
Nagapattinam,ST,0,168000.0,1,0,92.2,156.2,Tier-2 (Affiliated),117000.0,44.2,2,0.419,0.55,0.484,56700.0,60300.0,0
Tirunelveli,MBC,1,314000.0,0,1,83.78,125.7,Tier-2 (Affiliated),112000.0,61.4,1,0.339,0.472,0.406,45500.0,66500.0,1
Madurai,BC,0,501000.0,0,1,64.35,115.9,Tier-2 (Affiliated),124000.0,15.7,2,0.317,0.563,0.44,54600.0,69400.0,0
Namakkal,MBC,0,197000.0,0,0,63.1,104.9,Tier-2 (Affiliated),116000.0,9.7,2,0.031,0.636,0.334,38700.0,77300.0,0
Tiruchirappalli,MBC,1,497000.0,0,1,75.33,138.0,Tier-1 (Autonomous),188000.0,67.1,1,0.376,0.332,0.354,66500.0,121500.0,0
Erode,MBC,1,468000.0,0,0,79.26,112.2,Tier-2 (Affiliated),105000.0,65.8,1,0.382,0.363,0.373,39100.0,65900.0,0
Dindigul,SC,1,257000.0,0,1,87.92,114.5,Tier-2 (Affiliated),112000.0,224.2,0,0.158,0.384,0.271,30300.0,81700.0,0
Tiruppur,OC,1,388000.0,0,1,95.3,146.6,Tier-1 (Autonomous),165000.0,66.7,3,0.477,0.546,0.512,84400.0,80600.0,1
Theni,SC,0,154000.0,0,1,95.84,153.7,Tier-3 (Self-financing),89000.0,84.2,2,0.419,0.497,0.458,40800.0,48200.0,0
Cuddalore,BC,0,838000.0,0,1,73.58,90.7,Tier-2 (Affiliated),120000.0,243.9,1,0.123,0.391,0.257,30800.0,89200.0,1
Virudhunagar,ST,1,503000.0,1,0,87.35,130.6,Tier-2 (Affiliated),121000.0,70.3,1,0.383,0.5,0.441,53400.0,67600.0,1
Coimbatore,BC,1,847000.0,0,1,82.26,150.9,Tier-1 (Autonomous),177000.0,8.8,2,0.425,0.383,0.404,71600.0,105400.0,0
Vellore,BC,0,194000.0,1,0,67.09,115.3,Tier-1 (Autonomous),165000.0,5.2,0,0.41,0.461,0.435,71800.0,93200.0,0
Chennai,SC,0,88000.0,0,1,59.12,96.7,Tier-2 (Affiliated),106000.0,133.9,2,0.191,0.445,0.318,33700.0,72300.0,0
Chennai,SC,0,356000.0,0,0,79.44,111.3,Tier-2 (Affiliated),109000.0,35.2,2,0.39,0.461,0.426,46400.0,62600.0,1
Salem,SC,0,321000.0,1,0,63.05,119.6,Tier-1 (Autonomous),183000.0,84.7,1,0.313,0.551,0.432,79100.0,103900.0,0
Tiruppur,ST,0,182000.0,1,0,69.49,104.9,Tier-2 (Affiliated),94000.0,85.5,0,0.299,0.379,0.339,31900.0,62100.0,0
Kanyakumari,BC,0,244000.0,0,1,71.15,115.3,Tier-1 (Autonomous),179000.0,171.3,0,0.273,0.463,0.368,65900.0,113100.0,0
Nagapattinam,SC,1,141000.0,0,1,80.19,134.4,Tier-3 (Self-financing),77000.0,64.5,1,0.292,0.368,0.33,25400.0,51600.0,1
Theni,BC,0,482000.0,1,0,90.81,147.9,Tier-2 (Affiliated),122000.0,157.4,1,0.492,0.529,0.51,62300.0,59700.0,1
Nagapattinam,MBC,1,806000.0,0,1,78.13,147.4,Tier-3 (Self-financing),66000.0,44.8,1,0.411,0.259,0.335,22100.0,43900.0,1
Tiruchirappalli,MBC,1,289000.0,0,1,72.61,124.8,Tier-2 (Affiliated),118000.0,4.7,1,0.308,0.365,0.337,39700.0,78300.0,0
Virudhunagar,OC,1,414000.0,0,1,57.32,96.8,Tier-2 (Affiliated),109000.0,2.1,5,0.315,0.536,0.426,46400.0,62600.0,1
Kanyakumari,MBC,1,831000.0,1,0,82.58,130.8,Tier-2 (Affiliated),94000.0,55.5,0,0.476,0.336,0.406,38100.0,55900.0,1
Coimbatore,SC,0,137000.0,0,1,78.29,131.7,Tier-2 (Affiliated),123000.0,210.3,1,0.316,0.378,0.347,42700.0,80300.0,0
Dindigul,BC,0,795000.0,1,0,72.5,112.9,Tier-2 (Affiliated),121000.0,71.0,2,0.424,0.437,0.43,52100.0,68900.0,0
Virudhunagar,ST,1,257000.0,1,0,89.66,146.3,Tier-3 (Self-financing),95000.0,90.5,2,0.348,0.509,0.428,40700.0,54300.0,0
Dindigul,MBC,0,210000.0,1,0,66.09,100.6,Tier-2 (Affiliated),111000.0,2.6,2,0.266,0.664,0.465,51600.0,59400.0,0
Virudhunagar,BC,0,307000.0,0,1,71.15,106.3,Tier-1 (Autonomous),175000.0,79.5,1,0.338,0.392,0.365,63900.0,111100.0,0
Villupuram,MBC,0,210000.0,1,0,75.55,107.1,Tier-3 (Self-financing),86000.0,43.6,2,0.0,0.43,0.215,18500.0,67500.0,0
Dindigul,BC,1,897000.0,0,1,72.38,111.7,Tier-1 (Autonomous),184000.0,33.2,2,0.21,0.315,0.262,48300.0,135700.0,1
Coimbatore,OC,0,635000.0,0,0,83.51,128.6,Tier-3 (Self-financing),81000.0,92.2,0,0.314,0.504,0.409,33100.0,47900.0,1
Erode,MBC,1,764000.0,0,0,82.64,159.7,Tier-3 (Self-financing),78000.0,55.8,0,0.479,0.242,0.36,28100.0,49900.0,1
Salem,OC,0,432000.0,1,0,88.51,156.5,Tier-3 (Self-financing),89000.0,5.4,2,0.446,0.436,0.441,39300.0,49700.0,1
Dindigul,OC,1,490000.0,1,0,83.02,130.8,Tier-1 (Autonomous),182000.0,14.0,4,0.158,0.473,0.316,57400.0,124600.0,0
Tiruppur,SC,0,194000.0,1,0,76.85,116.6,Tier-2 (Affiliated),117000.0,18.8,2,0.274,0.605,0.44,51400.0,65600.0,0
Dindigul,OC,1,498000.0,0,0,74.6,128.6,Tier-2 (Affiliated),122000.0,75.5,2,0.222,0.381,0.302,36800.0,85200.0,1
Tiruchirappalli,SC,1,706000.0,1,0,82.55,161.2,Tier-2 (Affiliated),117000.0,65.4,2,0.413,0.432,0.423,49500.0,67500.0,1
Erode,SC,0,338000.0,1,0,76.1,133.7,Tier-3 (Self-financing),76000.0,49.8,3,0.338,0.431,0.384,29200.0,46800.0,0
Cuddalore,BC,0,284000.0,1,0,78.47,99.8,Tier-2 (Affiliated),110000.0,78.5,1,0.263,0.393,0.328,36100.0,73900.0,0
Chennai,MBC,1,252000.0,1,0,83.1,145.9,Tier-2 (Affiliated),113000.0,2.0,1,0.372,0.489,0.431,48700.0,64300.0,1
Salem,OC,1,1470000.0,0,0,79.39,142.6,Tier-1 (Autonomous),186000.0,17.3,1,0.399,0.237,0.318,59100.0,126900.0,1
Kanyakumari,MBC,0,280000.0,1,0,81.09,162.7,Tier-2 (Affiliated),117000.0,20.0,0,0.424,0.533,0.478,56000.0,61000.0,0
Coimbatore,OC,0,363000.0,1,0,70.09,108.4,Tier-2 (Affiliated),110000.0,9.5,0,0.302,0.634,0.468,51500.0,58500.0,1
Thanjavur,ST,0,396000.0,1,0,91.5,148.5,Tier-2 (Affiliated),106000.0,5.5,0,0.313,0.505,0.409,43300.0,62700.0,1
Salem,BC,0,226000.0,0,0,66.93,113.8,Tier-2 (Affiliated),118000.0,16.1,0,0.289,0.502,0.396,46700.0,71300.0,1
Madurai,MBC,0,218000.0,0,0,82.39,120.4,Tier-2 (Affiliated),113000.0,3.2,1,0.227,0.548,0.387,43800.0,69200.0,1
Thanjavur,BC,0,263000.0,0,1,73.14,104.2,Tier-3 (Self-financing),87000.0,48.9,1,0.229,0.436,0.332,28900.0,58100.0,0
Namakkal,BC,0,145000.0,0,1,88.82,148.1,Tier-1 (Autonomous),174000.0,2.0,3,0.432,0.581,0.507,88200.0,85800.0,1
Tiruchirappalli,MBC,1,500000.0,0,0,86.84,115.8,Tier-2 (Affiliated),127000.0,8.8,1,0.23,0.396,0.313,39700.0,87300.0,0
Coimbatore,MBC,1,276000.0,1,0,77.98,105.0,Tier-3 (Self-financing),87000.0,66.7,0,0.253,0.518,0.386,33600.0,53400.0,0
Madurai,ST,1,199000.0,0,1,93.55,161.9,Tier-3 (Self-financing),84000.0,62.2,0,0.436,0.489,0.463,38900.0,45100.0,1
Cuddalore,OC,1,428000.0,0,0,76.13,129.3,Tier-2 (Affiliated),112000.0,37.1,1,0.514,0.441,0.477,53500.0,58500.0,1
Kanyakumari,OC,1,456000.0,0,1,86.82,157.7,Tier-2 (Affiliated),109000.0,41.2,4,0.477,0.584,0.531,57900.0,51100.0,1
Tiruchirappalli,BC,0,188000.0,0,1,70.74,120.1,Tier-3 (Self-financing),75000.0,101.9,1,0.356,0.438,0.397,29800.0,45200.0,0
Erode,BC,1,553000.0,0,0,82.05,131.4,Tier-2 (Affiliated),112000.0,4.3,2,0.286,0.476,0.381,42700.0,69300.0,1
Erode,SC,0,179000.0,1,0,68.68,129.2,Tier-2 (Affiliated),98000.0,8.8,4,0.148,0.477,0.312,30600.0,67400.0,1
Vellore,ST,1,280000.0,1,0,78.19,118.8,Tier-1 (Autonomous),181000.0,72.8,1,0.263,0.563,0.413,74800.0,106200.0,1
Salem,SC,1,1150000.0,0,1,77.49,119.0,Tier-3 (Self-financing),72000.0,30.3,1,0.182,0.215,0.199,14300.0,57700.0,1
Coimbatore,BC,1,443000.0,0,1,86.79,137.9,Tier-2 (Affiliated),93000.0,147.5,4,0.397,0.432,0.415,38500.0,54500.0,1
Namakkal,BC,0,417000.0,1,0,71.29,120.8,Tier-2 (Affiliated),115000.0,61.5,0,0.34,0.391,0.365,42000.0,73000.0,1
Vellore,SC,1,468000.0,0,1,99.9,158.8,Tier-3 (Self-financing),76000.0,64.1,1,0.469,0.58,0.525,39900.0,36100.0,1
Erode,BC,0,289000.0,1,0,64.18,80.4,Tier-2 (Affiliated),113000.0,4.4,2,0.17,0.593,0.381,43100.0,69900.0,1
Tirunelveli,MBC,0,302000.0,1,0,80.33,124.5,Tier-2 (Affiliated),111000.0,14.1,2,0.26,0.43,0.345,38300.0,72700.0,1
Villupuram,BC,0,302000.0,1,0,80.88,128.9,Tier-2 (Affiliated),111000.0,29.4,1,0.288,0.395,0.342,37900.0,73100.0,0
Theni,BC,0,334000.0,0,0,83.38,135.1,Tier-3 (Self-financing),80000.0,54.4,1,0.402,0.445,0.423,33900.0,46100.0,0
Thanjavur,SC,1,228000.0,1,0,72.85,109.8,Tier-3 (Self-financing),84000.0,20.3,1,0.439,0.566,0.502,42200.0,41800.0,1
Salem,BC,0,228000.0,1,0,80.42,136.3,Tier-3 (Self-financing),80000.0,2.0,2,0.392,0.525,0.459,36700.0,43300.0,0
Virudhunagar,ST,0,171000.0,0,1,72.36,91.6,Tier-3 (Self-financing),93000.0,10.1,2,0.244,0.483,0.364,33800.0,59200.0,1
Kanyakumari,BC,1,163000.0,0,1,96.73,161.0,Tier-2 (Affiliated),106000.0,35.1,1,0.612,0.606,0.609,64600.0,41400.0,1
Chennai,OC,1,1434000.0,0,1,71.65,141.5,Tier-3 (Self-financing),83000.0,14.9,0,0.39,0.295,0.342,28400.0,54600.0,1
Villupuram,BC,0,981000.0,0,1,76.52,113.3,Tier-2 (Affiliated),116000.0,2.6,3,0.217,0.287,0.252,29200.0,86800.0,1
Cuddalore,BC,1,530000.0,1,0,71.37,115.1,Tier-3 (Self-financing),80000.0,131.6,1,0.328,0.278,0.303,24300.0,55700.0,1
Coimbatore,MBC,1,606000.0,0,0,70.0,108.3,Tier-2 (Affiliated),96000.0,156.5,2,0.407,0.594,0.501,48100.0,47900.0,1
Nagapattinam,OC,1,1142000.0,0,1,63.99,98.9,Tier-2 (Affiliated),102000.0,23.9,0,0.313,0.302,0.308,31400.0,70600.0,1
Madurai,MBC,1,203000.0,0,1,84.72,120.1,Tier-1 (Autonomous),188000.0,8.5,0,0.334,0.319,0.326,61300.0,126700.0,0
Coimbatore,SC,1,525000.0,1,0,71.27,143.9,Tier-2 (Affiliated),111000.0,50.6,1,0.248,0.47,0.359,39800.0,71200.0,1
Madurai,BC,0,236000.0,1,0,70.03,117.8,Tier-2 (Affiliated),112000.0,22.2,0,0.186,0.369,0.277,31100.0,80900.0,0
Dindigul,BC,1,1703000.0,1,0,68.37,99.3,Tier-2 (Affiliated),112000.0,45.0,1,0.271,0.318,0.295,33000.0,79000.0,1
Theni,BC,0,270000.0,1,0,81.04,117.9,Tier-2 (Affiliated),124000.0,25.5,2,0.282,0.594,0.438,54300.0,69700.0,0
Thanjavur,SC,1,519000.0,0,1,78.22,126.1,Tier-3 (Self-financing),68000.0,19.6,0,0.331,0.429,0.38,25900.0,42100.0,1
Madurai,MBC,0,236000.0,1,0,78.26,92.7,Tier-3 (Self-financing),84000.0,126.2,1,0.299,0.415,0.357,30000.0,54000.0,0
Tiruchirappalli,OC,0,1305000.0,0,1,70.39,128.4,Tier-2 (Affiliated),110000.0,26.1,0,0.247,0.333,0.29,31900.0,78100.0,0
Kanyakumari,MBC,1,317000.0,0,1,82.35,124.1,Tier-3 (Self-financing),85000.0,4.2,1,0.282,0.584,0.433,36800.0,48200.0,1
Thoothukudi,MBC,1,797000.0,1,0,71.38,120.0,Tier-2 (Affiliated),116000.0,48.0,1,0.414,0.385,0.4,46300.0,69700.0,0
Nagapattinam,BC,0,422000.0,1,0,78.7,132.5,Tier-2 (Affiliated),117000.0,140.9,0,0.261,0.437,0.349,40900.0,76100.0,1
Madurai,OC,0,487000.0,1,0,76.6,137.0,Tier-3 (Self-financing),83000.0,10.3,2,0.471,0.394,0.432,35900.0,47100.0,0
Virudhunagar,ST,0,192000.0,1,0,61.12,105.2,Tier-1 (Autonomous),166000.0,6.1,1,0.294,0.484,0.389,64600.0,101400.0,0
Cuddalore,BC,1,335000.0,0,0,98.29,168.4,Tier-3 (Self-financing),105000.0,24.6,2,0.478,0.472,0.475,49900.0,55100.0,0
Namakkal,BC,0,72000.0,0,1,83.75,149.3,Tier-2 (Affiliated),110000.0,2.9,2,0.433,0.496,0.464,51100.0,58900.0,0
Madurai,BC,0,540000.0,0,1,79.8,122.7,Tier-3 (Self-financing),86000.0,39.0,0,0.357,0.366,0.362,31100.0,54900.0,0
Thoothukudi,MBC,1,321000.0,1,0,81.38,162.5,Tier-3 (Self-financing),95000.0,31.5,0,0.52,0.619,0.57,54100.0,40900.0,0
Thanjavur,MBC,0,495000.0,1,0,98.52,162.9,Tier-2 (Affiliated),107000.0,46.3,1,0.306,0.433,0.37,39600.0,67400.0,0
Chennai,BC,0,363000.0,1,0,89.37,142.6,Tier-1 (Autonomous),190000.0,20.1,1,0.499,0.436,0.468,88800.0,101200.0,1
Salem,MBC,1,813000.0,0,1,81.49,117.8,Tier-1 (Autonomous),178000.0,28.8,1,0.329,0.406,0.368,65500.0,112500.0,1
Thanjavur,MBC,0,404000.0,0,1,70.92,110.4,Tier-1 (Autonomous),195000.0,26.7,0,0.376,0.49,0.433,84400.0,110600.0,1
Coimbatore,BC,1,125000.0,0,1,72.49,122.0,Tier-3 (Self-financing),89000.0,134.5,1,0.36,0.52,0.44,39200.0,49800.0,0
Erode,ST,1,383000.0,1,0,59.97,97.4,Tier-2 (Affiliated),105000.0,25.2,0,0.413,0.384,0.398,41800.0,63200.0,0
Dindigul,BC,0,248000.0,1,0,74.32,146.3,Tier-2 (Affiliated),127000.0,63.2,2,0.353,0.501,0.427,54200.0,72800.0,0
Villupuram,BC,1,917000.0,0,1,84.62,129.5,Tier-2 (Affiliated),115000.0,8.8,0,0.481,0.382,0.431,49600.0,65400.0,0
Coimbatore,ST,1,378000.0,1,0,84.34,145.1,Tier-2 (Affiliated),105000.0,21.3,1,0.337,0.502,0.419,44000.0,61000.0,1
Tiruppur,SC,1,439000.0,1,0,84.16,117.8,Tier-3 (Self-financing),74000.0,173.6,2,0.353,0.485,0.419,31000.0,43000.0,1
Villupuram,BC,1,416000.0,0,1,72.85,149.3,Tier-2 (Affiliated),116000.0,52.2,1,0.506,0.483,0.495,57400.0,58600.0,1
Virudhunagar,SC,0,118000.0,0,1,83.51,115.7,Tier-3 (Self-financing),96000.0,157.1,3,0.304,0.441,0.372,35800.0,60200.0,0
Villupuram,MBC,0,205000.0,0,1,86.24,169.1,Tier-3 (Self-financing),88000.0,384.5,2,0.335,0.713,0.524,46100.0,41900.0,1
Tiruchirappalli,BC,1,179000.0,1,0,55.73,87.1,Tier-2 (Affiliated),113000.0,2.0,2,0.212,0.551,0.382,43100.0,69900.0,0
Virudhunagar,SC,0,141000.0,0,0,81.04,96.1,Tier-2 (Affiliated),122000.0,153.2,5,0.196,0.583,0.389,47500.0,74500.0,0
Thoothukudi,SC,0,87000.0,0,1,98.81,178.4,Tier-2 (Affiliated),115000.0,8.2,1,0.596,0.582,0.589,67700.0,47300.0,0
Erode,BC,1,219000.0,0,0,75.09,121.4,Tier-3 (Self-financing),80000.0,140.2,3,0.251,0.497,0.374,30000.0,50000.0,0
Dindigul,MBC,0,277000.0,1,0,52.78,77.6,Tier-1 (Autonomous),175000.0,31.9,3,0.124,0.416,0.27,47300.0,127700.0,0
Namakkal,BC,1,648000.0,0,0,69.87,121.4,Tier-2 (Affiliated),114000.0,193.6,3,0.269,0.406,0.337,38400.0,75600.0,0
Dindigul,OC,1,619000.0,1,0,59.85,105.7,Tier-2 (Affiliated),114000.0,6.7,0,0.242,0.352,0.297,33900.0,80100.0,1
Tirunelveli,ST,1,208000.0,0,1,71.66,120.9,Tier-2 (Affiliated),119000.0,216.6,3,0.328,0.387,0.358,42500.0,76500.0,0
Thoothukudi,MBC,0,154000.0,1,0,65.76,122.2,Tier-2 (Affiliated),113000.0,82.6,4,0.371,0.687,0.529,59800.0,53200.0,1
Thoothukudi,MBC,0,218000.0,1,0,87.31,143.5,Tier-2 (Affiliated),115000.0,2.3,0,0.44,0.572,0.506,58200.0,56800.0,1
Vellore,MBC,1,267000.0,0,0,85.79,147.0,Tier-1 (Autonomous),183000.0,103.5,0,0.311,0.506,0.408,74700.0,108300.0,0
Virudhunagar,MBC,0,251000.0,1,0,81.43,122.5,Tier-2 (Affiliated),118000.0,21.7,0,0.257,0.506,0.382,45000.0,73000.0,1
Vellore,BC,1,209000.0,1,0,90.26,155.9,Tier-3 (Self-financing),91000.0,119.5,0,0.397,0.558,0.478,43500.0,47500.0,0
Nagapattinam,ST,1,401000.0,0,0,72.35,108.0,Tier-3 (Self-financing),83000.0,14.1,1,0.247,0.461,0.354,29400.0,53600.0,0
Tiruppur,MBC,0,190000.0,1,0,78.74,109.1,Tier-2 (Affiliated),108000.0,157.8,4,0.21,0.463,0.336,36300.0,71700.0,0
Dindigul,MBC,0,320000.0,1,0,99.9,156.7,Tier-2 (Affiliated),113000.0,24.4,2,0.387,0.596,0.491,55500.0,57500.0,1
Madurai,MBC,1,684000.0,1,0,83.85,130.0,Tier-2 (Affiliated),111000.0,29.6,4,0.457,0.342,0.399,44300.0,66700.0,1
Cuddalore,BC,0,358000.0,1,0,83.83,148.0,Tier-2 (Affiliated),121000.0,39.0,4,0.441,0.574,0.507,61400.0,59600.0,0
Erode,OC,1,978000.0,1,0,70.32,90.7,Tier-2 (Affiliated),112000.0,16.6,4,0.126,0.359,0.243,27200.0,84800.0,1
Salem,BC,1,155000.0,0,0,73.83,134.5,Tier-1 (Autonomous),169000.0,182.9,2,0.401,0.539,0.47,79400.0,89600.0,0
Tiruchirappalli,BC,0,228000.0,0,1,67.97,99.4,Tier-2 (Affiliated),101000.0,26.1,4,0.212,0.476,0.344,34700.0,66300.0,0
Thoothukudi,MBC,1,770000.0,0,1,94.81,114.7,Tier-1 (Autonomous),178000.0,81.9,1,0.447,0.306,0.376,67000.0,111000.0,0
Madurai,SC,0,258000.0,1,0,62.42,81.8,Tier-2 (Affiliated),116000.0,2.0,3,0.132,0.439,0.286,33200.0,82800.0,1
Nagapattinam,BC,0,826000.0,0,1,87.14,134.8,Tier-3 (Self-financing),79000.0,26.4,3,0.33,0.411,0.371,29300.0,49700.0,1
Kanyakumari,BC,1,1233000.0,0,1,83.81,140.8,Tier-3 (Self-financing),90000.0,105.9,0,0.367,0.237,0.302,27200.0,62800.0,1
Chennai,MBC,1,495000.0,1,0,61.97,97.2,Tier-3 (Self-financing),79000.0,38.1,1,0.149,0.383,0.266,21000.0,58000.0,0
Tiruppur,BC,1,420000.0,0,1,89.42,124.9,Tier-2 (Affiliated),111000.0,124.1,1,0.372,0.524,0.448,49700.0,61300.0,1
Tiruppur,ST,1,161000.0,0,1,75.41,109.0,Tier-2 (Affiliated),113000.0,150.2,2,0.283,0.549,0.416,47000.0,66000.0,0
Vellore,BC,1,372000.0,1,0,64.79,85.8,Tier-2 (Affiliated),101000.0,139.8,2,0.224,0.372,0.298,30100.0,70900.0,1
Cuddalore,OC,0,312000.0,1,0,81.64,134.5,Tier-3 (Self-financing),88000.0,97.8,2,0.371,0.582,0.476,41900.0,46100.0,1
Thanjavur,BC,0,216000.0,1,0,69.78,110.3,Tier-3 (Self-financing),98000.0,55.4,2,0.298,0.608,0.453,44400.0,53600.0,0
Thanjavur,ST,0,102000.0,0,1,75.95,130.7,Tier-1 (Autonomous),178000.0,22.7,1,0.485,0.508,0.497,88400.0,89600.0,1
Thanjavur,BC,0,373000.0,1,0,72.94,90.2,Tier-2 (Affiliated),111000.0,86.1,2,0.256,0.339,0.297,33000.0,78000.0,0
Virudhunagar,MBC,1,1068000.0,1,0,69.21,102.7,Tier-1 (Autonomous),182000.0,10.4,0,0.113,0.227,0.17,30900.0,151100.0,0
Theni,BC,1,807000.0,0,1,66.12,136.2,Tier-2 (Affiliated),111000.0,3.8,0,0.4,0.345,0.373,41400.0,69600.0,1
Vellore,BC,0,250000.0,0,1,85.97,147.2,Tier-3 (Self-financing),85000.0,87.1,2,0.507,0.595,0.551,46800.0,38200.0,1
Villupuram,SC,1,550000.0,0,0,81.25,125.6,Tier-3 (Self-financing),85000.0,65.5,3,0.152,0.453,0.303,25700.0,59300.0,1
Virudhunagar,BC,1,584000.0,1,0,80.61,114.2,Tier-2 (Affiliated),97000.0,30.0,3,0.204,0.337,0.27,26200.0,70800.0,1
Villupuram,OC,1,616000.0,0,0,74.36,135.6,Tier-3 (Self-financing),89000.0,137.1,1,0.421,0.545,0.483,43000.0,46000.0,1
Karur,MBC,0,246000.0,0,1,78.51,148.6,Tier-2 (Affiliated),101000.0,7.7,0,0.496,0.497,0.497,50200.0,50800.0,1
Vellore,SC,1,282000.0,0,1,70.64,95.8,Tier-1 (Autonomous),183000.0,31.0,1,0.246,0.558,0.402,73600.0,109400.0,0
Nagapattinam,BC,1,691000.0,1,0,70.47,96.9,Tier-3 (Self-financing),91000.0,118.0,0,0.271,0.388,0.33,30000.0,61000.0,1
Erode,BC,0,323000.0,0,0,95.1,156.3,Tier-3 (Self-financing),88000.0,2.0,1,0.555,0.332,0.444,39100.0,48900.0,1
Tirunelveli,ST,0,113000.0,0,1,86.85,144.5,Tier-2 (Affiliated),103000.0,25.9,2,0.363,0.386,0.375,38600.0,64400.0,0
Dindigul,MBC,0,170000.0,1,0,72.39,123.1,Tier-3 (Self-financing),88000.0,35.9,1,0.253,0.449,0.351,30900.0,57100.0,1
Thoothukudi,SC,1,373000.0,0,1,63.04,128.5,Tier-1 (Autonomous),178000.0,2.0,0,0.327,0.501,0.414,73700.0,104300.0,0
Tiruppur,SC,1,399000.0,1,0,60.99,83.0,Tier-2 (Affiliated),105000.0,71.5,2,0.201,0.506,0.353,37100.0,67900.0,1
Vellore,MBC,1,354000.0,0,1,71.66,115.3,Tier-3 (Self-financing),102000.0,134.6,1,0.326,0.629,0.478,48700.0,53300.0,0
Dindigul,BC,1,259000.0,0,1,79.08,137.3,Tier-3 (Self-financing),78000.0,13.3,1,0.44,0.497,0.469,36600.0,41400.0,1
Tirunelveli,BC,0,595000.0,0,0,79.18,137.3,Tier-2 (Affiliated),114000.0,15.6,2,0.512,0.425,0.469,53400.0,60600.0,1
Cuddalore,SC,0,345000.0,0,1,79.48,117.5,Tier-2 (Affiliated),122000.0,22.3,3,0.324,0.404,0.364,44400.0,77600.0,1
Vellore,SC,1,106000.0,0,0,81.34,121.0,Tier-3 (Self-financing),88000.0,27.7,4,0.221,0.602,0.411,36200.0,51800.0,0
Tiruppur,ST,1,570000.0,1,0,67.62,101.3,Tier-3 (Self-financing),80000.0,112.5,1,0.19,0.554,0.372,29800.0,50200.0,1
Vellore,MBC,1,374000.0,0,1,93.08,174.5,Tier-1 (Autonomous),176000.0,94.2,0,0.521,0.426,0.474,83300.0,92700.0,0
Erode,BC,0,332000.0,0,0,76.03,107.0,Tier-1 (Autonomous),169000.0,123.3,1,0.388,0.475,0.432,72900.0,96100.0,0
Thoothukudi,MBC,0,486000.0,1,0,80.95,124.7,Tier-2 (Affiliated),111000.0,64.5,0,0.387,0.482,0.434,48200.0,62800.0,1
Erode,MBC,0,645000.0,1,0,71.44,125.9,Tier-2 (Affiliated),111000.0,2.0,0,0.267,0.359,0.313,34700.0,76300.0,1
Coimbatore,MBC,0,451000.0,0,0,81.11,113.4,Tier-2 (Affiliated),108000.0,23.7,4,0.242,0.319,0.281,30300.0,77700.0,1
Vellore,SC,0,223000.0,0,1,98.77,161.9,Tier-2 (Affiliated),121000.0,47.1,0,0.442,0.517,0.48,58000.0,63000.0,0
Namakkal,MBC,1,197000.0,0,1,68.11,80.5,Tier-2 (Affiliated),110000.0,108.0,1,0.184,0.557,0.371,40800.0,69200.0,0
Coimbatore,OC,1,207000.0,1,0,66.84,109.8,Tier-3 (Self-financing),73000.0,90.8,0,0.26,0.434,0.347,25300.0,47700.0,0
Erode,MBC,0,421000.0,1,0,69.35,111.7,Tier-2 (Affiliated),122000.0,16.5,2,0.218,0.466,0.342,41700.0,80300.0,1
Tiruchirappalli,MBC,0,544000.0,0,1,74.67,121.9,Tier-3 (Self-financing),76000.0,21.1,0,0.264,0.608,0.436,33100.0,42900.0,1
Namakkal,ST,0,108000.0,0,1,72.79,103.4,Tier-3 (Self-financing),89000.0,94.4,3,0.253,0.617,0.435,38700.0,50300.0,0
Karur,BC,1,416000.0,0,1,67.59,111.6,Tier-2 (Affiliated),115000.0,88.3,3,0.305,0.509,0.407,46800.0,68200.0,0
Thoothukudi,MBC,1,309000.0,1,0,77.5,123.4,Tier-1 (Autonomous),180000.0,16.1,2,0.252,0.446,0.349,62800.0,117200.0,0
Vellore,MBC,0,189000.0,0,1,93.61,169.3,Tier-3 (Self-financing),93000.0,19.2,3,0.517,0.563,0.54,50200.0,42800.0,0
Kanyakumari,MBC,1,759000.0,0,0,76.5,132.0,Tier-2 (Affiliated),111000.0,37.4,1,0.505,0.27,0.388,43000.0,68000.0,1
Salem,OC,0,440000.0,0,1,77.04,101.5,Tier-2 (Affiliated),107000.0,46.7,2,0.269,0.455,0.362,38800.0,68200.0,1
Nagapattinam,SC,0,172000.0,1,0,81.43,117.8,Tier-1 (Autonomous),164000.0,80.7,0,0.332,0.474,0.403,66100.0,97900.0,1
Tiruppur,ST,1,1177000.0,1,0,84.48,125.9,Tier-2 (Affiliated),96000.0,180.2,0,0.229,0.379,0.304,29200.0,66800.0,1
Nagapattinam,MBC,0,118000.0,0,0,91.73,149.5,Tier-2 (Affiliated),132000.0,55.1,1,0.481,0.352,0.416,55000.0,77000.0,0
Nagapattinam,MBC,0,351000.0,1,0,80.4,126.1,Tier-3 (Self-financing),91000.0,6.7,0,0.293,0.682,0.487,44300.0,46700.0,0
Namakkal,OC,1,354000.0,0,1,77.97,122.2,Tier-3 (Self-financing),95000.0,244.7,2,0.411,0.445,0.428,40700.0,54300.0,0
Tirunelveli,MBC,0,238000.0,1,0,68.08,151.2,Tier-2 (Affiliated),130000.0,27.4,1,0.572,0.632,0.602,78300.0,51700.0,1
Namakkal,MBC,0,282000.0,1,0,85.4,128.9,Tier-2 (Affiliated),107000.0,43.0,3,0.295,0.553,0.424,45300.0,61700.0,1
Virudhunagar,SC,0,310000.0,1,0,69.55,132.1,Tier-2 (Affiliated),109000.0,63.4,0,0.309,0.515,0.412,44900.0,64100.0,1
Thoothukudi,OC,0,338000.0,0,0,69.25,108.6,Tier-1 (Autonomous),167000.0,9.2,0,0.32,0.503,0.411,68700.0,98300.0,0
Villupuram,SC,1,257000.0,0,1,79.93,95.2,Tier-1 (Autonomous),178000.0,53.4,2,0.128,0.506,0.317,56400.0,121600.0,0
Tiruchirappalli,BC,0,256000.0,1,0,93.42,152.3,Tier-2 (Affiliated),108000.0,92.6,2,0.44,0.461,0.45,48600.0,59400.0,1
Tiruppur,MBC,1,232000.0,1,0,85.26,153.2,Tier-1 (Autonomous),177000.0,4.2,0,0.412,0.538,0.475,84100.0,92900.0,1
Madurai,MBC,1,595000.0,0,0,77.62,133.7,Tier-1 (Autonomous),189000.0,55.4,2,0.36,0.417,0.388,73400.0,115600.0,1
Cuddalore,BC,0,349000.0,1,0,68.18,112.9,Tier-1 (Autonomous),186000.0,50.0,2,0.131,0.525,0.328,61000.0,125000.0,1
Thoothukudi,MBC,0,330000.0,0,0,93.22,149.5,Tier-1 (Autonomous),188000.0,104.9,3,0.462,0.518,0.49,92200.0,95800.0,0
Coimbatore,SC,0,188000.0,0,1,77.43,116.5,Tier-3 (Self-financing),76000.0,72.3,1,0.502,0.481,0.491,37400.0,38600.0,0
Cuddalore,MBC,0,234000.0,1,0,75.1,133.6,Tier-2 (Affiliated),111000.0,69.5,0,0.332,0.464,0.398,44200.0,66800.0,1
Villupuram,OC,0,745000.0,0,1,83.55,127.2,Tier-3 (Self-financing),88000.0,55.8,2,0.228,0.425,0.327,28700.0,59300.0,1
Virudhunagar,MBC,1,737000.0,0,1,73.52,108.0,Tier-3 (Self-financing),100000.0,63.4,2,0.339,0.439,0.389,38900.0,61100.0,1
Vellore,BC,0,651000.0,0,0,70.47,118.9,Tier-3 (Self-financing),86000.0,13.4,2,0.244,0.383,0.314,27000.0,59000.0,1
Madurai,MBC,1,516000.0,1,0,71.43,109.8,Tier-2 (Affiliated),109000.0,37.3,1,0.284,0.368,0.326,35600.0,73400.0,0
Villupuram,MBC,1,884000.0,0,1,71.4,133.5,Tier-2 (Affiliated),119000.0,147.7,0,0.309,0.397,0.353,42000.0,77000.0,1
Villupuram,OC,1,501000.0,0,0,66.73,113.8,Tier-2 (Affiliated),108000.0,122.1,1,0.181,0.48,0.331,35700.0,72300.0,0
Tiruppur,MBC,0,233000.0,0,0,65.61,93.3,Tier-2 (Affiliated),114000.0,55.7,3,0.248,0.514,0.381,43400.0,70600.0,0
Thoothukudi,SC,0,376000.0,0,1,87.72,123.2,Tier-1 (Autonomous),184000.0,7.0,2,0.274,0.469,0.371,68300.0,115700.0,0
Chennai,SC,1,501000.0,0,0,84.69,126.9,Tier-2 (Affiliated),106000.0,128.0,0,0.214,0.515,0.365,38700.0,67300.0,1
Theni,OC,0,332000.0,0,1,69.77,146.7,Tier-2 (Affiliated),105000.0,26.1,3,0.435,0.407,0.421,44200.0,60800.0,1
Chennai,BC,1,272000.0,0,1,86.88,135.4,Tier-3 (Self-financing),85000.0,72.8,0,0.602,0.43,0.516,43800.0,41200.0,1
Villupuram,MBC,1,375000.0,1,0,81.09,141.1,Tier-2 (Affiliated),107000.0,42.8,2,0.473,0.431,0.452,48400.0,58600.0,1
Cuddalore,BC,1,331000.0,0,1,74.76,100.0,Tier-2 (Affiliated),98000.0,103.9,1,0.244,0.476,0.36,35300.0,62700.0,1
Villupuram,MBC,0,671000.0,0,0,65.74,88.9,Tier-2 (Affiliated),116000.0,19.0,3,0.451,0.368,0.409,47500.0,68500.0,1
Tiruppur,OC,0,592000.0,1,0,81.41,127.4,Tier-3 (Self-financing),90000.0,26.4,1,0.203,0.385,0.294,26500.0,63500.0,0
Coimbatore,OC,1,413000.0,0,1,96.65,180.2,Tier-3 (Self-financing),79000.0,9.0,3,0.576,0.542,0.559,44200.0,34800.0,1
Chennai,MBC,1,236000.0,0,1,78.15,105.7,Tier-3 (Self-financing),78000.0,14.0,0,0.414,0.497,0.455,35500.0,42500.0,1
Erode,BC,1,315000.0,1,0,87.99,131.3,Tier-2 (Affiliated),114000.0,8.2,1,0.276,0.552,0.414,47200.0,66800.0,1
Karur,SC,1,232000.0,1,0,75.88,134.9,Tier-2 (Affiliated),124000.0,109.5,3,0.394,0.505,0.45,55800.0,68200.0,1
Tiruchirappalli,OC,1,575000.0,1,0,87.22,163.4,Tier-2 (Affiliated),118000.0,88.9,3,0.42,0.38,0.4,47200.0,70800.0,0
Kanyakumari,MBC,1,775000.0,0,1,76.5,129.0,Tier-1 (Autonomous),190000.0,26.4,1,0.322,0.487,0.405,76900.0,113100.0,1
Salem,BC,1,284000.0,1,0,53.95,96.5,Tier-2 (Affiliated),108000.0,23.8,1,0.268,0.462,0.365,39400.0,68600.0,0
Dindigul,SC,0,687000.0,0,0,70.78,99.8,Tier-3 (Self-financing),88000.0,105.3,0,0.105,0.443,0.274,24100.0,63900.0,0
Salem,SC,0,116000.0,0,1,79.32,107.1,Tier-2 (Affiliated),109000.0,93.1,3,0.192,0.586,0.389,42400.0,66600.0,0
Dindigul,BC,1,223000.0,1,0,88.83,124.9,Tier-2 (Affiliated),104000.0,61.3,2,0.338,0.491,0.415,43100.0,60900.0,0
Dindigul,MBC,1,1063000.0,0,0,76.47,109.3,Tier-2 (Affiliated),112000.0,101.5,4,0.14,0.322,0.231,25800.0,86200.0,1
Chennai,BC,0,618000.0,1,0,78.3,128.7,Tier-2 (Affiliated),103000.0,6.9,1,0.319,0.366,0.343,35300.0,67700.0,1
Tiruppur,MBC,1,380000.0,0,1,72.13,97.1,Tier-1 (Autonomous),174000.0,100.9,1,0.115,0.484,0.299,52100.0,121900.0,1
Nagapattinam,OC,0,481000.0,0,1,93.61,153.5,Tier-2 (Affiliated),106000.0,54.5,3,0.319,0.394,0.357,37800.0,68200.0,1
Villupuram,MBC,0,325000.0,1,0,93.01,144.1,Tier-2 (Affiliated),107000.0,39.6,3,0.476,0.464,0.47,50300.0,56700.0,1
Erode,BC,1,521000.0,0,1,71.24,105.5,Tier-1 (Autonomous),180000.0,2.1,2,0.274,0.419,0.347,62400.0,117600.0,0
Kanyakumari,SC,0,96000.0,1,0,62.84,113.8,Tier-2 (Affiliated),93000.0,123.4,1,0.278,0.486,0.382,35500.0,57500.0,0
Kanyakumari,MBC,1,107000.0,0,1,59.93,81.5,Tier-1 (Autonomous),173000.0,21.4,0,0.147,0.55,0.348,60200.0,112800.0,0
Thoothukudi,MBC,1,264000.0,0,1,84.03,156.0,Tier-1 (Autonomous),193000.0,11.7,0,0.47,0.589,0.53,102200.0,90800.0,0
Vellore,BC,1,1311000.0,1,0,79.35,139.4,Tier-2 (Affiliated),110000.0,60.5,1,0.348,0.355,0.352,38700.0,71300.0,1
Kanyakumari,BC,0,830000.0,0,0,70.18,97.4,Tier-3 (Self-financing),89000.0,15.7,2,0.178,0.232,0.205,18200.0,70800.0,0
Tiruppur,BC,1,418000.0,1,0,80.72,147.2,Tier-2 (Affiliated),113000.0,23.1,2,0.497,0.471,0.484,54700.0,58300.0,1
Coimbatore,ST,0,100000.0,0,1,65.7,88.5,Tier-1 (Autonomous),179000.0,167.1,1,0.157,0.708,0.432,77400.0,101600.0,0
Tirunelveli,SC,1,367000.0,0,1,85.95,156.9,Tier-2 (Affiliated),103000.0,4.9,1,0.555,0.485,0.52,53600.0,49400.0,1
Cuddalore,BC,0,381000.0,0,0,74.18,123.7,Tier-2 (Affiliated),106000.0,36.2,1,0.286,0.449,0.367,39000.0,67000.0,1
Tiruchirappalli,SC,1,438000.0,1,0,67.19,83.8,Tier-3 (Self-financing),101000.0,8.6,2,0.25,0.566,0.408,41200.0,59800.0,0
Thanjavur,BC,1,120000.0,0,1,74.33,99.5,Tier-3 (Self-financing),81000.0,75.8,1,0.266,0.524,0.395,32000.0,49000.0,0
Nagapattinam,OC,0,2215000.0,0,0,73.99,112.3,Tier-3 (Self-financing),99000.0,38.4,3,0.335,0.21,0.272,27000.0,72000.0,1
Madurai,MBC,0,485000.0,1,0,81.65,143.7,Tier-2 (Affiliated),107000.0,13.0,1,0.424,0.441,0.433,46300.0,60700.0,1
Dindigul,BC,0,268000.0,0,1,89.66,140.9,Tier-3 (Self-financing),82000.0,121.3,1,0.449,0.53,0.489,40100.0,41900.0,1
Salem,BC,1,325000.0,1,0,89.14,139.7,Tier-2 (Affiliated),111000.0,14.9,1,0.504,0.435,0.469,52100.0,58900.0,0
Namakkal,MBC,1,723000.0,0,1,79.6,128.0,Tier-3 (Self-financing),84000.0,21.7,2,0.275,0.488,0.382,32100.0,51900.0,1
Salem,BC,1,634000.0,0,1,76.13,91.9,Tier-2 (Affiliated),102000.0,14.6,1,0.338,0.422,0.38,38700.0,63300.0,0
Thoothukudi,SC,1,331000.0,0,0,72.31,128.1,Tier-2 (Affiliated),110000.0,20.1,1,0.322,0.495,0.409,45000.0,65000.0,1
Coimbatore,MBC,1,540000.0,0,1,60.32,116.6,Tier-3 (Self-financing),73000.0,78.4,0,0.161,0.519,0.34,24800.0,48200.0,0
Thoothukudi,SC,1,296000.0,1,0,77.81,136.3,Tier-3 (Self-financing),88000.0,73.8,1,0.43,0.529,0.479,42200.0,45800.0,1
Nagapattinam,MBC,0,324000.0,0,1,69.49,104.8,Tier-2 (Affiliated),112000.0,132.4,2,0.33,0.473,0.402,45000.0,67000.0,1
Kanyakumari,SC,1,470000.0,0,0,90.18,131.0,Tier-3 (Self-financing),91000.0,17.4,1,0.397,0.347,0.372,33800.0,57200.0,1
Kanyakumari,BC,1,583000.0,1,0,75.99,105.4,Tier-2 (Affiliated),106000.0,7.1,1,0.239,0.427,0.333,35300.0,70700.0,1
Tiruchirappalli,MBC,1,493000.0,1,0,85.47,119.8,Tier-2 (Affiliated),116000.0,17.5,0,0.242,0.425,0.333,38700.0,77300.0,1
Villupuram,MBC,0,559000.0,0,1,73.17,151.0,Tier-2 (Affiliated),113000.0,15.3,2,0.385,0.442,0.413,46700.0,66300.0,1
Tiruppur,ST,0,70000.0,0,1,71.25,112.8,Tier-3 (Self-financing),86000.0,34.8,1,0.306,0.519,0.412,35500.0,50500.0,0
Thoothukudi,BC,0,193000.0,0,1,84.05,148.1,Tier-3 (Self-financing),101000.0,15.2,2,0.395,0.612,0.504,50900.0,50100.0,0
Kanyakumari,MBC,1,426000.0,1,0,80.78,142.0,Tier-3 (Self-financing),89000.0,100.9,0,0.312,0.509,0.411,36500.0,52500.0,0
Tiruppur,SC,1,211000.0,1,0,81.22,132.1,Tier-2 (Affiliated),106000.0,81.0,2,0.34,0.481,0.41,43500.0,62500.0,0
Vellore,BC,0,240000.0,1,0,77.06,109.3,Tier-2 (Affiliated),122000.0,253.5,1,0.213,0.558,0.386,47100.0,74900.0,0
Madurai,SC,0,396000.0,0,1,85.89,145.2,Tier-2 (Affiliated),114000.0,108.0,1,0.353,0.587,0.47,53600.0,60400.0,1
Madurai,BC,1,445000.0,0,1,84.45,118.9,Tier-3 (Self-financing),99000.0,15.6,0,0.372,0.412,0.392,38800.0,60200.0,0
Vellore,BC,1,177000.0,0,1,56.23,99.0,Tier-3 (Self-financing),70000.0,211.3,0,0.148,0.497,0.323,22600.0,47400.0,0
Virudhunagar,MBC,1,333000.0,0,0,75.43,105.1,Tier-3 (Self-financing),83000.0,111.7,0,0.291,0.43,0.361,30000.0,53000.0,1
Namakkal,MBC,1,434000.0,0,1,88.15,134.5,Tier-2 (Affiliated),108000.0,46.0,1,0.326,0.494,0.41,44300.0,63700.0,1
Dindigul,OC,1,644000.0,0,0,67.8,101.9,Tier-2 (Affiliated),95000.0,7.9,2,0.275,0.591,0.433,41100.0,53900.0,1
Salem,OC,0,530000.0,0,0,61.08,118.7,Tier-2 (Affiliated),111000.0,28.2,0,0.239,0.541,0.39,43300.0,67700.0,1
Tiruppur,BC,0,388000.0,0,1,76.61,86.1,Tier-2 (Affiliated),107000.0,74.0,1,0.18,0.449,0.314,33600.0,73400.0,1
Theni,SC,1,292000.0,0,1,83.21,168.1,Tier-3 (Self-financing),69000.0,61.0,2,0.419,0.544,0.481,33200.0,35800.0,1
Thoothukudi,SC,1,163000.0,0,1,73.4,105.4,Tier-2 (Affiliated),104000.0,24.6,2,0.289,0.617,0.453,47100.0,56900.0,1
Karur,MBC,0,204000.0,1,0,90.93,143.6,Tier-3 (Self-financing),96000.0,114.5,0,0.255,0.38,0.317,30500.0,65500.0,1
Theni,OC,1,447000.0,1,0,96.44,160.5,Tier-2 (Affiliated),117000.0,160.0,3,0.453,0.383,0.418,48900.0,68100.0,0
Villupuram,MBC,0,222000.0,0,0,58.75,98.9,Tier-3 (Self-financing),79000.0,77.6,1,0.137,0.581,0.359,28400.0,50600.0,0
Thanjavur,SC,0,285000.0,1,0,74.16,131.3,Tier-3 (Self-financing),79000.0,7.3,2,0.305,0.376,0.34,26900.0,52100.0,0
Villupuram,SC,0,244000.0,0,1,55.18,97.4,Tier-2 (Affiliated),117000.0,24.8,1,0.21,0.508,0.359,42000.0,75000.0,0
Vellore,BC,1,760000.0,0,1,84.61,165.9,Tier-2 (Affiliated),94000.0,141.6,2,0.536,0.459,0.498,46800.0,47200.0,1
Madurai,BC,1,391000.0,1,0,71.2,124.9,Tier-1 (Autonomous),185000.0,158.1,3,0.199,0.499,0.349,64600.0,120400.0,0
Thanjavur,ST,1,626000.0,0,1,73.24,115.4,Tier-1 (Autonomous),165000.0,87.3,1,0.151,0.42,0.285,47100.0,117900.0,0
Madurai,SC,1,456000.0,1,0,89.48,134.9,Tier-2 (Affiliated),123000.0,110.0,2,0.459,0.571,0.515,63300.0,59700.0,1
Madurai,OC,1,670000.0,0,1,64.72,94.9,Tier-2 (Affiliated),115000.0,11.6,1,0.2,0.486,0.343,39400.0,75600.0,1
Kanyakumari,SC,0,272000.0,0,0,62.2,118.9,Tier-2 (Affiliated),95000.0,32.6,5,0.173,0.673,0.423,40200.0,54800.0,0
Nagapattinam,OC,1,434000.0,0,0,55.23,114.7,Tier-2 (Affiliated),107000.0,72.0,1,0.264,0.375,0.32,34200.0,72800.0,1
Salem,OC,0,122000.0,0,0,90.71,160.2,Tier-1 (Autonomous),183000.0,28.5,3,0.42,0.484,0.452,82700.0,100300.0,0
Virudhunagar,SC,1,226000.0,0,0,88.38,93.9,Tier-3 (Self-financing),69000.0,18.4,2,0.178,0.5,0.339,23400.0,45600.0,1
Coimbatore,MBC,0,392000.0,0,0,75.06,86.4,Tier-3 (Self-financing),85000.0,50.2,3,0.216,0.577,0.397,33700.0,51300.0,1
Tirunelveli,BC,0,312000.0,0,0,65.25,104.3,Tier-3 (Self-financing),89000.0,16.5,2,0.125,0.548,0.337,30000.0,59000.0,1
Karur,ST,1,253000.0,0,1,86.34,135.6,Tier-2 (Affiliated),93000.0,32.8,1,0.375,0.468,0.421,39200.0,53800.0,1
Erode,SC,0,122000.0,0,0,99.9,160.1,Tier-2 (Affiliated),116000.0,13.7,2,0.42,0.448,0.434,50300.0,65700.0,0
Karur,OC,1,215000.0,0,1,75.64,139.8,Tier-2 (Affiliated),109000.0,19.9,4,0.381,0.421,0.401,43700.0,65300.0,1
Kanyakumari,MBC,1,920000.0,0,1,65.97,123.6,Tier-3 (Self-financing),92000.0,27.8,3,0.4,0.509,0.455,41800.0,50200.0,1
Coimbatore,SC,1,281000.0,0,1,90.42,147.3,Tier-2 (Affiliated),108000.0,30.6,2,0.493,0.493,0.493,53200.0,54800.0,1
Chennai,MBC,0,205000.0,1,0,66.68,83.8,Tier-3 (Self-financing),77000.0,55.1,1,0.315,0.526,0.42,32400.0,44600.0,0
Villupuram,ST,0,117000.0,1,0,74.33,100.5,Tier-3 (Self-financing),76000.0,62.9,0,0.094,0.448,0.271,20600.0,55400.0,0
Namakkal,MBC,0,518000.0,0,0,51.61,83.6,Tier-2 (Affiliated),108000.0,35.4,3,0.216,0.451,0.333,36000.0,72000.0,1
Namakkal,OC,1,1023000.0,0,1,74.97,126.2,Tier-2 (Affiliated),108000.0,52.6,1,0.399,0.281,0.34,36700.0,71300.0,0
Dindigul,BC,1,284000.0,1,0,65.22,86.1,Tier-2 (Affiliated),119000.0,56.7,1,0.149,0.505,0.327,38900.0,80100.0,0
Thanjavur,SC,0,370000.0,1,0,90.59,154.9,Tier-2 (Affiliated),108000.0,14.2,2,0.436,0.451,0.444,47900.0,60100.0,0
Cuddalore,ST,1,252000.0,1,0,68.24,82.9,Tier-3 (Self-financing),73000.0,31.0,2,0.291,0.443,0.367,26800.0,46200.0,0
Tiruppur,OC,1,450000.0,1,0,85.8,97.3,Tier-1 (Autonomous),176000.0,49.5,2,0.218,0.558,0.388,68300.0,107700.0,0
Tiruchirappalli,OC,1,536000.0,1,0,76.95,110.0,Tier-3 (Self-financing),73000.0,8.6,1,0.383,0.547,0.465,34000.0,39000.0,1
Theni,SC,0,127000.0,0,0,79.25,147.4,Tier-2 (Affiliated),113000.0,125.5,2,0.407,0.565,0.486,54900.0,58100.0,0
Cuddalore,OC,1,305000.0,0,1,83.22,156.0,Tier-3 (Self-financing),90000.0,5.2,1,0.478,0.347,0.413,37100.0,52900.0,0
Madurai,OC,1,965000.0,1,0,77.47,100.0,Tier-2 (Affiliated),116000.0,126.0,1,0.318,0.276,0.297,34500.0,81500.0,1
Vellore,SC,0,173000.0,0,1,71.52,91.7,Tier-2 (Affiliated),108000.0,77.6,1,0.128,0.435,0.281,30400.0,77600.0,0
Nagapattinam,SC,0,274000.0,1,0,69.88,123.2,Tier-3 (Self-financing),79000.0,14.1,2,0.36,0.647,0.504,39800.0,39200.0,1
Theni,SC,0,228000.0,1,0,83.09,126.3,Tier-2 (Affiliated),106000.0,44.5,1,0.299,0.59,0.444,47100.0,58900.0,0
Madurai,MBC,1,568000.0,0,0,58.98,114.9,Tier-3 (Self-financing),84000.0,2.0,3,0.394,0.547,0.471,39500.0,44500.0,1
Chennai,BC,1,157000.0,0,1,94.78,162.8,Tier-3 (Self-financing),81000.0,26.1,1,0.442,0.459,0.451,36500.0,44500.0,0
Tiruppur,ST,1,169000.0,1,0,79.32,140.7,Tier-1 (Autonomous),193000.0,61.1,0,0.363,0.394,0.378,73000.0,120000.0,1
Dindigul,BC,0,409000.0,1,0,74.63,107.1,Tier-2 (Affiliated),107000.0,62.1,2,0.203,0.551,0.377,40400.0,66600.0,1
Thoothukudi,BC,1,240000.0,1,0,80.66,135.7,Tier-2 (Affiliated),109000.0,118.1,1,0.368,0.322,0.345,37600.0,71400.0,0
Namakkal,SC,0,239000.0,1,0,72.06,145.5,Tier-2 (Affiliated),104000.0,38.6,1,0.45,0.51,0.48,49900.0,54100.0,1
Villupuram,MBC,1,195000.0,1,0,76.22,124.1,Tier-2 (Affiliated),104000.0,70.0,0,0.337,0.56,0.448,46600.0,57400.0,0
Salem,SC,0,197000.0,0,1,66.68,106.0,Tier-1 (Autonomous),170000.0,162.4,0,0.444,0.422,0.433,73600.0,96400.0,0
Thanjavur,BC,1,1171000.0,0,0,81.75,124.3,Tier-3 (Self-financing),77000.0,86.7,2,0.296,0.441,0.369,28400.0,48600.0,1
Madurai,ST,1,418000.0,0,0,77.22,99.5,Tier-3 (Self-financing),100000.0,3.1,2,0.175,0.445,0.31,31000.0,69000.0,0
Tiruppur,MBC,1,152000.0,0,0,79.87,111.3,Tier-1 (Autonomous),184000.0,95.4,2,0.276,0.546,0.411,75700.0,108300.0,0
Tiruchirappalli,MBC,1,670000.0,1,0,92.83,135.2,Tier-3 (Self-financing),82000.0,17.4,1,0.399,0.461,0.43,35300.0,46700.0,1
Dindigul,ST,0,460000.0,0,1,69.96,87.3,Tier-2 (Affiliated),105000.0,12.6,1,0.1,0.475,0.288,30200.0,74800.0,1
Erode,BC,1,2249000.0,1,0,76.71,99.6,Tier-2 (Affiliated),120000.0,104.6,1,0.35,0.065,0.207,24900.0,95100.0,1
Tiruchirappalli,SC,1,409000.0,0,1,61.49,61.7,Tier-1 (Autonomous),173000.0,26.2,1,0.091,0.405,0.248,42900.0,130100.0,0
Coimbatore,MBC,0,123000.0,1,0,83.5,121.9,Tier-2 (Affiliated),96000.0,44.8,1,0.46,0.556,0.508,48800.0,47200.0,0
Namakkal,SC,1,400000.0,0,1,77.83,134.7,Tier-2 (Affiliated),114000.0,45.5,0,0.476,0.522,0.499,56900.0,57100.0,1
Villupuram,SC,0,469000.0,0,1,78.17,120.3,Tier-3 (Self-financing),78000.0,11.0,3,0.372,0.536,0.454,35400.0,42600.0,1
Tiruchirappalli,MBC,0,235000.0,0,1,76.43,117.6,Tier-2 (Affiliated),100000.0,45.3,0,0.307,0.492,0.4,40000.0,60000.0,0
Thanjavur,OC,1,1118000.0,0,1,72.22,127.1,Tier-3 (Self-financing),76000.0,52.1,1,0.262,0.337,0.3,22800.0,53200.0,1
Salem,BC,0,188000.0,0,1,99.9,185.2,Tier-1 (Autonomous),183000.0,113.7,2,0.497,0.443,0.47,86000.0,97000.0,1
Virudhunagar,ST,0,207000.0,1,0,78.38,159.5,Tier-2 (Affiliated),109000.0,81.4,3,0.371,0.591,0.481,52400.0,56600.0,0
Thanjavur,ST,0,60000.0,0,0,80.97,131.7,Tier-1 (Autonomous),172000.0,2.5,5,0.269,0.471,0.37,63600.0,108400.0,0
Thoothukudi,ST,1,162000.0,1,0,66.61,102.3,Tier-1 (Autonomous),184000.0,75.8,1,0.278,0.565,0.422,77600.0,106400.0,0
Salem,OC,1,628000.0,1,0,86.85,132.8,Tier-2 (Affiliated),103000.0,68.5,0,0.389,0.508,0.449,46200.0,56800.0,1
Coimbatore,BC,0,245000.0,0,1,76.77,131.7,Tier-1 (Autonomous),167000.0,68.2,0,0.234,0.582,0.408,68200.0,98800.0,1
Tiruppur,SC,1,154000.0,0,1,82.46,129.6,Tier-3 (Self-financing),75000.0,97.5,0,0.312,0.411,0.362,27100.0,47900.0,0
Cuddalore,SC,1,239000.0,0,1,87.02,136.9,Tier-2 (Affiliated),110000.0,26.8,0,0.312,0.38,0.346,38100.0,71900.0,0
Thoothukudi,OC,1,755000.0,0,1,76.96,121.8,Tier-2 (Affiliated),104000.0,37.4,0,0.441,0.329,0.385,40000.0,64000.0,0
Kanyakumari,MBC,1,401000.0,0,0,71.23,99.8,Tier-1 (Autonomous),181000.0,50.3,1,0.079,0.387,0.233,42100.0,138900.0,0
Kanyakumari,BC,1,499000.0,1,0,54.72,52.6,Tier-2 (Affiliated),119000.0,82.1,3,0.233,0.621,0.427,50800.0,68200.0,0
Theni,MBC,0,389000.0,1,0,74.13,108.6,Tier-2 (Affiliated),105000.0,76.7,1,0.324,0.503,0.414,43400.0,61600.0,0
Vellore,BC,0,248000.0,0,0,71.18,135.8,Tier-1 (Autonomous),201000.0,16.2,1,0.169,0.4,0.284,57200.0,143800.0,0
Thanjavur,OC,1,1330000.0,1,0,66.57,127.7,Tier-1 (Autonomous),182000.0,31.9,3,0.294,0.21,0.252,45800.0,136200.0,1
Madurai,OC,0,226000.0,1,0,92.53,162.1,Tier-1 (Autonomous),179000.0,117.4,1,0.502,0.631,0.566,101400.0,77600.0,1
Thanjavur,ST,1,788000.0,0,0,87.83,133.1,Tier-3 (Self-financing),74000.0,75.0,0,0.309,0.499,0.404,29900.0,44100.0,0
Vellore,SC,0,360000.0,1,0,59.7,83.7,Tier-2 (Affiliated),107000.0,20.5,0,0.168,0.374,0.271,29000.0,78000.0,1
Chennai,ST,0,139000.0,1,0,79.54,151.6,Tier-1 (Autonomous),178000.0,47.3,1,0.611,0.585,0.598,106400.0,71600.0,0
Salem,MBC,1,358000.0,1,0,69.83,95.5,Tier-2 (Affiliated),116000.0,15.8,3,0.197,0.455,0.326,37800.0,78200.0,1
Namakkal,BC,0,335000.0,1,0,81.67,131.3,Tier-3 (Self-financing),80000.0,45.5,2,0.271,0.468,0.37,29600.0,50400.0,0
Vellore,BC,1,671000.0,0,0,70.0,137.3,Tier-1 (Autonomous),183000.0,29.8,2,0.452,0.31,0.381,69700.0,113300.0,0
Thoothukudi,MBC,1,767000.0,0,1,72.61,118.0,Tier-2 (Affiliated),110000.0,44.3,1,0.198,0.368,0.283,31200.0,78800.0,1
Dindigul,BC,0,143000.0,1,0,87.63,135.8,Tier-3 (Self-financing),93000.0,107.6,1,0.43,0.439,0.434,40400.0,52600.0,1
Thoothukudi,SC,0,248000.0,0,1,86.19,155.3,Tier-3 (Self-financing),93000.0,3.3,2,0.489,0.603,0.546,50800.0,42200.0,1
Cuddalore,SC,0,61000.0,0,0,93.09,150.0,Tier-2 (Affiliated),113000.0,44.4,1,0.57,0.461,0.515,58200.0,54800.0,0
Chennai,SC,1,286000.0,0,1,75.83,124.3,Tier-1 (Autonomous),186000.0,25.6,0,0.366,0.587,0.476,88600.0,97400.0,1
Salem,BC,0,665000.0,0,1,63.44,124.2,Tier-2 (Affiliated),119000.0,48.8,0,0.314,0.389,0.351,41800.0,77200.0,1
Karur,MBC,1,193000.0,0,0,87.21,101.4,Tier-3 (Self-financing),89000.0,124.4,0,0.25,0.358,0.304,27100.0,61900.0,0
Namakkal,BC,0,124000.0,1,0,87.27,145.0,Tier-3 (Self-financing),87000.0,15.7,1,0.577,0.473,0.525,45700.0,41300.0,1
Erode,OC,0,440000.0,0,1,84.28,123.4,Tier-2 (Affiliated),113000.0,105.4,2,0.335,0.362,0.348,39400.0,73600.0,0
Namakkal,SC,0,418000.0,0,1,70.56,109.8,Tier-1 (Autonomous),193000.0,29.3,0,0.265,0.503,0.384,74000.0,119000.0,1
Villupuram,MBC,0,311000.0,0,1,67.29,109.4,Tier-1 (Autonomous),181000.0,2.0,1,0.275,0.391,0.333,60300.0,120700.0,0
Vellore,SC,0,68000.0,1,0,83.36,123.2,Tier-3 (Self-financing),91000.0,190.5,2,0.367,0.496,0.431,39300.0,51700.0,0
Chennai,OC,1,250000.0,1,0,69.14,114.1,Tier-2 (Affiliated),105000.0,127.2,1,0.267,0.522,0.394,41400.0,63600.0,1
Erode,ST,0,178000.0,1,0,74.92,125.7,Tier-2 (Affiliated),122000.0,98.4,2,0.255,0.414,0.334,40800.0,81200.0,0
Villupuram,ST,1,143000.0,1,0,99.9,162.9,Tier-2 (Affiliated),114000.0,197.6,1,0.415,0.628,0.521,59400.0,54600.0,0
Nagapattinam,MBC,1,453000.0,0,1,99.29,160.5,Tier-3 (Self-financing),82000.0,74.8,0,0.39,0.472,0.431,35300.0,46700.0,1
Virudhunagar,SC,1,351000.0,1,0,85.93,135.7,Tier-2 (Affiliated),109000.0,15.4,0,0.361,0.483,0.422,46000.0,63000.0,1
Villupuram,BC,1,369000.0,0,0,71.38,112.7,Tier-2 (Affiliated),108000.0,145.7,2,0.243,0.351,0.297,32100.0,75900.0,1
Madurai,SC,0,529000.0,1,0,70.78,114.4,Tier-3 (Self-financing),85000.0,30.0,0,0.284,0.399,0.341,29000.0,56000.0,0
Tirunelveli,SC,1,436000.0,1,0,85.16,122.1,Tier-1 (Autonomous),182000.0,37.3,0,0.313,0.437,0.375,68200.0,113800.0,1
Coimbatore,SC,0,380000.0,0,0,92.97,167.8,Tier-2 (Affiliated),108000.0,31.6,2,0.507,0.371,0.439,47400.0,60600.0,1
Chennai,SC,1,523000.0,0,1,72.88,115.2,Tier-2 (Affiliated),97000.0,55.2,2,0.224,0.51,0.367,35600.0,61400.0,1
Virudhunagar,MBC,0,239000.0,1,0,73.43,111.4,Tier-3 (Self-financing),99000.0,2.4,2,0.424,0.499,0.461,45700.0,53300.0,0
Villupuram,SC,1,283000.0,0,1,78.88,132.1,Tier-2 (Affiliated),112000.0,24.8,2,0.46,0.418,0.439,49200.0,62800.0,1
Tiruchirappalli,MBC,1,357000.0,1,0,64.11,100.9,Tier-1 (Autonomous),182000.0,91.5,0,0.293,0.445,0.369,67200.0,114800.0,1
Karur,BC,1,702000.0,0,0,64.42,121.7,Tier-2 (Affiliated),110000.0,34.4,1,0.383,0.408,0.395,43500.0,66500.0,0
Namakkal,OC,0,273000.0,1,0,66.24,119.4,Tier-2 (Affiliated),117000.0,98.3,5,0.225,0.649,0.437,51100.0,65900.0,0
Coimbatore,SC,1,813000.0,1,0,83.46,134.9,Tier-2 (Affiliated),110000.0,30.6,3,0.324,0.415,0.369,40600.0,69400.0,0
Villupuram,MBC,1,279000.0,0,1,80.72,143.2,Tier-1 (Autonomous),178000.0,32.5,3,0.362,0.423,0.392,69800.0,108200.0,0
Kanyakumari,MBC,1,473000.0,0,0,89.37,146.5,Tier-2 (Affiliated),108000.0,40.5,0,0.297,0.396,0.347,37500.0,70500.0,1
Tiruppur,ST,0,149000.0,1,0,60.63,79.7,Tier-3 (Self-financing),95000.0,123.9,1,0.145,0.481,0.313,29700.0,65300.0,0
Karur,MBC,0,203000.0,0,1,62.83,113.9,Tier-1 (Autonomous),182000.0,2.7,2,0.478,0.548,0.513,93400.0,88600.0,0
Vellore,BC,0,988000.0,0,1,82.56,103.6,Tier-2 (Affiliated),110000.0,10.7,0,0.268,0.38,0.324,35700.0,74300.0,1
Nagapattinam,BC,1,379000.0,1,0,69.28,58.1,Tier-2 (Affiliated),107000.0,110.6,0,0.222,0.506,0.364,38900.0,68100.0,1
Thanjavur,MBC,0,220000.0,0,0,70.01,122.5,Tier-3 (Self-financing),82000.0,273.9,4,0.444,0.491,0.467,38300.0,43700.0,0
Thoothukudi,SC,1,219000.0,1,0,88.13,147.7,Tier-2 (Affiliated),119000.0,29.6,0,0.34,0.374,0.357,42500.0,76500.0,0
Coimbatore,MBC,1,430000.0,0,1,72.47,121.6,Tier-3 (Self-financing),78000.0,132.8,1,0.326,0.501,0.414,32300.0,45700.0,1
Tiruchirappalli,MBC,1,397000.0,0,0,73.64,138.7,Tier-2 (Affiliated),115000.0,6.5,0,0.352,0.402,0.377,43300.0,71700.0,1
Thoothukudi,SC,1,170000.0,0,0,75.5,120.4,Tier-2 (Affiliated),116000.0,7.0,2,0.394,0.552,0.473,54800.0,61200.0,1
Tirunelveli,SC,1,249000.0,1,0,76.11,116.1,Tier-3 (Self-financing),87000.0,29.4,1,0.342,0.394,0.368,32000.0,55000.0,0
Erode,SC,1,440000.0,0,1,84.85,147.7,Tier-3 (Self-financing),83000.0,40.6,2,0.549,0.454,0.502,41600.0,41400.0,1
Nagapattinam,OC,0,686000.0,0,1,65.9,94.7,Tier-3 (Self-financing),73000.0,126.8,2,0.245,0.466,0.356,26000.0,47000.0,1
Tiruchirappalli,SC,1,319000.0,0,1,76.12,118.2,Tier-3 (Self-financing),90000.0,181.4,0,0.377,0.638,0.508,45700.0,44300.0,1
Namakkal,MBC,1,434000.0,1,0,89.62,147.2,Tier-2 (Affiliated),97000.0,2.1,0,0.362,0.414,0.388,37600.0,59400.0,1
Tirunelveli,OC,1,517000.0,1,0,99.33,163.9,Tier-2 (Affiliated),111000.0,13.0,2,0.355,0.557,0.456,50600.0,60400.0,0
Tiruchirappalli,MBC,1,319000.0,0,1,64.43,98.1,Tier-2 (Affiliated),110000.0,55.5,2,0.294,0.563,0.428,47100.0,62900.0,1
Thoothukudi,SC,1,190000.0,0,0,81.31,122.7,Tier-3 (Self-financing),91000.0,8.9,1,0.339,0.477,0.408,37100.0,53900.0,1
Tiruchirappalli,MBC,1,178000.0,0,0,76.1,105.0,Tier-3 (Self-financing),78000.0,143.5,0,0.309,0.509,0.409,31900.0,46100.0,0
Coimbatore,SC,1,214000.0,1,0,77.01,111.4,Tier-2 (Affiliated),102000.0,9.1,2,0.401,0.457,0.429,43700.0,58300.0,0
Cuddalore,BC,1,794000.0,1,0,70.1,139.4,Tier-2 (Affiliated),114000.0,30.9,0,0.413,0.329,0.371,42300.0,71700.0,0
Kanyakumari,BC,0,237000.0,1,0,85.56,132.9,Tier-2 (Affiliated),109000.0,104.1,1,0.43,0.38,0.405,44100.0,64900.0,0
Madurai,BC,0,247000.0,1,0,85.04,138.9,Tier-3 (Self-financing),69000.0,24.7,2,0.466,0.416,0.441,30400.0,38600.0,0
Karur,BC,1,395000.0,0,1,99.9,137.5,Tier-3 (Self-financing),85000.0,149.6,2,0.368,0.263,0.315,26800.0,58200.0,1
Namakkal,MBC,1,833000.0,1,0,64.79,142.1,Tier-3 (Self-financing),99000.0,278.6,0,0.348,0.391,0.37,36600.0,62400.0,1
Virudhunagar,SC,0,117000.0,1,0,60.52,83.9,Tier-2 (Affiliated),114000.0,31.2,1,0.349,0.642,0.495,56500.0,57500.0,0
Madurai,SC,1,367000.0,0,1,98.55,140.1,Tier-3 (Self-financing),76000.0,2.0,2,0.419,0.492,0.456,34700.0,41300.0,1
Thoothukudi,BC,1,465000.0,1,0,77.48,123.1,Tier-1 (Autonomous),184000.0,66.6,1,0.352,0.458,0.405,74500.0,109500.0,1
Theni,BC,1,501000.0,0,1,73.43,104.1,Tier-2 (Affiliated),118000.0,63.8,2,0.183,0.398,0.291,34300.0,83700.0,0
Virudhunagar,BC,0,342000.0,1,0,79.88,133.3,Tier-2 (Affiliated),96000.0,73.3,1,0.384,0.631,0.507,48700.0,47300.0,1
Vellore,MBC,1,433000.0,1,0,64.05,79.8,Tier-2 (Affiliated),108000.0,5.5,1,0.202,0.544,0.373,40300.0,67700.0,0
Villupuram,BC,0,462000.0,1,0,81.76,147.9,Tier-2 (Affiliated),120000.0,164.5,1,0.341,0.354,0.347,41700.0,78300.0,1
Theni,MBC,0,256000.0,0,0,77.2,137.6,Tier-2 (Affiliated),98000.0,5.7,1,0.439,0.663,0.551,54000.0,44000.0,0
Madurai,SC,0,509000.0,1,0,88.74,140.2,Tier-3 (Self-financing),83000.0,12.8,2,0.368,0.569,0.469,38900.0,44100.0,1
Villupuram,MBC,0,266000.0,0,1,86.57,113.7,Tier-2 (Affiliated),108000.0,26.7,2,0.119,0.41,0.265,28600.0,79400.0,0
Nagapattinam,BC,0,117000.0,0,0,87.4,127.7,Tier-2 (Affiliated),107000.0,30.1,0,0.303,0.587,0.445,47600.0,59400.0,0
Erode,BC,1,686000.0,1,0,79.91,128.8,Tier-3 (Self-financing),96000.0,3.8,1,0.426,0.398,0.412,39500.0,56500.0,1
Namakkal,MBC,0,323000.0,0,1,94.04,132.3,Tier-1 (Autonomous),190000.0,221.9,1,0.289,0.326,0.308,58500.0,131500.0,1
Vellore,MBC,0,265000.0,1,0,83.76,118.3,Tier-2 (Affiliated),108000.0,27.2,0,0.505,0.422,0.464,50100.0,57900.0,1
Namakkal,OC,1,546000.0,0,0,72.67,132.0,Tier-2 (Affiliated),102000.0,72.0,2,0.398,0.501,0.45,45900.0,56100.0,0
Thoothukudi,SC,1,98000.0,1,0,69.91,114.2,Tier-1 (Autonomous),190000.0,19.4,1,0.476,0.579,0.527,100200.0,89800.0,0
Kanyakumari,MBC,1,144000.0,1,0,71.03,115.5,Tier-3 (Self-financing),91000.0,41.3,1,0.214,0.74,0.477,43400.0,47600.0,0
Salem,MBC,1,1039000.0,0,0,83.89,142.1,Tier-3 (Self-financing),85000.0,9.5,2,0.299,0.358,0.329,27900.0,57100.0,0
Thoothukudi,BC,0,217000.0,1,0,64.68,101.0,Tier-3 (Self-financing),90000.0,18.3,3,0.231,0.36,0.296,26600.0,63400.0,1
Thanjavur,BC,1,821000.0,0,1,79.55,126.4,Tier-2 (Affiliated),115000.0,59.1,2,0.239,0.308,0.273,31400.0,83600.0,1
Karur,BC,1,200000.0,1,0,69.67,118.3,Tier-2 (Affiliated),103000.0,8.1,2,0.275,0.472,0.373,38500.0,64500.0,0
Nagapattinam,BC,1,272000.0,1,0,65.47,116.9,Tier-3 (Self-financing),80000.0,17.6,5,0.434,0.47,0.452,36100.0,43900.0,0
Dindigul,MBC,1,610000.0,1,0,67.08,114.8,Tier-3 (Self-financing),85000.0,19.3,0,0.275,0.4,0.338,28700.0,56300.0,1
Dindigul,MBC,1,397000.0,1,0,77.76,146.3,Tier-2 (Affiliated),95000.0,61.2,0,0.283,0.494,0.389,36900.0,58100.0,1
Dindigul,SC,1,423000.0,1,0,85.64,137.4,Tier-2 (Affiliated),107000.0,155.9,4,0.403,0.583,0.493,52700.0,54300.0,0
Kanyakumari,ST,1,271000.0,1,0,71.24,93.8,Tier-2 (Affiliated),104000.0,35.0,0,0.331,0.524,0.428,44500.0,59500.0,1
Vellore,BC,1,431000.0,1,0,57.24,107.9,Tier-1 (Autonomous),181000.0,38.0,0,0.125,0.307,0.216,39100.0,141900.0,0
Tirunelveli,OC,0,268000.0,0,1,99.9,156.2,Tier-1 (Autonomous),171000.0,3.7,0,0.337,0.522,0.43,73500.0,97500.0,0
Vellore,SC,0,101000.0,0,1,89.18,131.2,Tier-3 (Self-financing),88000.0,120.1,0,0.362,0.381,0.371,32700.0,55300.0,1
Tiruchirappalli,ST,0,366000.0,1,0,87.32,150.4,Tier-2 (Affiliated),112000.0,33.4,0,0.329,0.421,0.375,42000.0,70000.0,1
Vellore,SC,0,462000.0,0,1,94.28,156.4,Tier-3 (Self-financing),84000.0,37.2,2,0.433,0.594,0.513,43100.0,40900.0,1
Madurai,OC,0,220000.0,0,0,78.92,107.1,Tier-2 (Affiliated),114000.0,33.3,1,0.387,0.339,0.363,41400.0,72600.0,0
Coimbatore,BC,1,263000.0,1,0,76.65,132.7,Tier-2 (Affiliated),115000.0,64.3,0,0.332,0.649,0.491,56400.0,58600.0,1
Karur,OC,0,322000.0,0,1,91.56,174.6,Tier-2 (Affiliated),108000.0,130.3,1,0.547,0.523,0.535,57800.0,50200.0,1
Coimbatore,SC,0,235000.0,0,1,91.49,151.2,Tier-1 (Autonomous),180000.0,45.4,2,0.47,0.524,0.497,89500.0,90500.0,0
Tiruppur,MBC,0,235000.0,0,0,84.15,130.8,Tier-3 (Self-financing),80000.0,60.2,0,0.292,0.389,0.341,27300.0,52700.0,1
Nagapattinam,MBC,1,553000.0,0,0,86.82,113.9,Tier-2 (Affiliated),104000.0,173.1,0,0.212,0.442,0.327,34000.0,70000.0,0
Karur,MBC,1,409000.0,0,1,65.61,135.7,Tier-3 (Self-financing),98000.0,10.4,2,0.453,0.423,0.438,42900.0,55100.0,0
Thanjavur,BC,1,453000.0,0,0,75.43,112.9,Tier-2 (Affiliated),108000.0,8.8,1,0.297,0.385,0.341,36800.0,71200.0,1
Tiruchirappalli,MBC,1,1584000.0,1,0,95.04,130.9,Tier-2 (Affiliated),110000.0,10.7,2,0.373,0.222,0.298,32700.0,77300.0,0
Villupuram,OC,1,472000.0,0,1,86.04,139.3,Tier-2 (Affiliated),109000.0,143.7,0,0.383,0.639,0.511,55700.0,53300.0,1
Virudhunagar,MBC,1,1035000.0,1,0,63.38,116.5,Tier-2 (Affiliated),113000.0,39.3,3,0.295,0.403,0.349,39400.0,73600.0,1
Theni,SC,1,698000.0,1,0,72.69,134.8,Tier-2 (Affiliated),106000.0,2.0,2,0.385,0.389,0.387,41000.0,65000.0,1
Coimbatore,MBC,0,343000.0,0,1,93.41,139.4,Tier-2 (Affiliated),106000.0,18.3,3,0.297,0.506,0.401,42500.0,63500.0,0
Chennai,BC,1,167000.0,1,0,82.55,130.6,Tier-3 (Self-financing),92000.0,64.1,3,0.386,0.476,0.431,39700.0,52300.0,0
Erode,SC,0,198000.0,0,0,79.82,127.7,Tier-2 (Affiliated),98000.0,74.3,1,0.265,0.561,0.413,40400.0,57600.0,1
Tiruchirappalli,SC,1,237000.0,1,0,80.12,142.8,Tier-1 (Autonomous),181000.0,62.4,1,0.584,0.398,0.491,88900.0,92100.0,1
Kanyakumari,BC,0,302000.0,1,0,77.16,132.3,Tier-2 (Affiliated),103000.0,167.4,0,0.41,0.552,0.481,49600.0,53400.0,0
Salem,BC,0,167000.0,1,0,72.76,120.5,Tier-3 (Self-financing),69000.0,22.3,2,0.342,0.388,0.365,25200.0,43800.0,1
Tirunelveli,MBC,0,394000.0,0,0,69.66,125.2,Tier-1 (Autonomous),179000.0,245.9,1,0.251,0.443,0.347,62100.0,116900.0,0
Thoothukudi,BC,1,830000.0,0,1,88.1,120.5,Tier-2 (Affiliated),101000.0,50.4,1,0.408,0.469,0.438,44300.0,56700.0,1
Virudhunagar,OC,1,1199000.0,0,1,80.38,134.9,Tier-2 (Affiliated),99000.0,18.3,0,0.332,0.454,0.393,38900.0,60100.0,1
Salem,BC,0,242000.0,1,0,85.07,139.4,Tier-2 (Affiliated),131000.0,47.6,2,0.435,0.316,0.375,49100.0,81900.0,1
Vellore,BC,1,270000.0,0,0,83.47,132.8,Tier-2 (Affiliated),114000.0,35.9,4,0.309,0.395,0.352,40200.0,73800.0,0
Namakkal,MBC,0,315000.0,0,0,92.09,143.6,Tier-3 (Self-financing),90000.0,18.3,2,0.248,0.483,0.365,32900.0,57100.0,1
Cuddalore,MBC,1,1103000.0,0,1,82.55,134.1,Tier-2 (Affiliated),110000.0,246.6,3,0.491,0.385,0.438,48200.0,61800.0,0
Villupuram,BC,0,311000.0,0,0,86.24,129.4,Tier-2 (Affiliated),100000.0,6.5,0,0.397,0.434,0.416,41600.0,58400.0,0
Kanyakumari,SC,0,250000.0,0,1,79.67,168.4,Tier-2 (Affiliated),109000.0,28.1,0,0.457,0.493,0.475,51800.0,57200.0,0
Thoothukudi,BC,1,424000.0,0,1,68.53,130.0,Tier-1 (Autonomous),177000.0,94.2,0,0.51,0.464,0.487,86200.0,90800.0,1
Chennai,BC,1,366000.0,1,0,75.74,137.6,Tier-3 (Self-financing),70000.0,27.5,1,0.378,0.467,0.423,29600.0,40400.0,1
Salem,BC,1,694000.0,0,0,83.9,126.3,Tier-2 (Affiliated),124000.0,5.0,4,0.437,0.407,0.422,52300.0,71700.0,0
Tiruppur,SC,1,297000.0,0,1,84.78,121.3,Tier-3 (Self-financing),84000.0,104.8,2,0.192,0.49,0.341,28600.0,55400.0,1
Chennai,ST,1,341000.0,0,1,92.51,144.8,Tier-3 (Self-financing),78000.0,36.6,2,0.379,0.611,0.495,38600.0,39400.0,1
Vellore,MBC,0,344000.0,0,1,73.4,119.2,Tier-1 (Autonomous),181000.0,101.5,0,0.291,0.464,0.378,68400.0,112600.0,0
Tiruchirappalli,OC,0,472000.0,1,0,80.26,106.7,Tier-3 (Self-financing),74000.0,27.7,0,0.192,0.557,0.374,27700.0,46300.0,1
Villupuram,BC,1,656000.0,0,1,76.71,129.9,Tier-3 (Self-financing),77000.0,57.7,1,0.282,0.416,0.349,26900.0,50100.0,1
Coimbatore,BC,0,187000.0,0,0,94.24,167.0,Tier-3 (Self-financing),97000.0,40.2,1,0.495,0.456,0.476,46100.0,50900.0,1
Madurai,SC,1,191000.0,0,1,81.76,97.3,Tier-2 (Affiliated),106000.0,31.6,1,0.224,0.49,0.357,37800.0,68200.0,1
Tiruchirappalli,OC,0,381000.0,0,0,81.96,117.6,Tier-3 (Self-financing),85000.0,66.7,2,0.293,0.337,0.315,26800.0,58200.0,1
Madurai,ST,1,270000.0,1,0,77.64,142.6,Tier-1 (Autonomous),181000.0,117.4,0,0.357,0.409,0.383,69300.0,111700.0,0
Tiruppur,MBC,0,195000.0,1,0,75.75,126.8,Tier-3 (Self-financing),84000.0,93.1,1,0.423,0.452,0.438,36800.0,47200.0,0
Vellore,MBC,1,480000.0,0,1,63.51,88.6,Tier-2 (Affiliated),106000.0,15.3,2,0.107,0.466,0.287,30400.0,75600.0,0
Villupuram,SC,1,519000.0,0,1,65.39,115.7,Tier-3 (Self-financing),103000.0,32.8,2,0.307,0.579,0.443,45600.0,57400.0,1
Tirunelveli,OC,0,749000.0,0,1,79.79,118.8,Tier-3 (Self-financing),79000.0,43.7,3,0.277,0.374,0.326,25700.0,53300.0,0
Namakkal,SC,0,424000.0,1,0,78.54,122.1,Tier-3 (Self-financing),78000.0,17.9,0,0.283,0.383,0.333,26000.0,52000.0,1
Cuddalore,OC,0,189000.0,0,0,79.84,110.7,Tier-3 (Self-financing),89000.0,5.0,1,0.111,0.58,0.345,30700.0,58300.0,1
Theni,SC,0,103000.0,1,0,87.41,140.1,Tier-3 (Self-financing),75000.0,58.3,2,0.385,0.544,0.465,34900.0,40100.0,1
Nagapattinam,MBC,0,222000.0,0,1,78.93,141.6,Tier-3 (Self-financing),93000.0,200.7,1,0.345,0.599,0.472,43900.0,49100.0,1
Salem,OC,1,658000.0,1,0,74.52,112.1,Tier-2 (Affiliated),108000.0,53.3,1,0.312,0.499,0.405,43800.0,64200.0,1
Namakkal,SC,0,171000.0,0,1,75.9,131.1,Tier-1 (Autonomous),181000.0,77.2,2,0.603,0.562,0.582,105400.0,75600.0,0
Virudhunagar,OC,0,288000.0,0,0,80.44,128.0,Tier-3 (Self-financing),87000.0,17.2,1,0.36,0.522,0.441,38400.0,48600.0,1
Kanyakumari,BC,1,409000.0,0,1,74.2,134.9,Tier-2 (Affiliated),107000.0,179.6,1,0.407,0.548,0.478,51100.0,55900.0,1
Theni,SC,0,254000.0,0,1,88.64,134.9,Tier-3 (Self-financing),92000.0,145.8,3,0.308,0.572,0.44,40500.0,51500.0,1
Cuddalore,MBC,0,125000.0,1,0,77.89,147.9,Tier-2 (Affiliated),115000.0,2.0,2,0.43,0.601,0.516,59300.0,55700.0,1
Kanyakumari,SC,1,1143000.0,0,1,80.52,139.1,Tier-2 (Affiliated),114000.0,2.0,0,0.376,0.4,0.388,44200.0,69800.0,1
Theni,MBC,1,425000.0,0,1,69.83,115.4,Tier-2 (Affiliated),98000.0,29.3,5,0.235,0.461,0.348,34100.0,63900.0,0
Villupuram,MBC,1,749000.0,1,0,88.65,146.0,Tier-3 (Self-financing),82000.0,24.5,3,0.337,0.339,0.338,27700.0,54300.0,1
Madurai,BC,0,217000.0,0,0,92.39,140.8,Tier-2 (Affiliated),109000.0,37.0,1,0.429,0.51,0.469,51200.0,57800.0,0
Erode,BC,1,662000.0,0,1,64.37,95.1,Tier-2 (Affiliated),124000.0,12.0,0,0.176,0.388,0.282,35000.0,89000.0,1
Madurai,ST,1,288000.0,0,1,82.01,135.1,Tier-1 (Autonomous),169000.0,11.1,0,0.296,0.419,0.358,60400.0,108600.0,0
Coimbatore,OC,1,1009000.0,0,0,76.92,105.1,Tier-2 (Affiliated),105000.0,26.9,0,0.371,0.48,0.425,44700.0,60300.0,1
Dindigul,MBC,1,377000.0,1,0,80.84,120.3,Tier-2 (Affiliated),119000.0,69.0,2,0.441,0.475,0.458,54500.0,64500.0,0
Salem,BC,0,702000.0,0,1,82.52,118.0,Tier-1 (Autonomous),172000.0,159.2,3,0.236,0.328,0.282,48600.0,123400.0,0
Thanjavur,BC,1,213000.0,1,0,55.65,97.6,Tier-3 (Self-financing),80000.0,108.0,2,0.323,0.615,0.469,37500.0,42500.0,0
Thanjavur,MBC,1,708000.0,0,1,85.59,145.7,Tier-3 (Self-financing),98000.0,15.8,2,0.277,0.42,0.349,34200.0,63800.0,1
Theni,SC,1,336000.0,0,0,89.12,161.6,Tier-3 (Self-financing),88000.0,89.2,2,0.388,0.564,0.476,41900.0,46100.0,0
Villupuram,SC,1,180000.0,1,0,90.25,139.4,Tier-3 (Self-financing),92000.0,5.0,2,0.289,0.485,0.387,35600.0,56400.0,0
Virudhunagar,SC,1,922000.0,1,0,68.55,97.6,Tier-1 (Autonomous),186000.0,7.5,0,0.198,0.417,0.308,57200.0,128800.0,1
Vellore,BC,0,827000.0,1,0,77.69,102.3,Tier-2 (Affiliated),111000.0,71.1,3,0.255,0.439,0.347,38500.0,72500.0,1
Erode,MBC,1,134000.0,0,1,72.61,120.2,Tier-3 (Self-financing),86000.0,83.6,1,0.218,0.532,0.375,32200.0,53800.0,1
Nagapattinam,OC,1,694000.0,0,0,58.85,115.1,Tier-3 (Self-financing),92000.0,55.6,2,0.265,0.364,0.315,28900.0,63100.0,1
Madurai,SC,1,464000.0,1,0,71.79,113.7,Tier-3 (Self-financing),78000.0,155.4,0,0.22,0.491,0.355,27700.0,50300.0,0
Namakkal,BC,1,616000.0,1,0,67.16,107.9,Tier-2 (Affiliated),124000.0,171.6,3,0.294,0.477,0.385,47800.0,76200.0,0
Thanjavur,MBC,0,598000.0,0,0,81.35,130.1,Tier-3 (Self-financing),81000.0,13.0,2,0.363,0.337,0.35,28300.0,52700.0,0
Tiruchirappalli,BC,0,614000.0,0,0,61.69,102.5,Tier-3 (Self-financing),93000.0,30.0,2,0.367,0.623,0.495,46000.0,47000.0,1
Theni,SC,0,226000.0,1,0,68.2,124.1,Tier-2 (Affiliated),114000.0,73.0,3,0.192,0.636,0.414,47200.0,66800.0,1
Erode,SC,1,1102000.0,0,1,72.81,145.3,Tier-1 (Autonomous),176000.0,62.4,1,0.497,0.346,0.422,74200.0,101800.0,0
Tiruchirappalli,SC,1,527000.0,1,0,85.7,144.6,Tier-3 (Self-financing),89000.0,38.1,2,0.495,0.515,0.505,45000.0,44000.0,0
Cuddalore,OC,1,519000.0,1,0,99.9,168.3,Tier-3 (Self-financing),86000.0,71.0,4,0.445,0.447,0.446,38300.0,47700.0,1
Tiruchirappalli,ST,1,201000.0,0,1,81.03,126.1,Tier-3 (Self-financing),71000.0,19.8,0,0.309,0.46,0.385,27300.0,43700.0,1
Cuddalore,BC,1,957000.0,0,1,67.68,106.7,Tier-2 (Affiliated),109000.0,49.7,1,0.297,0.439,0.368,40100.0,68900.0,1
Tiruchirappalli,BC,0,193000.0,0,0,71.21,112.1,Tier-1 (Autonomous),170000.0,60.2,3,0.37,0.447,0.408,69400.0,100600.0,0
Thanjavur,BC,1,386000.0,1,0,84.58,129.8,Tier-3 (Self-financing),89000.0,38.1,1,0.188,0.504,0.346,30800.0,58200.0,1
Virudhunagar,BC,1,423000.0,1,0,64.54,105.2,Tier-1 (Autonomous),179000.0,223.3,3,0.228,0.414,0.321,57500.0,121500.0,1
Salem,MBC,1,511000.0,0,1,88.97,151.7,Tier-2 (Affiliated),117000.0,425.7,4,0.464,0.383,0.423,49500.0,67500.0,1
Nagapattinam,BC,1,434000.0,0,1,80.73,130.1,Tier-2 (Affiliated),104000.0,4.1,2,0.359,0.477,0.418,43400.0,60600.0,1
Karur,BC,1,234000.0,0,0,76.75,118.6,Tier-1 (Autonomous),170000.0,4.3,2,0.314,0.588,0.451,76700.0,93300.0,0
Villupuram,MBC,0,493000.0,1,0,61.15,99.7,Tier-2 (Affiliated),101000.0,10.1,0,0.115,0.474,0.295,29800.0,71200.0,0
Tiruchirappalli,SC,1,252000.0,0,0,87.2,125.1,Tier-1 (Autonomous),196000.0,45.7,0,0.296,0.506,0.401,78500.0,117500.0,0
Karur,MBC,1,1276000.0,1,0,70.38,124.7,Tier-2 (Affiliated),134000.0,8.8,2,0.303,0.156,0.23,30800.0,103200.0,0
Villupuram,MBC,1,496000.0,0,0,79.54,121.1,Tier-3 (Self-financing),101000.0,4.6,1,0.25,0.437,0.343,34700.0,66300.0,1
Nagapattinam,BC,0,600000.0,0,1,76.43,105.0,Tier-2 (Affiliated),98000.0,3.7,2,0.353,0.32,0.336,33000.0,65000.0,1
Tiruchirappalli,SC,0,276000.0,0,1,62.16,106.4,Tier-3 (Self-financing),74000.0,59.5,2,0.24,0.501,0.37,27400.0,46600.0,0
Virudhunagar,OC,0,804000.0,1,0,75.69,128.8,Tier-2 (Affiliated),101000.0,74.1,2,0.28,0.392,0.336,33900.0,67100.0,0
Madurai,BC,1,661000.0,1,0,65.9,92.5,Tier-3 (Self-financing),91000.0,67.5,1,0.377,0.416,0.397,36100.0,54900.0,1
Tiruppur,OC,0,444000.0,0,1,71.48,123.7,Tier-1 (Autonomous),197000.0,172.4,2,0.366,0.461,0.413,81500.0,115500.0,0
Dindigul,MBC,0,474000.0,0,1,82.33,141.2,Tier-2 (Affiliated),117000.0,88.4,2,0.405,0.497,0.451,52800.0,64200.0,1
Namakkal,BC,1,1896000.0,1,0,85.02,165.7,Tier-2 (Affiliated),112000.0,73.9,1,0.468,0.224,0.346,38800.0,73200.0,0
Namakkal,MBC,0,224000.0,1,0,77.82,121.0,Tier-1 (Autonomous),173000.0,191.7,1,0.267,0.533,0.4,69200.0,103800.0,0
Chennai,BC,1,748000.0,0,1,69.16,109.8,Tier-3 (Self-financing),83000.0,113.6,0,0.215,0.481,0.348,28900.0,54100.0,0
Namakkal,MBC,0,259000.0,1,0,71.53,105.3,Tier-2 (Affiliated),111000.0,2.0,1,0.172,0.306,0.239,26500.0,84500.0,0
Villupuram,MBC,0,343000.0,1,0,71.35,121.6,Tier-2 (Affiliated),117000.0,35.8,3,0.296,0.403,0.35,40900.0,76100.0,1
Thanjavur,OC,1,645000.0,0,1,56.63,90.5,Tier-2 (Affiliated),106000.0,148.3,4,0.092,0.459,0.276,29200.0,76800.0,1
Tirunelveli,MBC,1,128000.0,0,1,78.73,140.8,Tier-2 (Affiliated),113000.0,16.2,2,0.463,0.525,0.494,55800.0,57200.0,1
Thoothukudi,MBC,1,376000.0,0,1,61.34,91.6,Tier-3 (Self-financing),87000.0,13.6,0,0.163,0.407,0.285,24800.0,62200.0,0
Coimbatore,MBC,1,728000.0,0,1,78.76,133.1,Tier-3 (Self-financing),86000.0,78.4,0,0.432,0.442,0.437,37600.0,48400.0,1
Dindigul,OC,0,256000.0,1,0,63.41,97.9,Tier-1 (Autonomous),177000.0,117.1,1,0.173,0.559,0.366,64700.0,112300.0,0
Namakkal,MBC,1,697000.0,0,0,65.94,77.9,Tier-2 (Affiliated),111000.0,35.9,1,0.2,0.353,0.276,30700.0,80300.0,1
Dindigul,BC,0,331000.0,0,0,84.69,144.9,Tier-1 (Autonomous),179000.0,85.1,0,0.293,0.434,0.363,65000.0,114000.0,0
Villupuram,OC,1,567000.0,0,1,78.25,99.0,Tier-3 (Self-financing),79000.0,24.6,3,0.192,0.308,0.25,19800.0,59200.0,1
Thanjavur,BC,0,492000.0,1,0,59.15,92.2,Tier-2 (Affiliated),117000.0,53.5,2,0.178,0.446,0.312,36500.0,80500.0,1
Thoothukudi,MBC,1,611000.0,0,1,72.41,113.7,Tier-3 (Self-financing),98000.0,38.0,1,0.315,0.427,0.371,36400.0,61600.0,0
Coimbatore,BC,0,377000.0,0,1,80.62,128.9,Tier-3 (Self-financing),86000.0,38.2,1,0.248,0.391,0.32,27500.0,58500.0,1
Karur,MBC,0,455000.0,0,1,71.81,115.6,Tier-1 (Autonomous),180000.0,71.5,2,0.418,0.419,0.419,75400.0,104600.0,1
Tiruppur,BC,0,334000.0,1,0,74.57,119.9,Tier-1 (Autonomous),186000.0,49.8,2,0.315,0.48,0.398,74000.0,112000.0,0
Salem,SC,1,127000.0,0,1,80.44,134.2,Tier-3 (Self-financing),86000.0,138.5,2,0.362,0.599,0.481,41300.0,44700.0,1
Salem,BC,0,243000.0,0,1,78.45,123.9,Tier-2 (Affiliated),119000.0,159.7,1,0.215,0.472,0.343,40900.0,78100.0,1
Karur,MBC,1,156000.0,1,0,68.08,148.2,Tier-2 (Affiliated),111000.0,74.4,0,0.442,0.447,0.444,49300.0,61700.0,1
Theni,SC,0,280000.0,0,0,78.22,120.0,Tier-2 (Affiliated),115000.0,165.3,0,0.405,0.614,0.509,58600.0,56400.0,1
Theni,BC,1,791000.0,1,0,75.13,101.9,Tier-2 (Affiliated),124000.0,8.5,2,0.179,0.451,0.315,39000.0,85000.0,0
Coimbatore,OC,0,655000.0,0,0,95.24,131.2,Tier-2 (Affiliated),120000.0,186.4,2,0.309,0.318,0.313,37600.0,82400.0,0
Tiruppur,MBC,1,550000.0,1,0,76.97,133.0,Tier-3 (Self-financing),84000.0,31.7,0,0.342,0.499,0.421,35400.0,48600.0,0
Thoothukudi,ST,0,288000.0,0,1,79.35,103.1,Tier-2 (Affiliated),119000.0,2.0,5,0.232,0.452,0.342,40700.0,78300.0,0
Chennai,ST,0,71000.0,0,1,80.6,110.8,Tier-2 (Affiliated),101000.0,36.7,1,0.209,0.618,0.413,41800.0,59200.0,1
Dindigul,BC,0,282000.0,0,1,74.78,99.3,Tier-2 (Affiliated),108000.0,62.4,3,0.276,0.462,0.369,39800.0,68200.0,1
Dindigul,SC,0,90000.0,1,0,70.8,120.1,Tier-3 (Self-financing),92000.0,57.3,1,0.412,0.389,0.4,36800.0,55200.0,0
Kanyakumari,BC,1,397000.0,1,0,82.6,152.1,Tier-2 (Affiliated),122000.0,9.5,1,0.425,0.427,0.426,52000.0,70000.0,0
Tirunelveli,BC,0,727000.0,0,0,82.68,118.1,Tier-2 (Affiliated),104000.0,68.3,1,0.239,0.337,0.288,29900.0,74100.0,0
Dindigul,MBC,1,766000.0,0,0,98.83,164.5,Tier-1 (Autonomous),180000.0,48.3,1,0.385,0.347,0.366,65900.0,114100.0,0
Karur,MBC,1,605000.0,0,1,85.42,97.1,Tier-3 (Self-financing),85000.0,35.7,0,0.43,0.248,0.339,28800.0,56200.0,1
Coimbatore,MBC,0,235000.0,0,1,85.59,125.8,Tier-2 (Affiliated),109000.0,15.9,2,0.303,0.494,0.399,43400.0,65600.0,0
Virudhunagar,SC,1,182000.0,0,1,85.18,145.3,Tier-3 (Self-financing),75000.0,34.7,0,0.447,0.351,0.399,29900.0,45100.0,0
Virudhunagar,BC,0,331000.0,1,0,71.1,109.1,Tier-1 (Autonomous),184000.0,71.6,2,0.146,0.475,0.31,57100.0,126900.0,0
Karur,MBC,0,479000.0,0,0,65.42,119.6,Tier-2 (Affiliated),100000.0,11.8,2,0.256,0.263,0.259,25900.0,74100.0,0
Theni,BC,0,375000.0,1,0,67.96,75.2,Tier-2 (Affiliated),119000.0,64.2,1,0.246,0.389,0.317,37700.0,81300.0,0
Karur,OC,0,163000.0,0,1,84.88,124.8,Tier-2 (Affiliated),121000.0,79.2,0,0.264,0.562,0.413,50000.0,71000.0,1
Nagapattinam,BC,0,317000.0,1,0,92.22,154.3,Tier-3 (Self-financing),80000.0,28.2,2,0.372,0.544,0.458,36700.0,43300.0,1
Villupuram,ST,1,95000.0,0,1,85.34,143.1,Tier-2 (Affiliated),100000.0,77.5,2,0.428,0.468,0.448,44800.0,55200.0,1
Thanjavur,MBC,1,654000.0,0,1,76.33,129.9,Tier-3 (Self-financing),85000.0,43.3,3,0.3,0.466,0.383,32500.0,52500.0,1
Dindigul,OC,1,430000.0,1,0,94.77,154.7,Tier-3 (Self-financing),81000.0,16.0,2,0.483,0.32,0.402,32500.0,48500.0,0
Theni,MBC,0,133000.0,0,1,73.56,100.5,Tier-2 (Affiliated),108000.0,52.0,2,0.196,0.602,0.399,43100.0,64900.0,0
Tiruchirappalli,ST,1,428000.0,1,0,66.52,94.7,Tier-2 (Affiliated),111000.0,25.8,3,0.22,0.56,0.39,43300.0,67700.0,0
Kanyakumari,ST,0,230000.0,1,0,80.53,163.6,Tier-3 (Self-financing),78000.0,88.9,3,0.523,0.488,0.506,39400.0,38600.0,0
Nagapattinam,MBC,0,295000.0,1,0,90.92,126.6,Tier-2 (Affiliated),123000.0,125.3,4,0.304,0.457,0.38,46800.0,76200.0,1
Theni,BC,1,1612000.0,1,0,69.56,90.1,Tier-2 (Affiliated),105000.0,2.0,1,0.111,0.046,0.079,8300.0,96700.0,1
Erode,MBC,0,369000.0,0,1,60.95,107.7,Tier-3 (Self-financing),92000.0,47.2,2,0.239,0.473,0.356,32800.0,59200.0,1
Erode,SC,0,137000.0,0,1,78.38,109.5,Tier-2 (Affiliated),103000.0,2.1,3,0.201,0.576,0.388,40000.0,63000.0,0
Thanjavur,SC,1,419000.0,1,0,85.71,164.0,Tier-3 (Self-financing),85000.0,25.9,2,0.433,0.497,0.465,39500.0,45500.0,1
Cuddalore,SC,1,269000.0,0,1,48.35,118.4,Tier-3 (Self-financing),89000.0,2.5,1,0.312,0.509,0.411,36600.0,52400.0,1
Nagapattinam,MBC,1,843000.0,0,1,87.77,136.8,Tier-2 (Affiliated),111000.0,14.7,3,0.377,0.27,0.324,35900.0,75100.0,1
Cuddalore,OC,0,455000.0,0,1,64.33,107.6,Tier-2 (Affiliated),108000.0,211.4,4,0.346,0.471,0.409,44100.0,63900.0,1
Villupuram,MBC,0,320000.0,1,0,85.25,109.0,Tier-3 (Self-financing),81000.0,34.8,2,0.216,0.418,0.317,25700.0,55300.0,1
Thoothukudi,BC,1,218000.0,0,0,58.03,108.3,Tier-3 (Self-financing),82000.0,32.4,1,0.275,0.621,0.448,36700.0,45300.0,0
Karur,OC,0,403000.0,0,0,63.25,67.6,Tier-2 (Affiliated),105000.0,38.4,4,0.242,0.519,0.381,40000.0,65000.0,1
Vellore,MBC,0,252000.0,1,0,84.19,114.6,Tier-1 (Autonomous),183000.0,10.1,1,0.324,0.522,0.423,77400.0,105600.0,0
Tiruppur,MBC,0,148000.0,1,0,90.16,146.0,Tier-1 (Autonomous),195000.0,91.9,1,0.485,0.524,0.505,98400.0,96600.0,0
Thanjavur,SC,1,279000.0,0,0,77.91,132.9,Tier-2 (Affiliated),113000.0,19.9,0,0.359,0.419,0.389,44000.0,69000.0,0
Theni,SC,1,400000.0,0,1,99.9,137.6,Tier-2 (Affiliated),115000.0,203.3,0,0.444,0.406,0.425,48900.0,66100.0,0
Virudhunagar,SC,1,314000.0,1,0,67.77,100.3,Tier-2 (Affiliated),119000.0,28.4,1,0.233,0.642,0.437,52100.0,66900.0,0
Vellore,SC,1,145000.0,0,0,67.65,83.3,Tier-1 (Autonomous),176000.0,16.5,4,0.075,0.45,0.263,46200.0,129800.0,0
Namakkal,SC,0,168000.0,1,0,74.98,115.2,Tier-2 (Affiliated),96000.0,40.2,1,0.352,0.518,0.435,41800.0,54200.0,0
Chennai,OC,1,487000.0,1,0,74.5,107.2,Tier-3 (Self-financing),85000.0,22.5,0,0.302,0.463,0.382,32500.0,52500.0,0
Karur,MBC,0,289000.0,0,1,80.83,119.8,Tier-2 (Affiliated),117000.0,13.8,6,0.32,0.494,0.407,47600.0,69400.0,0
Dindigul,BC,0,313000.0,0,1,70.57,122.7,Tier-3 (Self-financing),101000.0,131.5,3,0.251,0.503,0.377,38100.0,62900.0,1
Dindigul,OC,0,311000.0,0,0,83.68,138.1,Tier-1 (Autonomous),172000.0,32.7,2,0.506,0.639,0.572,98400.0,73600.0,1
Namakkal,BC,1,377000.0,0,1,83.44,141.9,Tier-2 (Affiliated),119000.0,111.8,1,0.458,0.488,0.473,56300.0,62700.0,0
Salem,SC,1,327000.0,1,0,94.13,148.7,Tier-3 (Self-financing),87000.0,6.0,3,0.368,0.526,0.447,38900.0,48100.0,1
Tiruppur,SC,1,535000.0,0,0,73.1,127.7,Tier-2 (Affiliated),107000.0,11.3,0,0.459,0.421,0.44,47000.0,60000.0,1
Karur,ST,0,197000.0,1,0,81.37,129.7,Tier-3 (Self-financing),77000.0,60.8,1,0.461,0.496,0.479,36800.0,40200.0,1
Erode,ST,0,370000.0,1,0,84.06,127.1,Tier-1 (Autonomous),175000.0,6.9,0,0.326,0.515,0.421,73600.0,101400.0,1
Madurai,SC,0,364000.0,0,1,77.93,133.2,Tier-2 (Affiliated),115000.0,2.0,1,0.296,0.591,0.443,51000.0,64000.0,1
Vellore,BC,0,681000.0,0,1,75.88,115.1,Tier-1 (Autonomous),190000.0,13.8,2,0.338,0.52,0.429,81500.0,108500.0,0
Tiruchirappalli,SC,0,414000.0,0,0,57.36,86.8,Tier-2 (Affiliated),88000.0,111.6,2,0.185,0.216,0.2,17600.0,70400.0,0
Vellore,SC,1,744000.0,0,1,78.83,142.2,Tier-2 (Affiliated),114000.0,125.0,2,0.611,0.27,0.441,50200.0,63800.0,0
Theni,SC,1,167000.0,1,0,83.95,148.9,Tier-3 (Self-financing),80000.0,78.2,2,0.337,0.683,0.51,40800.0,39200.0,0
Madurai,BC,1,690000.0,0,0,77.42,119.4,Tier-2 (Affiliated),106000.0,2.0,1,0.441,0.372,0.406,43100.0,62900.0,1
Karur,OC,1,1231000.0,0,1,70.18,125.4,Tier-3 (Self-financing),88000.0,30.5,0,0.304,0.278,0.291,25600.0,62400.0,1
Salem,ST,0,365000.0,0,0,61.21,78.8,Tier-2 (Affiliated),125000.0,139.2,1,0.154,0.432,0.293,36600.0,88400.0,1
Kanyakumari,BC,1,316000.0,0,1,82.53,127.7,Tier-2 (Affiliated),104000.0,95.7,2,0.277,0.384,0.331,34400.0,69600.0,0
Karur,BC,0,429000.0,1,0,78.33,114.1,Tier-2 (Affiliated),109000.0,123.5,1,0.306,0.404,0.355,38700.0,70300.0,1
Tirunelveli,MBC,1,438000.0,1,0,91.9,147.0,Tier-3 (Self-financing),72000.0,10.9,2,0.343,0.421,0.382,27500.0,44500.0,0
Tiruppur,BC,1,1334000.0,1,0,63.51,112.6,Tier-3 (Self-financing),89000.0,181.3,3,0.273,0.249,0.261,23200.0,65800.0,1
Madurai,OC,0,182000.0,1,0,73.3,125.6,Tier-3 (Self-financing),79000.0,4.9,1,0.236,0.436,0.336,26600.0,52400.0,0
Coimbatore,ST,0,111000.0,1,0,64.79,110.0,Tier-2 (Affiliated),123000.0,41.7,2,0.123,0.602,0.362,44500.0,78500.0,0
Thoothukudi,SC,1,116000.0,0,1,88.25,143.3,Tier-3 (Self-financing),88000.0,48.7,1,0.382,0.52,0.451,39700.0,48300.0,1
Virudhunagar,ST,1,296000.0,1,0,90.39,142.2,Tier-2 (Affiliated),108000.0,4.2,0,0.5,0.504,0.502,54200.0,53800.0,1
Tiruchirappalli,BC,1,1678000.0,0,0,97.23,173.6,Tier-3 (Self-financing),83000.0,120.7,3,0.526,0.229,0.377,31300.0,51700.0,1
Tirunelveli,BC,1,471000.0,0,0,83.21,109.9,Tier-2 (Affiliated),113000.0,85.4,1,0.268,0.416,0.342,38600.0,74400.0,0
Tiruchirappalli,MBC,1,444000.0,1,0,85.89,127.4,Tier-2 (Affiliated),116000.0,48.5,0,0.552,0.406,0.479,55600.0,60400.0,0
Vellore,MBC,0,352000.0,1,0,82.36,137.9,Tier-2 (Affiliated),101000.0,158.6,0,0.195,0.362,0.279,28100.0,72900.0,1
Tirunelveli,OC,1,591000.0,1,0,83.73,156.9,Tier-2 (Affiliated),109000.0,58.6,2,0.47,0.492,0.481,52400.0,56600.0,1
Erode,SC,1,385000.0,0,1,78.49,120.4,Tier-2 (Affiliated),110000.0,39.8,3,0.248,0.463,0.355,39100.0,70900.0,1
Namakkal,ST,0,210000.0,1,0,84.19,130.8,Tier-1 (Autonomous),182000.0,100.8,1,0.359,0.607,0.483,87900.0,94100.0,0
Tiruchirappalli,MBC,0,163000.0,0,0,99.4,139.7,Tier-2 (Affiliated),120000.0,19.3,0,0.324,0.548,0.436,52300.0,67700.0,1
Kanyakumari,BC,1,459000.0,0,1,80.19,120.2,Tier-2 (Affiliated),99000.0,50.7,1,0.264,0.587,0.425,42100.0,56900.0,1
Karur,BC,1,726000.0,1,0,78.24,135.8,Tier-3 (Self-financing),93000.0,48.3,2,0.395,0.377,0.386,35900.0,57100.0,1
Nagapattinam,OC,0,650000.0,0,0,79.98,151.7,Tier-3 (Self-financing),88000.0,39.2,1,0.414,0.345,0.379,33400.0,54600.0,1
Tiruchirappalli,BC,1,987000.0,1,0,76.51,118.0,Tier-3 (Self-financing),81000.0,2.5,2,0.251,0.505,0.378,30700.0,50300.0,1
Karur,MBC,1,505000.0,1,0,80.46,116.8,Tier-2 (Affiliated),116000.0,38.8,0,0.198,0.543,0.371,43000.0,73000.0,0
Virudhunagar,MBC,1,511000.0,1,0,76.17,122.9,Tier-2 (Affiliated),107000.0,5.9,2,0.388,0.301,0.345,36900.0,70100.0,1
Tiruchirappalli,MBC,0,393000.0,0,1,89.44,118.9,Tier-3 (Self-financing),71000.0,123.5,3,0.294,0.51,0.402,28500.0,42500.0,0
Nagapattinam,SC,0,141000.0,0,0,88.44,160.0,Tier-3 (Self-financing),58000.0,22.2,2,0.359,0.579,0.469,27200.0,30800.0,1
Vellore,BC,0,211000.0,1,0,99.66,141.0,Tier-3 (Self-financing),75000.0,5.0,0,0.255,0.491,0.373,28000.0,47000.0,1
Nagapattinam,OC,1,588000.0,1,0,77.76,129.1,Tier-3 (Self-financing),81000.0,14.0,1,0.371,0.332,0.351,28500.0,52500.0,1
Dindigul,OC,1,312000.0,0,1,80.89,133.9,Tier-2 (Affiliated),111000.0,54.1,1,0.341,0.474,0.407,45200.0,65800.0,0
Virudhunagar,BC,0,374000.0,0,0,80.47,138.2,Tier-3 (Self-financing),90000.0,111.7,1,0.394,0.492,0.443,39900.0,50100.0,1
Madurai,MBC,1,748000.0,0,1,80.0,131.8,Tier-3 (Self-financing),83000.0,39.3,1,0.561,0.347,0.454,37700.0,45300.0,1
Vellore,SC,0,132000.0,1,0,89.3,142.9,Tier-1 (Autonomous),169000.0,5.2,0,0.462,0.582,0.522,88200.0,80800.0,0
Tirunelveli,SC,1,400000.0,0,1,61.75,105.2,Tier-2 (Affiliated),107000.0,2.0,0,0.262,0.343,0.302,32400.0,74600.0,1
Salem,MBC,0,184000.0,1,0,82.61,144.7,Tier-2 (Affiliated),108000.0,38.8,1,0.27,0.528,0.399,43100.0,64900.0,0
Erode,BC,1,276000.0,0,1,97.96,183.7,Tier-2 (Affiliated),124000.0,70.1,2,0.672,0.651,0.661,82000.0,42000.0,1
Vellore,BC,1,1496000.0,0,1,91.63,130.1,Tier-2 (Affiliated),114000.0,18.3,0,0.359,0.305,0.332,37800.0,76200.0,1
Madurai,BC,1,278000.0,1,0,90.49,117.2,Tier-2 (Affiliated),97000.0,9.5,1,0.503,0.611,0.557,54000.0,43000.0,0
Karur,BC,0,148000.0,1,0,86.42,115.1,Tier-3 (Self-financing),82000.0,41.6,3,0.235,0.51,0.372,30500.0,51500.0,1
Tiruppur,SC,0,219000.0,0,1,72.04,88.1,Tier-3 (Self-financing),91000.0,5.0,3,0.101,0.524,0.313,28400.0,62600.0,0
Virudhunagar,MBC,0,301000.0,0,1,70.5,94.8,Tier-2 (Affiliated),110000.0,120.0,0,0.343,0.456,0.4,44000.0,66000.0,0
Karur,BC,1,697000.0,1,0,70.58,93.0,Tier-1 (Autonomous),167000.0,174.6,2,0.242,0.382,0.312,52000.0,115000.0,1
Madurai,BC,0,899000.0,0,1,66.62,100.3,Tier-1 (Autonomous),187000.0,62.0,1,0.347,0.415,0.381,71200.0,115800.0,1
Coimbatore,BC,1,315000.0,0,1,87.47,152.8,Tier-3 (Self-financing),88000.0,2.0,4,0.335,0.413,0.374,32900.0,55100.0,1
Thanjavur,ST,1,199000.0,1,0,92.68,157.7,Tier-2 (Affiliated),109000.0,56.1,3,0.351,0.578,0.465,50600.0,58400.0,0
Dindigul,OC,0,945000.0,0,0,82.34,122.4,Tier-2 (Affiliated),104000.0,43.4,2,0.244,0.404,0.324,33700.0,70300.0,0
Salem,OC,0,654000.0,1,0,86.05,129.6,Tier-2 (Affiliated),118000.0,23.8,1,0.129,0.325,0.227,26800.0,91200.0,1
Nagapattinam,BC,0,464000.0,0,1,80.93,159.6,Tier-1 (Autonomous),165000.0,127.0,0,0.416,0.537,0.476,78600.0,86400.0,1
Tiruppur,SC,1,228000.0,1,0,83.69,142.8,Tier-2 (Affiliated),98000.0,29.7,2,0.248,0.674,0.461,45200.0,52800.0,1
Karur,MBC,1,780000.0,1,0,56.83,93.5,Tier-3 (Self-financing),79000.0,19.6,2,0.23,0.468,0.349,27600.0,51400.0,1
Madurai,MBC,0,404000.0,1,0,81.15,131.7,Tier-3 (Self-financing),87000.0,3.4,1,0.351,0.316,0.333,29000.0,58000.0,0
Virudhunagar,BC,1,536000.0,1,0,73.74,113.6,Tier-2 (Affiliated),99000.0,93.8,4,0.223,0.635,0.429,42500.0,56500.0,0
Salem,OC,0,283000.0,1,0,77.6,154.2,Tier-1 (Autonomous),176000.0,122.1,1,0.479,0.317,0.398,70100.0,105900.0,1
Thanjavur,SC,0,207000.0,0,1,80.26,125.6,Tier-2 (Affiliated),107000.0,12.3,1,0.35,0.372,0.361,38600.0,68400.0,1
Thanjavur,BC,1,1196000.0,0,1,70.84,115.6,Tier-2 (Affiliated),113000.0,45.3,3,0.408,0.175,0.292,33000.0,80000.0,0
Virudhunagar,OC,1,345000.0,0,1,67.24,82.9,Tier-2 (Affiliated),108000.0,70.1,2,0.334,0.46,0.397,42900.0,65100.0,0
Tirunelveli,MBC,0,167000.0,1,0,70.54,103.3,Tier-1 (Autonomous),178000.0,12.3,1,0.269,0.362,0.316,56200.0,121800.0,0
Salem,OC,1,446000.0,0,1,63.52,93.4,Tier-2 (Affiliated),104000.0,49.9,1,0.258,0.283,0.271,28100.0,75900.0,1
Erode,OC,1,503000.0,0,1,66.45,113.6,Tier-2 (Affiliated),119000.0,17.3,3,0.342,0.396,0.369,43900.0,75100.0,1
Vellore,SC,1,312000.0,0,0,67.82,96.9,Tier-2 (Affiliated),115000.0,2.0,0,0.39,0.43,0.41,47200.0,67800.0,1
Tiruchirappalli,MBC,1,712000.0,1,0,63.65,102.6,Tier-2 (Affiliated),115000.0,14.2,0,0.144,0.386,0.265,30400.0,84600.0,0
Tiruchirappalli,BC,0,385000.0,0,1,83.29,124.2,Tier-2 (Affiliated),104000.0,169.9,2,0.287,0.512,0.399,41500.0,62500.0,0
Salem,BC,0,309000.0,0,0,69.0,93.9,Tier-3 (Self-financing),81000.0,265.2,1,0.115,0.606,0.361,29200.0,51800.0,0
Dindigul,SC,1,367000.0,1,0,59.37,77.9,Tier-1 (Autonomous),184000.0,71.6,2,0.119,0.475,0.297,54600.0,129400.0,0
Erode,OC,1,888000.0,1,0,73.99,115.8,Tier-2 (Affiliated),105000.0,113.5,1,0.272,0.411,0.341,35800.0,69200.0,1
Vellore,OC,0,155000.0,1,0,66.87,108.5,Tier-2 (Affiliated),103000.0,29.6,1,0.207,0.495,0.351,36100.0,66900.0,1
Karur,MBC,0,469000.0,0,0,92.59,145.2,Tier-3 (Self-financing),87000.0,52.3,3,0.44,0.55,0.495,43100.0,43900.0,1
Salem,MBC,0,165000.0,1,0,79.33,114.4,Tier-3 (Self-financing),75000.0,39.1,1,0.338,0.638,0.488,36600.0,38400.0,0
Villupuram,ST,1,214000.0,0,0,63.3,99.2,Tier-3 (Self-financing),83000.0,21.5,1,0.244,0.46,0.352,29200.0,53800.0,1
Nagapattinam,BC,0,361000.0,0,1,83.69,129.1,Tier-3 (Self-financing),92000.0,47.1,1,0.376,0.371,0.373,34300.0,57700.0,1
Tiruchirappalli,OC,0,374000.0,0,1,78.85,110.5,Tier-3 (Self-financing),86000.0,33.5,0,0.426,0.428,0.427,36700.0,49300.0,1
Erode,MBC,0,340000.0,0,1,75.61,122.2,Tier-3 (Self-financing),77000.0,85.5,2,0.354,0.445,0.399,30800.0,46200.0,1
Tiruchirappalli,MBC,1,454000.0,1,0,93.75,177.2,Tier-3 (Self-financing),89000.0,81.8,0,0.413,0.442,0.427,38000.0,51000.0,1
Tirunelveli,BC,1,412000.0,0,1,68.24,106.9,Tier-2 (Affiliated),105000.0,32.1,2,0.208,0.468,0.338,35500.0,69500.0,1
Vellore,MBC,0,603000.0,1,0,88.35,119.4,Tier-3 (Self-financing),92000.0,40.8,0,0.246,0.413,0.33,30300.0,61700.0,1
Madurai,BC,0,441000.0,1,0,73.9,140.3,Tier-2 (Affiliated),114000.0,58.9,1,0.503,0.361,0.432,49200.0,64800.0,1
Chennai,SC,0,230000.0,0,1,77.82,143.4,Tier-3 (Self-financing),82000.0,14.7,0,0.36,0.484,0.422,34600.0,47400.0,1
Thanjavur,SC,1,461000.0,0,1,70.5,134.3,Tier-1 (Autonomous),174000.0,53.3,1,0.286,0.481,0.383,66700.0,107300.0,1
Karur,MBC,1,285000.0,1,0,71.14,113.2,Tier-2 (Affiliated),103000.0,47.2,1,0.202,0.614,0.408,42000.0,61000.0,1
Erode,ST,1,903000.0,0,0,73.64,106.1,Tier-1 (Autonomous),201000.0,86.8,0,0.223,0.326,0.274,55100.0,145900.0,1
Kanyakumari,ST,1,150000.0,0,1,58.99,81.0,Tier-3 (Self-financing),67000.0,64.8,0,0.131,0.517,0.324,21700.0,45300.0,0
Vellore,BC,0,318000.0,0,0,81.47,147.5,Tier-2 (Affiliated),96000.0,42.7,1,0.354,0.476,0.415,39800.0,56200.0,1
Villupuram,BC,0,255000.0,0,1,79.15,150.7,Tier-3 (Self-financing),94000.0,19.0,3,0.496,0.457,0.476,44800.0,49200.0,0
Salem,MBC,0,218000.0,0,1,63.02,87.0,Tier-2 (Affiliated),117000.0,22.6,1,0.178,0.466,0.322,37700.0,79300.0,0
Namakkal,OC,1,491000.0,1,0,84.6,97.6,Tier-2 (Affiliated),113000.0,14.0,1,0.232,0.303,0.267,30200.0,82800.0,1
Nagapattinam,BC,0,196000.0,0,1,92.57,147.8,Tier-3 (Self-financing),69000.0,10.7,0,0.476,0.545,0.51,35200.0,33800.0,1
Coimbatore,BC,1,929000.0,0,1,71.35,100.6,Tier-2 (Affiliated),114000.0,24.2,0,0.315,0.419,0.367,41900.0,72100.0,1
Villupuram,ST,0,87000.0,1,0,70.15,101.6,Tier-2 (Affiliated),102000.0,54.1,5,0.204,0.498,0.351,35800.0,66200.0,0
Vellore,BC,1,830000.0,1,0,89.13,139.0,Tier-3 (Self-financing),84000.0,2.0,1,0.481,0.425,0.453,38100.0,45900.0,1
Dindigul,SC,0,279000.0,1,0,82.03,137.4,Tier-2 (Affiliated),113000.0,45.9,1,0.377,0.354,0.366,41300.0,71700.0,0
Theni,BC,0,242000.0,0,0,76.64,110.9,Tier-2 (Affiliated),114000.0,190.1,3,0.238,0.619,0.428,48800.0,65200.0,1
Theni,BC,1,647000.0,1,0,86.15,139.9,Tier-1 (Autonomous),175000.0,188.5,2,0.461,0.359,0.41,71800.0,103200.0,1
Chennai,SC,0,179000.0,0,0,80.74,127.3,Tier-2 (Affiliated),120000.0,52.1,1,0.375,0.492,0.433,52000.0,68000.0,0
Kanyakumari,OC,0,213000.0,0,0,92.29,113.1,Tier-3 (Self-financing),92000.0,40.5,1,0.317,0.58,0.448,41300.0,50700.0,1
Theni,OC,0,214000.0,1,0,77.83,132.7,Tier-1 (Autonomous),172000.0,78.3,4,0.333,0.39,0.362,62200.0,109800.0,0
Thoothukudi,BC,1,693000.0,0,1,82.26,124.9,Tier-1 (Autonomous),176000.0,6.1,0,0.335,0.374,0.354,62300.0,113700.0,1
Dindigul,MBC,0,362000.0,1,0,88.98,123.4,Tier-3 (Self-financing),79000.0,50.4,1,0.271,0.419,0.345,27300.0,51700.0,1
Theni,BC,1,552000.0,1,0,53.52,74.7,Tier-3 (Self-financing),84000.0,17.6,1,0.141,0.483,0.312,26200.0,57800.0,1
Thanjavur,OC,1,508000.0,0,1,89.34,146.0,Tier-2 (Affiliated),115000.0,41.7,4,0.376,0.373,0.374,43100.0,71900.0,1
Kanyakumari,BC,1,435000.0,0,0,72.95,117.4,Tier-2 (Affiliated),95000.0,27.7,2,0.328,0.523,0.426,40400.0,54600.0,0
Virudhunagar,BC,0,250000.0,0,1,83.0,142.5,Tier-2 (Affiliated),94000.0,19.2,1,0.52,0.519,0.52,48900.0,45100.0,1
Villupuram,OC,1,241000.0,0,0,94.64,158.0,Tier-1 (Autonomous),173000.0,211.8,2,0.438,0.376,0.407,70400.0,102600.0,1
Namakkal,MBC,0,269000.0,1,0,74.94,102.3,Tier-2 (Affiliated),121000.0,5.3,1,0.318,0.563,0.44,53300.0,67700.0,0
Nagapattinam,OC,1,840000.0,1,0,73.44,73.2,Tier-2 (Affiliated),112000.0,163.1,3,0.163,0.533,0.348,39000.0,73000.0,1
Vellore,BC,1,501000.0,1,0,77.45,125.7,Tier-3 (Self-financing),98000.0,79.7,2,0.43,0.377,0.403,39500.0,58500.0,1
Dindigul,MBC,0,688000.0,1,0,63.48,111.0,Tier-2 (Affiliated),109000.0,17.7,2,0.422,0.372,0.397,43300.0,65700.0,1
Nagapattinam,SC,0,112000.0,0,1,99.9,156.8,Tier-1 (Autonomous),173000.0,57.8,1,0.407,0.422,0.414,71700.0,101300.0,1
Coimbatore,BC,1,336000.0,0,1,77.57,134.0,Tier-2 (Affiliated),97000.0,91.0,5,0.23,0.478,0.354,34300.0,62700.0,1
Karur,BC,1,520000.0,0,1,94.46,136.1,Tier-3 (Self-financing),78000.0,35.2,1,0.275,0.534,0.404,31500.0,46500.0,0
Chennai,BC,1,552000.0,1,0,74.67,114.3,Tier-2 (Affiliated),105000.0,125.0,1,0.376,0.386,0.381,40000.0,65000.0,1
Tiruppur,ST,1,96000.0,0,0,78.34,111.5,Tier-3 (Self-financing),66000.0,8.8,1,0.313,0.456,0.384,25400.0,40600.0,0
Dindigul,BC,1,673000.0,0,0,87.44,150.4,Tier-2 (Affiliated),103000.0,23.9,1,0.347,0.518,0.432,44500.0,58500.0,1
Dindigul,BC,1,554000.0,0,0,66.98,93.5,Tier-1 (Autonomous),173000.0,18.7,1,0.352,0.379,0.366,63200.0,109800.0,0
Dindigul,MBC,1,131000.0,0,0,76.97,154.0,Tier-3 (Self-financing),85000.0,108.1,2,0.412,0.466,0.439,37300.0,47700.0,0
Dindigul,BC,0,280000.0,1,0,87.07,131.8,Tier-2 (Affiliated),110000.0,10.1,1,0.331,0.475,0.403,44300.0,65700.0,0
Thanjavur,BC,1,310000.0,1,0,75.87,133.4,Tier-1 (Autonomous),183000.0,70.4,5,0.342,0.349,0.345,63100.0,119900.0,1
Dindigul,OC,1,491000.0,0,0,73.17,109.7,Tier-2 (Affiliated),97000.0,84.1,3,0.383,0.385,0.384,37200.0,59800.0,1
Tiruppur,MBC,0,125000.0,0,0,89.15,162.7,Tier-3 (Self-financing),76000.0,39.0,2,0.407,0.673,0.54,41000.0,35000.0,0
Nagapattinam,MBC,0,327000.0,0,1,92.01,166.7,Tier-2 (Affiliated),117000.0,159.7,3,0.585,0.542,0.563,65900.0,51100.0,1
Tiruppur,MBC,0,685000.0,0,1,93.6,144.9,Tier-2 (Affiliated),108000.0,19.4,2,0.451,0.463,0.457,49400.0,58600.0,1
Theni,SC,0,226000.0,0,1,71.25,118.1,Tier-2 (Affiliated),117000.0,30.8,3,0.42,0.554,0.487,57000.0,60000.0,0
Virudhunagar,BC,1,147000.0,1,0,72.21,134.6,Tier-3 (Self-financing),84000.0,76.1,1,0.43,0.57,0.5,42000.0,42000.0,0
Thoothukudi,ST,0,198000.0,1,0,73.28,121.8,Tier-3 (Self-financing),86000.0,49.5,3,0.352,0.477,0.415,35700.0,50300.0,0
Madurai,SC,1,283000.0,1,0,85.19,122.5,Tier-3 (Self-financing),89000.0,56.2,0,0.382,0.488,0.435,38700.0,50300.0,1
Karur,SC,0,106000.0,1,0,66.03,106.7,Tier-1 (Autonomous),176000.0,22.9,2,0.278,0.558,0.418,73500.0,102500.0,0
Salem,SC,1,383000.0,0,1,66.6,95.3,Tier-2 (Affiliated),105000.0,6.5,3,0.174,0.436,0.305,32000.0,73000.0,1
Tiruchirappalli,BC,1,784000.0,1,0,70.86,115.6,Tier-3 (Self-financing),80000.0,2.0,3,0.355,0.501,0.428,34300.0,45700.0,1
Nagapattinam,BC,1,334000.0,1,0,68.62,98.0,Tier-2 (Affiliated),109000.0,3.6,2,0.234,0.349,0.291,31800.0,77200.0,1
Coimbatore,MBC,1,170000.0,0,1,86.84,144.5,Tier-2 (Affiliated),115000.0,29.8,4,0.505,0.491,0.498,57300.0,57700.0,0
Virudhunagar,OC,0,129000.0,0,1,86.17,111.0,Tier-3 (Self-financing),82000.0,18.2,0,0.384,0.613,0.499,40900.0,41100.0,1
Nagapattinam,MBC,1,291000.0,0,1,73.18,100.3,Tier-3 (Self-financing),94000.0,7.0,0,0.295,0.573,0.434,40800.0,53200.0,1
Thoothukudi,OC,1,578000.0,0,1,76.06,109.8,Tier-3 (Self-financing),99000.0,40.4,0,0.361,0.397,0.379,37500.0,61500.0,1
Cuddalore,OC,0,294000.0,0,0,52.6,81.8,Tier-2 (Affiliated),103000.0,32.0,1,0.222,0.517,0.37,38100.0,64900.0,1
Kanyakumari,ST,1,187000.0,0,1,73.43,94.8,Tier-1 (Autonomous),190000.0,4.1,1,0.269,0.538,0.403,76600.0,113400.0,0
Madurai,MBC,0,355000.0,1,0,90.44,131.5,Tier-1 (Autonomous),180000.0,137.1,2,0.308,0.654,0.481,86600.0,93400.0,0
Kanyakumari,MBC,1,542000.0,1,0,72.88,128.3,Tier-3 (Self-financing),88000.0,80.1,2,0.367,0.38,0.374,32900.0,55100.0,1
Tiruchirappalli,BC,0,334000.0,1,0,67.07,120.8,Tier-3 (Self-financing),84000.0,50.1,4,0.356,0.501,0.429,36000.0,48000.0,0
Erode,MBC,1,658000.0,1,0,91.76,108.8,Tier-2 (Affiliated),120000.0,32.3,1,0.308,0.388,0.348,41700.0,78300.0,0
Madurai,SC,0,136000.0,1,0,66.86,98.2,Tier-2 (Affiliated),113000.0,54.8,1,0.263,0.645,0.454,51300.0,61700.0,0
Thanjavur,MBC,0,142000.0,0,1,93.46,168.7,Tier-3 (Self-financing),82000.0,11.0,1,0.506,0.511,0.509,41700.0,40300.0,1
Karur,MBC,1,315000.0,0,1,99.9,165.6,Tier-1 (Autonomous),177000.0,19.6,3,0.645,0.439,0.542,95900.0,81100.0,0
Tirunelveli,MBC,1,303000.0,1,0,76.91,129.2,Tier-1 (Autonomous),170000.0,168.1,3,0.361,0.55,0.455,77400.0,92600.0,0
Virudhunagar,BC,0,97000.0,1,0,90.44,153.2,Tier-3 (Self-financing),80000.0,2.0,1,0.494,0.467,0.481,38500.0,41500.0,0
Theni,MBC,1,311000.0,1,0,61.31,83.7,Tier-2 (Affiliated),120000.0,123.6,3,0.192,0.504,0.348,41800.0,78200.0,0
Theni,ST,1,501000.0,0,0,60.87,100.6,Tier-3 (Self-financing),94000.0,75.9,1,0.277,0.506,0.391,36800.0,57200.0,1
Villupuram,MBC,1,652000.0,1,0,70.03,119.1,Tier-3 (Self-financing),80000.0,21.9,3,0.247,0.284,0.265,21200.0,58800.0,1
Thanjavur,BC,0,399000.0,0,1,86.22,139.6,Tier-3 (Self-financing),76000.0,121.0,2,0.341,0.407,0.374,28400.0,47600.0,0
Erode,MBC,1,452000.0,0,1,78.02,118.9,Tier-2 (Affiliated),118000.0,86.8,2,0.276,0.614,0.445,52500.0,65500.0,1
Thoothukudi,MBC,1,932000.0,0,1,76.14,121.1,Tier-2 (Affiliated),113000.0,102.3,3,0.211,0.385,0.298,33700.0,79300.0,1
Tiruppur,ST,0,94000.0,1,0,65.09,87.0,Tier-2 (Affiliated),94000.0,57.5,1,0.213,0.44,0.327,30700.0,63300.0,0
Theni,SC,0,115000.0,0,0,76.73,132.0,Tier-3 (Self-financing),108000.0,29.8,4,0.29,0.539,0.415,44800.0,63200.0,0
Tirunelveli,BC,1,896000.0,0,0,71.56,93.0,Tier-1 (Autonomous),180000.0,64.1,1,0.138,0.225,0.181,32600.0,147400.0,0
Salem,BC,0,304000.0,1,0,68.78,97.8,Tier-3 (Self-financing),99000.0,127.3,1,0.413,0.504,0.458,45400.0,53600.0,0
Tiruchirappalli,MBC,0,180000.0,0,1,67.93,118.9,Tier-3 (Self-financing),86000.0,13.1,0,0.408,0.546,0.477,41000.0,45000.0,0
Salem,OC,0,528000.0,1,0,79.92,132.2,Tier-2 (Affiliated),102000.0,83.0,2,0.527,0.44,0.483,49300.0,52700.0,1
Tiruchirappalli,MBC,1,330000.0,0,1,70.8,106.0,Tier-3 (Self-financing),87000.0,42.1,2,0.266,0.426,0.346,30100.0,56900.0,0
Karur,SC,1,199000.0,1,0,77.93,99.0,Tier-2 (Affiliated),98000.0,24.4,0,0.223,0.654,0.438,43000.0,55000.0,0
Coimbatore,MBC,1,261000.0,0,0,60.31,95.8,Tier-1 (Autonomous),179000.0,3.6,1,0.268,0.472,0.37,66200.0,112800.0,0
Theni,BC,1,576000.0,1,0,83.03,123.4,Tier-1 (Autonomous),171000.0,6.9,0,0.364,0.286,0.325,55600.0,115400.0,1
Villupuram,SC,0,218000.0,1,0,80.41,135.9,Tier-2 (Affiliated),108000.0,261.2,1,0.351,0.494,0.422,45600.0,62400.0,1
Nagapattinam,SC,0,449000.0,0,1,75.69,113.4,Tier-1 (Autonomous),182000.0,85.1,1,0.238,0.556,0.397,72200.0,109800.0,0
Thanjavur,BC,0,255000.0,1,0,79.62,101.1,Tier-2 (Affiliated),112000.0,42.9,2,0.303,0.63,0.466,52200.0,59800.0,1
Coimbatore,MBC,0,220000.0,1,0,87.34,119.0,Tier-2 (Affiliated),98000.0,23.4,0,0.192,0.291,0.242,23700.0,74300.0,0
Virudhunagar,MBC,0,574000.0,0,1,63.51,95.2,Tier-1 (Autonomous),175000.0,63.4,6,0.282,0.371,0.326,57100.0,117900.0,1
Chennai,SC,1,542000.0,1,0,78.67,127.5,Tier-2 (Affiliated),94000.0,217.5,2,0.325,0.414,0.369,34700.0,59300.0,1
Cuddalore,BC,0,324000.0,1,0,64.95,86.5,Tier-3 (Self-financing),90000.0,95.8,3,0.267,0.5,0.383,34500.0,55500.0,1
Cuddalore,BC,0,127000.0,0,1,78.88,114.8,Tier-2 (Affiliated),112000.0,2.1,0,0.39,0.416,0.403,45100.0,66900.0,1
Tiruchirappalli,MBC,0,166000.0,1,0,75.41,132.5,Tier-3 (Self-financing),76000.0,2.0,0,0.412,0.562,0.487,37000.0,39000.0,1
Karur,OC,0,218000.0,0,1,77.75,141.0,Tier-3 (Self-financing),96000.0,85.9,1,0.303,0.582,0.442,42500.0,53500.0,1
Tiruchirappalli,BC,0,305000.0,1,0,86.48,142.5,Tier-3 (Self-financing),89000.0,5.6,0,0.282,0.42,0.351,31200.0,57800.0,1
Salem,SC,0,147000.0,1,0,86.19,133.6,Tier-3 (Self-financing),84000.0,21.1,0,0.244,0.517,0.381,32000.0,52000.0,1
Virudhunagar,BC,0,722000.0,0,1,88.87,132.9,Tier-3 (Self-financing),81000.0,66.3,3,0.327,0.474,0.401,32400.0,48600.0,1
Thoothukudi,MBC,1,177000.0,0,1,74.04,126.6,Tier-2 (Affiliated),105000.0,5.3,0,0.226,0.657,0.442,46400.0,58600.0,0
Tirunelveli,ST,1,144000.0,1,0,85.03,131.3,Tier-2 (Affiliated),104000.0,48.5,1,0.356,0.606,0.481,50000.0,54000.0,0
Villupuram,MBC,1,480000.0,1,0,83.07,146.7,Tier-1 (Autonomous),189000.0,18.0,0,0.342,0.414,0.378,71500.0,117500.0,0
Villupuram,MBC,1,560000.0,0,1,74.29,133.5,Tier-3 (Self-financing),87000.0,11.1,1,0.321,0.477,0.399,34700.0,52300.0,0
Nagapattinam,MBC,1,101000.0,0,0,79.17,132.8,Tier-3 (Self-financing),77000.0,178.0,3,0.364,0.511,0.438,33700.0,43300.0,0
Madurai,BC,1,186000.0,1,0,76.68,115.2,Tier-3 (Self-financing),95000.0,25.1,3,0.333,0.454,0.394,37400.0,57600.0,1
Tirunelveli,BC,1,418000.0,0,1,91.95,140.8,Tier-2 (Affiliated),109000.0,120.3,2,0.328,0.508,0.418,45600.0,63400.0,1
Cuddalore,MBC,1,885000.0,1,0,86.1,113.1,Tier-2 (Affiliated),103000.0,2.0,0,0.26,0.415,0.338,34800.0,68200.0,1
Thoothukudi,BC,0,844000.0,1,0,74.64,118.6,Tier-1 (Autonomous),196000.0,47.4,2,0.342,0.384,0.363,71100.0,124900.0,1
Virudhunagar,BC,0,238000.0,1,0,73.95,117.1,Tier-2 (Affiliated),101000.0,165.8,1,0.298,0.584,0.441,44500.0,56500.0,0
Thanjavur,OC,0,355000.0,0,1,87.58,119.5,Tier-2 (Affiliated),103000.0,144.3,0,0.304,0.458,0.381,39300.0,63700.0,1
Salem,SC,0,123000.0,1,0,91.4,181.7,Tier-3 (Self-financing),85000.0,47.5,1,0.591,0.519,0.555,47100.0,37900.0,0
Thoothukudi,OC,1,892000.0,1,0,81.16,138.2,Tier-2 (Affiliated),113000.0,139.7,2,0.311,0.391,0.351,39700.0,73300.0,1
Tirunelveli,SC,0,452000.0,1,0,84.59,122.7,Tier-2 (Affiliated),104000.0,16.2,1,0.394,0.487,0.441,45800.0,58200.0,1
Erode,BC,1,964000.0,0,1,91.03,176.5,Tier-2 (Affiliated),92000.0,125.3,1,0.7,0.287,0.494,45400.0,46600.0,1
Thoothukudi,MBC,1,413000.0,1,0,76.25,114.6,Tier-3 (Self-financing),85000.0,75.1,2,0.322,0.62,0.471,40000.0,45000.0,1
Tiruppur,BC,1,305000.0,1,0,78.83,138.6,Tier-3 (Self-financing),77000.0,12.3,0,0.348,0.544,0.446,34300.0,42700.0,0
Tirunelveli,BC,0,300000.0,1,0,82.87,133.9,Tier-3 (Self-financing),82000.0,95.2,1,0.251,0.491,0.371,30500.0,51500.0,1
Chennai,MBC,0,556000.0,0,1,73.71,111.0,Tier-2 (Affiliated),104000.0,11.2,2,0.246,0.443,0.345,35900.0,68100.0,0
Thanjavur,MBC,0,209000.0,0,1,94.99,146.9,Tier-2 (Affiliated),101000.0,13.5,1,0.442,0.503,0.472,47700.0,53300.0,1
Thoothukudi,BC,1,178000.0,0,1,73.62,139.3,Tier-2 (Affiliated),108000.0,107.9,3,0.377,0.632,0.504,54500.0,53500.0,1
Thanjavur,MBC,1,345000.0,0,1,78.61,138.9,Tier-1 (Autonomous),175000.0,28.4,3,0.38,0.559,0.47,82200.0,92800.0,1
Cuddalore,MBC,1,360000.0,1,0,97.16,153.6,Tier-2 (Affiliated),103000.0,60.6,2,0.428,0.53,0.479,49300.0,53700.0,0
Tirunelveli,BC,1,177000.0,1,0,59.38,64.3,Tier-2 (Affiliated),118000.0,2.0,1,0.081,0.714,0.398,46900.0,71100.0,0
Nagapattinam,MBC,1,477000.0,1,0,80.16,132.8,Tier-3 (Self-financing),77000.0,64.2,1,0.358,0.504,0.431,33200.0,43800.0,1
Nagapattinam,BC,1,638000.0,0,1,71.39,95.5,Tier-2 (Affiliated),108000.0,48.8,1,0.167,0.353,0.26,28100.0,79900.0,1
Theni,MBC,0,723000.0,0,0,78.0,132.9,Tier-1 (Autonomous),180000.0,94.6,4,0.371,0.468,0.419,75500.0,104500.0,1
Nagapattinam,OC,0,187000.0,0,1,65.94,94.8,Tier-2 (Affiliated),96000.0,18.9,1,0.241,0.556,0.399,38300.0,57700.0,1
Tiruppur,MBC,0,389000.0,0,1,74.29,109.7,Tier-2 (Affiliated),101000.0,93.2,3,0.393,0.585,0.489,49400.0,51600.0,1
Vellore,BC,1,822000.0,1,0,78.25,115.6,Tier-3 (Self-financing),85000.0,90.5,2,0.241,0.449,0.345,29300.0,55700.0,0
Karur,MBC,1,559000.0,0,0,80.38,143.9,Tier-3 (Self-financing),84000.0,35.5,1,0.461,0.452,0.456,38300.0,45700.0,0
Virudhunagar,MBC,1,241000.0,0,1,86.96,112.6,Tier-2 (Affiliated),104000.0,44.5,0,0.359,0.58,0.47,48800.0,55200.0,1
Virudhunagar,ST,1,152000.0,1,0,54.76,98.7,Tier-2 (Affiliated),110000.0,70.0,0,0.222,0.386,0.304,33500.0,76500.0,1
Salem,MBC,1,443000.0,0,0,76.74,127.9,Tier-2 (Affiliated),112000.0,38.2,4,0.292,0.502,0.397,44400.0,67600.0,1
Cuddalore,SC,0,205000.0,0,1,76.25,120.9,Tier-3 (Self-financing),90000.0,23.1,1,0.428,0.556,0.492,44200.0,45800.0,1
Chennai,BC,0,220000.0,0,0,77.36,117.1,Tier-3 (Self-financing),90000.0,17.0,2,0.203,0.4,0.302,27200.0,62800.0,0
Tiruppur,BC,1,983000.0,0,1,78.32,132.6,Tier-2 (Affiliated),120000.0,67.2,2,0.297,0.367,0.332,39900.0,80100.0,1
Tiruppur,OC,1,505000.0,1,0,69.7,104.9,Tier-3 (Self-financing),86000.0,106.8,2,0.179,0.398,0.288,24800.0,61200.0,1
Vellore,MBC,1,148000.0,0,1,62.53,93.3,Tier-1 (Autonomous),169000.0,43.9,3,0.169,0.486,0.328,55400.0,113600.0,0
Thoothukudi,MBC,0,230000.0,1,0,80.17,129.2,Tier-3 (Self-financing),83000.0,48.4,0,0.331,0.579,0.455,37800.0,45200.0,1
Kanyakumari,SC,1,410000.0,0,1,68.06,134.7,Tier-3 (Self-financing),75000.0,113.8,2,0.488,0.387,0.438,32800.0,42200.0,1
Chennai,MBC,1,507000.0,0,1,82.03,108.6,Tier-1 (Autonomous),187000.0,124.0,0,0.244,0.433,0.338,63200.0,123800.0,1
Salem,MBC,1,505000.0,1,0,68.63,117.3,Tier-3 (Self-financing),96000.0,2.0,3,0.476,0.377,0.427,41000.0,55000.0,1
Salem,BC,0,680000.0,0,1,84.93,133.7,Tier-2 (Affiliated),110000.0,31.7,3,0.438,0.435,0.436,48000.0,62000.0,1
Kanyakumari,OC,1,341000.0,0,0,77.46,120.6,Tier-3 (Self-financing),94000.0,155.7,0,0.279,0.51,0.395,37100.0,56900.0,1
Namakkal,SC,1,250000.0,0,0,78.15,102.1,Tier-2 (Affiliated),119000.0,176.1,2,0.215,0.398,0.307,36500.0,82500.0,1
Karur,BC,1,1130000.0,0,1,75.54,94.5,Tier-2 (Affiliated),112000.0,125.1,2,0.243,0.301,0.272,30500.0,81500.0,1
Virudhunagar,OC,1,214000.0,0,0,73.93,123.4,Tier-2 (Affiliated),114000.0,44.9,0,0.336,0.493,0.414,47200.0,66800.0,0
Nagapattinam,ST,1,265000.0,1,0,75.67,102.0,Tier-2 (Affiliated),118000.0,47.2,1,0.161,0.507,0.334,39400.0,78600.0,0
Coimbatore,ST,1,537000.0,0,0,89.82,159.0,Tier-3 (Self-financing),74000.0,12.5,3,0.397,0.521,0.459,33900.0,40100.0,1
Madurai,MBC,1,819000.0,0,0,62.66,85.0,Tier-3 (Self-financing),87000.0,34.6,2,0.07,0.313,0.192,16700.0,70300.0,1
Vellore,BC,0,430000.0,0,0,71.52,122.7,Tier-2 (Affiliated),114000.0,20.4,2,0.468,0.433,0.451,51400.0,62600.0,1
Erode,SC,0,284000.0,0,0,88.57,133.1,Tier-3 (Self-financing),74000.0,76.4,0,0.375,0.599,0.487,36000.0,38000.0,0
Karur,BC,0,169000.0,1,0,86.2,128.6,Tier-3 (Self-financing),100000.0,16.9,3,0.323,0.579,0.451,45100.0,54900.0,0
Tiruchirappalli,MBC,1,894000.0,1,0,91.44,132.6,Tier-3 (Self-financing),94000.0,13.1,2,0.309,0.298,0.303,28500.0,65500.0,1
Vellore,BC,0,155000.0,1,0,77.41,130.4,Tier-1 (Autonomous),189000.0,24.8,1,0.31,0.511,0.41,77500.0,111500.0,0
Salem,ST,0,90000.0,0,1,64.82,114.4,Tier-3 (Self-financing),88000.0,189.0,0,0.181,0.566,0.373,32800.0,55200.0,0
Tiruchirappalli,ST,1,338000.0,0,1,66.92,102.3,Tier-2 (Affiliated),102000.0,56.0,1,0.268,0.555,0.411,42000.0,60000.0,1
Tiruchirappalli,MBC,1,320000.0,1,0,75.01,128.9,Tier-2 (Affiliated),100000.0,95.3,0,0.411,0.513,0.462,46200.0,53800.0,1
Tiruchirappalli,OC,0,437000.0,0,1,85.61,137.2,Tier-3 (Self-financing),84000.0,46.3,1,0.504,0.497,0.5,42000.0,42000.0,1
Tiruppur,MBC,0,330000.0,0,0,75.45,100.7,Tier-2 (Affiliated),116000.0,62.1,0,0.313,0.52,0.416,48300.0,67700.0,1
Thanjavur,BC,1,1284000.0,0,0,74.68,125.2,Tier-1 (Autonomous),184000.0,51.7,2,0.396,0.302,0.349,64200.0,119800.0,1
Thanjavur,SC,0,248000.0,0,1,81.97,126.6,Tier-3 (Self-financing),99000.0,22.2,1,0.434,0.375,0.405,40000.0,59000.0,0
Dindigul,BC,1,344000.0,1,0,78.28,86.0,Tier-1 (Autonomous),178000.0,35.6,1,0.185,0.442,0.314,55900.0,122100.0,0
Karur,OC,1,914000.0,1,0,73.59,111.9,Tier-1 (Autonomous),177000.0,30.9,1,0.182,0.47,0.326,57700.0,119300.0,0
Kanyakumari,SC,0,123000.0,1,0,67.98,83.4,Tier-2 (Affiliated),110000.0,92.3,5,0.251,0.595,0.423,46500.0,63500.0,0
Namakkal,MBC,1,694000.0,0,0,87.47,121.5,Tier-3 (Self-financing),76000.0,78.5,0,0.266,0.413,0.339,25800.0,50200.0,1
Theni,SC,0,202000.0,1,0,88.48,137.8,Tier-2 (Affiliated),122000.0,193.2,0,0.373,0.491,0.432,52700.0,69300.0,0
Karur,OC,1,785000.0,1,0,67.42,106.7,Tier-2 (Affiliated),108000.0,39.1,2,0.19,0.337,0.263,28400.0,79600.0,1
Cuddalore,SC,0,73000.0,1,0,73.97,105.8,Tier-3 (Self-financing),87000.0,13.5,0,0.36,0.467,0.413,35900.0,51100.0,1
Madurai,OC,0,113000.0,0,1,84.67,143.4,Tier-3 (Self-financing),92000.0,112.2,0,0.468,0.604,0.536,49300.0,42700.0,1
Thoothukudi,OC,0,171000.0,1,0,66.62,104.9,Tier-2 (Affiliated),104000.0,63.7,1,0.152,0.491,0.322,33500.0,70500.0,0
Tiruchirappalli,MBC,1,1097000.0,0,0,81.65,124.3,Tier-2 (Affiliated),112000.0,193.9,4,0.341,0.359,0.35,39200.0,72800.0,1
Thanjavur,BC,0,159000.0,1,0,74.74,120.2,Tier-3 (Self-financing),85000.0,178.2,0,0.402,0.711,0.556,47300.0,37700.0,1
Cuddalore,MBC,0,389000.0,1,0,65.83,123.4,Tier-2 (Affiliated),118000.0,12.4,3,0.32,0.482,0.401,47300.0,70700.0,0
Thanjavur,OC,0,274000.0,1,0,95.77,121.0,Tier-3 (Self-financing),85000.0,21.2,1,0.32,0.436,0.378,32100.0,52900.0,1
Salem,OC,1,552000.0,1,0,74.59,138.8,Tier-2 (Affiliated),87000.0,3.3,1,0.461,0.512,0.487,42300.0,44700.0,1
Villupuram,SC,0,190000.0,0,1,83.24,123.9,Tier-3 (Self-financing),78000.0,63.6,0,0.31,0.599,0.455,35500.0,42500.0,0
Coimbatore,BC,1,1193000.0,1,0,66.79,95.2,Tier-3 (Self-financing),73000.0,105.9,0,0.223,0.161,0.192,14000.0,59000.0,0
Salem,MBC,1,579000.0,0,0,93.52,143.6,Tier-2 (Affiliated),125000.0,32.7,3,0.464,0.536,0.5,62500.0,62500.0,1
Thoothukudi,SC,1,389000.0,1,0,97.47,142.7,Tier-2 (Affiliated),121000.0,41.6,1,0.317,0.402,0.359,43500.0,77500.0,1
Karur,OC,1,1286000.0,0,1,62.98,85.2,Tier-1 (Autonomous),163000.0,150.2,1,0.14,0.427,0.284,46200.0,116800.0,1
Coimbatore,SC,0,138000.0,0,1,76.35,134.9,Tier-2 (Affiliated),102000.0,34.0,2,0.233,0.625,0.429,43800.0,58200.0,1
Nagapattinam,BC,1,869000.0,1,0,91.28,148.4,Tier-2 (Affiliated),99000.0,2.8,0,0.579,0.39,0.484,47900.0,51100.0,1
Thoothukudi,BC,1,793000.0,1,0,73.32,88.5,Tier-1 (Autonomous),182000.0,213.0,0,0.216,0.327,0.271,49400.0,132600.0,0
Coimbatore,OC,0,636000.0,0,1,82.09,141.5,Tier-1 (Autonomous),172000.0,2.0,1,0.478,0.513,0.495,85200.0,86800.0,1
Thanjavur,SC,1,289000.0,0,1,61.2,105.8,Tier-2 (Affiliated),108000.0,239.0,2,0.172,0.527,0.35,37700.0,70300.0,0
Dindigul,MBC,0,204000.0,0,1,70.12,89.9,Tier-1 (Autonomous),169000.0,118.4,1,0.311,0.448,0.379,64100.0,104900.0,0
Madurai,MBC,1,260000.0,0,1,81.05,132.4,Tier-3 (Self-financing),88000.0,20.2,1,0.338,0.541,0.439,38700.0,49300.0,0
Salem,ST,1,175000.0,0,0,72.11,124.7,Tier-2 (Affiliated),97000.0,2.6,0,0.444,0.425,0.435,42200.0,54800.0,0
Tiruchirappalli,BC,1,292000.0,1,0,74.39,95.0,Tier-1 (Autonomous),200000.0,60.0,1,0.213,0.514,0.364,72800.0,127200.0,0
Tiruchirappalli,SC,0,239000.0,0,1,62.84,104.8,Tier-1 (Autonomous),192000.0,2.0,0,0.177,0.526,0.352,67500.0,124500.0,0
Thanjavur,SC,1,278000.0,0,0,84.54,125.1,Tier-2 (Affiliated),130000.0,17.6,1,0.423,0.534,0.478,62200.0,67800.0,0
Dindigul,ST,1,346000.0,1,0,64.6,111.5,Tier-1 (Autonomous),185000.0,60.0,2,0.292,0.579,0.436,80600.0,104400.0,0
Salem,ST,0,221000.0,0,1,93.41,135.5,Tier-2 (Affiliated),122000.0,51.9,2,0.279,0.467,0.373,45500.0,76500.0,0
Tirunelveli,ST,1,152000.0,0,1,71.17,129.5,Tier-2 (Affiliated),117000.0,138.0,1,0.22,0.469,0.344,40300.0,76700.0,0
Tiruchirappalli,BC,1,265000.0,0,1,86.01,134.0,Tier-2 (Affiliated),102000.0,92.0,0,0.4,0.5,0.45,45900.0,56100.0,0
Nagapattinam,SC,1,278000.0,0,0,85.02,126.8,Tier-2 (Affiliated),107000.0,35.9,0,0.339,0.561,0.45,48200.0,58800.0,1
Salem,SC,1,206000.0,0,1,68.15,98.2,Tier-2 (Affiliated),113000.0,47.5,1,0.257,0.493,0.375,42400.0,70600.0,1
Villupuram,MBC,0,160000.0,1,0,72.24,128.7,Tier-3 (Self-financing),94000.0,23.2,1,0.367,0.39,0.379,35600.0,58400.0,0
Namakkal,BC,0,760000.0,0,1,73.43,106.6,Tier-3 (Self-financing),85000.0,33.0,1,0.259,0.38,0.32,27200.0,57800.0,1
Virudhunagar,ST,0,73000.0,1,0,74.1,134.5,Tier-1 (Autonomous),184000.0,110.7,2,0.399,0.548,0.474,87200.0,96800.0,0
Theni,BC,0,910000.0,1,0,65.02,107.2,Tier-2 (Affiliated),107000.0,133.3,2,0.33,0.31,0.32,34200.0,72800.0,1
Tirunelveli,MBC,1,492000.0,1,0,83.34,112.6,Tier-3 (Self-financing),82000.0,39.3,3,0.28,0.266,0.273,22400.0,59600.0,0
Theni,MBC,1,722000.0,1,0,71.11,114.2,Tier-2 (Affiliated),98000.0,2.2,1,0.339,0.434,0.386,37800.0,60200.0,1
Tirunelveli,BC,0,482000.0,1,0,76.86,123.7,Tier-1 (Autonomous),184000.0,9.8,0,0.377,0.351,0.364,66900.0,117100.0,1
Madurai,SC,1,442000.0,1,0,88.06,119.6,Tier-3 (Self-financing),81000.0,48.2,1,0.402,0.541,0.471,38200.0,42800.0,0
Tirunelveli,OC,0,973000.0,0,1,83.72,134.1,Tier-1 (Autonomous),170000.0,5.2,0,0.189,0.544,0.366,62300.0,107700.0,1
Tirunelveli,MBC,0,143000.0,0,1,71.79,123.0,Tier-2 (Affiliated),105000.0,80.5,2,0.294,0.45,0.372,39100.0,65900.0,0
Madurai,SC,1,289000.0,1,0,88.41,158.4,Tier-3 (Self-financing),87000.0,38.6,0,0.497,0.522,0.509,44300.0,42700.0,0
Chennai,BC,1,302000.0,1,0,84.66,151.7,Tier-3 (Self-financing),90000.0,102.7,1,0.597,0.515,0.556,50000.0,40000.0,1
Villupuram,SC,0,77000.0,1,0,70.94,149.3,Tier-3 (Self-financing),84000.0,8.6,1,0.516,0.412,0.464,39000.0,45000.0,0
Namakkal,BC,1,336000.0,1,0,72.86,116.6,Tier-3 (Self-financing),94000.0,98.7,0,0.402,0.29,0.346,32500.0,61500.0,1
Thanjavur,SC,1,882000.0,1,0,88.01,149.1,Tier-2 (Affiliated),122000.0,15.1,2,0.633,0.269,0.451,55000.0,67000.0,1
Villupuram,ST,0,154000.0,1,0,85.79,128.2,Tier-2 (Affiliated),108000.0,8.3,1,0.34,0.496,0.418,45100.0,62900.0,0
Salem,BC,1,1438000.0,1,0,62.97,129.0,Tier-1 (Autonomous),188000.0,47.4,1,0.515,0.463,0.489,92000.0,96000.0,1
Thanjavur,MBC,1,1323000.0,0,1,67.94,95.3,Tier-2 (Affiliated),105000.0,115.9,1,0.285,0.337,0.311,32600.0,72400.0,1
Virudhunagar,MBC,0,1350000.0,0,0,84.95,163.5,Tier-3 (Self-financing),75000.0,2.0,1,0.393,0.215,0.304,22800.0,52200.0,1
Theni,MBC,1,1198000.0,0,1,66.26,131.7,Tier-1 (Autonomous),172000.0,226.9,0,0.222,0.244,0.233,40100.0,131900.0,1
Vellore,SC,1,1152000.0,0,1,86.05,125.9,Tier-2 (Affiliated),103000.0,8.5,0,0.32,0.27,0.295,30400.0,72600.0,1
Tirunelveli,MBC,1,502000.0,0,1,97.36,171.3,Tier-3 (Self-financing),81000.0,101.2,0,0.552,0.301,0.426,34500.0,46500.0,1
Chennai,MBC,1,476000.0,0,1,81.73,137.6,Tier-1 (Autonomous),196000.0,36.6,3,0.359,0.386,0.372,73000.0,123000.0,1
Coimbatore,BC,1,568000.0,1,0,68.77,103.9,Tier-2 (Affiliated),106000.0,280.1,1,0.27,0.476,0.373,39500.0,66500.0,1
Tiruchirappalli,BC,0,299000.0,0,0,79.77,125.6,Tier-3 (Self-financing),82000.0,106.8,2,0.491,0.473,0.482,39500.0,42500.0,0
Nagapattinam,SC,0,212000.0,1,0,88.35,145.3,Tier-2 (Affiliated),111000.0,29.2,1,0.411,0.476,0.443,49200.0,61800.0,0
Theni,OC,0,590000.0,0,0,78.99,131.8,Tier-3 (Self-financing),74000.0,86.7,2,0.516,0.501,0.509,37700.0,36300.0,1
Thanjavur,MBC,0,201000.0,1,0,82.84,155.0,Tier-2 (Affiliated),111000.0,44.3,1,0.503,0.42,0.462,51300.0,59700.0,0
Nagapattinam,BC,0,140000.0,0,1,70.01,120.6,Tier-2 (Affiliated),115000.0,40.2,3,0.405,0.557,0.481,55300.0,59700.0,1
Tiruchirappalli,SC,1,385000.0,1,0,70.76,101.7,Tier-1 (Autonomous),192000.0,38.6,1,0.235,0.383,0.309,59400.0,132600.0,0
Salem,MBC,0,178000.0,1,0,87.06,150.5,Tier-1 (Autonomous),191000.0,73.6,0,0.419,0.582,0.501,95600.0,95400.0,0
Vellore,BC,0,216000.0,0,1,70.88,87.2,Tier-2 (Affiliated),113000.0,124.9,1,0.203,0.513,0.358,40500.0,72500.0,1
Villupuram,BC,1,447000.0,1,0,52.14,77.6,Tier-3 (Self-financing),83000.0,16.8,2,0.161,0.476,0.318,26400.0,56600.0,0
Theni,MBC,0,212000.0,1,0,74.94,115.5,Tier-2 (Affiliated),109000.0,24.7,0,0.354,0.498,0.426,46400.0,62600.0,0
Kanyakumari,ST,1,503000.0,1,0,81.14,139.7,Tier-2 (Affiliated),113000.0,9.7,1,0.49,0.495,0.493,55700.0,57300.0,1
Salem,MBC,1,383000.0,0,1,88.59,168.3,Tier-2 (Affiliated),110000.0,50.9,2,0.685,0.407,0.546,60100.0,49900.0,1
Virudhunagar,MBC,0,492000.0,1,0,94.46,154.4,Tier-3 (Self-financing),84000.0,32.5,1,0.383,0.535,0.459,38500.0,45500.0,0
Coimbatore,SC,0,218000.0,0,0,78.85,120.7,Tier-2 (Affiliated),103000.0,40.2,2,0.32,0.487,0.403,41600.0,61400.0,0
Salem,BC,1,460000.0,0,0,84.59,124.9,Tier-1 (Autonomous),185000.0,81.5,2,0.415,0.499,0.457,84500.0,100500.0,0
Namakkal,MBC,0,284000.0,0,1,79.21,139.3,Tier-3 (Self-financing),87000.0,21.0,0,0.391,0.547,0.469,40800.0,46200.0,1
Coimbatore,BC,1,237000.0,0,0,81.54,127.5,Tier-3 (Self-financing),79000.0,14.0,1,0.24,0.442,0.341,27000.0,52000.0,1
Kanyakumari,BC,1,582000.0,0,0,76.13,114.3,Tier-2 (Affiliated),122000.0,3.7,2,0.361,0.476,0.418,51000.0,71000.0,1
Kanyakumari,SC,1,503000.0,1,0,81.86,145.2,Tier-2 (Affiliated),112000.0,63.8,2,0.342,0.392,0.367,41100.0,70900.0,0
Namakkal,SC,0,336000.0,1,0,70.7,130.7,Tier-2 (Affiliated),99000.0,227.3,0,0.371,0.357,0.364,36000.0,63000.0,1
Erode,ST,1,130000.0,1,0,97.8,142.1,Tier-2 (Affiliated),118000.0,90.7,1,0.533,0.54,0.537,63300.0,54700.0,1
Coimbatore,SC,0,85000.0,0,1,54.09,64.1,Tier-3 (Self-financing),80000.0,68.0,2,0.177,0.706,0.442,35300.0,44700.0,0
Theni,MBC,1,313000.0,1,0,83.71,132.5,Tier-2 (Affiliated),107000.0,45.6,2,0.412,0.436,0.424,45400.0,61600.0,1
Namakkal,BC,1,1034000.0,0,1,81.2,112.8,Tier-1 (Autonomous),179000.0,55.6,1,0.412,0.388,0.4,71600.0,107400.0,1
Nagapattinam,MBC,0,294000.0,0,1,81.71,111.6,Tier-2 (Affiliated),117000.0,40.7,0,0.278,0.558,0.418,48900.0,68100.0,1
Theni,ST,0,110000.0,0,1,66.17,90.3,Tier-1 (Autonomous),180000.0,2.0,2,0.24,0.436,0.338,60800.0,119200.0,0
Madurai,SC,0,88000.0,1,0,61.22,113.6,Tier-2 (Affiliated),115000.0,16.9,2,0.281,0.483,0.382,43900.0,71100.0,0
Madurai,MBC,1,288000.0,1,0,84.06,144.3,Tier-2 (Affiliated),97000.0,106.2,2,0.466,0.594,0.53,51400.0,45600.0,0
Nagapattinam,MBC,0,172000.0,0,0,91.41,183.1,Tier-3 (Self-financing),76000.0,198.4,0,0.434,0.569,0.501,38100.0,37900.0,0
Tiruchirappalli,SC,1,527000.0,0,1,80.2,118.7,Tier-2 (Affiliated),110000.0,159.6,1,0.242,0.452,0.347,38200.0,71800.0,1
Villupuram,ST,1,476000.0,0,1,86.05,157.6,Tier-2 (Affiliated),104000.0,12.7,1,0.453,0.331,0.392,40700.0,63300.0,0
Madurai,SC,1,177000.0,0,1,73.42,124.9,Tier-1 (Autonomous),178000.0,235.4,2,0.383,0.469,0.426,75900.0,102100.0,1
Karur,MBC,1,636000.0,1,0,81.32,121.8,Tier-3 (Self-financing),91000.0,50.9,0,0.476,0.467,0.472,42900.0,48100.0,1
Thoothukudi,BC,0,428000.0,0,0,90.26,142.2,Tier-2 (Affiliated),104000.0,10.9,0,0.325,0.215,0.27,28000.0,76000.0,0
Thanjavur,MBC,0,136000.0,1,0,74.86,111.4,Tier-2 (Affiliated),104000.0,45.9,4,0.282,0.588,0.435,45300.0,58700.0,1
Coimbatore,BC,1,461000.0,1,0,89.86,147.7,Tier-1 (Autonomous),181000.0,51.5,1,0.436,0.55,0.493,89200.0,91800.0,0
Kanyakumari,ST,0,204000.0,0,0,61.65,113.4,Tier-3 (Self-financing),68000.0,29.2,0,0.202,0.654,0.428,29100.0,38900.0,1
Tiruchirappalli,MBC,1,459000.0,1,0,71.87,109.5,Tier-1 (Autonomous),188000.0,26.8,1,0.221,0.562,0.391,73600.0,114400.0,0
Namakkal,MBC,1,164000.0,1,0,83.46,146.3,Tier-2 (Affiliated),111000.0,24.1,3,0.267,0.55,0.408,45300.0,65700.0,0
Thoothukudi,BC,0,321000.0,0,0,97.03,174.3,Tier-2 (Affiliated),111000.0,2.0,2,0.554,0.549,0.552,61200.0,49800.0,1
Karur,MBC,1,596000.0,1,0,78.14,147.4,Tier-3 (Self-financing),81000.0,90.2,1,0.35,0.405,0.377,30600.0,50400.0,1
Chennai,MBC,0,620000.0,0,1,67.66,90.7,Tier-3 (Self-financing),91000.0,65.4,2,0.312,0.384,0.348,31700.0,59300.0,0
Virudhunagar,BC,1,334000.0,1,0,96.8,154.1,Tier-2 (Affiliated),109000.0,56.3,2,0.471,0.52,0.496,54000.0,55000.0,0
Tiruchirappalli,SC,1,233000.0,1,0,76.74,133.4,Tier-2 (Affiliated),120000.0,31.4,1,0.35,0.438,0.394,47300.0,72700.0,1
Karur,BC,1,431000.0,1,0,84.65,119.1,Tier-2 (Affiliated),96000.0,3.5,0,0.254,0.431,0.343,32900.0,63100.0,1
Theni,MBC,1,493000.0,1,0,74.66,99.8,Tier-2 (Affiliated),111000.0,82.1,0,0.277,0.629,0.453,50300.0,60700.0,1
Tirunelveli,BC,0,315000.0,1,0,79.42,126.7,Tier-1 (Autonomous),180000.0,35.9,0,0.321,0.429,0.375,67500.0,112500.0,1
Thanjavur,MBC,1,586000.0,0,1,72.38,109.6,Tier-2 (Affiliated),112000.0,5.7,2,0.324,0.454,0.389,43600.0,68400.0,0
Madurai,SC,0,105000.0,1,0,99.9,157.3,Tier-3 (Self-financing),96000.0,199.3,2,0.542,0.4,0.471,45200.0,50800.0,1
Thoothukudi,SC,1,392000.0,1,0,89.91,136.8,Tier-2 (Affiliated),99000.0,99.9,0,0.316,0.407,0.362,35800.0,63200.0,0
Salem,OC,0,259000.0,1,0,95.68,185.5,Tier-1 (Autonomous),169000.0,100.9,1,0.514,0.434,0.474,80100.0,88900.0,0
Erode,ST,0,156000.0,1,0,70.12,105.3,Tier-2 (Affiliated),107000.0,7.0,0,0.368,0.509,0.439,46900.0,60100.0,1
Namakkal,SC,0,499000.0,0,0,59.75,104.4,Tier-3 (Self-financing),70000.0,55.4,2,0.374,0.382,0.378,26400.0,43600.0,1
Cuddalore,BC,0,139000.0,0,1,75.07,127.9,Tier-3 (Self-financing),103000.0,26.4,0,0.268,0.5,0.384,39600.0,63400.0,1
Namakkal,BC,0,256000.0,1,0,99.9,134.5,Tier-3 (Self-financing),92000.0,115.7,1,0.302,0.459,0.38,35000.0,57000.0,1
Namakkal,BC,0,148000.0,1,0,74.78,141.6,Tier-3 (Self-financing),89000.0,14.6,2,0.326,0.505,0.415,37000.0,52000.0,0
Tiruppur,SC,1,343000.0,1,0,88.52,151.0,Tier-3 (Self-financing),91000.0,90.3,2,0.446,0.349,0.398,36200.0,54800.0,1
Kanyakumari,BC,1,860000.0,0,1,67.75,110.8,Tier-3 (Self-financing),95000.0,265.2,1,0.174,0.256,0.215,20400.0,74600.0,1
Vellore,MBC,0,285000.0,0,1,69.71,127.4,Tier-2 (Affiliated),105000.0,25.4,0,0.346,0.556,0.451,47400.0,57600.0,1
Virudhunagar,SC,1,295000.0,0,1,77.2,122.8,Tier-2 (Affiliated),107000.0,39.7,3,0.324,0.445,0.385,41200.0,65800.0,0
Nagapattinam,SC,0,405000.0,0,1,99.1,171.8,Tier-3 (Self-financing),88000.0,133.0,3,0.451,0.486,0.469,41200.0,46800.0,1
Thoothukudi,MBC,1,504000.0,1,0,89.0,114.3,Tier-1 (Autonomous),176000.0,76.7,0,0.305,0.482,0.393,69200.0,106800.0,1
Villupuram,SC,0,306000.0,1,0,57.47,104.2,Tier-2 (Affiliated),103000.0,80.9,2,0.269,0.495,0.382,39300.0,63700.0,1
Nagapattinam,BC,1,716000.0,0,1,84.67,138.2,Tier-3 (Self-financing),81000.0,111.8,0,0.353,0.301,0.327,26500.0,54500.0,1
Salem,SC,0,60000.0,0,1,66.51,109.4,Tier-1 (Autonomous),183000.0,20.0,1,0.415,0.373,0.394,72100.0,110900.0,0
Nagapattinam,BC,0,287000.0,1,0,71.18,101.3,Tier-3 (Self-financing),92000.0,130.2,3,0.219,0.459,0.339,31200.0,60800.0,0
Karur,BC,1,267000.0,1,0,83.1,129.7,Tier-3 (Self-financing),75000.0,96.6,1,0.355,0.499,0.427,32000.0,43000.0,1
Tirunelveli,ST,1,173000.0,0,0,91.98,143.4,Tier-2 (Affiliated),108000.0,16.7,1,0.352,0.627,0.489,52900.0,55100.0,1
Cuddalore,BC,1,1087000.0,0,0,91.49,129.3,Tier-3 (Self-financing),85000.0,77.7,3,0.428,0.493,0.461,39200.0,45800.0,1
Tirunelveli,BC,0,243000.0,0,0,81.32,135.5,Tier-1 (Autonomous),169000.0,45.8,2,0.282,0.529,0.405,68500.0,100500.0,1
Namakkal,MBC,1,1189000.0,0,1,81.46,153.9,Tier-3 (Self-financing),89000.0,47.9,0,0.449,0.309,0.379,33700.0,55300.0,0
Nagapattinam,BC,1,223000.0,1,0,91.46,125.0,Tier-1 (Autonomous),179000.0,4.2,1,0.263,0.498,0.38,68100.0,110900.0,0
Tiruchirappalli,BC,0,165000.0,0,1,62.24,106.9,Tier-1 (Autonomous),172000.0,26.9,0,0.134,0.512,0.323,55600.0,116400.0,0
Erode,MBC,0,395000.0,0,1,96.27,147.7,Tier-2 (Affiliated),106000.0,13.4,2,0.362,0.416,0.389,41200.0,64800.0,1
Nagapattinam,SC,0,162000.0,0,1,70.64,105.0,Tier-3 (Self-financing),89000.0,87.8,2,0.214,0.625,0.419,37300.0,51700.0,0
Dindigul,SC,0,231000.0,0,1,80.61,130.1,Tier-3 (Self-financing),93000.0,60.3,3,0.396,0.47,0.433,40300.0,52700.0,1
Thoothukudi,BC,0,281000.0,1,0,73.04,118.2,Tier-2 (Affiliated),113000.0,125.3,0,0.244,0.521,0.382,43200.0,69800.0,1
Chennai,MBC,0,240000.0,1,0,66.44,109.1,Tier-3 (Self-financing),100000.0,104.3,1,0.113,0.527,0.32,32000.0,68000.0,0
Karur,SC,1,266000.0,0,1,82.62,115.2,Tier-2 (Affiliated),119000.0,39.6,2,0.142,0.309,0.225,26800.0,92200.0,0
Virudhunagar,BC,1,533000.0,0,1,80.37,144.9,Tier-3 (Self-financing),89000.0,123.1,3,0.419,0.362,0.39,34700.0,54300.0,1
Villupuram,BC,1,687000.0,1,0,76.95,124.3,Tier-1 (Autonomous),174000.0,17.0,0,0.37,0.441,0.406,70600.0,103400.0,0
Tiruchirappalli,OC,1,1531000.0,1,0,76.47,131.3,Tier-3 (Self-financing),94000.0,35.5,1,0.372,0.348,0.36,33800.0,60200.0,1
Thoothukudi,MBC,0,233000.0,0,1,93.26,167.4,Tier-3 (Self-financing),79000.0,47.6,3,0.451,0.519,0.485,38300.0,40700.0,1
Vellore,BC,1,389000.0,0,1,99.9,131.0,Tier-3 (Self-financing),91000.0,108.9,2,0.382,0.527,0.454,41300.0,49700.0,1
Vellore,SC,1,236000.0,1,0,90.53,154.3,Tier-2 (Affiliated),90000.0,64.9,2,0.291,0.415,0.353,31800.0,58200.0,0
Vellore,ST,1,613000.0,0,1,80.77,126.8,Tier-3 (Self-financing),81000.0,15.2,0,0.181,0.432,0.306,24800.0,56200.0,1
Theni,BC,0,437000.0,1,0,61.63,113.9,Tier-1 (Autonomous),169000.0,29.7,3,0.179,0.37,0.275,46500.0,122500.0,0
Cuddalore,MBC,1,148000.0,1,0,84.27,122.8,Tier-1 (Autonomous),178000.0,2.0,1,0.313,0.583,0.448,79800.0,98200.0,0
Dindigul,BC,1,166000.0,0,0,84.71,149.6,Tier-2 (Affiliated),98000.0,125.6,0,0.485,0.521,0.503,49300.0,48700.0,0
Coimbatore,OC,1,399000.0,0,1,85.71,121.3,Tier-3 (Self-financing),85000.0,82.5,1,0.242,0.611,0.426,36200.0,48800.0,1
Thoothukudi,SC,1,358000.0,1,0,66.59,112.6,Tier-3 (Self-financing),89000.0,59.6,3,0.22,0.478,0.349,31100.0,57900.0,1
Salem,MBC,1,412000.0,0,0,86.5,142.7,Tier-2 (Affiliated),105000.0,37.5,1,0.448,0.343,0.396,41500.0,63500.0,1
Coimbatore,ST,1,362000.0,0,0,93.62,147.5,Tier-3 (Self-financing),82000.0,87.9,2,0.381,0.505,0.443,36400.0,45600.0,1
Tiruppur,MBC,1,381000.0,0,1,68.17,93.6,Tier-2 (Affiliated),112000.0,114.6,2,0.239,0.439,0.339,37900.0,74100.0,1
Thanjavur,BC,1,1042000.0,1,0,84.85,130.2,Tier-1 (Autonomous),180000.0,18.0,2,0.362,0.422,0.392,70500.0,109500.0,1
Theni,MBC,1,642000.0,1,0,69.88,125.7,Tier-3 (Self-financing),96000.0,144.1,1,0.238,0.366,0.302,29000.0,67000.0,0
Kanyakumari,BC,0,312000.0,1,0,76.96,145.5,Tier-1 (Autonomous),175000.0,40.1,4,0.551,0.589,0.57,99800.0,75200.0,1
Coimbatore,SC,1,591000.0,0,1,68.51,138.9,Tier-3 (Self-financing),89000.0,60.5,1,0.314,0.323,0.318,28300.0,60700.0,1
Tirunelveli,MBC,0,105000.0,1,0,74.49,127.1,Tier-2 (Affiliated),112000.0,29.5,0,0.495,0.642,0.568,63700.0,48300.0,1
Namakkal,BC,0,285000.0,1,0,74.57,123.1,Tier-2 (Affiliated),97000.0,65.1,1,0.372,0.384,0.378,36700.0,60300.0,0
Nagapattinam,MBC,0,280000.0,0,1,82.12,138.1,Tier-3 (Self-financing),86000.0,470.7,0,0.403,0.432,0.418,35900.0,50100.0,1
Theni,MBC,1,585000.0,1,0,86.9,168.0,Tier-2 (Affiliated),109000.0,43.2,0,0.368,0.49,0.429,46700.0,62300.0,1
Vellore,SC,0,76000.0,1,0,90.16,152.1,Tier-3 (Self-financing),81000.0,6.7,3,0.458,0.706,0.582,47200.0,33800.0,1
Theni,OC,0,338000.0,0,1,71.48,115.7,Tier-3 (Self-financing),99000.0,16.1,1,0.296,0.491,0.393,38900.0,60100.0,0
Thoothukudi,OC,0,486000.0,1,0,81.6,126.4,Tier-2 (Affiliated),120000.0,56.4,1,0.322,0.343,0.332,39900.0,80100.0,0
Dindigul,OC,1,819000.0,0,0,67.02,104.8,Tier-3 (Self-financing),79000.0,50.5,2,0.16,0.203,0.181,14300.0,64700.0,0
Kanyakumari,BC,1,927000.0,0,0,76.89,128.8,Tier-1 (Autonomous),185000.0,15.6,1,0.419,0.445,0.432,79900.0,105100.0,1
Nagapattinam,MBC,1,638000.0,0,1,78.43,114.2,Tier-3 (Self-financing),91000.0,5.1,1,0.371,0.557,0.464,42200.0,48800.0,1
Erode,BC,0,289000.0,0,1,68.77,100.6,Tier-2 (Affiliated),111000.0,16.6,0,0.112,0.581,0.347,38500.0,72500.0,1
Salem,BC,0,433000.0,0,0,83.59,132.8,Tier-2 (Affiliated),101000.0,7.2,2,0.315,0.479,0.397,40100.0,60900.0,1
Nagapattinam,MBC,1,376000.0,0,0,76.44,115.5,Tier-2 (Affiliated),102000.0,9.0,1,0.279,0.415,0.347,35400.0,66600.0,0
Salem,OC,0,423000.0,1,0,79.54,136.2,Tier-3 (Self-financing),89000.0,6.2,0,0.402,0.508,0.455,40500.0,48500.0,1
Erode,ST,1,423000.0,1,0,90.25,154.5,Tier-2 (Affiliated),114000.0,221.1,1,0.451,0.495,0.473,53900.0,60100.0,1
Salem,MBC,1,410000.0,0,1,73.72,121.9,Tier-3 (Self-financing),83000.0,152.8,0,0.319,0.628,0.473,39300.0,43700.0,1
Theni,BC,1,589000.0,1,0,86.5,145.7,Tier-2 (Affiliated),121000.0,7.4,1,0.447,0.476,0.462,55900.0,65100.0,1
Tirunelveli,MBC,0,441000.0,1,0,92.43,149.7,Tier-2 (Affiliated),122000.0,123.6,1,0.572,0.534,0.553,67500.0,54500.0,0
Cuddalore,BC,0,442000.0,0,1,91.82,90.0,Tier-3 (Self-financing),97000.0,156.4,2,0.188,0.454,0.321,31100.0,65900.0,0
Villupuram,SC,1,621000.0,1,0,76.12,108.7,Tier-3 (Self-financing),97000.0,41.3,1,0.36,0.349,0.355,34400.0,62600.0,1
Virudhunagar,MBC,0,936000.0,0,1,68.27,119.8,Tier-2 (Affiliated),110000.0,248.3,2,0.457,0.363,0.41,45100.0,64900.0,1
Villupuram,MBC,1,618000.0,0,1,70.9,100.9,Tier-1 (Autonomous),169000.0,13.9,0,0.372,0.235,0.304,51400.0,117600.0,1
Chennai,ST,1,212000.0,0,0,62.13,112.2,Tier-3 (Self-financing),82000.0,21.2,1,0.343,0.507,0.425,34800.0,47200.0,0
Dindigul,SC,0,258000.0,0,1,84.86,149.5,Tier-3 (Self-financing),84000.0,94.8,1,0.474,0.524,0.499,41900.0,42100.0,1
Salem,SC,0,252000.0,0,1,85.48,132.8,Tier-3 (Self-financing),80000.0,53.8,0,0.397,0.456,0.426,34100.0,45900.0,1
Villupuram,BC,1,677000.0,0,1,79.17,117.8,Tier-3 (Self-financing),82000.0,101.6,1,0.445,0.446,0.445,36500.0,45500.0,1
Karur,BC,0,680000.0,1,0,64.24,102.9,Tier-2 (Affiliated),101000.0,133.2,0,0.226,0.503,0.364,36800.0,64200.0,1
Erode,MBC,1,166000.0,1,0,74.35,118.3,Tier-2 (Affiliated),116000.0,5.8,2,0.282,0.528,0.405,46900.0,69100.0,1
Tiruppur,MBC,1,966000.0,1,0,91.8,156.3,Tier-3 (Self-financing),98000.0,43.1,2,0.393,0.353,0.373,36500.0,61500.0,1
Theni,MBC,1,1162000.0,1,0,84.1,99.4,Tier-1 (Autonomous),199000.0,200.8,3,0.44,0.291,0.365,72700.0,126300.0,0
Dindigul,SC,0,267000.0,1,0,85.83,126.3,Tier-2 (Affiliated),112000.0,56.1,1,0.463,0.477,0.47,52600.0,59400.0,0
Dindigul,BC,0,414000.0,1,0,99.9,144.7,Tier-1 (Autonomous),179000.0,7.9,1,0.357,0.627,0.492,88000.0,91000.0,1
Coimbatore,BC,1,423000.0,0,1,81.28,92.3,Tier-3 (Self-financing),85000.0,3.1,1,0.124,0.403,0.263,22400.0,62600.0,1
Dindigul,MBC,1,421000.0,0,1,56.41,82.8,Tier-1 (Autonomous),191000.0,29.6,2,0.17,0.417,0.294,56100.0,134900.0,0
Erode,BC,1,709000.0,0,0,66.99,84.7,Tier-3 (Self-financing),96000.0,19.6,1,0.199,0.487,0.343,32900.0,63100.0,1
Virudhunagar,MBC,1,595000.0,0,1,81.06,123.9,Tier-2 (Affiliated),108000.0,68.3,0,0.352,0.372,0.362,39100.0,68900.0,1
Kanyakumari,SC,1,468000.0,1,0,78.19,117.8,Tier-3 (Self-financing),95000.0,57.7,1,0.187,0.529,0.358,34000.0,61000.0,0
Nagapattinam,MBC,0,367000.0,0,0,76.28,128.8,Tier-3 (Self-financing),86000.0,312.6,0,0.29,0.403,0.346,29800.0,56200.0,0
Chennai,SC,0,320000.0,0,1,76.46,118.6,Tier-2 (Affiliated),104000.0,23.6,1,0.41,0.486,0.448,46600.0,57400.0,1
Virudhunagar,MBC,1,647000.0,0,1,70.16,86.9,Tier-1 (Autonomous),179000.0,34.7,2,0.25,0.498,0.374,66900.0,112100.0,1
Vellore,SC,0,111000.0,1,0,81.74,136.0,Tier-2 (Affiliated),124000.0,15.9,1,0.318,0.43,0.374,46400.0,77600.0,0
Thanjavur,BC,1,763000.0,0,1,91.94,183.4,Tier-2 (Affiliated),116000.0,133.3,1,0.619,0.459,0.539,62500.0,53500.0,0
Villupuram,SC,0,542000.0,0,0,95.32,168.6,Tier-3 (Self-financing),81000.0,13.6,2,0.567,0.516,0.542,43900.0,37100.0,0
Kanyakumari,SC,0,192000.0,0,0,95.04,162.3,Tier-3 (Self-financing),92000.0,99.0,0,0.645,0.491,0.568,52300.0,39700.0,0
Coimbatore,BC,0,682000.0,0,1,68.44,106.6,Tier-3 (Self-financing),91000.0,62.8,0,0.253,0.519,0.386,35100.0,55900.0,1
Vellore,MBC,1,254000.0,1,0,77.8,117.1,Tier-2 (Affiliated),108000.0,10.6,1,0.254,0.486,0.37,40000.0,68000.0,1
Karur,SC,1,310000.0,0,1,74.86,111.4,Tier-1 (Autonomous),174000.0,34.4,2,0.275,0.481,0.378,65800.0,108200.0,0
Namakkal,BC,0,210000.0,0,1,83.92,137.9,Tier-2 (Affiliated),101000.0,86.0,1,0.455,0.566,0.511,51600.0,49400.0,1
Tirunelveli,SC,0,416000.0,1,0,77.17,106.4,Tier-2 (Affiliated),97000.0,110.9,3,0.169,0.567,0.368,35700.0,61300.0,0
Namakkal,ST,0,417000.0,0,0,75.74,124.5,Tier-3 (Self-financing),80000.0,44.6,0,0.334,0.242,0.288,23000.0,57000.0,0
Kanyakumari,SC,0,185000.0,1,0,92.55,138.1,Tier-2 (Affiliated),109000.0,25.2,1,0.385,0.347,0.366,39900.0,69100.0,1
Salem,BC,1,920000.0,1,0,78.98,100.7,Tier-2 (Affiliated),120000.0,94.8,1,0.356,0.267,0.311,37400.0,82600.0,1
Karur,MBC,0,645000.0,0,1,79.24,116.6,Tier-2 (Affiliated),117000.0,49.5,1,0.263,0.474,0.368,43100.0,73900.0,1
Karur,ST,0,166000.0,0,0,82.13,150.2,Tier-2 (Affiliated),112000.0,12.5,0,0.412,0.535,0.474,53100.0,58900.0,0
Kanyakumari,MBC,0,279000.0,0,0,84.76,137.7,Tier-3 (Self-financing),70000.0,47.5,0,0.422,0.345,0.383,26800.0,43200.0,1
Tirunelveli,OC,1,943000.0,0,0,84.82,82.4,Tier-1 (Autonomous),182000.0,215.8,1,0.136,0.52,0.328,59700.0,122300.0,1
Salem,OC,1,396000.0,0,1,93.52,139.5,Tier-1 (Autonomous),167000.0,69.0,1,0.323,0.518,0.42,70200.0,96800.0,1
Namakkal,SC,1,335000.0,1,0,65.14,117.8,Tier-2 (Affiliated),117000.0,26.9,1,0.46,0.464,0.462,54000.0,63000.0,1
Namakkal,MBC,1,1365000.0,0,1,81.24,125.5,Tier-2 (Affiliated),117000.0,117.1,2,0.382,0.323,0.352,41200.0,75800.0,1
Thanjavur,BC,1,367000.0,0,1,76.98,131.0,Tier-2 (Affiliated),110000.0,47.7,2,0.454,0.453,0.453,49900.0,60100.0,0
Nagapattinam,BC,1,772000.0,1,0,74.99,114.1,Tier-3 (Self-financing),92000.0,9.4,1,0.355,0.486,0.421,38700.0,53300.0,1
Nagapattinam,SC,1,420000.0,0,1,85.58,139.7,Tier-3 (Self-financing),93000.0,107.8,0,0.378,0.576,0.477,44300.0,48700.0,1
Salem,MBC,1,384000.0,1,0,90.97,146.1,Tier-3 (Self-financing),86000.0,31.4,0,0.361,0.6,0.481,41300.0,44700.0,1
Nagapattinam,SC,0,220000.0,0,1,72.08,105.6,Tier-1 (Autonomous),179000.0,84.2,2,0.222,0.546,0.384,68700.0,110300.0,0
Salem,SC,1,826000.0,1,0,94.87,160.4,Tier-1 (Autonomous),169000.0,27.6,4,0.401,0.397,0.399,67500.0,101500.0,1
Thanjavur,ST,1,370000.0,1,0,63.68,124.9,Tier-1 (Autonomous),177000.0,43.0,1,0.277,0.56,0.418,74100.0,102900.0,0
Chennai,SC,1,465000.0,0,1,83.9,140.0,Tier-3 (Self-financing),77000.0,15.9,0,0.326,0.595,0.46,35400.0,41600.0,1
Erode,BC,0,721000.0,1,0,69.09,112.1,Tier-2 (Affiliated),102000.0,46.1,2,0.352,0.388,0.37,37700.0,64300.0,1
Thoothukudi,MBC,0,222000.0,0,1,71.58,101.9,Tier-2 (Affiliated),104000.0,178.6,1,0.177,0.623,0.4,41600.0,62400.0,0
Thanjavur,OC,1,354000.0,0,1,78.6,139.8,Tier-2 (Affiliated),94000.0,116.6,2,0.499,0.437,0.468,44000.0,50000.0,1
Karur,ST,0,447000.0,0,1,74.01,110.8,Tier-3 (Self-financing),93000.0,45.2,1,0.345,0.4,0.373,34600.0,58400.0,0
Madurai,BC,0,322000.0,0,0,49.37,87.4,Tier-1 (Autonomous),182000.0,26.1,1,0.256,0.517,0.387,70400.0,111600.0,0
Theni,MBC,0,425000.0,1,0,84.11,146.0,Tier-2 (Affiliated),119000.0,41.4,1,0.428,0.408,0.418,49800.0,69200.0,1
Vellore,SC,1,207000.0,0,1,85.8,152.1,Tier-2 (Affiliated),116000.0,83.7,1,0.464,0.358,0.411,47700.0,68300.0,1
Karur,BC,1,598000.0,0,1,76.39,137.3,Tier-2 (Affiliated),114000.0,17.1,1,0.345,0.418,0.381,43500.0,70500.0,1
Villupuram,SC,1,172000.0,1,0,75.6,135.5,Tier-3 (Self-financing),91000.0,16.5,0,0.305,0.71,0.507,46200.0,44800.0,0
Namakkal,OC,1,652000.0,0,1,74.27,100.0,Tier-2 (Affiliated),111000.0,156.6,1,0.211,0.274,0.243,26900.0,84100.0,1
Madurai,MBC,1,294000.0,1,0,60.89,84.5,Tier-3 (Self-financing),95000.0,61.2,2,0.087,0.562,0.325,30800.0,64200.0,1
Dindigul,MBC,0,160000.0,0,0,59.83,75.1,Tier-3 (Self-financing),81000.0,49.7,2,0.196,0.499,0.347,28100.0,52900.0,0
Madurai,BC,0,253000.0,1,0,86.04,116.1,Tier-2 (Affiliated),110000.0,172.7,1,0.224,0.444,0.334,36800.0,73200.0,0
Thanjavur,MBC,0,74000.0,0,1,88.65,164.7,Tier-3 (Self-financing),83000.0,3.7,5,0.528,0.468,0.498,41300.0,41700.0,0
Coimbatore,ST,1,144000.0,1,0,83.97,119.6,Tier-2 (Affiliated),126000.0,71.8,3,0.371,0.53,0.45,56700.0,69300.0,1
Theni,BC,0,460000.0,1,0,81.79,114.0,Tier-3 (Self-financing),80000.0,37.1,2,0.317,0.438,0.377,30200.0,49800.0,0
Erode,MBC,0,315000.0,1,0,85.83,136.5,Tier-2 (Affiliated),120000.0,15.8,6,0.335,0.537,0.436,52300.0,67700.0,0
Salem,SC,1,174000.0,1,0,85.16,125.1,Tier-1 (Autonomous),169000.0,42.5,1,0.268,0.693,0.48,81200.0,87800.0,0
Chennai,SC,1,426000.0,1,0,70.15,146.2,Tier-3 (Self-financing),86000.0,166.2,1,0.352,0.485,0.419,36000.0,50000.0,1
Kanyakumari,OC,0,241000.0,0,1,80.22,124.3,Tier-3 (Self-financing),84000.0,26.3,7,0.259,0.454,0.357,30000.0,54000.0,1
Virudhunagar,ST,1,406000.0,0,0,75.04,126.7,Tier-3 (Self-financing),77000.0,49.7,4,0.34,0.502,0.421,32400.0,44600.0,1
Virudhunagar,OC,1,591000.0,1,0,75.17,108.6,Tier-1 (Autonomous),175000.0,117.8,0,0.269,0.383,0.326,57000.0,118000.0,1
Coimbatore,MBC,1,351000.0,1,0,89.4,118.1,Tier-2 (Affiliated),114000.0,241.9,2,0.463,0.445,0.454,51800.0,62200.0,0
Erode,MBC,1,399000.0,1,0,93.75,139.1,Tier-3 (Self-financing),82000.0,256.5,1,0.534,0.417,0.476,39000.0,43000.0,0
Thoothukudi,SC,0,797000.0,1,0,54.54,76.5,Tier-2 (Affiliated),102000.0,53.0,2,0.286,0.47,0.378,38600.0,63400.0,0
Tiruppur,BC,0,197000.0,0,1,75.45,109.8,Tier-2 (Affiliated),117000.0,2.6,0,0.266,0.581,0.424,49600.0,67400.0,0
Madurai,BC,0,339000.0,0,0,74.93,95.9,Tier-3 (Self-financing),85000.0,50.3,2,0.119,0.47,0.295,25000.0,60000.0,1
Madurai,SC,1,484000.0,0,1,89.61,145.4,Tier-2 (Affiliated),113000.0,116.2,1,0.422,0.338,0.38,43000.0,70000.0,1
Tirunelveli,BC,1,284000.0,1,0,63.5,96.5,Tier-1 (Autonomous),189000.0,13.9,3,0.215,0.423,0.319,60300.0,128700.0,0
Thoothukudi,MBC,1,175000.0,0,1,48.1,53.8,Tier-1 (Autonomous),192000.0,222.8,2,0.087,0.512,0.3,57500.0,134500.0,0
Tiruchirappalli,SC,1,226000.0,0,1,86.21,139.5,Tier-2 (Affiliated),92000.0,62.6,2,0.421,0.6,0.51,47000.0,45000.0,1
Villupuram,MBC,0,395000.0,1,0,87.63,151.6,Tier-2 (Affiliated),109000.0,42.1,1,0.485,0.231,0.358,39000.0,70000.0,1
Cuddalore,BC,0,248000.0,0,1,60.16,114.2,Tier-3 (Self-financing),72000.0,23.5,0,0.155,0.521,0.338,24300.0,47700.0,0
Villupuram,BC,0,263000.0,0,0,76.76,86.5,Tier-3 (Self-financing),107000.0,56.3,2,0.303,0.553,0.428,45800.0,61200.0,1
Virudhunagar,ST,0,279000.0,0,0,93.3,138.3,Tier-1 (Autonomous),181000.0,53.1,2,0.459,0.552,0.505,91400.0,89600.0,1
Erode,MBC,1,270000.0,0,0,67.22,87.0,Tier-3 (Self-financing),93000.0,11.6,3,0.155,0.555,0.355,33000.0,60000.0,1
Virudhunagar,OC,1,600000.0,0,1,79.01,116.6,Tier-1 (Autonomous),175000.0,9.0,2,0.377,0.517,0.447,78300.0,96700.0,0
Tiruchirappalli,BC,0,130000.0,1,0,83.08,153.8,Tier-1 (Autonomous),177000.0,7.6,4,0.417,0.507,0.462,81700.0,95300.0,0
Tirunelveli,BC,1,576000.0,1,0,63.72,91.0,Tier-2 (Affiliated),119000.0,17.1,3,0.218,0.497,0.358,42600.0,76400.0,0
Salem,ST,0,192000.0,1,0,72.36,108.7,Tier-2 (Affiliated),114000.0,327.4,3,0.266,0.365,0.315,35900.0,78100.0,0
Madurai,BC,1,748000.0,1,0,61.09,85.3,Tier-2 (Affiliated),123000.0,3.7,0,0.137,0.368,0.253,31100.0,91900.0,1
Coimbatore,OC,0,208000.0,0,1,76.35,146.5,Tier-2 (Affiliated),103000.0,88.6,2,0.311,0.537,0.424,43700.0,59300.0,0
Tiruchirappalli,MBC,1,378000.0,0,1,70.09,77.6,Tier-3 (Self-financing),83000.0,57.2,0,0.387,0.437,0.412,34200.0,48800.0,1
Madurai,OC,0,193000.0,0,1,80.08,119.8,Tier-3 (Self-financing),89000.0,100.9,2,0.367,0.431,0.399,35500.0,53500.0,0
Vellore,BC,0,261000.0,1,0,84.35,122.0,Tier-2 (Affiliated),115000.0,33.7,1,0.336,0.448,0.392,45000.0,70000.0,0
Coimbatore,ST,1,617000.0,0,1,91.89,121.2,Tier-3 (Self-financing),88000.0,54.1,2,0.467,0.482,0.475,41800.0,46200.0,1
Coimbatore,SC,0,163000.0,1,0,99.9,176.4,Tier-1 (Autonomous),169000.0,203.7,3,0.382,0.509,0.446,75300.0,93700.0,0
Thoothukudi,OC,1,297000.0,1,0,80.08,101.1,Tier-1 (Autonomous),172000.0,31.6,2,0.231,0.489,0.36,61900.0,110100.0,0
Coimbatore,MBC,0,179000.0,1,0,74.83,112.8,Tier-2 (Affiliated),113000.0,31.7,1,0.243,0.546,0.394,44600.0,68400.0,1
Coimbatore,BC,1,199000.0,0,1,74.25,117.6,Tier-2 (Affiliated),98000.0,89.1,0,0.27,0.533,0.401,39300.0,58700.0,1
Chennai,BC,0,147000.0,1,0,68.35,98.1,Tier-1 (Autonomous),173000.0,46.2,3,0.243,0.639,0.441,76300.0,96700.0,0
Madurai,MBC,1,607000.0,0,0,82.48,106.0,Tier-2 (Affiliated),110000.0,19.4,2,0.233,0.526,0.379,41700.0,68300.0,0
Namakkal,MBC,1,190000.0,0,0,73.05,114.4,Tier-2 (Affiliated),104000.0,90.0,3,0.155,0.547,0.351,36500.0,67500.0,0
Virudhunagar,SC,1,374000.0,1,0,83.18,121.7,Tier-2 (Affiliated),112000.0,107.5,4,0.242,0.455,0.349,39000.0,73000.0,1
Karur,SC,0,198000.0,0,1,68.67,122.0,Tier-1 (Autonomous),179000.0,22.8,1,0.251,0.62,0.436,78000.0,101000.0,0
Tiruppur,BC,1,361000.0,1,0,73.34,125.1,Tier-3 (Self-financing),79000.0,54.6,1,0.3,0.615,0.457,36100.0,42900.0,1
Coimbatore,ST,0,192000.0,1,0,82.32,160.9,Tier-2 (Affiliated),104000.0,10.1,1,0.386,0.39,0.388,40400.0,63600.0,0
Nagapattinam,MBC,1,251000.0,1,0,76.75,124.4,Tier-3 (Self-financing),95000.0,123.7,4,0.319,0.495,0.407,38700.0,56300.0,0
Chennai,BC,0,475000.0,0,1,58.8,102.9,Tier-2 (Affiliated),113000.0,66.4,1,0.246,0.443,0.344,38900.0,74100.0,0
Theni,SC,1,215000.0,0,0,77.85,119.2,Tier-3 (Self-financing),87000.0,90.2,1,0.142,0.432,0.287,25000.0,62000.0,0
Thanjavur,OC,1,509000.0,0,0,69.98,137.6,Tier-3 (Self-financing),85000.0,33.1,0,0.294,0.412,0.353,30000.0,55000.0,1
Kanyakumari,MBC,0,197000.0,1,0,89.81,143.9,Tier-2 (Affiliated),103000.0,10.9,3,0.419,0.483,0.451,46400.0,56600.0,1
Erode,SC,0,285000.0,0,0,87.71,138.8,Tier-2 (Affiliated),105000.0,28.0,1,0.375,0.581,0.478,50200.0,54800.0,1
Theni,BC,0,403000.0,1,0,55.17,96.4,Tier-3 (Self-financing),66000.0,10.2,0,0.094,0.361,0.227,15000.0,51000.0,1
Thanjavur,SC,1,74000.0,1,0,86.01,127.9,Tier-2 (Affiliated),105000.0,2.0,0,0.41,0.556,0.483,50700.0,54300.0,0
Namakkal,BC,0,344000.0,0,0,81.89,123.5,Tier-2 (Affiliated),105000.0,124.4,4,0.379,0.422,0.4,42000.0,63000.0,1
Villupuram,SC,1,121000.0,1,0,63.16,109.2,Tier-2 (Affiliated),114000.0,153.1,1,0.466,0.626,0.546,62200.0,51800.0,0
Karur,OC,1,522000.0,0,1,86.78,149.8,Tier-2 (Affiliated),105000.0,102.8,2,0.564,0.457,0.511,53600.0,51400.0,1
Thanjavur,BC,1,455000.0,0,1,65.2,113.3,Tier-2 (Affiliated),116000.0,9.8,1,0.226,0.537,0.382,44300.0,71700.0,0
Thanjavur,BC,0,246000.0,0,0,89.45,141.9,Tier-3 (Self-financing),83000.0,53.9,1,0.385,0.511,0.448,37200.0,45800.0,0
Karur,SC,0,257000.0,1,0,71.54,118.5,Tier-1 (Autonomous),181000.0,87.1,0,0.315,0.371,0.343,62100.0,118900.0,1
Erode,BC,0,444000.0,1,0,62.82,114.9,Tier-1 (Autonomous),180000.0,63.2,1,0.402,0.422,0.412,74100.0,105900.0,0
Tiruchirappalli,SC,1,206000.0,0,1,99.21,142.3,Tier-2 (Affiliated),116000.0,43.4,1,0.373,0.649,0.511,59300.0,56700.0,1
Dindigul,BC,0,192000.0,0,1,62.54,100.1,Tier-2 (Affiliated),120000.0,2.0,1,0.355,0.56,0.457,54900.0,65100.0,0
Coimbatore,MBC,0,255000.0,0,1,69.94,68.2,Tier-2 (Affiliated),102000.0,32.2,2,0.158,0.662,0.41,41800.0,60200.0,0
Tiruchirappalli,BC,0,128000.0,0,1,71.9,126.1,Tier-1 (Autonomous),194000.0,30.9,2,0.275,0.649,0.462,89700.0,104300.0,0
Thanjavur,OC,1,485000.0,0,0,73.44,105.8,Tier-2 (Affiliated),103000.0,10.5,5,0.173,0.407,0.29,29900.0,73100.0,0
Nagapattinam,ST,1,573000.0,1,0,84.99,124.6,Tier-3 (Self-financing),84000.0,88.6,4,0.415,0.334,0.374,31500.0,52500.0,0
Nagapattinam,MBC,0,114000.0,1,0,78.58,123.9,Tier-3 (Self-financing),81000.0,46.8,0,0.409,0.618,0.513,41600.0,39400.0,1
Tirunelveli,MBC,0,216000.0,0,1,88.04,150.2,Tier-3 (Self-financing),97000.0,108.6,0,0.512,0.592,0.552,53500.0,43500.0,0
Thanjavur,MBC,0,188000.0,1,0,81.72,166.6,Tier-2 (Affiliated),102000.0,73.8,2,0.276,0.517,0.396,40400.0,61600.0,1
Tiruchirappalli,MBC,0,783000.0,1,0,61.27,74.7,Tier-3 (Self-financing),91000.0,47.0,2,0.147,0.281,0.214,19500.0,71500.0,1
Nagapattinam,MBC,1,312000.0,1,0,83.5,120.9,Tier-2 (Affiliated),92000.0,28.8,0,0.421,0.446,0.434,39900.0,52100.0,1
Salem,SC,1,242000.0,1,0,80.34,132.0,Tier-1 (Autonomous),187000.0,5.0,0,0.246,0.517,0.381,71300.0,115700.0,0
Nagapattinam,MBC,1,238000.0,0,1,71.75,103.9,Tier-3 (Self-financing),83000.0,90.2,1,0.306,0.566,0.436,36200.0,46800.0,1
Virudhunagar,MBC,1,422000.0,0,0,98.74,170.5,Tier-1 (Autonomous),177000.0,12.2,1,0.452,0.388,0.42,74300.0,102700.0,0
Cuddalore,MBC,1,487000.0,0,1,84.08,132.0,Tier-2 (Affiliated),104000.0,83.5,0,0.285,0.538,0.411,42800.0,61200.0,0
Erode,MBC,0,160000.0,1,0,87.42,153.2,Tier-1 (Autonomous),179000.0,17.1,0,0.377,0.583,0.48,85900.0,93100.0,0
Thoothukudi,MBC,1,723000.0,0,0,87.77,136.7,Tier-2 (Affiliated),107000.0,113.1,2,0.503,0.474,0.488,52300.0,54700.0,0
Cuddalore,MBC,0,302000.0,0,0,73.8,126.3,Tier-2 (Affiliated),98000.0,89.7,2,0.412,0.534,0.473,46300.0,51700.0,0
Theni,MBC,0,415000.0,0,1,84.33,120.6,Tier-2 (Affiliated),104000.0,90.5,3,0.31,0.295,0.303,31500.0,72500.0,0
Kanyakumari,SC,1,263000.0,0,1,81.16,158.9,Tier-1 (Autonomous),186000.0,72.8,1,0.631,0.524,0.577,107400.0,78600.0,0
Kanyakumari,ST,0,193000.0,0,1,72.43,90.4,Tier-1 (Autonomous),177000.0,71.3,1,0.07,0.482,0.276,48800.0,128200.0,0
Coimbatore,ST,1,243000.0,0,0,65.78,94.6,Tier-2 (Affiliated),104000.0,29.0,3,0.177,0.549,0.363,37700.0,66300.0,0
Kanyakumari,SC,0,435000.0,1,0,78.24,103.9,Tier-1 (Autonomous),180000.0,117.1,1,0.389,0.338,0.363,65400.0,114600.0,0
Nagapattinam,MBC,0,277000.0,1,0,83.87,146.2,Tier-1 (Autonomous),184000.0,13.5,0,0.396,0.334,0.365,67200.0,116800.0,1
Salem,SC,1,317000.0,0,1,78.16,133.2,Tier-2 (Affiliated),115000.0,11.5,1,0.348,0.536,0.442,50800.0,64200.0,0
Erode,BC,1,375000.0,1,0,76.18,103.6,Tier-3 (Self-financing),88000.0,17.5,2,0.25,0.405,0.328,28800.0,59200.0,1
Nagapattinam,MBC,1,316000.0,1,0,78.27,140.2,Tier-3 (Self-financing),95000.0,151.8,2,0.352,0.318,0.335,31800.0,63200.0,0
Salem,BC,0,341000.0,0,0,75.13,109.7,Tier-2 (Affiliated),110000.0,20.9,5,0.356,0.399,0.377,41500.0,68500.0,0
Dindigul,OC,0,612000.0,1,0,93.49,155.4,Tier-2 (Affiliated),108000.0,112.0,2,0.377,0.417,0.397,42800.0,65200.0,0
Cuddalore,ST,1,187000.0,0,0,80.7,138.5,Tier-3 (Self-financing),92000.0,131.9,0,0.598,0.603,0.601,55300.0,36700.0,0
Cuddalore,SC,1,338000.0,0,1,73.14,113.4,Tier-3 (Self-financing),79000.0,12.5,1,0.181,0.487,0.334,26400.0,52600.0,1
Villupuram,MBC,1,465000.0,1,0,59.92,109.5,Tier-3 (Self-financing),82000.0,45.9,2,0.416,0.413,0.414,34000.0,48000.0,1
Madurai,BC,1,588000.0,0,1,76.03,119.5,Tier-3 (Self-financing),72000.0,73.4,0,0.382,0.414,0.398,28700.0,43300.0,1
Tirunelveli,MBC,1,164000.0,0,0,72.23,120.6,Tier-1 (Autonomous),195000.0,17.1,1,0.265,0.578,0.422,82200.0,112800.0,0
Thoothukudi,MBC,1,253000.0,0,0,71.86,110.9,Tier-1 (Autonomous),197000.0,50.2,1,0.306,0.545,0.425,83800.0,113200.0,1
Tiruppur,SC,0,92000.0,0,0,87.43,111.9,Tier-2 (Affiliated),109000.0,149.7,0,0.357,0.589,0.473,51600.0,57400.0,0
Salem,ST,1,278000.0,0,0,78.8,124.2,Tier-2 (Affiliated),116000.0,6.7,0,0.383,0.635,0.509,59000.0,57000.0,1
Tirunelveli,BC,1,294000.0,1,0,61.18,84.8,Tier-3 (Self-financing),91000.0,87.8,1,0.041,0.496,0.269,24500.0,66500.0,1
Erode,BC,1,368000.0,0,0,84.19,155.6,Tier-2 (Affiliated),112000.0,27.3,2,0.474,0.534,0.504,56500.0,55500.0,1
Tiruppur,BC,0,155000.0,0,0,62.18,79.0,Tier-3 (Self-financing),95000.0,199.4,4,0.062,0.348,0.205,19500.0,75500.0,0
Tirunelveli,OC,1,505000.0,1,0,84.93,154.3,Tier-3 (Self-financing),75000.0,50.6,2,0.523,0.466,0.494,37100.0,37900.0,1
Theni,BC,0,161000.0,0,0,73.25,114.5,Tier-3 (Self-financing),84000.0,50.0,0,0.384,0.41,0.397,33400.0,50600.0,1
Thanjavur,OC,1,956000.0,1,0,78.87,132.3,Tier-3 (Self-financing),68000.0,258.9,1,0.252,0.312,0.282,19200.0,48800.0,1
Theni,OC,1,820000.0,0,1,77.75,103.7,Tier-2 (Affiliated),102000.0,192.5,2,0.102,0.353,0.227,23200.0,78800.0,1
Tiruchirappalli,BC,1,525000.0,0,1,76.52,117.8,Tier-3 (Self-financing),72000.0,6.4,1,0.285,0.447,0.366,26400.0,45600.0,1
Theni,BC,0,253000.0,0,0,80.1,118.2,Tier-3 (Self-financing),70000.0,35.4,2,0.292,0.454,0.373,26100.0,43900.0,1
Villupuram,SC,0,64000.0,0,1,78.82,157.7,Tier-2 (Affiliated),106000.0,304.9,0,0.451,0.507,0.479,50800.0,55200.0,0
Madurai,OC,1,490000.0,1,0,96.7,144.4,Tier-1 (Autonomous),183000.0,277.4,1,0.437,0.506,0.472,86300.0,96700.0,0
Erode,SC,1,207000.0,1,0,80.24,145.7,Tier-2 (Affiliated),105000.0,89.7,1,0.396,0.517,0.456,47900.0,57100.0,0
Cuddalore,BC,1,553000.0,0,0,80.47,146.3,Tier-2 (Affiliated),106000.0,24.1,2,0.419,0.436,0.428,45300.0,60700.0,0
Theni,OC,0,548000.0,0,0,70.9,130.5,Tier-3 (Self-financing),79000.0,69.0,2,0.288,0.442,0.365,28800.0,50200.0,0
Cuddalore,OC,1,753000.0,1,0,81.81,122.0,Tier-1 (Autonomous),181000.0,2.0,1,0.243,0.384,0.313,56700.0,124300.0,1
Tiruppur,SC,1,631000.0,0,1,67.76,135.5,Tier-1 (Autonomous),175000.0,46.4,2,0.421,0.506,0.463,81100.0,93900.0,1
Cuddalore,BC,0,219000.0,0,1,89.5,173.4,Tier-2 (Affiliated),102000.0,65.7,0,0.548,0.5,0.524,53400.0,48600.0,1
Theni,MBC,0,186000.0,1,0,63.16,106.6,Tier-3 (Self-financing),92000.0,73.1,1,0.242,0.694,0.468,43100.0,48900.0,0
Coimbatore,OC,1,1115000.0,0,0,69.56,104.3,Tier-2 (Affiliated),103000.0,37.3,1,0.178,0.368,0.273,28100.0,74900.0,1
Nagapattinam,ST,0,185000.0,1,0,61.71,85.8,Tier-2 (Affiliated),100000.0,220.6,2,0.321,0.574,0.447,44700.0,55300.0,0
Thanjavur,BC,1,422000.0,0,0,82.2,138.6,Tier-3 (Self-financing),91000.0,108.6,4,0.52,0.442,0.481,43800.0,47200.0,0
Coimbatore,BC,1,1334000.0,1,0,73.76,119.0,Tier-2 (Affiliated),97000.0,55.3,2,0.405,0.333,0.369,35800.0,61200.0,1
Thanjavur,SC,1,433000.0,0,1,84.86,138.5,Tier-2 (Affiliated),120000.0,51.5,1,0.434,0.547,0.49,58800.0,61200.0,1
Thanjavur,BC,0,269000.0,0,0,68.24,89.0,Tier-2 (Affiliated),102000.0,87.1,2,0.121,0.514,0.318,32400.0,69600.0,1
Coimbatore,BC,1,331000.0,0,1,83.31,133.8,Tier-3 (Self-financing),86000.0,2.0,4,0.469,0.454,0.462,39700.0,46300.0,0
Thoothukudi,SC,1,653000.0,1,0,83.8,151.2,Tier-1 (Autonomous),172000.0,17.2,1,0.474,0.51,0.492,84600.0,87400.0,0
Salem,BC,1,541000.0,0,0,80.12,140.4,Tier-1 (Autonomous),180000.0,63.1,2,0.308,0.601,0.454,81800.0,98200.0,0
Erode,OC,1,639000.0,0,0,78.31,119.1,Tier-3 (Self-financing),81000.0,21.2,1,0.371,0.306,0.338,27400.0,53600.0,1
Thanjavur,MBC,1,609000.0,1,0,79.37,125.4,Tier-1 (Autonomous),172000.0,17.0,2,0.296,0.393,0.344,59200.0,112800.0,0
Virudhunagar,OC,1,1022000.0,0,1,68.89,88.2,Tier-2 (Affiliated),97000.0,37.9,1,0.272,0.346,0.309,30000.0,67000.0,1
Karur,ST,1,369000.0,0,0,67.25,97.6,Tier-2 (Affiliated),106000.0,74.4,1,0.33,0.449,0.39,41300.0,64700.0,1
Nagapattinam,MBC,1,683000.0,0,1,83.44,128.4,Tier-2 (Affiliated),114000.0,18.9,0,0.389,0.411,0.4,45600.0,68400.0,0
Salem,MBC,0,333000.0,1,0,74.31,128.4,Tier-3 (Self-financing),90000.0,20.2,2,0.281,0.405,0.343,30800.0,59200.0,0
Virudhunagar,BC,0,406000.0,0,1,82.53,121.5,Tier-3 (Self-financing),79000.0,62.3,0,0.372,0.545,0.459,36200.0,42800.0,1
Virudhunagar,MBC,1,281000.0,0,0,93.51,134.1,Tier-2 (Affiliated),104000.0,262.7,2,0.412,0.497,0.455,47300.0,56700.0,1
Dindigul,MBC,0,704000.0,1,0,73.43,128.9,Tier-1 (Autonomous),179000.0,58.2,1,0.293,0.432,0.363,64900.0,114100.0,0
Namakkal,OC,1,320000.0,1,0,72.0,108.9,Tier-3 (Self-financing),85000.0,13.4,2,0.251,0.465,0.358,30400.0,54600.0,0
Chennai,SC,1,373000.0,0,0,74.76,107.0,Tier-1 (Autonomous),180000.0,3.8,1,0.424,0.422,0.423,76100.0,103900.0,0
Nagapattinam,MBC,0,125000.0,1,0,78.39,137.6,Tier-3 (Self-financing),82000.0,58.9,1,0.512,0.473,0.493,40400.0,41600.0,0
Thoothukudi,SC,0,185000.0,0,1,84.14,141.5,Tier-1 (Autonomous),177000.0,88.8,1,0.35,0.643,0.496,87800.0,89200.0,0
Dindigul,BC,1,353000.0,0,1,77.72,121.2,Tier-2 (Affiliated),108000.0,26.1,2,0.16,0.402,0.281,30400.0,77600.0,1
Namakkal,BC,0,322000.0,0,1,98.79,152.8,Tier-2 (Affiliated),91000.0,147.9,0,0.552,0.455,0.504,45800.0,45200.0,0
Dindigul,SC,1,380000.0,1,0,82.21,137.2,Tier-2 (Affiliated),107000.0,145.0,0,0.548,0.331,0.439,47000.0,60000.0,1
Coimbatore,SC,1,186000.0,1,0,85.81,145.4,Tier-2 (Affiliated),116000.0,186.4,2,0.533,0.552,0.543,63000.0,53000.0,0
Theni,BC,1,475000.0,0,0,77.63,127.3,Tier-1 (Autonomous),191000.0,60.6,0,0.315,0.528,0.421,80500.0,110500.0,0
Karur,OC,1,1356000.0,0,1,88.12,142.8,Tier-1 (Autonomous),189000.0,38.3,3,0.452,0.144,0.298,56300.0,132700.0,1
Villupuram,SC,1,153000.0,0,1,75.95,112.4,Tier-2 (Affiliated),111000.0,30.1,1,0.217,0.462,0.34,37700.0,73300.0,0
Villupuram,BC,0,187000.0,1,0,71.56,106.3,Tier-3 (Self-financing),75000.0,89.1,0,0.356,0.45,0.403,30200.0,44800.0,0
Dindigul,BC,0,480000.0,1,0,87.05,136.7,Tier-2 (Affiliated),106000.0,34.3,1,0.33,0.427,0.379,40100.0,65900.0,0
Thoothukudi,MBC,0,271000.0,1,0,77.43,109.5,Tier-2 (Affiliated),104000.0,54.3,2,0.23,0.541,0.385,40100.0,63900.0,0
Namakkal,OC,1,685000.0,1,0,80.45,112.5,Tier-3 (Self-financing),74000.0,42.6,3,0.284,0.414,0.349,25800.0,48200.0,0
Theni,OC,0,684000.0,1,0,87.82,139.2,Tier-2 (Affiliated),102000.0,3.2,2,0.341,0.416,0.378,38600.0,63400.0,1
Theni,OC,0,252000.0,1,0,79.39,141.9,Tier-2 (Affiliated),104000.0,101.7,3,0.454,0.387,0.42,43700.0,60300.0,0
Thoothukudi,ST,0,127000.0,1,0,76.51,91.3,Tier-1 (Autonomous),169000.0,24.0,1,0.148,0.522,0.335,56600.0,112400.0,0
Karur,BC,0,210000.0,0,1,72.65,110.4,Tier-3 (Self-financing),92000.0,15.6,4,0.491,0.585,0.538,49500.0,42500.0,0
Madurai,MBC,0,215000.0,1,0,88.62,145.9,Tier-1 (Autonomous),185000.0,289.7,3,0.453,0.516,0.485,89700.0,95300.0,0
Coimbatore,ST,1,570000.0,0,1,74.58,135.4,Tier-1 (Autonomous),180000.0,19.6,0,0.344,0.278,0.311,56000.0,124000.0,1
Thanjavur,MBC,0,102000.0,0,1,77.49,151.0,Tier-1 (Autonomous),183000.0,68.3,2,0.349,0.632,0.49,89700.0,93300.0,0
Namakkal,MBC,1,218000.0,0,1,80.87,125.5,Tier-1 (Autonomous),182000.0,4.2,0,0.312,0.615,0.464,84400.0,97600.0,0
Cuddalore,MBC,0,123000.0,0,1,80.83,158.9,Tier-2 (Affiliated),104000.0,37.0,0,0.438,0.571,0.505,52500.0,51500.0,0
Dindigul,BC,1,1044000.0,1,0,88.14,147.9,Tier-1 (Autonomous),194000.0,2.9,2,0.394,0.42,0.407,79000.0,115000.0,1
Namakkal,MBC,0,185000.0,0,1,77.3,135.9,Tier-2 (Affiliated),104000.0,26.5,2,0.334,0.552,0.443,46100.0,57900.0,0
Villupuram,ST,1,228000.0,0,1,91.76,130.8,Tier-2 (Affiliated),97000.0,28.3,1,0.29,0.558,0.424,41100.0,55900.0,1
Erode,SC,1,130000.0,1,0,75.51,127.6,Tier-1 (Autonomous),181000.0,11.2,1,0.417,0.479,0.448,81100.0,99900.0,0
Dindigul,MBC,0,225000.0,1,0,81.71,144.2,Tier-1 (Autonomous),185000.0,57.2,0,0.516,0.569,0.543,100400.0,84600.0,0
Tiruppur,BC,1,778000.0,0,1,76.16,111.5,Tier-2 (Affiliated),108000.0,9.7,2,0.219,0.219,0.219,23600.0,84400.0,1
Dindigul,SC,0,224000.0,0,1,98.93,119.2,Tier-3 (Self-financing),95000.0,70.7,0,0.311,0.493,0.402,38200.0,56800.0,1
Thoothukudi,BC,1,455000.0,0,1,74.49,121.4,Tier-2 (Affiliated),111000.0,128.6,0,0.179,0.534,0.356,39600.0,71400.0,1
Thoothukudi,SC,1,133000.0,1,0,75.4,117.4,Tier-1 (Autonomous),173000.0,8.3,1,0.265,0.641,0.453,78400.0,94600.0,0
Namakkal,BC,0,250000.0,0,1,79.15,146.8,Tier-1 (Autonomous),175000.0,15.5,1,0.57,0.534,0.552,96600.0,78400.0,1
Dindigul,SC,0,211000.0,1,0,75.33,112.5,Tier-1 (Autonomous),181000.0,96.6,2,0.387,0.605,0.496,89800.0,91200.0,0
Tiruppur,SC,0,113000.0,0,1,81.14,119.2,Tier-3 (Self-financing),86000.0,75.9,1,0.364,0.524,0.444,38200.0,47800.0,0
Tiruchirappalli,MBC,1,602000.0,1,0,90.29,126.9,Tier-3 (Self-financing),95000.0,97.2,1,0.249,0.483,0.366,34800.0,60200.0,1
Thanjavur,BC,0,486000.0,0,1,79.47,117.7,Tier-2 (Affiliated),117000.0,35.4,0,0.254,0.512,0.383,44800.0,72200.0,0
Salem,SC,1,236000.0,0,1,79.84,167.7,Tier-3 (Self-financing),72000.0,75.8,4,0.445,0.315,0.38,27300.0,44700.0,1
Madurai,BC,0,446000.0,0,0,75.71,97.3,Tier-1 (Autonomous),179000.0,7.9,1,0.319,0.525,0.422,75600.0,103400.0,0
Coimbatore,BC,1,455000.0,0,1,72.95,96.7,Tier-3 (Self-financing),75000.0,34.9,3,0.34,0.47,0.405,30400.0,44600.0,1
Tiruppur,MBC,0,489000.0,1,0,78.97,125.5,Tier-2 (Affiliated),122000.0,2.1,2,0.338,0.472,0.405,49400.0,72600.0,1
Chennai,MBC,1,1286000.0,1,0,78.08,154.5,Tier-2 (Affiliated),102000.0,2.6,1,0.512,0.37,0.441,45000.0,57000.0,0
Theni,MBC,0,142000.0,0,1,89.73,154.7,Tier-3 (Self-financing),87000.0,4.1,4,0.382,0.479,0.431,37500.0,49500.0,0
Thanjavur,BC,0,457000.0,1,0,68.41,132.7,Tier-2 (Affiliated),104000.0,20.8,0,0.389,0.463,0.426,44300.0,59700.0,0
Vellore,MBC,0,533000.0,0,1,92.55,142.3,Tier-3 (Self-financing),69000.0,91.8,1,0.481,0.451,0.466,32200.0,36800.0,1
Nagapattinam,SC,1,185000.0,1,0,76.53,101.6,Tier-1 (Autonomous),170000.0,32.0,1,0.381,0.545,0.463,78700.0,91300.0,0
Namakkal,OC,0,284000.0,0,1,79.49,120.4,Tier-1 (Autonomous),178000.0,84.7,0,0.227,0.322,0.275,48900.0,129100.0,1
Karur,MBC,1,304000.0,0,0,67.35,105.9,Tier-2 (Affiliated),115000.0,9.7,0,0.385,0.544,0.465,53400.0,61600.0,1
Karur,MBC,1,390000.0,0,1,83.62,134.0,Tier-1 (Autonomous),184000.0,87.5,2,0.561,0.53,0.546,100400.0,83600.0,1
Chennai,SC,0,160000.0,0,0,68.4,106.2,Tier-1 (Autonomous),169000.0,15.8,1,0.157,0.414,0.285,48200.0,120800.0,0
Salem,MBC,0,233000.0,1,0,81.73,139.6,Tier-1 (Autonomous),183000.0,87.4,2,0.261,0.445,0.353,64600.0,118400.0,0
Tiruppur,SC,0,309000.0,0,1,80.76,118.5,Tier-2 (Affiliated),118000.0,45.8,1,0.444,0.58,0.512,60400.0,57600.0,1
Thoothukudi,BC,0,105000.0,0,0,74.74,105.7,Tier-3 (Self-financing),89000.0,28.6,3,0.239,0.451,0.345,30700.0,58300.0,0
Tiruchirappalli,BC,1,283000.0,1,0,57.35,73.7,Tier-2 (Affiliated),107000.0,43.3,1,0.142,0.614,0.378,40400.0,66600.0,0
Madurai,ST,1,395000.0,0,1,99.61,162.5,Tier-2 (Affiliated),110000.0,31.0,0,0.568,0.398,0.483,53100.0,56900.0,1
Villupuram,SC,0,264000.0,0,1,67.46,109.5,Tier-1 (Autonomous),181000.0,112.7,1,0.216,0.576,0.396,71600.0,109400.0,0
Thoothukudi,MBC,0,145000.0,1,0,80.73,145.5,Tier-2 (Affiliated),121000.0,75.6,0,0.435,0.445,0.44,53200.0,67800.0,0
Tiruchirappalli,MBC,1,571000.0,0,1,70.7,136.3,Tier-2 (Affiliated),124000.0,12.9,1,0.272,0.504,0.388,48200.0,75800.0,1
Thanjavur,MBC,0,539000.0,1,0,88.48,123.5,Tier-2 (Affiliated),115000.0,25.3,2,0.406,0.463,0.434,50000.0,65000.0,0
Theni,OC,1,613000.0,1,0,74.21,119.1,Tier-2 (Affiliated),110000.0,3.2,1,0.39,0.449,0.42,46200.0,63800.0,0
Tiruchirappalli,SC,1,181000.0,0,1,70.48,109.7,Tier-1 (Autonomous),180000.0,70.2,0,0.302,0.432,0.367,66100.0,113900.0,0
Erode,SC,0,316000.0,0,1,83.95,111.3,Tier-2 (Affiliated),111000.0,42.9,1,0.295,0.488,0.391,43400.0,67600.0,0
Vellore,MBC,1,1083000.0,0,0,65.28,96.5,Tier-3 (Self-financing),87000.0,34.3,1,0.241,0.275,0.258,22400.0,64600.0,0
Theni,BC,1,297000.0,0,1,73.87,141.7,Tier-2 (Affiliated),106000.0,15.6,0,0.388,0.421,0.404,42900.0,63100.0,1
Erode,BC,1,494000.0,1,0,84.9,126.3,Tier-3 (Self-financing),101000.0,3.1,3,0.341,0.559,0.45,45400.0,55600.0,0
Thanjavur,BC,1,880000.0,1,0,93.07,136.9,Tier-2 (Affiliated),104000.0,101.5,3,0.454,0.607,0.53,55200.0,48800.0,1
Tirunelveli,SC,1,336000.0,0,0,68.38,108.6,Tier-1 (Autonomous),190000.0,109.9,3,0.142,0.423,0.282,53600.0,136400.0,0
Nagapattinam,MBC,1,161000.0,1,0,71.88,128.7,Tier-3 (Self-financing),67000.0,214.4,1,0.502,0.552,0.527,35300.0,31700.0,1
Tiruchirappalli,BC,1,616000.0,0,0,81.52,125.9,Tier-3 (Self-financing),83000.0,145.3,2,0.361,0.505,0.433,35900.0,47100.0,0
Salem,MBC,1,245000.0,1,0,58.03,94.8,Tier-3 (Self-financing),82000.0,152.2,5,0.416,0.452,0.434,35600.0,46400.0,0
Salem,ST,1,136000.0,0,1,91.58,112.3,Tier-2 (Affiliated),112000.0,29.3,0,0.318,0.453,0.385,43100.0,68900.0,0
Villupuram,BC,1,187000.0,1,0,68.01,117.4,Tier-1 (Autonomous),177000.0,30.5,2,0.317,0.513,0.415,73400.0,103600.0,0
Villupuram,MBC,0,500000.0,0,1,73.63,121.1,Tier-2 (Affiliated),121000.0,41.6,0,0.379,0.453,0.416,50400.0,70600.0,1
Namakkal,MBC,1,265000.0,0,1,80.61,142.2,Tier-1 (Autonomous),178000.0,14.1,1,0.303,0.296,0.3,53300.0,124700.0,1
Tiruchirappalli,BC,0,359000.0,0,1,78.51,97.6,Tier-1 (Autonomous),172000.0,18.1,2,0.16,0.5,0.33,56800.0,115200.0,1
Nagapattinam,MBC,0,357000.0,1,0,68.36,104.8,Tier-2 (Affiliated),102000.0,25.8,2,0.255,0.544,0.4,40800.0,61200.0,0
Dindigul,MBC,0,284000.0,1,0,95.21,166.8,Tier-1 (Autonomous),176000.0,84.8,1,0.496,0.534,0.515,90600.0,85400.0,1
Virudhunagar,BC,0,352000.0,1,0,52.25,75.2,Tier-2 (Affiliated),116000.0,2.0,1,0.249,0.46,0.355,41100.0,74900.0,1
Vellore,BC,1,596000.0,0,1,66.78,107.6,Tier-3 (Self-financing),92000.0,2.0,5,0.287,0.317,0.302,27800.0,64200.0,0
Thoothukudi,SC,0,210000.0,1,0,71.63,108.5,Tier-3 (Self-financing),75000.0,89.1,2,0.4,0.546,0.473,35500.0,39500.0,0
Virudhunagar,BC,1,318000.0,0,1,68.5,103.8,Tier-3 (Self-financing),79000.0,5.5,0,0.053,0.426,0.24,18900.0,60100.0,0
Salem,MBC,1,263000.0,1,0,90.2,161.8,Tier-3 (Self-financing),76000.0,17.8,3,0.617,0.473,0.545,41400.0,34600.0,1
Karur,MBC,0,245000.0,0,1,61.42,76.9,Tier-2 (Affiliated),108000.0,2.0,1,0.14,0.503,0.321,34700.0,73300.0,0
Tirunelveli,SC,0,182000.0,1,0,93.57,149.0,Tier-2 (Affiliated),118000.0,177.4,3,0.482,0.579,0.53,62600.0,55400.0,0
Erode,SC,1,399000.0,1,0,75.22,124.1,Tier-3 (Self-financing),86000.0,53.9,1,0.435,0.555,0.495,42600.0,43400.0,1
Tirunelveli,SC,1,577000.0,0,0,64.39,117.1,Tier-2 (Affiliated),114000.0,24.2,1,0.209,0.454,0.331,37800.0,76200.0,1
Cuddalore,MBC,0,314000.0,1,0,56.99,89.4,Tier-2 (Affiliated),116000.0,118.5,1,0.332,0.491,0.412,47800.0,68200.0,1
Tirunelveli,MBC,0,166000.0,0,0,75.85,135.9,Tier-3 (Self-financing),80000.0,10.7,0,0.441,0.579,0.51,40800.0,39200.0,1
Theni,BC,0,90000.0,0,1,70.98,112.7,Tier-3 (Self-financing),75000.0,68.1,1,0.441,0.462,0.452,33900.0,41100.0,0
Tiruppur,BC,0,196000.0,0,0,80.36,130.4,Tier-2 (Affiliated),105000.0,51.0,2,0.368,0.457,0.412,43300.0,61700.0,0
Nagapattinam,BC,0,143000.0,0,1,73.49,118.8,Tier-2 (Affiliated),117000.0,57.8,1,0.32,0.639,0.479,56100.0,60900.0,0
Thoothukudi,BC,1,323000.0,0,0,87.56,149.9,Tier-3 (Self-financing),90000.0,23.7,0,0.371,0.604,0.487,43900.0,46100.0,1
Chennai,MBC,0,297000.0,1,0,76.58,130.7,Tier-3 (Self-financing),86000.0,38.4,1,0.306,0.351,0.328,28200.0,57800.0,1
Thoothukudi,BC,0,313000.0,1,0,73.76,101.3,Tier-3 (Self-financing),93000.0,15.5,3,0.254,0.449,0.351,32700.0,60300.0,0
Madurai,OC,1,1751000.0,0,1,87.73,143.6,Tier-1 (Autonomous),181000.0,18.9,1,0.455,0.281,0.368,66600.0,114400.0,1
Namakkal,BC,1,630000.0,1,0,80.28,136.6,Tier-2 (Affiliated),107000.0,9.4,2,0.443,0.457,0.45,48200.0,58800.0,1
Erode,SC,0,557000.0,1,0,85.75,159.1,Tier-3 (Self-financing),72000.0,15.0,1,0.382,0.429,0.405,29200.0,42800.0,1
Theni,MBC,1,622000.0,0,1,89.49,128.1,Tier-2 (Affiliated),120000.0,76.0,2,0.345,0.331,0.338,40600.0,79400.0,1
Karur,SC,1,572000.0,0,1,75.06,128.2,Tier-3 (Self-financing),84000.0,2.0,3,0.372,0.397,0.384,32300.0,51700.0,1
Kanyakumari,MBC,0,213000.0,1,0,78.38,120.2,Tier-2 (Affiliated),106000.0,103.9,2,0.153,0.441,0.297,31500.0,74500.0,0
Thanjavur,SC,0,108000.0,0,0,86.44,141.2,Tier-2 (Affiliated),109000.0,23.1,2,0.468,0.638,0.553,60300.0,48700.0,0
Villupuram,SC,1,246000.0,0,1,53.49,69.5,Tier-2 (Affiliated),122000.0,123.4,0,0.125,0.441,0.283,34600.0,87400.0,0
Erode,OC,1,626000.0,1,0,76.98,123.0,Tier-2 (Affiliated),118000.0,6.5,0,0.336,0.438,0.387,45700.0,72300.0,1
Salem,ST,1,193000.0,1,0,75.75,126.0,Tier-2 (Affiliated),107000.0,283.2,0,0.462,0.546,0.504,53900.0,53100.0,0
Vellore,OC,0,225000.0,1,0,81.74,116.2,Tier-3 (Self-financing),89000.0,12.1,0,0.231,0.497,0.364,32400.0,56600.0,1
Namakkal,MBC,1,528000.0,1,0,69.99,133.7,Tier-2 (Affiliated),120000.0,41.0,1,0.303,0.443,0.373,44800.0,75200.0,0
Cuddalore,SC,0,112000.0,0,1,88.95,119.2,Tier-3 (Self-financing),88000.0,13.6,3,0.138,0.426,0.282,24800.0,63200.0,0
Virudhunagar,BC,1,208000.0,1,0,70.62,121.1,Tier-1 (Autonomous),181000.0,110.5,2,0.322,0.478,0.4,72400.0,108600.0,0
Salem,MBC,1,227000.0,1,0,73.41,81.0,Tier-3 (Self-financing),68000.0,2.9,4,0.273,0.48,0.376,25600.0,42400.0,1
Erode,BC,0,263000.0,0,1,71.36,110.4,Tier-1 (Autonomous),190000.0,66.7,1,0.121,0.45,0.285,54200.0,135800.0,1
Villupuram,OC,0,226000.0,0,1,90.3,151.7,Tier-3 (Self-financing),77000.0,94.8,0,0.352,0.617,0.485,37300.0,39700.0,1
Thanjavur,OC,1,556000.0,0,1,57.14,102.1,Tier-3 (Self-financing),70000.0,91.7,0,0.273,0.595,0.434,30400.0,39600.0,1
Salem,OC,1,877000.0,1,0,95.87,151.8,Tier-3 (Self-financing),71000.0,2.4,1,0.398,0.457,0.428,30400.0,40600.0,1
Thoothukudi,OC,0,535000.0,1,0,92.73,144.7,Tier-2 (Affiliated),103000.0,11.1,1,0.374,0.566,0.47,48400.0,54600.0,1
Thanjavur,MBC,1,292000.0,1,0,72.35,124.3,Tier-1 (Autonomous),184000.0,225.0,1,0.35,0.442,0.396,72900.0,111100.0,0
Thoothukudi,MBC,0,127000.0,0,1,88.27,155.5,Tier-3 (Self-financing),94000.0,53.0,4,0.595,0.508,0.552,51900.0,42100.0,0
Villupuram,MBC,0,189000.0,1,0,79.3,147.6,Tier-2 (Affiliated),113000.0,71.7,0,0.424,0.444,0.434,49000.0,64000.0,0
Villupuram,MBC,0,373000.0,0,0,94.53,131.9,Tier-1 (Autonomous),194000.0,24.2,0,0.384,0.486,0.435,84400.0,109600.0,0
Tiruppur,OC,1,1027000.0,1,0,87.51,137.0,Tier-1 (Autonomous),177000.0,42.0,0,0.422,0.278,0.35,61900.0,115100.0,0
Nagapattinam,BC,0,363000.0,1,0,99.9,126.9,Tier-3 (Self-financing),83000.0,15.7,0,0.192,0.394,0.293,24300.0,58700.0,1
Thoothukudi,SC,1,610000.0,1,0,62.38,79.3,Tier-3 (Self-financing),70000.0,52.2,1,0.205,0.212,0.209,14600.0,55400.0,0
Tirunelveli,ST,0,437000.0,0,1,79.91,117.3,Tier-3 (Self-financing),80000.0,2.7,2,0.19,0.501,0.346,27600.0,52400.0,1
Chennai,MBC,1,322000.0,0,1,60.76,110.2,Tier-2 (Affiliated),94000.0,149.9,0,0.291,0.581,0.436,41000.0,53000.0,1
Erode,OC,1,1427000.0,0,1,72.81,109.3,Tier-2 (Affiliated),99000.0,6.8,1,0.373,0.356,0.364,36100.0,62900.0,1
Theni,SC,0,169000.0,1,0,99.9,155.5,Tier-3 (Self-financing),90000.0,23.9,1,0.415,0.578,0.497,44700.0,45300.0,0
Namakkal,SC,0,342000.0,0,1,82.68,136.8,Tier-3 (Self-financing),72000.0,9.3,3,0.468,0.549,0.508,36600.0,35400.0,1
Coimbatore,BC,0,441000.0,1,0,87.85,130.5,Tier-2 (Affiliated),97000.0,82.5,1,0.222,0.439,0.33,32000.0,65000.0,0
Tiruppur,BC,0,101000.0,0,0,83.14,103.1,Tier-3 (Self-financing),71000.0,60.9,1,0.285,0.404,0.345,24500.0,46500.0,0
Tiruchirappalli,OC,1,370000.0,0,0,82.5,120.8,Tier-3 (Self-financing),91000.0,73.6,1,0.349,0.391,0.37,33700.0,57300.0,0
Namakkal,MBC,1,215000.0,0,1,72.78,114.6,Tier-2 (Affiliated),123000.0,170.6,1,0.088,0.483,0.286,35200.0,87800.0,0
Tiruppur,ST,0,63000.0,0,1,70.91,120.5,Tier-2 (Affiliated),109000.0,7.9,1,0.366,0.364,0.365,39800.0,69200.0,0
Theni,MBC,1,681000.0,0,1,72.51,112.9,Tier-3 (Self-financing),93000.0,85.6,2,0.059,0.462,0.26,24200.0,68800.0,1
Thanjavur,BC,1,1507000.0,0,1,50.7,87.9,Tier-3 (Self-financing),76000.0,46.8,3,0.223,0.288,0.256,19400.0,56600.0,1
Thanjavur,MBC,0,226000.0,0,1,77.18,137.4,Tier-1 (Autonomous),190000.0,206.2,0,0.42,0.548,0.484,92000.0,98000.0,1
Cuddalore,SC,0,312000.0,1,0,80.4,145.4,Tier-3 (Self-financing),79000.0,124.4,2,0.378,0.562,0.47,37100.0,41900.0,1
Karur,MBC,0,588000.0,0,1,71.81,117.5,Tier-3 (Self-financing),90000.0,85.8,3,0.327,0.29,0.309,27800.0,62200.0,0
Virudhunagar,SC,1,353000.0,1,0,76.69,105.6,Tier-3 (Self-financing),85000.0,218.0,2,0.453,0.417,0.435,37000.0,48000.0,1
Erode,BC,0,295000.0,1,0,83.25,114.5,Tier-2 (Affiliated),95000.0,38.5,0,0.259,0.4,0.329,31300.0,63700.0,1
Thanjavur,BC,1,422000.0,0,1,86.85,121.7,Tier-1 (Autonomous),173000.0,66.9,0,0.235,0.422,0.328,56800.0,116200.0,0
Erode,MBC,0,349000.0,0,1,66.02,89.5,Tier-2 (Affiliated),111000.0,96.3,1,0.378,0.425,0.402,44600.0,66400.0,0
Namakkal,MBC,1,679000.0,0,1,70.05,113.6,Tier-2 (Affiliated),95000.0,12.1,2,0.315,0.244,0.28,26600.0,68400.0,0
Madurai,ST,0,218000.0,0,1,85.53,165.2,Tier-2 (Affiliated),112000.0,6.1,1,0.574,0.563,0.568,63700.0,48300.0,1
Thanjavur,MBC,1,531000.0,0,0,83.89,137.4,Tier-3 (Self-financing),74000.0,131.3,2,0.252,0.554,0.403,29800.0,44200.0,0
Tiruchirappalli,BC,0,291000.0,1,0,91.44,145.0,Tier-2 (Affiliated),114000.0,90.0,1,0.212,0.434,0.323,36800.0,77200.0,0
Namakkal,BC,0,125000.0,0,1,91.03,160.1,Tier-2 (Affiliated),99000.0,27.1,2,0.392,0.475,0.434,42900.0,56100.0,1
Kanyakumari,MBC,0,426000.0,1,0,99.9,147.4,Tier-2 (Affiliated),114000.0,80.5,3,0.403,0.534,0.468,53400.0,60600.0,1
Thoothukudi,BC,1,238000.0,1,0,75.07,135.7,Tier-3 (Self-financing),92000.0,88.0,1,0.334,0.497,0.416,38200.0,53800.0,1
Thanjavur,SC,1,443000.0,0,1,93.79,164.6,Tier-3 (Self-financing),84000.0,9.9,2,0.436,0.508,0.472,39600.0,44400.0,1
Coimbatore,BC,0,453000.0,1,0,68.8,111.0,Tier-2 (Affiliated),109000.0,24.3,2,0.138,0.38,0.259,28300.0,80700.0,0
Salem,BC,1,258000.0,0,1,99.9,191.2,Tier-2 (Affiliated),122000.0,26.2,5,0.589,0.548,0.569,69400.0,52600.0,1
Madurai,MBC,1,301000.0,0,1,82.55,148.8,Tier-2 (Affiliated),104000.0,51.3,2,0.401,0.523,0.462,48000.0,56000.0,1
Nagapattinam,OC,1,2023000.0,1,0,83.42,134.2,Tier-3 (Self-financing),81000.0,148.9,3,0.194,0.118,0.156,12600.0,68400.0,0
Thoothukudi,MBC,1,402000.0,0,1,87.9,138.5,Tier-3 (Self-financing),90000.0,31.2,0,0.36,0.467,0.414,37200.0,52800.0,1
Tiruppur,MBC,0,133000.0,0,1,64.45,96.6,Tier-3 (Self-financing),88000.0,2.9,3,0.226,0.354,0.29,25500.0,62500.0,0
Tiruchirappalli,MBC,1,652000.0,1,0,67.25,105.6,Tier-3 (Self-financing),83000.0,2.0,2,0.354,0.4,0.377,31300.0,51700.0,1
Chennai,SC,1,206000.0,1,0,79.16,125.1,Tier-3 (Self-financing),75000.0,63.6,0,0.295,0.512,0.403,30200.0,44800.0,1
Thoothukudi,SC,1,110000.0,0,1,81.46,125.5,Tier-2 (Affiliated),118000.0,52.2,1,0.417,0.495,0.456,53800.0,64200.0,0
Erode,SC,0,260000.0,1,0,98.83,154.9,Tier-2 (Affiliated),100000.0,20.2,1,0.512,0.431,0.471,47100.0,52900.0,1
Madurai,BC,1,292000.0,1,0,68.51,91.7,Tier-2 (Affiliated),128000.0,33.9,0,0.154,0.603,0.379,48400.0,79600.0,0
Tiruchirappalli,BC,0,357000.0,1,0,93.4,140.9,Tier-2 (Affiliated),100000.0,40.9,5,0.447,0.579,0.513,51300.0,48700.0,1
Tirunelveli,SC,1,201000.0,0,0,75.34,96.6,Tier-1 (Autonomous),171000.0,69.0,0,0.328,0.514,0.421,72000.0,99000.0,0
Cuddalore,MBC,0,384000.0,1,0,75.2,126.5,Tier-1 (Autonomous),183000.0,10.0,0,0.43,0.504,0.467,85400.0,97600.0,1
Kanyakumari,MBC,0,288000.0,0,1,76.36,123.4,Tier-1 (Autonomous),184000.0,37.0,1,0.359,0.348,0.354,65100.0,118900.0,1
Tirunelveli,MBC,1,101000.0,0,1,74.95,118.1,Tier-1 (Autonomous),172000.0,75.3,1,0.304,0.44,0.372,64000.0,108000.0,0
Cuddalore,SC,1,389000.0,0,0,82.87,145.9,Tier-3 (Self-financing),99000.0,54.3,0,0.301,0.437,0.369,36500.0,62500.0,1
Coimbatore,BC,0,255000.0,0,1,74.05,105.5,Tier-2 (Affiliated),113000.0,19.7,2,0.363,0.415,0.389,43900.0,69100.0,0
Chennai,MBC,1,915000.0,0,0,63.9,91.6,Tier-2 (Affiliated),108000.0,19.7,0,0.101,0.451,0.276,29800.0,78200.0,1
Coimbatore,BC,1,600000.0,0,1,75.32,98.3,Tier-2 (Affiliated),113000.0,20.0,2,0.229,0.383,0.306,34500.0,78500.0,0
Villupuram,BC,1,732000.0,0,0,82.57,147.5,Tier-2 (Affiliated),120000.0,33.9,3,0.502,0.31,0.406,48700.0,71300.0,1
Tiruppur,MBC,1,284000.0,1,0,63.98,111.5,Tier-3 (Self-financing),98000.0,236.4,2,0.208,0.655,0.431,42300.0,55700.0,1
Virudhunagar,MBC,0,168000.0,0,1,83.82,154.1,Tier-2 (Affiliated),112000.0,57.5,2,0.438,0.665,0.551,61700.0,50300.0,1
Chennai,BC,0,295000.0,0,1,89.81,167.4,Tier-3 (Self-financing),75000.0,2.2,2,0.359,0.551,0.455,34100.0,40900.0,1
Chennai,SC,1,258000.0,1,0,92.8,142.1,Tier-3 (Self-financing),75000.0,17.7,1,0.367,0.344,0.356,26700.0,48300.0,1
Virudhunagar,SC,0,407000.0,0,1,81.38,119.5,Tier-3 (Self-financing),74000.0,14.0,0,0.236,0.588,0.412,30500.0,43500.0,1
Madurai,MBC,1,386000.0,1,0,59.95,69.0,Tier-2 (Affiliated),105000.0,55.6,1,0.075,0.59,0.332,34900.0,70100.0,1
Tiruchirappalli,ST,1,139000.0,0,0,84.48,118.7,Tier-2 (Affiliated),110000.0,22.9,0,0.359,0.384,0.372,40900.0,69100.0,0
Namakkal,MBC,1,266000.0,1,0,87.67,135.4,Tier-1 (Autonomous),182000.0,116.9,0,0.425,0.317,0.371,67500.0,114500.0,1
Theni,SC,0,332000.0,0,1,71.03,82.7,Tier-3 (Self-financing),94000.0,148.2,0,0.141,0.441,0.291,27300.0,66700.0,0
Salem,BC,1,441000.0,0,1,77.27,107.5,Tier-3 (Self-financing),68000.0,150.0,2,0.296,0.493,0.394,26800.0,41200.0,0
Thanjavur,BC,1,428000.0,1,0,82.84,131.3,Tier-3 (Self-financing),85000.0,92.0,0,0.321,0.58,0.451,38300.0,46700.0,0
Cuddalore,BC,0,536000.0,0,1,95.87,166.8,Tier-1 (Autonomous),184000.0,87.7,2,0.455,0.294,0.375,68900.0,115100.0,1
Thanjavur,OC,0,236000.0,0,0,75.44,109.9,Tier-1 (Autonomous),158000.0,90.5,0,0.19,0.649,0.419,66300.0,91700.0,1
Vellore,MBC,0,76000.0,0,0,86.91,141.0,Tier-2 (Affiliated),114000.0,116.0,4,0.351,0.401,0.376,42900.0,71100.0,0
Coimbatore,BC,0,187000.0,1,0,81.16,157.8,Tier-3 (Self-financing),107000.0,217.3,1,0.294,0.583,0.438,46900.0,60100.0,0
Dindigul,MBC,1,480000.0,0,1,79.99,100.9,Tier-1 (Autonomous),186000.0,28.2,2,0.419,0.454,0.436,81200.0,104800.0,1
Virudhunagar,BC,1,421000.0,1,0,91.3,162.4,Tier-2 (Affiliated),112000.0,4.7,4,0.564,0.568,0.566,63400.0,48600.0,1
Theni,BC,0,127000.0,1,0,69.69,117.2,Tier-2 (Affiliated),108000.0,11.1,1,0.504,0.555,0.53,57200.0,50800.0,0
Kanyakumari,ST,1,477000.0,0,0,80.3,147.5,Tier-1 (Autonomous),182000.0,115.0,2,0.506,0.451,0.479,87100.0,94900.0,1
Madurai,MBC,0,284000.0,1,0,78.27,139.7,Tier-1 (Autonomous),192000.0,46.2,2,0.413,0.549,0.481,92300.0,99700.0,1
Chennai,ST,0,209000.0,1,0,62.93,90.7,Tier-1 (Autonomous),177000.0,23.5,2,0.04,0.446,0.243,43000.0,134000.0,0
Namakkal,MBC,0,327000.0,0,1,90.33,144.6,Tier-2 (Affiliated),120000.0,47.9,1,0.488,0.476,0.482,57900.0,62100.0,1
Tiruchirappalli,OC,1,308000.0,0,1,86.29,116.2,Tier-2 (Affiliated),114000.0,14.7,1,0.413,0.382,0.398,45300.0,68700.0,1
Tiruppur,MBC,1,496000.0,0,1,78.34,117.5,Tier-1 (Autonomous),193000.0,25.4,1,0.219,0.511,0.365,70500.0,122500.0,0
Villupuram,MBC,1,692000.0,1,0,75.39,121.1,Tier-2 (Affiliated),119000.0,49.6,2,0.367,0.509,0.438,52100.0,66900.0,1
Erode,OC,1,1180000.0,0,1,78.0,129.4,Tier-3 (Self-financing),87000.0,200.9,1,0.364,0.355,0.36,31300.0,55700.0,1
Namakkal,SC,0,290000.0,0,0,85.07,148.0,Tier-3 (Self-financing),86000.0,62.4,2,0.412,0.511,0.461,39700.0,46300.0,1
Cuddalore,MBC,1,557000.0,1,0,78.53,149.4,Tier-3 (Self-financing),82000.0,56.0,0,0.467,0.417,0.442,36200.0,45800.0,1
Tiruchirappalli,SC,0,75000.0,1,0,71.32,107.6,Tier-2 (Affiliated),118000.0,155.7,3,0.312,0.728,0.52,61400.0,56600.0,0
Kanyakumari,MBC,0,258000.0,0,0,72.83,133.7,Tier-3 (Self-financing),80000.0,11.8,3,0.288,0.497,0.392,31400.0,48600.0,1
Salem,MBC,1,248000.0,1,0,77.88,128.6,Tier-1 (Autonomous),181000.0,119.4,0,0.427,0.376,0.401,72700.0,108300.0,0
Virudhunagar,BC,0,605000.0,1,0,68.67,90.3,Tier-1 (Autonomous),178000.0,21.1,3,0.097,0.477,0.287,51100.0,126900.0,1
Cuddalore,ST,0,315000.0,0,0,81.33,127.9,Tier-3 (Self-financing),74000.0,71.1,2,0.386,0.493,0.439,32500.0,41500.0,1
Madurai,BC,0,177000.0,0,1,70.07,113.9,Tier-2 (Affiliated),112000.0,343.6,2,0.321,0.681,0.501,56100.0,55900.0,0
Karur,BC,0,292000.0,1,0,68.46,97.0,Tier-2 (Affiliated),98000.0,38.1,1,0.177,0.492,0.335,32800.0,65200.0,0
Tiruchirappalli,OC,1,722000.0,0,0,99.9,144.2,Tier-1 (Autonomous),176000.0,46.7,1,0.504,0.3,0.402,70700.0,105300.0,0
Tiruppur,MBC,0,427000.0,1,0,97.4,139.7,Tier-3 (Self-financing),90000.0,153.3,3,0.237,0.602,0.419,37800.0,52200.0,1
Thoothukudi,ST,1,109000.0,0,0,79.44,119.0,Tier-3 (Self-financing),86000.0,55.3,2,0.337,0.553,0.445,38200.0,47800.0,1
Thoothukudi,SC,1,93000.0,1,0,86.51,125.4,Tier-1 (Autonomous),181000.0,30.3,3,0.353,0.486,0.42,76000.0,105000.0,0
Kanyakumari,SC,1,322000.0,1,0,88.21,159.6,Tier-2 (Affiliated),103000.0,137.4,2,0.585,0.668,0.626,64500.0,38500.0,1
Dindigul,ST,0,60000.0,0,1,77.25,86.8,Tier-2 (Affiliated),118000.0,95.8,5,0.254,0.536,0.395,46600.0,71400.0,0
Tiruppur,SC,1,344000.0,0,1,80.83,131.0,Tier-2 (Affiliated),103000.0,30.4,0,0.179,0.438,0.309,31800.0,71200.0,1
Erode,BC,0,414000.0,1,0,75.38,128.5,Tier-2 (Affiliated),116000.0,28.4,1,0.311,0.545,0.428,49700.0,66300.0,0
Villupuram,MBC,0,513000.0,1,0,90.56,130.5,Tier-2 (Affiliated),120000.0,162.1,2,0.485,0.526,0.506,60700.0,59300.0,1
Dindigul,OC,1,447000.0,0,1,90.69,141.6,Tier-3 (Self-financing),73000.0,55.4,1,0.382,0.536,0.459,33500.0,39500.0,0
Nagapattinam,BC,0,327000.0,0,0,93.62,144.7,Tier-3 (Self-financing),82000.0,104.6,1,0.316,0.594,0.455,37300.0,44700.0,1
Vellore,BC,1,691000.0,0,0,80.66,127.9,Tier-1 (Autonomous),176000.0,26.3,2,0.342,0.263,0.302,53200.0,122800.0,1
Karur,BC,0,157000.0,0,1,99.68,169.4,Tier-2 (Affiliated),112000.0,9.2,2,0.626,0.586,0.606,67900.0,44100.0,1
Salem,ST,1,452000.0,0,0,77.24,132.2,Tier-3 (Self-financing),77000.0,18.8,0,0.293,0.468,0.38,29300.0,47700.0,1
Karur,ST,1,317000.0,1,0,98.47,148.6,Tier-2 (Affiliated),101000.0,3.9,2,0.335,0.499,0.417,42100.0,58900.0,1
Chennai,BC,1,346000.0,0,1,73.37,94.8,Tier-1 (Autonomous),180000.0,2.0,2,0.21,0.442,0.326,58700.0,121300.0,0
Madurai,SC,0,211000.0,1,0,65.03,106.5,Tier-1 (Autonomous),176000.0,38.9,5,0.218,0.475,0.347,61000.0,115000.0,0
Vellore,BC,0,277000.0,1,0,98.28,147.4,Tier-2 (Affiliated),109000.0,75.8,2,0.473,0.476,0.475,51700.0,57300.0,1
Dindigul,BC,1,742000.0,1,0,84.6,127.4,Tier-1 (Autonomous),187000.0,69.7,2,0.316,0.416,0.366,68400.0,118600.0,0
Karur,BC,1,396000.0,1,0,83.19,136.5,Tier-1 (Autonomous),167000.0,43.3,0,0.404,0.297,0.35,58500.0,108500.0,0
Vellore,BC,0,339000.0,0,1,74.4,112.5,Tier-3 (Self-financing),84000.0,8.5,1,0.422,0.541,0.481,40400.0,43600.0,0
Chennai,BC,0,212000.0,0,1,69.55,115.9,Tier-2 (Affiliated),105000.0,34.5,0,0.227,0.587,0.407,42700.0,62300.0,0
Erode,BC,1,288000.0,0,1,70.5,150.5,Tier-3 (Self-financing),85000.0,6.7,2,0.508,0.531,0.52,44200.0,40800.0,1
Thanjavur,OC,1,692000.0,0,1,79.39,137.3,Tier-2 (Affiliated),105000.0,18.9,1,0.451,0.462,0.456,47900.0,57100.0,1
Namakkal,BC,1,295000.0,1,0,76.5,142.6,Tier-1 (Autonomous),171000.0,123.4,0,0.298,0.57,0.434,74200.0,96800.0,1
Theni,ST,1,424000.0,1,0,58.59,101.4,Tier-1 (Autonomous),183000.0,68.2,0,0.362,0.486,0.424,77600.0,105400.0,0
Salem,OC,0,540000.0,1,0,94.94,153.1,Tier-3 (Self-financing),107000.0,33.3,2,0.336,0.619,0.478,51100.0,55900.0,0
Theni,BC,0,196000.0,0,1,73.8,126.0,Tier-1 (Autonomous),179000.0,69.7,1,0.222,0.512,0.367,65700.0,113300.0,0
Theni,MBC,1,472000.0,0,1,90.38,151.8,Tier-2 (Affiliated),104000.0,28.4,0,0.363,0.536,0.449,46700.0,57300.0,1
Nagapattinam,BC,1,316000.0,1,0,70.94,126.4,Tier-2 (Affiliated),104000.0,7.4,0,0.276,0.417,0.346,36000.0,68000.0,0
Namakkal,MBC,0,108000.0,0,0,79.55,128.2,Tier-3 (Self-financing),92000.0,26.6,1,0.319,0.518,0.419,38500.0,53500.0,0
Virudhunagar,OC,1,454000.0,0,1,87.72,120.7,Tier-3 (Self-financing),78000.0,103.6,1,0.231,0.55,0.391,30500.0,47500.0,1
Salem,MBC,0,253000.0,1,0,86.34,116.1,Tier-3 (Self-financing),95000.0,33.1,1,0.349,0.487,0.418,39700.0,55300.0,0
Karur,MBC,0,346000.0,1,0,75.32,127.4,Tier-2 (Affiliated),97000.0,27.5,1,0.333,0.437,0.385,37400.0,59600.0,0
Chennai,MBC,1,456000.0,0,1,83.09,116.1,Tier-1 (Autonomous),182000.0,15.0,3,0.319,0.488,0.403,73400.0,108600.0,1
Madurai,MBC,0,428000.0,0,1,84.76,145.9,Tier-1 (Autonomous),185000.0,135.7,1,0.463,0.47,0.466,86300.0,98700.0,0
Kanyakumari,MBC,0,152000.0,1,0,76.52,142.5,Tier-1 (Autonomous),186000.0,61.3,2,0.519,0.446,0.482,89700.0,96300.0,0
Dindigul,BC,1,393000.0,1,0,66.86,103.7,Tier-3 (Self-financing),91000.0,63.6,1,0.225,0.442,0.334,30400.0,60600.0,1
Theni,BC,0,739000.0,0,1,71.75,133.0,Tier-2 (Affiliated),112000.0,71.7,2,0.314,0.423,0.369,41300.0,70700.0,0
Theni,MBC,0,90000.0,1,0,74.21,122.6,Tier-1 (Autonomous),189000.0,46.5,2,0.391,0.338,0.365,68900.0,120100.0,0
Cuddalore,OC,1,491000.0,0,1,78.26,125.6,Tier-3 (Self-financing),77000.0,78.9,0,0.438,0.457,0.448,34500.0,42500.0,1
Salem,BC,0,166000.0,1,0,93.92,151.4,Tier-1 (Autonomous),175000.0,38.7,2,0.435,0.445,0.44,77000.0,98000.0,1
Tiruchirappalli,MBC,1,377000.0,1,0,87.07,126.8,Tier-2 (Affiliated),107000.0,128.9,0,0.347,0.455,0.401,42900.0,64100.0,1
Chennai,OC,0,307000.0,1,0,69.84,97.4,Tier-1 (Autonomous),192000.0,51.7,0,0.221,0.388,0.305,58500.0,133500.0,0
Kanyakumari,OC,0,543000.0,1,0,96.37,129.5,Tier-2 (Affiliated),114000.0,51.8,1,0.302,0.415,0.358,40900.0,73100.0,1
Salem,MBC,1,483000.0,0,0,77.21,112.5,Tier-2 (Affiliated),115000.0,9.0,0,0.26,0.599,0.429,49400.0,65600.0,0
Tiruppur,BC,0,146000.0,0,1,84.72,167.6,Tier-1 (Autonomous),179000.0,36.8,0,0.479,0.44,0.459,82300.0,96700.0,0
Dindigul,SC,1,228000.0,1,0,68.61,87.4,Tier-3 (Self-financing),92000.0,30.5,1,0.256,0.452,0.354,32500.0,59500.0,1
Tiruchirappalli,ST,1,273000.0,0,1,73.48,99.9,Tier-3 (Self-financing),73000.0,80.3,3,0.314,0.466,0.39,28500.0,44500.0,0
Thanjavur,ST,1,410000.0,1,0,88.38,129.3,Tier-2 (Affiliated),107000.0,27.2,0,0.277,0.299,0.288,30800.0,76200.0,0
Coimbatore,MBC,0,991000.0,0,1,69.21,99.4,Tier-3 (Self-financing),83000.0,13.2,1,0.25,0.216,0.233,19300.0,63700.0,1
Tiruchirappalli,BC,0,440000.0,0,1,78.55,129.7,Tier-2 (Affiliated),106000.0,93.1,2,0.294,0.507,0.401,42500.0,63500.0,1
Madurai,MBC,1,241000.0,1,0,82.71,123.2,Tier-2 (Affiliated),107000.0,39.4,2,0.308,0.455,0.381,40800.0,66200.0,1
Virudhunagar,MBC,1,399000.0,0,0,67.77,105.5,Tier-2 (Affiliated),114000.0,31.3,2,0.277,0.615,0.446,50800.0,63200.0,1
Tiruppur,MBC,1,464000.0,1,0,60.22,83.6,Tier-1 (Autonomous),182000.0,115.1,0,0.266,0.383,0.325,59100.0,122900.0,1
Villupuram,BC,1,363000.0,0,0,87.07,132.2,Tier-2 (Affiliated),120000.0,33.1,2,0.349,0.627,0.488,58600.0,61400.0,1
Thanjavur,OC,0,505000.0,0,0,99.9,158.9,Tier-3 (Self-financing),68000.0,63.6,1,0.49,0.31,0.4,27200.0,40800.0,0
Salem,BC,0,86000.0,0,1,82.59,130.1,Tier-3 (Self-financing),97000.0,23.9,2,0.268,0.519,0.393,38200.0,58800.0,0
Theni,BC,1,655000.0,0,1,84.51,164.9,Tier-2 (Affiliated),105000.0,10.2,0,0.385,0.349,0.367,38500.0,66500.0,1
Villupuram,BC,1,372000.0,1,0,69.16,110.2,Tier-2 (Affiliated),121000.0,28.0,3,0.262,0.537,0.4,48400.0,72600.0,1
Namakkal,ST,0,159000.0,0,1,92.7,145.2,Tier-2 (Affiliated),107000.0,32.2,2,0.674,0.465,0.569,60900.0,46100.0,1
Chennai,OC,1,1411000.0,0,1,74.23,81.3,Tier-3 (Self-financing),88000.0,16.3,2,0.118,0.229,0.174,15300.0,72700.0,0
Erode,MBC,1,210000.0,1,0,89.64,147.0,Tier-1 (Autonomous),171000.0,8.6,0,0.425,0.499,0.462,79100.0,91900.0,0
Villupuram,ST,0,196000.0,0,0,84.07,104.9,Tier-2 (Affiliated),100000.0,7.1,1,0.297,0.715,0.506,50600.0,49400.0,1
Namakkal,BC,0,463000.0,0,1,84.32,143.2,Tier-3 (Self-financing),90000.0,51.8,2,0.402,0.569,0.485,43700.0,46300.0,1
Thoothukudi,MBC,1,461000.0,1,0,83.93,136.4,Tier-2 (Affiliated),89000.0,27.2,3,0.328,0.421,0.374,33300.0,55700.0,0
Namakkal,MBC,1,173000.0,1,0,83.61,145.7,Tier-3 (Self-financing),75000.0,31.6,1,0.453,0.438,0.445,33400.0,41600.0,1
Chennai,BC,1,1015000.0,0,0,80.83,119.8,Tier-2 (Affiliated),116000.0,116.0,2,0.244,0.279,0.262,30300.0,85700.0,1
Kanyakumari,MBC,0,231000.0,1,0,87.69,140.7,Tier-3 (Self-financing),82000.0,39.7,3,0.421,0.415,0.418,34300.0,47700.0,1
Nagapattinam,SC,1,236000.0,0,1,70.74,123.3,Tier-3 (Self-financing),78000.0,15.8,1,0.283,0.585,0.434,33800.0,44200.0,1
Karur,SC,1,266000.0,0,0,75.61,107.0,Tier-2 (Affiliated),122000.0,93.8,2,0.351,0.437,0.394,48100.0,73900.0,0
Thoothukudi,SC,1,255000.0,0,1,92.68,157.4,Tier-1 (Autonomous),195000.0,74.0,0,0.307,0.595,0.451,87900.0,107100.0,1
Tiruchirappalli,ST,0,88000.0,1,0,79.73,136.0,Tier-2 (Affiliated),110000.0,22.1,2,0.365,0.627,0.496,54600.0,55400.0,0
Villupuram,BC,0,327000.0,0,0,74.74,117.6,Tier-2 (Affiliated),120000.0,8.3,3,0.22,0.472,0.346,41500.0,78500.0,1
Salem,SC,1,227000.0,1,0,88.35,165.0,Tier-2 (Affiliated),122000.0,11.9,2,0.543,0.385,0.464,56600.0,65400.0,1
Thoothukudi,MBC,0,376000.0,0,0,86.37,145.9,Tier-2 (Affiliated),110000.0,48.3,2,0.476,0.537,0.507,55800.0,54200.0,0
Tiruchirappalli,MBC,0,346000.0,0,1,65.0,78.9,Tier-2 (Affiliated),106000.0,103.0,2,0.0,0.381,0.19,20200.0,85800.0,0
Tiruppur,SC,1,770000.0,1,0,85.3,151.3,Tier-3 (Self-financing),86000.0,23.4,1,0.329,0.399,0.364,31300.0,54700.0,1
Nagapattinam,SC,0,174000.0,1,0,79.37,117.1,Tier-1 (Autonomous),168000.0,16.2,1,0.382,0.636,0.509,85500.0,82500.0,1
Coimbatore,SC,1,203000.0,0,1,85.12,148.2,Tier-2 (Affiliated),115000.0,94.2,6,0.406,0.315,0.361,41500.0,73500.0,0
Coimbatore,BC,1,215000.0,0,0,78.11,129.4,Tier-2 (Affiliated),107000.0,133.6,1,0.4,0.485,0.442,47300.0,59700.0,0
Virudhunagar,MBC,1,1403000.0,1,0,82.64,92.6,Tier-2 (Affiliated),110000.0,43.0,2,0.22,0.223,0.221,24300.0,85700.0,1
Coimbatore,BC,0,430000.0,0,0,59.69,104.6,Tier-2 (Affiliated),110000.0,37.7,2,0.276,0.428,0.352,38700.0,71300.0,1
Theni,MBC,1,287000.0,0,1,69.05,107.2,Tier-1 (Autonomous),173000.0,240.9,2,0.352,0.38,0.366,63300.0,109700.0,1
Villupuram,SC,1,799000.0,0,1,85.4,129.7,Tier-2 (Affiliated),110000.0,90.4,2,0.257,0.559,0.408,44900.0,65100.0,1
Theni,SC,1,664000.0,1,0,99.9,153.5,Tier-3 (Self-financing),74000.0,177.0,1,0.4,0.433,0.417,30800.0,43200.0,1
Dindigul,MBC,0,124000.0,0,1,81.67,142.5,Tier-2 (Affiliated),106000.0,57.0,2,0.314,0.361,0.338,35800.0,70200.0,0
Thanjavur,MBC,0,172000.0,0,1,71.07,99.9,Tier-2 (Affiliated),101000.0,2.7,3,0.268,0.546,0.407,41100.0,59900.0,0
Theni,BC,1,449000.0,0,1,79.35,143.7,Tier-3 (Self-financing),78000.0,40.8,2,0.297,0.552,0.424,33100.0,44900.0,1
Tiruppur,BC,0,166000.0,0,0,69.07,87.7,Tier-1 (Autonomous),162000.0,88.5,4,0.277,0.511,0.394,63900.0,98100.0,0
Namakkal,BC,1,458000.0,0,1,90.5,149.2,Tier-3 (Self-financing),82000.0,64.1,1,0.378,0.591,0.484,39700.0,42300.0,1
Tiruchirappalli,ST,0,250000.0,0,1,78.48,137.2,Tier-3 (Self-financing),89000.0,26.5,3,0.419,0.334,0.377,33500.0,55500.0,1
Cuddalore,BC,0,140000.0,1,0,88.53,152.9,Tier-2 (Affiliated),111000.0,12.3,4,0.374,0.614,0.494,54800.0,56200.0,1
Karur,ST,1,321000.0,0,1,76.47,125.1,Tier-3 (Self-financing),94000.0,2.7,2,0.4,0.467,0.433,40700.0,53300.0,1
Karur,BC,1,918000.0,0,1,89.42,140.0,Tier-1 (Autonomous),172000.0,126.7,0,0.483,0.298,0.391,67200.0,104800.0,1
Coimbatore,SC,1,393000.0,1,0,61.76,90.6,Tier-3 (Self-financing),81000.0,5.3,1,0.275,0.536,0.406,32800.0,48200.0,1
Karur,MBC,1,403000.0,0,1,78.24,106.8,Tier-1 (Autonomous),187000.0,70.1,2,0.2,0.533,0.367,68500.0,118500.0,0
Karur,MBC,1,291000.0,0,1,83.4,123.2,Tier-2 (Affiliated),109000.0,92.6,5,0.446,0.614,0.53,57800.0,51200.0,1
Tiruchirappalli,MBC,1,663000.0,0,1,75.32,106.1,Tier-1 (Autonomous),181000.0,34.4,2,0.324,0.537,0.431,77900.0,103100.0,1
Virudhunagar,SC,0,102000.0,1,0,81.6,113.7,Tier-2 (Affiliated),127000.0,21.7,2,0.245,0.536,0.39,49500.0,77500.0,0
Namakkal,ST,0,193000.0,1,0,81.43,157.3,Tier-1 (Autonomous),178000.0,8.8,0,0.472,0.383,0.427,76100.0,101900.0,0
Dindigul,MBC,0,264000.0,1,0,88.49,115.8,Tier-2 (Affiliated),106000.0,68.5,1,0.426,0.352,0.389,41200.0,64800.0,1
Karur,OC,1,1170000.0,1,0,84.22,151.6,Tier-1 (Autonomous),172000.0,43.2,1,0.358,0.183,0.27,46400.0,125600.0,1
Namakkal,BC,0,217000.0,0,1,81.93,112.5,Tier-2 (Affiliated),108000.0,60.6,0,0.217,0.472,0.345,37200.0,70800.0,0
Namakkal,SC,1,240000.0,1,0,86.79,123.5,Tier-1 (Autonomous),188000.0,129.3,1,0.32,0.523,0.421,79200.0,108800.0,0
Erode,MBC,0,131000.0,0,1,64.47,87.6,Tier-3 (Self-financing),90000.0,36.8,2,0.091,0.568,0.33,29700.0,60300.0,0
Villupuram,MBC,1,534000.0,0,1,70.48,96.1,Tier-2 (Affiliated),121000.0,16.0,2,0.242,0.491,0.367,44400.0,76600.0,0
Thoothukudi,MBC,1,333000.0,0,1,64.15,116.5,Tier-3 (Self-financing),88000.0,211.3,2,0.364,0.419,0.391,34400.0,53600.0,0
Madurai,BC,1,301000.0,0,1,83.49,142.4,Tier-3 (Self-financing),67000.0,36.1,1,0.41,0.601,0.505,33900.0,33100.0,1
Karur,SC,1,207000.0,0,1,82.14,127.9,Tier-1 (Autonomous),185000.0,11.3,4,0.287,0.638,0.463,85600.0,99400.0,0
Chennai,SC,0,262000.0,0,1,91.85,187.6,Tier-2 (Affiliated),111000.0,31.2,1,0.629,0.418,0.523,58100.0,52900.0,1
Vellore,SC,1,172000.0,1,0,81.52,130.2,Tier-3 (Self-financing),85000.0,43.9,1,0.34,0.508,0.424,36000.0,49000.0,1
Thoothukudi,SC,0,112000.0,1,0,71.68,115.6,Tier-2 (Affiliated),120000.0,53.9,3,0.239,0.582,0.411,49300.0,70700.0,0
Tiruchirappalli,SC,1,516000.0,1,0,79.34,116.7,Tier-2 (Affiliated),108000.0,12.5,1,0.327,0.565,0.446,48200.0,59800.0,0
Vellore,MBC,0,237000.0,0,1,59.25,82.7,Tier-1 (Autonomous),185000.0,180.2,1,0.282,0.551,0.417,77100.0,107900.0,0
Salem,ST,0,286000.0,0,0,73.92,110.3,Tier-2 (Affiliated),101000.0,101.0,0,0.237,0.446,0.341,34500.0,66500.0,0
Karur,OC,0,320000.0,1,0,54.53,100.0,Tier-2 (Affiliated),98000.0,31.2,1,0.375,0.405,0.39,38200.0,59800.0,1
Dindigul,MBC,1,420000.0,0,1,81.29,138.6,Tier-3 (Self-financing),80000.0,23.4,2,0.39,0.381,0.385,30800.0,49200.0,1
Tiruppur,SC,1,343000.0,0,0,75.21,139.7,Tier-3 (Self-financing),82000.0,24.3,0,0.397,0.462,0.43,35200.0,46800.0,0
Villupuram,MBC,0,558000.0,0,0,76.68,111.9,Tier-2 (Affiliated),114000.0,53.3,1,0.298,0.399,0.349,39800.0,74200.0,1
Namakkal,BC,0,613000.0,0,0,68.68,118.7,Tier-3 (Self-financing),76000.0,19.4,1,0.269,0.327,0.298,22600.0,53400.0,1
Karur,MBC,0,490000.0,0,1,71.31,118.7,Tier-2 (Affiliated),122000.0,92.8,2,0.212,0.511,0.361,44100.0,77900.0,1
Coimbatore,BC,1,342000.0,1,0,84.93,142.4,Tier-3 (Self-financing),77000.0,5.1,3,0.553,0.455,0.504,38800.0,38200.0,1
Salem,ST,1,159000.0,1,0,63.64,88.9,Tier-3 (Self-financing),84000.0,7.7,1,0.113,0.554,0.334,28000.0,56000.0,0
Villupuram,BC,0,454000.0,1,0,83.06,117.3,Tier-2 (Affiliated),110000.0,140.2,0,0.408,0.357,0.382,42100.0,67900.0,0
Kanyakumari,BC,1,1030000.0,0,0,69.89,119.9,Tier-2 (Affiliated),112000.0,98.1,0,0.456,0.429,0.442,49500.0,62500.0,1
Cuddalore,MBC,1,796000.0,0,0,61.19,111.0,Tier-3 (Self-financing),89000.0,2.0,2,0.229,0.461,0.345,30700.0,58300.0,1
Vellore,BC,1,486000.0,1,0,90.26,135.1,Tier-2 (Affiliated),128000.0,7.9,3,0.42,0.547,0.484,61900.0,66100.0,1
Tiruchirappalli,OC,1,940000.0,0,0,91.29,155.2,Tier-2 (Affiliated),105000.0,7.8,3,0.497,0.356,0.427,44800.0,60200.0,1
Kanyakumari,MBC,1,633000.0,0,1,72.61,134.2,Tier-3 (Self-financing),88000.0,81.0,2,0.423,0.407,0.415,36500.0,51500.0,1
Nagapattinam,MBC,1,456000.0,1,0,72.51,110.6,Tier-2 (Affiliated),109000.0,24.2,0,0.234,0.511,0.372,40600.0,68400.0,1
Salem,BC,0,332000.0,0,1,75.49,99.2,Tier-3 (Self-financing),93000.0,102.4,2,0.213,0.589,0.401,37300.0,55700.0,1
Tiruppur,MBC,0,274000.0,0,1,69.9,92.1,Tier-2 (Affiliated),114000.0,31.7,1,0.284,0.494,0.389,44300.0,69700.0,0
Theni,MBC,0,169000.0,0,1,71.66,104.5,Tier-3 (Self-financing),87000.0,140.2,0,0.132,0.392,0.262,22800.0,64200.0,0
Dindigul,SC,0,134000.0,1,0,82.5,125.3,Tier-2 (Affiliated),98000.0,48.2,1,0.176,0.487,0.332,32500.0,65500.0,0
Villupuram,BC,0,203000.0,0,1,98.74,157.4,Tier-2 (Affiliated),106000.0,148.7,1,0.458,0.618,0.538,57000.0,49000.0,1
Madurai,BC,1,200000.0,0,1,74.45,118.9,Tier-3 (Self-financing),77000.0,6.1,1,0.303,0.573,0.438,33700.0,43300.0,1
Tirunelveli,ST,1,295000.0,0,0,88.23,137.1,Tier-2 (Affiliated),106000.0,114.0,2,0.391,0.517,0.454,48100.0,57900.0,0
Coimbatore,MBC,0,254000.0,1,0,81.53,140.6,Tier-3 (Self-financing),78000.0,85.6,1,0.333,0.466,0.399,31200.0,46800.0,0
Cuddalore,OC,0,593000.0,1,0,61.28,86.6,Tier-2 (Affiliated),106000.0,136.1,0,0.263,0.57,0.416,44100.0,61900.0,1
Theni,SC,1,630000.0,1,0,77.76,143.4,Tier-2 (Affiliated),107000.0,24.0,1,0.468,0.344,0.406,43400.0,63600.0,1
Thoothukudi,BC,1,1001000.0,1,0,76.5,136.5,Tier-3 (Self-financing),82000.0,105.8,2,0.389,0.355,0.372,30500.0,51500.0,1
Namakkal,SC,0,425000.0,0,1,92.65,161.2,Tier-3 (Self-financing),83000.0,74.5,0,0.357,0.505,0.431,35800.0,47200.0,1
Tiruchirappalli,SC,1,208000.0,0,0,93.05,139.0,Tier-3 (Self-financing),78000.0,84.4,2,0.468,0.544,0.506,39500.0,38500.0,1
Dindigul,ST,0,77000.0,0,1,81.77,129.1,Tier-3 (Self-financing),85000.0,20.6,2,0.209,0.472,0.34,28900.0,56100.0,0
Coimbatore,ST,0,282000.0,0,0,90.14,155.1,Tier-2 (Affiliated),103000.0,2.0,2,0.341,0.561,0.451,46400.0,56600.0,1
Cuddalore,BC,1,1033000.0,1,0,76.54,119.5,Tier-3 (Self-financing),80000.0,132.0,1,0.377,0.396,0.386,30900.0,49100.0,1
Cuddalore,SC,1,741000.0,0,0,89.19,132.2,Tier-3 (Self-financing),85000.0,33.6,2,0.271,0.42,0.345,29300.0,55700.0,1
Kanyakumari,BC,0,390000.0,1,0,79.0,115.3,Tier-3 (Self-financing),64000.0,20.1,2,0.242,0.508,0.375,24000.0,40000.0,1
Erode,MBC,1,140000.0,0,1,88.98,132.0,Tier-3 (Self-financing),105000.0,332.4,1,0.371,0.48,0.425,44600.0,60400.0,0
Erode,MBC,1,514000.0,1,0,89.99,126.6,Tier-3 (Self-financing),89000.0,16.4,0,0.415,0.598,0.506,45100.0,43900.0,1
Coimbatore,OC,0,529000.0,1,0,85.16,179.3,Tier-3 (Self-financing),88000.0,64.6,1,0.573,0.555,0.564,49600.0,38400.0,1
Thanjavur,OC,1,1254000.0,0,0,70.58,83.6,Tier-2 (Affiliated),106000.0,23.2,2,0.295,0.252,0.274,29000.0,77000.0,1
Dindigul,OC,0,856000.0,1,0,73.79,103.4,Tier-2 (Affiliated),111000.0,170.7,0,0.223,0.37,0.296,32900.0,78100.0,0
Nagapattinam,BC,1,797000.0,1,0,85.52,145.8,Tier-3 (Self-financing),75000.0,7.4,1,0.339,0.486,0.413,31000.0,44000.0,1
Nagapattinam,BC,0,216000.0,1,0,86.93,128.9,Tier-2 (Affiliated),114000.0,112.0,2,0.246,0.562,0.404,46100.0,67900.0,1
Madurai,ST,0,96000.0,1,0,79.58,122.1,Tier-2 (Affiliated),97000.0,111.0,1,0.334,0.542,0.438,42500.0,54500.0,0
Tirunelveli,MBC,0,349000.0,0,0,74.88,125.7,Tier-2 (Affiliated),100000.0,61.9,2,0.36,0.404,0.382,38200.0,61800.0,0
Namakkal,SC,1,204000.0,0,0,79.91,143.3,Tier-1 (Autonomous),174000.0,74.1,1,0.596,0.441,0.518,90200.0,83800.0,1
Erode,SC,0,439000.0,1,0,75.22,116.3,Tier-3 (Self-financing),97000.0,46.9,1,0.354,0.472,0.413,40100.0,56900.0,0
Chennai,SC,1,123000.0,1,0,75.27,134.3,Tier-2 (Affiliated),101000.0,12.4,1,0.231,0.662,0.447,45100.0,55900.0,0
Virudhunagar,BC,0,408000.0,1,0,97.6,130.7,Tier-2 (Affiliated),113000.0,26.5,2,0.447,0.566,0.507,57300.0,55700.0,1
Karur,SC,1,376000.0,0,1,73.25,108.1,Tier-2 (Affiliated),93000.0,57.8,2,0.208,0.529,0.369,34300.0,58700.0,0
Namakkal,SC,1,281000.0,0,1,83.08,140.4,Tier-3 (Self-financing),85000.0,6.6,3,0.285,0.557,0.421,35800.0,49200.0,1
Erode,SC,0,117000.0,0,0,79.53,156.8,Tier-1 (Autonomous),194000.0,2.1,2,0.53,0.347,0.438,85100.0,108900.0,0
Virudhunagar,ST,1,88000.0,1,0,65.73,90.7,Tier-2 (Affiliated),114000.0,2.0,0,0.282,0.56,0.421,48000.0,66000.0,0
Chennai,MBC,1,314000.0,0,1,65.39,87.5,Tier-2 (Affiliated),93000.0,57.5,2,0.29,0.515,0.403,37500.0,55500.0,0
Thanjavur,MBC,1,317000.0,0,0,77.19,128.6,Tier-3 (Self-financing),85000.0,9.4,0,0.298,0.373,0.336,28500.0,56500.0,0
Virudhunagar,SC,0,359000.0,0,0,58.47,94.3,Tier-1 (Autonomous),176000.0,11.4,0,0.405,0.661,0.533,93800.0,82200.0,1
Thoothukudi,MBC,1,273000.0,0,0,96.3,143.3,Tier-3 (Self-financing),95000.0,73.9,1,0.473,0.537,0.505,48000.0,47000.0,0
Tirunelveli,SC,1,404000.0,0,0,74.38,100.8,Tier-1 (Autonomous),179000.0,104.2,1,0.174,0.519,0.346,62000.0,117000.0,1
Cuddalore,OC,0,192000.0,1,0,73.57,110.0,Tier-1 (Autonomous),168000.0,47.9,3,0.46,0.455,0.457,76800.0,91200.0,0
Tiruchirappalli,OC,1,820000.0,0,0,90.23,152.2,Tier-3 (Self-financing),84000.0,67.4,0,0.478,0.414,0.446,37400.0,46600.0,1
Madurai,MBC,0,76000.0,0,1,76.59,117.5,Tier-2 (Affiliated),104000.0,26.0,0,0.307,0.55,0.429,44600.0,59400.0,0
Vellore,OC,1,1994000.0,0,1,84.51,152.8,Tier-2 (Affiliated),93000.0,298.4,1,0.389,0.316,0.353,32800.0,60200.0,0
Kanyakumari,ST,1,253000.0,0,1,72.27,113.6,Tier-2 (Affiliated),109000.0,63.3,1,0.038,0.581,0.309,33700.0,75300.0,1
Cuddalore,OC,1,135000.0,1,0,78.45,134.5,Tier-1 (Autonomous),180000.0,130.9,1,0.43,0.543,0.486,87500.0,92500.0,0
Dindigul,SC,0,131000.0,1,0,87.68,144.5,Tier-1 (Autonomous),183000.0,280.3,1,0.355,0.406,0.38,69600.0,113400.0,0
Tirunelveli,BC,0,185000.0,1,0,69.38,105.0,Tier-1 (Autonomous),188000.0,6.3,3,0.246,0.416,0.331,62200.0,125800.0,0
Madurai,ST,0,118000.0,1,0,83.28,145.7,Tier-2 (Affiliated),108000.0,9.2,1,0.401,0.324,0.362,39100.0,68900.0,1
Tirunelveli,BC,1,395000.0,0,0,53.83,67.9,Tier-1 (Autonomous),168000.0,17.3,1,0.065,0.449,0.257,43100.0,124900.0,1
Tiruchirappalli,OC,0,271000.0,1,0,90.66,136.8,Tier-2 (Affiliated),103000.0,27.1,2,0.418,0.541,0.48,49400.0,53600.0,1
Tiruchirappalli,OC,0,249000.0,0,1,72.44,109.7,Tier-3 (Self-financing),85000.0,5.2,1,0.214,0.51,0.362,30800.0,54200.0,0
Cuddalore,MBC,0,137000.0,1,0,77.14,129.1,Tier-2 (Affiliated),120000.0,8.8,1,0.222,0.577,0.4,47900.0,72100.0,0
Madurai,ST,1,429000.0,1,0,77.02,132.7,Tier-2 (Affiliated),110000.0,26.2,1,0.368,0.64,0.504,55400.0,54600.0,0
Chennai,ST,0,327000.0,0,1,68.25,97.0,Tier-1 (Autonomous),179000.0,46.1,2,0.19,0.413,0.301,53900.0,125100.0,0
Namakkal,BC,1,420000.0,0,1,67.48,93.6,Tier-3 (Self-financing),83000.0,117.5,0,0.068,0.394,0.231,19200.0,63800.0,0
Tirunelveli,MBC,0,257000.0,0,1,83.21,134.3,Tier-1 (Autonomous),180000.0,19.0,2,0.27,0.512,0.391,70400.0,109600.0,0
Dindigul,OC,0,210000.0,0,0,83.68,110.8,Tier-2 (Affiliated),125000.0,6.4,1,0.299,0.386,0.342,42800.0,82200.0,0
Madurai,MBC,0,270000.0,0,0,69.15,125.8,Tier-3 (Self-financing),84000.0,22.9,1,0.349,0.495,0.422,35400.0,48600.0,1
Salem,MBC,0,295000.0,1,0,83.41,130.1,Tier-2 (Affiliated),108000.0,15.2,2,0.465,0.458,0.461,49800.0,58200.0,0
Thanjavur,BC,1,428000.0,0,1,83.58,116.2,Tier-2 (Affiliated),110000.0,15.0,0,0.398,0.366,0.382,42100.0,67900.0,1
Cuddalore,MBC,0,323000.0,1,0,74.22,100.9,Tier-3 (Self-financing),80000.0,106.1,4,0.285,0.385,0.335,26800.0,53200.0,0
Thanjavur,SC,0,231000.0,0,1,65.07,108.8,Tier-1 (Autonomous),168000.0,149.3,2,0.222,0.465,0.343,57700.0,110300.0,0
Namakkal,OC,0,218000.0,0,1,77.62,128.5,Tier-2 (Affiliated),96000.0,27.5,4,0.304,0.454,0.379,36400.0,59600.0,0
Namakkal,BC,0,576000.0,0,1,81.65,119.1,Tier-2 (Affiliated),104000.0,21.6,1,0.35,0.411,0.38,39500.0,64500.0,1
Tirunelveli,BC,0,267000.0,0,0,77.41,122.1,Tier-3 (Self-financing),94000.0,18.1,3,0.405,0.607,0.506,47600.0,46400.0,0
Tirunelveli,BC,0,751000.0,0,1,72.08,98.4,Tier-3 (Self-financing),94000.0,5.9,2,0.285,0.489,0.387,36400.0,57600.0,1
Thanjavur,BC,0,377000.0,0,1,82.67,128.4,Tier-2 (Affiliated),101000.0,39.8,4,0.31,0.51,0.41,41400.0,59600.0,1
Chennai,MBC,1,1242000.0,0,1,90.65,167.2,Tier-2 (Affiliated),109000.0,89.4,3,0.501,0.363,0.432,47100.0,61900.0,1
Cuddalore,OC,1,1202000.0,0,1,70.3,144.4,Tier-2 (Affiliated),111000.0,37.0,0,0.383,0.235,0.309,34300.0,76700.0,1
Theni,SC,1,357000.0,1,0,75.02,116.9,Tier-3 (Self-financing),79000.0,6.6,1,0.138,0.532,0.335,26400.0,52600.0,0
Erode,SC,0,131000.0,1,0,99.9,166.3,Tier-3 (Self-financing),95000.0,15.0,1,0.464,0.446,0.455,43200.0,51800.0,1
Vellore,ST,1,186000.0,0,0,80.91,135.3,Tier-1 (Autonomous),186000.0,14.9,1,0.339,0.563,0.451,83900.0,102100.0,0
Erode,MBC,1,563000.0,1,0,65.33,78.7,Tier-3 (Self-financing),88000.0,14.2,1,0.236,0.588,0.412,36200.0,51800.0,1
Cuddalore,BC,1,523000.0,1,0,73.22,99.9,Tier-3 (Self-financing),86000.0,116.6,1,0.158,0.53,0.344,29600.0,56400.0,0
Nagapattinam,OC,0,282000.0,0,1,70.43,78.0,Tier-2 (Affiliated),97000.0,7.3,1,0.09,0.568,0.329,31900.0,65100.0,1
Madurai,BC,1,764000.0,0,1,81.8,137.6,Tier-3 (Self-financing),96000.0,17.1,0,0.464,0.317,0.391,37500.0,58500.0,0
Thanjavur,ST,1,279000.0,0,1,81.08,158.9,Tier-3 (Self-financing),90000.0,301.7,2,0.381,0.497,0.439,39500.0,50500.0,0
Chennai,ST,1,433000.0,0,1,71.64,130.6,Tier-2 (Affiliated),113000.0,110.8,5,0.3,0.491,0.395,44700.0,68300.0,1
Dindigul,BC,1,282000.0,1,0,96.56,155.2,Tier-3 (Self-financing),79000.0,13.0,2,0.482,0.582,0.532,42000.0,37000.0,1
Salem,BC,1,837000.0,1,0,78.85,124.7,Tier-1 (Autonomous),175000.0,181.6,0,0.391,0.332,0.362,63300.0,111700.0,1
Erode,MBC,1,553000.0,0,1,73.44,112.2,Tier-2 (Affiliated),114000.0,62.7,0,0.402,0.438,0.42,47900.0,66100.0,1
Dindigul,BC,0,578000.0,0,1,65.79,121.2,Tier-3 (Self-financing),94000.0,32.9,1,0.294,0.571,0.432,40600.0,53400.0,1
Erode,ST,0,289000.0,1,0,69.05,113.7,Tier-3 (Self-financing),99000.0,70.2,1,0.272,0.503,0.387,38300.0,60700.0,0
Vellore,BC,1,461000.0,0,1,65.54,105.8,Tier-1 (Autonomous),174000.0,230.0,1,0.254,0.284,0.269,46900.0,127100.0,0
Nagapattinam,BC,0,273000.0,0,1,76.09,105.2,Tier-3 (Self-financing),84000.0,33.0,2,0.217,0.411,0.314,26400.0,57600.0,0
Virudhunagar,MBC,0,693000.0,0,1,69.15,119.7,Tier-3 (Self-financing),68000.0,229.7,3,0.351,0.366,0.359,24400.0,43600.0,1
Chennai,BC,0,255000.0,1,0,85.84,135.1,Tier-3 (Self-financing),65000.0,10.0,1,0.345,0.424,0.384,25000.0,40000.0,1
Vellore,BC,0,451000.0,1,0,72.16,121.4,Tier-2 (Affiliated),114000.0,13.3,0,0.225,0.488,0.356,40600.0,73400.0,1
Virudhunagar,SC,0,158000.0,1,0,86.4,153.2,Tier-3 (Self-financing),78000.0,81.1,2,0.293,0.616,0.455,35500.0,42500.0,0
Namakkal,BC,1,173000.0,1,0,82.91,108.1,Tier-3 (Self-financing),69000.0,31.8,1,0.266,0.628,0.447,30800.0,38200.0,0
Salem,MBC,0,132000.0,0,0,84.46,130.7,Tier-3 (Self-financing),76000.0,17.6,0,0.405,0.642,0.523,39800.0,36200.0,0
Tiruppur,BC,1,604000.0,0,0,86.97,132.5,Tier-2 (Affiliated),113000.0,39.0,3,0.307,0.39,0.349,39400.0,73600.0,1
Madurai,BC,0,440000.0,1,0,97.93,148.8,Tier-2 (Affiliated),113000.0,91.2,3,0.315,0.452,0.383,43300.0,69700.0,1
Chennai,OC,1,789000.0,1,0,69.51,94.5,Tier-2 (Affiliated),97000.0,7.0,1,0.35,0.394,0.372,36100.0,60900.0,1
Theni,BC,1,907000.0,0,0,86.46,127.4,Tier-1 (Autonomous),190000.0,28.0,1,0.315,0.613,0.464,88200.0,101800.0,1
Namakkal,OC,1,781000.0,0,1,81.98,114.7,Tier-3 (Self-financing),79000.0,2.0,1,0.371,0.436,0.403,31900.0,47100.0,1
Nagapattinam,BC,0,195000.0,1,0,88.63,154.2,Tier-2 (Affiliated),112000.0,13.8,0,0.523,0.508,0.515,57700.0,54300.0,1
Erode,SC,0,270000.0,0,1,79.11,132.2,Tier-2 (Affiliated),110000.0,11.6,2,0.482,0.431,0.456,50200.0,59800.0,1
Kanyakumari,SC,1,346000.0,0,1,89.76,148.2,Tier-2 (Affiliated),110000.0,117.5,1,0.413,0.586,0.499,54900.0,55100.0,1
Thanjavur,ST,1,199000.0,0,1,65.08,75.2,Tier-3 (Self-financing),78000.0,62.1,1,0.045,0.418,0.231,18100.0,59900.0,1
Karur,MBC,0,337000.0,0,1,67.96,138.0,Tier-2 (Affiliated),110000.0,99.0,0,0.228,0.511,0.37,40700.0,69300.0,1
Madurai,SC,1,329000.0,1,0,72.31,109.6,Tier-3 (Self-financing),87000.0,117.4,0,0.26,0.486,0.373,32400.0,54600.0,1
Coimbatore,MBC,1,301000.0,1,0,77.25,149.8,Tier-1 (Autonomous),178000.0,99.6,3,0.559,0.471,0.515,91600.0,86400.0,0
Nagapattinam,BC,0,271000.0,0,1,78.46,136.8,Tier-2 (Affiliated),111000.0,104.1,0,0.383,0.656,0.52,57700.0,53300.0,1
Virudhunagar,BC,1,1051000.0,0,1,70.6,109.5,Tier-2 (Affiliated),119000.0,60.4,1,0.389,0.394,0.392,46600.0,72400.0,1
Villupuram,MBC,0,556000.0,0,1,68.09,139.6,Tier-1 (Autonomous),176000.0,166.8,2,0.309,0.53,0.419,73800.0,102200.0,1
Erode,SC,0,216000.0,0,1,71.45,122.8,Tier-3 (Self-financing),90000.0,88.8,1,0.444,0.42,0.432,38800.0,51200.0,0
Chennai,MBC,1,433000.0,0,1,60.91,94.0,Tier-3 (Self-financing),83000.0,16.5,1,0.28,0.554,0.417,34600.0,48400.0,1
Thoothukudi,BC,1,220000.0,0,0,75.12,114.3,Tier-2 (Affiliated),121000.0,83.8,0,0.308,0.624,0.466,56400.0,64600.0,0
Theni,ST,1,703000.0,1,0,77.42,139.4,Tier-3 (Self-financing),74000.0,75.4,2,0.461,0.439,0.45,33300.0,40700.0,1
Salem,OC,1,1114000.0,1,0,82.41,123.8,Tier-3 (Self-financing),95000.0,18.0,1,0.286,0.301,0.293,27900.0,67100.0,0
Nagapattinam,ST,1,413000.0,0,0,79.67,121.8,Tier-3 (Self-financing),81000.0,10.5,1,0.361,0.409,0.385,31200.0,49800.0,1
Villupuram,SC,0,60000.0,1,0,95.93,144.5,Tier-3 (Self-financing),102000.0,94.4,0,0.336,0.545,0.44,44900.0,57100.0,0
Tirunelveli,SC,0,199000.0,1,0,86.12,126.5,Tier-2 (Affiliated),113000.0,96.3,1,0.292,0.5,0.396,44700.0,68300.0,0
Nagapattinam,SC,0,182000.0,0,1,85.37,126.2,Tier-2 (Affiliated),117000.0,68.7,2,0.266,0.471,0.368,43100.0,73900.0,0
Nagapattinam,BC,1,703000.0,1,0,81.65,157.2,Tier-2 (Affiliated),109000.0,138.8,0,0.377,0.455,0.416,45400.0,63600.0,1
Namakkal,MBC,1,328000.0,0,1,83.36,148.5,Tier-2 (Affiliated),115000.0,2.0,1,0.279,0.506,0.393,45200.0,69800.0,1
Theni,SC,1,277000.0,1,0,75.79,124.8,Tier-1 (Autonomous),185000.0,104.9,3,0.517,0.47,0.493,91200.0,93800.0,0
Tirunelveli,SC,0,274000.0,0,1,79.0,118.2,Tier-2 (Affiliated),109000.0,48.9,4,0.215,0.472,0.343,37400.0,71600.0,0
Villupuram,BC,0,195000.0,0,1,97.22,147.3,Tier-2 (Affiliated),116000.0,65.2,2,0.497,0.379,0.438,50800.0,65200.0,1
Thoothukudi,BC,1,352000.0,1,0,77.3,118.2,Tier-2 (Affiliated),83000.0,4.9,1,0.176,0.472,0.324,26900.0,56100.0,1
Thoothukudi,BC,1,537000.0,1,0,64.68,130.3,Tier-3 (Self-financing),80000.0,25.5,2,0.308,0.349,0.328,26300.0,53700.0,1
Karur,MBC,0,543000.0,0,0,84.97,140.3,Tier-2 (Affiliated),110000.0,130.4,1,0.361,0.416,0.388,42700.0,67300.0,0
Chennai,MBC,1,655000.0,1,0,86.75,150.0,Tier-2 (Affiliated),114000.0,24.5,1,0.537,0.449,0.493,56200.0,57800.0,1
Vellore,SC,1,569000.0,1,0,79.55,130.3,Tier-2 (Affiliated),118000.0,16.0,2,0.38,0.294,0.337,39800.0,78200.0,0
Thanjavur,SC,1,326000.0,1,0,59.22,81.5,Tier-2 (Affiliated),108000.0,94.3,1,0.096,0.466,0.281,30400.0,77600.0,0
Thoothukudi,MBC,0,592000.0,1,0,90.87,146.9,Tier-2 (Affiliated),107000.0,49.7,3,0.393,0.465,0.429,45900.0,61100.0,1
Namakkal,BC,1,185000.0,0,0,80.3,112.3,Tier-2 (Affiliated),117000.0,2.5,2,0.385,0.393,0.389,45600.0,71400.0,1
Namakkal,MBC,0,791000.0,0,1,74.9,137.8,Tier-1 (Autonomous),189000.0,21.1,1,0.464,0.348,0.406,76800.0,112200.0,1
Madurai,BC,0,976000.0,0,0,89.88,132.6,Tier-2 (Affiliated),116000.0,65.2,0,0.309,0.254,0.281,32600.0,83400.0,1
Nagapattinam,BC,1,621000.0,1,0,57.75,83.8,Tier-2 (Affiliated),109000.0,38.6,2,0.072,0.5,0.286,31200.0,77800.0,1
Erode,OC,0,616000.0,1,0,79.12,138.8,Tier-2 (Affiliated),130000.0,19.9,3,0.333,0.38,0.356,46300.0,83700.0,1
Coimbatore,BC,0,293000.0,1,0,72.59,105.7,Tier-3 (Self-financing),86000.0,111.0,0,0.321,0.44,0.381,32700.0,53300.0,1
Thoothukudi,BC,0,266000.0,0,1,92.92,145.4,Tier-1 (Autonomous),182000.0,74.1,2,0.267,0.568,0.417,75900.0,106100.0,1
Tiruchirappalli,MBC,0,186000.0,1,0,80.43,89.1,Tier-2 (Affiliated),123000.0,89.9,1,0.195,0.494,0.345,42400.0,80600.0,0
Chennai,OC,1,613000.0,1,0,69.35,106.1,Tier-2 (Affiliated),122000.0,66.7,1,0.171,0.576,0.373,45600.0,76400.0,0
Coimbatore,BC,0,406000.0,1,0,89.38,151.9,Tier-3 (Self-financing),91000.0,24.9,0,0.391,0.514,0.453,41200.0,49800.0,0
Dindigul,OC,1,794000.0,1,0,53.41,76.1,Tier-1 (Autonomous),173000.0,86.3,1,0.204,0.432,0.318,55000.0,118000.0,1
Madurai,MBC,1,1252000.0,0,1,83.08,141.3,Tier-2 (Affiliated),111000.0,22.5,1,0.388,0.345,0.366,40600.0,70400.0,1
Virudhunagar,MBC,0,275000.0,0,1,65.37,104.3,Tier-2 (Affiliated),114000.0,169.9,1,0.318,0.601,0.459,52400.0,61600.0,0
Namakkal,BC,1,213000.0,0,0,73.38,133.7,Tier-3 (Self-financing),101000.0,144.6,0,0.464,0.26,0.362,36600.0,64400.0,0
Erode,BC,0,739000.0,0,1,75.59,109.9,Tier-2 (Affiliated),134000.0,9.4,1,0.58,0.461,0.521,69800.0,64200.0,0
Chennai,ST,0,86000.0,0,1,87.1,135.7,Tier-2 (Affiliated),105000.0,20.9,1,0.446,0.468,0.457,48000.0,57000.0,0
Dindigul,MBC,0,191000.0,1,0,99.9,137.8,Tier-2 (Affiliated),117000.0,38.4,2,0.429,0.418,0.423,49500.0,67500.0,1
Tiruchirappalli,MBC,0,302000.0,0,1,60.2,94.9,Tier-3 (Self-financing),78000.0,76.0,1,0.177,0.48,0.328,25600.0,52400.0,0
Thoothukudi,MBC,0,327000.0,0,1,82.46,125.6,Tier-1 (Autonomous),179000.0,23.8,2,0.409,0.479,0.444,79500.0,99500.0,1
Tirunelveli,SC,0,88000.0,0,1,99.9,174.2,Tier-2 (Affiliated),103000.0,39.4,1,0.634,0.393,0.513,52900.0,50100.0,0
Dindigul,SC,1,209000.0,1,0,72.27,106.3,Tier-2 (Affiliated),123000.0,17.3,2,0.215,0.414,0.315,38700.0,84300.0,1
Chennai,BC,1,214000.0,1,0,71.65,108.3,Tier-2 (Affiliated),112000.0,13.2,0,0.232,0.395,0.313,35100.0,76900.0,0
Madurai,MBC,1,591000.0,0,1,80.36,118.4,Tier-2 (Affiliated),112000.0,104.7,0,0.26,0.367,0.314,35100.0,76900.0,1
Salem,BC,1,926000.0,1,0,86.29,138.5,Tier-3 (Self-financing),85000.0,13.7,1,0.277,0.409,0.343,29200.0,55800.0,1
Coimbatore,MBC,1,214000.0,1,0,84.58,165.2,Tier-2 (Affiliated),113000.0,9.4,1,0.476,0.478,0.477,53900.0,59100.0,1
Karur,BC,0,517000.0,1,0,74.41,66.6,Tier-1 (Autonomous),183000.0,35.9,2,0.021,0.472,0.247,45100.0,137900.0,1
Villupuram,OC,1,1051000.0,1,0,69.97,111.2,Tier-2 (Affiliated),105000.0,33.2,1,0.279,0.281,0.28,29400.0,75600.0,0
Thoothukudi,ST,0,118000.0,1,0,91.16,163.5,Tier-2 (Affiliated),96000.0,71.1,2,0.497,0.636,0.566,54400.0,41600.0,1
Tirunelveli,SC,1,106000.0,1,0,70.25,104.7,Tier-2 (Affiliated),99000.0,3.7,0,0.286,0.493,0.389,38600.0,60400.0,0
Nagapattinam,BC,1,268000.0,0,1,58.84,102.0,Tier-2 (Affiliated),97000.0,90.0,0,0.214,0.569,0.392,38000.0,59000.0,1
Namakkal,ST,0,122000.0,1,0,63.47,119.2,Tier-3 (Self-financing),87000.0,77.0,0,0.191,0.531,0.361,31400.0,55600.0,0
Chennai,BC,1,1128000.0,0,0,72.24,111.4,Tier-3 (Self-financing),78000.0,44.3,2,0.385,0.267,0.326,25400.0,52600.0,1
Coimbatore,MBC,1,394000.0,0,1,92.93,138.9,Tier-1 (Autonomous),188000.0,35.2,1,0.243,0.646,0.445,83600.0,104400.0,1
Namakkal,SC,1,181000.0,1,0,66.12,119.8,Tier-3 (Self-financing),87000.0,83.7,1,0.326,0.613,0.47,40900.0,46100.0,0
Thanjavur,BC,0,324000.0,1,0,93.22,156.6,Tier-3 (Self-financing),70000.0,24.5,2,0.566,0.469,0.518,36200.0,33800.0,1
Chennai,MBC,1,206000.0,1,0,91.07,144.8,Tier-2 (Affiliated),107000.0,200.6,4,0.413,0.583,0.498,53300.0,53700.0,0
Villupuram,MBC,1,557000.0,1,0,80.25,137.6,Tier-3 (Self-financing),68000.0,71.7,1,0.482,0.44,0.461,31300.0,36700.0,1
Karur,BC,0,175000.0,1,0,52.51,98.4,Tier-1 (Autonomous),171000.0,78.4,4,0.282,0.494,0.388,66400.0,104600.0,0
Namakkal,MBC,1,266000.0,0,1,66.16,105.1,Tier-2 (Affiliated),106000.0,26.8,0,0.154,0.442,0.298,31600.0,74400.0,0
Thoothukudi,BC,0,368000.0,1,0,71.66,119.2,Tier-2 (Affiliated),102000.0,2.0,2,0.42,0.477,0.448,45700.0,56300.0,1
Thoothukudi,MBC,1,1100000.0,0,1,95.31,160.3,Tier-2 (Affiliated),125000.0,158.1,0,0.413,0.36,0.386,48300.0,76700.0,0
Thoothukudi,BC,0,1001000.0,0,0,72.31,108.8,Tier-2 (Affiliated),116000.0,37.5,2,0.244,0.371,0.307,35700.0,80300.0,1
Tirunelveli,BC,0,169000.0,0,1,70.27,130.3,Tier-2 (Affiliated),107000.0,22.0,1,0.409,0.563,0.486,52000.0,55000.0,1
Kanyakumari,SC,0,140000.0,1,0,79.88,112.3,Tier-1 (Autonomous),191000.0,74.6,0,0.215,0.521,0.368,70200.0,120800.0,1
Namakkal,BC,1,641000.0,1,0,63.9,100.3,Tier-2 (Affiliated),102000.0,2.4,1,0.323,0.32,0.322,32800.0,69200.0,0
Karur,MBC,1,799000.0,1,0,77.75,135.9,Tier-2 (Affiliated),107000.0,114.5,2,0.407,0.425,0.416,44600.0,62400.0,1
Kanyakumari,SC,0,60000.0,0,1,70.01,96.2,Tier-1 (Autonomous),187000.0,98.5,2,0.366,0.48,0.423,79100.0,107900.0,0
Tiruchirappalli,SC,0,205000.0,1,0,99.9,172.9,Tier-3 (Self-financing),76000.0,146.7,3,0.596,0.376,0.486,36900.0,39100.0,1
Thanjavur,OC,1,482000.0,1,0,68.82,113.0,Tier-3 (Self-financing),90000.0,12.1,4,0.277,0.435,0.356,32000.0,58000.0,1
Madurai,SC,0,68000.0,1,0,97.3,175.6,Tier-2 (Affiliated),112000.0,20.9,1,0.481,0.492,0.486,54500.0,57500.0,0
Tirunelveli,SC,0,93000.0,0,1,66.6,115.8,Tier-3 (Self-financing),90000.0,13.1,0,0.244,0.461,0.353,31800.0,58200.0,0
Thanjavur,BC,1,353000.0,1,0,80.63,126.6,Tier-3 (Self-financing),99000.0,22.3,3,0.321,0.373,0.347,34400.0,64600.0,1
Kanyakumari,SC,0,201000.0,1,0,83.0,136.3,Tier-2 (Affiliated),114000.0,62.8,2,0.303,0.53,0.416,47500.0,66500.0,1
Kanyakumari,SC,1,548000.0,0,0,79.42,131.1,Tier-3 (Self-financing),86000.0,43.0,1,0.332,0.386,0.359,30900.0,55100.0,1
Vellore,MBC,0,316000.0,0,0,78.8,156.4,Tier-3 (Self-financing),73000.0,17.5,1,0.345,0.41,0.377,27500.0,45500.0,1
Erode,MBC,1,707000.0,0,1,86.61,139.8,Tier-3 (Self-financing),87000.0,42.4,1,0.31,0.439,0.375,32600.0,54400.0,1
Namakkal,SC,1,320000.0,0,0,82.17,129.4,Tier-1 (Autonomous),176000.0,148.3,2,0.46,0.467,0.464,81600.0,94400.0,0
Villupuram,ST,0,115000.0,0,0,76.27,119.1,Tier-3 (Self-financing),84000.0,11.6,3,0.207,0.552,0.38,31900.0,52100.0,0
Thoothukudi,MBC,1,380000.0,1,0,71.26,116.8,Tier-2 (Affiliated),106000.0,8.6,0,0.192,0.459,0.325,34500.0,71500.0,0
Salem,SC,1,462000.0,1,0,76.34,105.1,Tier-3 (Self-financing),89000.0,145.0,1,0.207,0.483,0.345,30700.0,58300.0,1
Tiruchirappalli,SC,1,556000.0,1,0,76.22,116.2,Tier-2 (Affiliated),102000.0,89.8,1,0.413,0.32,0.367,37400.0,64600.0,1
Karur,SC,0,180000.0,0,0,76.02,106.4,Tier-3 (Self-financing),87000.0,17.7,2,0.194,0.626,0.41,35700.0,51300.0,0
Erode,ST,0,101000.0,0,1,78.76,112.8,Tier-3 (Self-financing),77000.0,125.6,1,0.268,0.387,0.328,25200.0,51800.0,0
Tiruchirappalli,BC,1,581000.0,1,0,63.91,114.3,Tier-2 (Affiliated),96000.0,131.2,3,0.32,0.5,0.41,39300.0,56700.0,1
Chennai,BC,0,389000.0,1,0,67.72,108.7,Tier-2 (Affiliated),107000.0,11.7,1,0.32,0.46,0.39,41700.0,65300.0,1
Thanjavur,MBC,0,512000.0,1,0,86.32,127.0,Tier-1 (Autonomous),184000.0,2.0,0,0.334,0.619,0.476,87700.0,96300.0,1
Vellore,MBC,0,179000.0,1,0,55.5,86.5,Tier-2 (Affiliated),104000.0,177.9,1,0.23,0.515,0.373,38700.0,65300.0,0
Tiruppur,MBC,1,291000.0,1,0,89.97,140.3,Tier-3 (Self-financing),86000.0,86.7,0,0.466,0.543,0.505,43400.0,42600.0,0
Salem,SC,0,296000.0,1,0,72.41,116.6,Tier-3 (Self-financing),82000.0,39.5,1,0.202,0.322,0.262,21500.0,60500.0,1
Karur,ST,0,135000.0,1,0,94.69,128.9,Tier-3 (Self-financing),77000.0,63.6,0,0.294,0.619,0.457,35200.0,41800.0,0
Cuddalore,BC,1,377000.0,0,1,90.26,128.0,Tier-3 (Self-financing),89000.0,22.9,1,0.279,0.51,0.394,35100.0,53900.0,1
Dindigul,SC,0,389000.0,0,1,74.73,97.9,Tier-2 (Affiliated),105000.0,289.3,2,0.21,0.327,0.269,28200.0,76800.0,0
Tiruchirappalli,BC,0,141000.0,1,0,75.76,107.7,Tier-2 (Affiliated),113000.0,59.0,3,0.373,0.465,0.419,47400.0,65600.0,0
Namakkal,MBC,1,1301000.0,0,0,93.93,139.4,Tier-2 (Affiliated),98000.0,7.8,1,0.464,0.267,0.365,35800.0,62200.0,1
Cuddalore,OC,0,278000.0,0,1,90.73,129.6,Tier-1 (Autonomous),181000.0,2.0,2,0.345,0.58,0.462,83600.0,97400.0,1
Vellore,MBC,1,677000.0,0,0,87.73,151.8,Tier-3 (Self-financing),90000.0,4.3,2,0.494,0.392,0.443,39900.0,50100.0,1
Tirunelveli,MBC,0,245000.0,1,0,89.44,170.7,Tier-3 (Self-financing),88000.0,24.6,2,0.666,0.396,0.531,46700.0,41300.0,0
Namakkal,SC,1,366000.0,0,0,67.12,119.8,Tier-2 (Affiliated),117000.0,73.6,0,0.217,0.439,0.328,38400.0,78600.0,0
Vellore,MBC,1,363000.0,1,0,80.05,119.6,Tier-2 (Affiliated),115000.0,41.0,0,0.263,0.52,0.391,45000.0,70000.0,1
Thanjavur,BC,0,479000.0,1,0,70.3,115.6,Tier-2 (Affiliated),112000.0,12.9,4,0.28,0.444,0.362,40600.0,71400.0,0
Erode,OC,0,322000.0,1,0,66.87,106.0,Tier-3 (Self-financing),92000.0,36.2,3,0.298,0.537,0.417,38400.0,53600.0,1
Erode,OC,1,460000.0,0,1,79.64,118.3,Tier-2 (Affiliated),107000.0,193.7,3,0.353,0.262,0.307,32900.0,74100.0,1
Karur,ST,0,458000.0,1,0,73.86,138.0,Tier-1 (Autonomous),184000.0,139.3,2,0.296,0.603,0.45,82800.0,101200.0,1
Dindigul,ST,0,172000.0,1,0,76.34,152.3,Tier-3 (Self-financing),85000.0,18.9,2,0.446,0.511,0.479,40700.0,44300.0,1
Dindigul,BC,1,333000.0,0,1,73.0,94.7,Tier-3 (Self-financing),100000.0,10.8,3,0.296,0.508,0.402,40200.0,59800.0,1
Cuddalore,BC,1,213000.0,1,0,65.46,126.3,Tier-1 (Autonomous),182000.0,218.3,3,0.242,0.575,0.408,74300.0,107700.0,0
Vellore,MBC,1,1172000.0,0,1,94.97,143.1,Tier-2 (Affiliated),100000.0,10.8,1,0.411,0.419,0.415,41500.0,58500.0,1
Madurai,MBC,0,192000.0,1,0,79.56,123.4,Tier-2 (Affiliated),112000.0,47.2,1,0.281,0.602,0.441,49400.0,62600.0,1
Kanyakumari,BC,0,929000.0,1,0,63.58,106.0,Tier-3 (Self-financing),77000.0,219.4,0,0.153,0.302,0.227,17500.0,59500.0,1
Coimbatore,OC,1,785000.0,0,1,79.82,150.9,Tier-3 (Self-financing),91000.0,17.2,1,0.505,0.26,0.383,34800.0,56200.0,1
Tiruppur,BC,0,323000.0,1,0,93.21,153.4,Tier-2 (Affiliated),116000.0,3.2,2,0.473,0.525,0.499,57900.0,58100.0,0
Tirunelveli,BC,0,328000.0,0,1,87.59,146.3,Tier-2 (Affiliated),105000.0,69.6,1,0.339,0.579,0.459,48200.0,56800.0,1
Salem,BC,0,1012000.0,1,0,72.81,129.3,Tier-3 (Self-financing),77000.0,56.5,3,0.424,0.39,0.407,31300.0,45700.0,1
Chennai,BC,0,90000.0,1,0,73.05,132.0,Tier-2 (Affiliated),111000.0,24.5,2,0.53,0.364,0.447,49600.0,61400.0,0
Villupuram,MBC,1,473000.0,0,0,68.43,117.2,Tier-2 (Affiliated),103000.0,209.8,2,0.316,0.62,0.468,48200.0,54800.0,1
Thanjavur,MBC,0,225000.0,1,0,70.58,128.2,Tier-2 (Affiliated),103000.0,9.0,0,0.236,0.463,0.349,36000.0,67000.0,0
Erode,BC,1,430000.0,1,0,71.39,105.3,Tier-1 (Autonomous),176000.0,39.5,1,0.242,0.533,0.387,68200.0,107800.0,1
Karur,MBC,0,282000.0,0,1,63.32,75.3,Tier-3 (Self-financing),90000.0,21.4,0,0.005,0.341,0.173,15600.0,74400.0,1
Chennai,MBC,0,225000.0,1,0,73.56,145.1,Tier-2 (Affiliated),98000.0,20.5,0,0.397,0.617,0.507,49700.0,48300.0,0
Tiruppur,SC,0,216000.0,0,1,81.44,114.7,Tier-3 (Self-financing),79000.0,3.9,2,0.268,0.587,0.427,33800.0,45200.0,0
Dindigul,ST,1,269000.0,0,0,73.86,110.2,Tier-3 (Self-financing),104000.0,70.0,2,0.346,0.462,0.404,42000.0,62000.0,1
Tiruppur,BC,1,235000.0,0,0,80.17,123.3,Tier-3 (Self-financing),101000.0,2.1,3,0.281,0.606,0.444,44800.0,56200.0,0
Madurai,SC,1,389000.0,0,0,94.22,143.2,Tier-1 (Autonomous),190000.0,14.6,0,0.471,0.488,0.479,91100.0,98900.0,0
Thoothukudi,SC,0,289000.0,0,0,96.36,143.3,Tier-2 (Affiliated),110000.0,102.6,1,0.336,0.56,0.448,49300.0,60700.0,1
Salem,MBC,0,193000.0,0,1,77.32,130.7,Tier-3 (Self-financing),91000.0,65.3,2,0.346,0.502,0.424,38600.0,52400.0,0
Cuddalore,BC,1,1349000.0,1,0,86.8,146.0,Tier-2 (Affiliated),107000.0,67.7,1,0.297,0.228,0.263,28100.0,78900.0,1
Karur,BC,0,623000.0,0,1,76.33,131.4,Tier-1 (Autonomous),158000.0,2.1,2,0.272,0.572,0.422,66700.0,91300.0,1
Erode,OC,1,1002000.0,1,0,73.12,125.3,Tier-3 (Self-financing),80000.0,46.8,3,0.399,0.391,0.395,31600.0,48400.0,0
Madurai,ST,0,267000.0,0,1,66.83,100.7,Tier-3 (Self-financing),81000.0,58.5,1,0.335,0.386,0.361,29200.0,51800.0,0
Tirunelveli,MBC,0,264000.0,0,1,78.87,119.9,Tier-2 (Affiliated),110000.0,129.0,4,0.265,0.51,0.387,42600.0,67400.0,1
Virudhunagar,BC,0,560000.0,1,0,88.84,158.9,Tier-2 (Affiliated),114000.0,45.5,1,0.496,0.496,0.496,56600.0,57400.0,1
Villupuram,MBC,0,617000.0,0,1,65.26,96.6,Tier-2 (Affiliated),123000.0,172.9,0,0.297,0.518,0.408,50100.0,72900.0,0
Villupuram,OC,1,983000.0,0,1,75.13,112.1,Tier-2 (Affiliated),110000.0,63.6,1,0.204,0.529,0.366,40300.0,69700.0,1
Salem,BC,1,353000.0,1,0,74.65,133.4,Tier-2 (Affiliated),102000.0,48.4,1,0.401,0.531,0.466,47500.0,54500.0,1
Theni,MBC,1,411000.0,0,1,80.47,128.5,Tier-3 (Self-financing),83000.0,2.0,0,0.349,0.411,0.38,31500.0,51500.0,1
Tiruchirappalli,MBC,1,576000.0,0,0,80.63,121.4,Tier-3 (Self-financing),90000.0,105.6,1,0.351,0.42,0.385,34700.0,55300.0,0
Karur,SC,0,309000.0,1,0,83.37,126.0,Tier-3 (Self-financing),84000.0,3.1,1,0.329,0.594,0.461,38800.0,45200.0,0
Thanjavur,MBC,1,402000.0,0,0,96.97,172.0,Tier-2 (Affiliated),104000.0,5.0,3,0.331,0.415,0.373,38800.0,65200.0,1
Karur,MBC,0,190000.0,1,0,69.3,119.7,Tier-3 (Self-financing),89000.0,19.0,2,0.33,0.529,0.43,38200.0,50800.0,1
Cuddalore,SC,1,753000.0,0,1,68.75,113.5,Tier-2 (Affiliated),101000.0,55.6,0,0.281,0.364,0.323,32600.0,68400.0,1
Thoothukudi,OC,0,216000.0,0,0,80.47,111.3,Tier-3 (Self-financing),78000.0,46.2,2,0.26,0.482,0.371,29000.0,49000.0,0
Dindigul,MBC,1,250000.0,0,1,92.53,151.7,Tier-2 (Affiliated),113000.0,27.1,2,0.298,0.483,0.39,44100.0,68900.0,1
Erode,SC,1,152000.0,0,1,63.38,98.2,Tier-2 (Affiliated),104000.0,21.9,2,0.321,0.538,0.43,44700.0,59300.0,0
Namakkal,BC,1,287000.0,1,0,81.31,116.4,Tier-2 (Affiliated),107000.0,41.4,1,0.308,0.483,0.395,42300.0,64700.0,0
Tiruchirappalli,BC,1,959000.0,1,0,75.99,112.6,Tier-2 (Affiliated),110000.0,18.4,1,0.13,0.233,0.181,20000.0,90000.0,1
Madurai,BC,1,977000.0,1,0,86.54,148.9,Tier-2 (Affiliated),110000.0,56.4,2,0.528,0.457,0.493,54200.0,55800.0,1
Namakkal,BC,1,464000.0,0,1,84.28,153.5,Tier-3 (Self-financing),77000.0,64.3,3,0.47,0.548,0.509,39200.0,37800.0,1
Virudhunagar,MBC,1,552000.0,1,0,78.49,109.7,Tier-3 (Self-financing),88000.0,62.5,0,0.355,0.459,0.407,35800.0,52200.0,1
Namakkal,BC,0,297000.0,1,0,82.88,118.6,Tier-2 (Affiliated),103000.0,83.8,1,0.289,0.592,0.441,45400.0,57600.0,1
Nagapattinam,MBC,1,218000.0,0,1,71.42,124.7,Tier-3 (Self-financing),98000.0,42.0,2,0.333,0.567,0.45,44100.0,53900.0,0
Tiruchirappalli,OC,0,1321000.0,0,1,86.0,131.5,Tier-1 (Autonomous),177000.0,88.8,0,0.443,0.355,0.399,70700.0,106300.0,1
Thanjavur,OC,1,1342000.0,0,0,91.87,155.3,Tier-2 (Affiliated),115000.0,127.3,1,0.477,0.313,0.395,45400.0,69600.0,1
Theni,BC,1,587000.0,0,0,79.0,120.1,Tier-2 (Affiliated),116000.0,31.4,1,0.307,0.496,0.401,46600.0,69400.0,1
Erode,BC,0,187000.0,0,1,73.92,126.9,Tier-2 (Affiliated),107000.0,2.0,2,0.291,0.431,0.361,38600.0,68400.0,1
Chennai,ST,1,241000.0,0,1,76.55,101.9,Tier-3 (Self-financing),77000.0,16.5,2,0.049,0.477,0.263,20200.0,56800.0,1
Coimbatore,BC,1,330000.0,1,0,85.9,145.7,Tier-1 (Autonomous),186000.0,13.0,1,0.481,0.369,0.425,79100.0,106900.0,1
Villupuram,BC,1,510000.0,0,1,77.58,92.6,Tier-3 (Self-financing),74000.0,72.9,0,0.296,0.355,0.326,24100.0,49900.0,1
Theni,BC,1,573000.0,0,1,66.0,119.5,Tier-3 (Self-financing),75000.0,40.2,1,0.376,0.538,0.457,34300.0,40700.0,1
Tirunelveli,BC,1,400000.0,1,0,87.52,139.5,Tier-3 (Self-financing),90000.0,69.3,2,0.478,0.505,0.492,44200.0,45800.0,1
Tirunelveli,MBC,1,189000.0,0,1,68.17,115.7,Tier-3 (Self-financing),83000.0,6.2,0,0.228,0.473,0.351,29100.0,53900.0,1
Chennai,SC,0,630000.0,0,0,82.24,135.1,Tier-2 (Affiliated),104000.0,42.0,3,0.343,0.35,0.346,36000.0,68000.0,1
Villupuram,BC,0,341000.0,0,1,59.34,69.4,Tier-1 (Autonomous),176000.0,8.8,1,0.101,0.373,0.237,41700.0,134300.0,0
Madurai,MBC,1,540000.0,1,0,79.08,147.0,Tier-3 (Self-financing),79000.0,44.7,2,0.256,0.347,0.302,23800.0,55200.0,0
Nagapattinam,MBC,0,206000.0,0,1,77.32,128.7,Tier-2 (Affiliated),127000.0,95.2,1,0.301,0.46,0.38,48300.0,78700.0,1
Salem,SC,0,83000.0,1,0,58.33,104.7,Tier-3 (Self-financing),93000.0,19.5,1,0.277,0.307,0.292,27100.0,65900.0,0
Erode,MBC,0,248000.0,1,0,81.33,118.1,Tier-3 (Self-financing),78000.0,11.9,2,0.395,0.574,0.484,37800.0,40200.0,1
Tirunelveli,BC,0,250000.0,1,0,66.99,110.8,Tier-3 (Self-financing),82000.0,36.9,0,0.327,0.526,0.426,35000.0,47000.0,1
Virudhunagar,SC,1,465000.0,1,0,78.85,106.5,Tier-2 (Affiliated),115000.0,76.2,1,0.22,0.492,0.356,40900.0,74100.0,0
Chennai,SC,0,321000.0,1,0,73.88,120.4,Tier-2 (Affiliated),102000.0,69.7,2,0.396,0.538,0.467,47600.0,54400.0,0
Vellore,MBC,0,396000.0,1,0,63.19,87.0,Tier-3 (Self-financing),81000.0,13.4,3,0.226,0.47,0.348,28200.0,52800.0,1
Tirunelveli,ST,1,470000.0,0,1,67.54,183.2,Tier-2 (Affiliated),108000.0,30.5,1,0.41,0.475,0.443,47800.0,60200.0,1
Tirunelveli,SC,1,849000.0,0,1,68.34,118.4,Tier-2 (Affiliated),103000.0,17.6,1,0.329,0.38,0.354,36500.0,66500.0,1
Tiruchirappalli,BC,0,371000.0,0,1,87.82,160.5,Tier-3 (Self-financing),94000.0,36.7,3,0.526,0.594,0.56,52600.0,41400.0,0
Villupuram,SC,1,577000.0,0,0,86.36,134.4,Tier-1 (Autonomous),174000.0,164.1,0,0.414,0.364,0.389,67700.0,106300.0,1
Vellore,MBC,0,341000.0,0,1,99.9,165.8,Tier-3 (Self-financing),84000.0,65.9,1,0.388,0.55,0.469,39400.0,44600.0,1
Thanjavur,MBC,1,148000.0,1,0,72.88,130.2,Tier-1 (Autonomous),181000.0,3.2,2,0.281,0.435,0.358,64700.0,116300.0,0
Vellore,MBC,0,239000.0,0,1,72.56,100.0,Tier-3 (Self-financing),98000.0,17.2,3,0.415,0.41,0.413,40400.0,57600.0,0
Thoothukudi,SC,0,121000.0,1,0,79.35,116.9,Tier-2 (Affiliated),109000.0,15.1,0,0.237,0.408,0.323,35200.0,73800.0,1
Erode,MBC,0,295000.0,0,1,74.45,133.7,Tier-1 (Autonomous),197000.0,21.1,3,0.373,0.338,0.356,70100.0,126900.0,1
Erode,MBC,1,272000.0,1,0,72.17,112.2,Tier-3 (Self-financing),82000.0,114.1,2,0.091,0.517,0.304,24900.0,57100.0,0
Erode,OC,0,544000.0,0,1,78.54,114.4,Tier-3 (Self-financing),83000.0,23.1,0,0.406,0.361,0.383,31800.0,51200.0,1
Erode,MBC,1,720000.0,1,0,85.04,126.6,Tier-2 (Affiliated),117000.0,33.9,1,0.407,0.435,0.421,49300.0,67700.0,1
Coimbatore,ST,1,529000.0,1,0,56.88,72.7,Tier-1 (Autonomous),195000.0,6.3,2,0.292,0.577,0.434,84700.0,110300.0,0
Theni,SC,0,475000.0,0,0,72.28,86.3,Tier-2 (Affiliated),108000.0,24.8,4,0.117,0.42,0.269,29000.0,79000.0,0
Chennai,OC,1,251000.0,1,0,63.97,76.9,Tier-2 (Affiliated),120000.0,24.4,1,0.266,0.53,0.398,47800.0,72200.0,0
Salem,SC,0,101000.0,1,0,76.46,123.0,Tier-1 (Autonomous),187000.0,9.9,2,0.248,0.613,0.43,80500.0,106500.0,0
Salem,SC,0,976000.0,1,0,82.33,141.8,Tier-2 (Affiliated),104000.0,133.2,0,0.522,0.382,0.452,47000.0,57000.0,1
Tirunelveli,MBC,0,453000.0,1,0,89.17,180.5,Tier-2 (Affiliated),110000.0,16.9,0,0.341,0.471,0.406,44700.0,65300.0,0
Nagapattinam,OC,0,441000.0,0,1,73.66,117.2,Tier-3 (Self-financing),85000.0,63.9,0,0.394,0.329,0.362,30700.0,54300.0,1
Tiruppur,MBC,0,265000.0,1,0,79.06,107.3,Tier-3 (Self-financing),77000.0,79.9,2,0.279,0.508,0.393,30300.0,46700.0,1
Thoothukudi,OC,1,611000.0,1,0,61.18,97.5,Tier-1 (Autonomous),181000.0,25.9,1,0.296,0.479,0.387,70100.0,110900.0,0
Vellore,BC,1,167000.0,1,0,69.4,121.6,Tier-3 (Self-financing),86000.0,30.0,3,0.371,0.662,0.517,44400.0,41600.0,0
Villupuram,MBC,0,170000.0,1,0,80.07,143.6,Tier-2 (Affiliated),113000.0,13.0,1,0.441,0.487,0.464,52400.0,60600.0,0
Chennai,ST,0,159000.0,1,0,64.41,117.1,Tier-2 (Affiliated),111000.0,21.7,1,0.505,0.617,0.561,62300.0,48700.0,1
Namakkal,BC,1,326000.0,0,1,90.37,153.2,Tier-1 (Autonomous),175000.0,6.2,2,0.585,0.437,0.511,89400.0,85600.0,0
Nagapattinam,SC,0,141000.0,1,0,83.24,134.6,Tier-3 (Self-financing),105000.0,95.2,1,0.419,0.597,0.508,53300.0,51700.0,0
Namakkal,ST,1,1115000.0,0,1,68.95,121.4,Tier-3 (Self-financing),87000.0,105.5,2,0.343,0.265,0.304,26500.0,60500.0,0
Villupuram,OC,1,549000.0,1,0,63.18,83.3,Tier-2 (Affiliated),120000.0,10.8,3,0.311,0.452,0.382,45800.0,74200.0,1
Erode,BC,0,348000.0,0,0,70.81,83.2,Tier-1 (Autonomous),184000.0,88.2,1,0.316,0.43,0.373,68600.0,115400.0,0
Chennai,SC,1,360000.0,1,0,69.01,141.8,Tier-2 (Affiliated),122000.0,100.1,2,0.408,0.48,0.444,54200.0,67800.0,1
Nagapattinam,SC,1,436000.0,0,1,65.83,104.6,Tier-3 (Self-financing),79000.0,282.7,0,0.273,0.465,0.369,29100.0,49900.0,0
Coimbatore,BC,1,371000.0,0,1,63.93,110.3,Tier-3 (Self-financing),84000.0,7.3,3,0.211,0.485,0.348,29200.0,54800.0,0
Nagapattinam,MBC,1,834000.0,0,1,75.7,79.1,Tier-2 (Affiliated),106000.0,5.1,1,0.203,0.323,0.263,27900.0,78100.0,0
Karur,MBC,0,332000.0,0,0,85.32,159.7,Tier-3 (Self-financing),80000.0,27.9,0,0.48,0.481,0.481,38500.0,41500.0,1
Virudhunagar,SC,1,155000.0,1,0,70.89,130.8,Tier-2 (Affiliated),112000.0,79.0,1,0.439,0.547,0.493,55200.0,56800.0,0
Dindigul,SC,0,184000.0,0,1,82.45,108.4,Tier-2 (Affiliated),108000.0,114.6,1,0.426,0.488,0.457,49400.0,58600.0,0
Kanyakumari,OC,0,355000.0,0,1,74.72,114.8,Tier-1 (Autonomous),169000.0,73.6,0,0.403,0.411,0.407,68800.0,100200.0,0
Tiruchirappalli,BC,1,428000.0,0,1,84.12,138.6,Tier-1 (Autonomous),178000.0,16.1,2,0.472,0.406,0.439,78200.0,99800.0,1
Thanjavur,BC,0,396000.0,0,0,70.14,93.3,Tier-2 (Affiliated),107000.0,51.6,1,0.21,0.552,0.381,40800.0,66200.0,1
Madurai,ST,1,387000.0,0,1,80.81,136.6,Tier-3 (Self-financing),92000.0,2.0,1,0.348,0.475,0.412,37900.0,54100.0,1
Nagapattinam,ST,1,363000.0,0,1,79.2,142.4,Tier-3 (Self-financing),73000.0,195.0,0,0.461,0.591,0.526,38400.0,34600.0,0
Karur,SC,1,380000.0,1,0,91.62,151.5,Tier-3 (Self-financing),81000.0,49.6,1,0.48,0.456,0.468,37900.0,43100.0,1
Virudhunagar,OC,1,660000.0,1,0,83.59,110.3,Tier-2 (Affiliated),104000.0,32.8,0,0.344,0.409,0.376,39200.0,64800.0,1
Nagapattinam,MBC,1,129000.0,1,0,80.56,113.3,Tier-2 (Affiliated),116000.0,140.7,2,0.22,0.568,0.394,45700.0,70300.0,0
Erode,BC,1,741000.0,0,0,63.3,99.4,Tier-2 (Affiliated),106000.0,138.4,1,0.171,0.449,0.31,32800.0,73200.0,0
Coimbatore,BC,1,632000.0,0,0,72.75,112.7,Tier-2 (Affiliated),118000.0,29.8,0,0.255,0.533,0.394,46500.0,71500.0,1
Villupuram,BC,1,281000.0,0,1,70.0,108.6,Tier-1 (Autonomous),180000.0,108.6,2,0.339,0.322,0.33,59500.0,120500.0,0
Dindigul,SC,1,368000.0,1,0,69.78,107.7,Tier-3 (Self-financing),89000.0,8.3,1,0.278,0.516,0.397,35300.0,53700.0,0
Coimbatore,BC,0,427000.0,0,1,78.16,98.0,Tier-1 (Autonomous),189000.0,65.4,0,0.366,0.381,0.374,70600.0,118400.0,1
Villupuram,MBC,0,495000.0,0,1,80.41,140.7,Tier-3 (Self-financing),75000.0,74.6,1,0.313,0.443,0.378,28400.0,46600.0,1
Thoothukudi,ST,0,224000.0,1,0,80.8,138.7,Tier-3 (Self-financing),83000.0,137.4,1,0.307,0.417,0.362,30100.0,52900.0,1
Thanjavur,MBC,0,310000.0,0,0,90.61,152.8,Tier-1 (Autonomous),183000.0,96.5,0,0.419,0.506,0.463,84600.0,98400.0,0
Nagapattinam,OC,0,656000.0,0,0,82.84,139.0,Tier-1 (Autonomous),182000.0,17.0,1,0.343,0.336,0.34,61800.0,120200.0,0
Chennai,ST,1,231000.0,1,0,65.72,100.9,Tier-3 (Self-financing),75000.0,25.6,0,0.187,0.352,0.27,20200.0,54800.0,0
Coimbatore,MBC,1,527000.0,1,0,80.03,118.9,Tier-2 (Affiliated),116000.0,18.4,2,0.322,0.354,0.338,39200.0,76800.0,1
Tirunelveli,MBC,1,298000.0,0,0,83.84,118.9,Tier-2 (Affiliated),110000.0,7.2,1,0.325,0.583,0.454,49900.0,60100.0,0
Cuddalore,MBC,1,773000.0,0,1,90.62,168.1,Tier-2 (Affiliated),111000.0,16.0,1,0.388,0.452,0.42,46600.0,64400.0,1
Madurai,SC,1,130000.0,0,1,76.46,122.0,Tier-3 (Self-financing),83000.0,2.3,0,0.278,0.626,0.452,37500.0,45500.0,1
Chennai,MBC,1,658000.0,0,1,76.56,97.6,Tier-2 (Affiliated),85000.0,98.9,1,0.297,0.264,0.281,23800.0,61200.0,1
Cuddalore,MBC,1,424000.0,0,1,88.79,141.6,Tier-2 (Affiliated),114000.0,80.8,2,0.373,0.609,0.491,56000.0,58000.0,1
Nagapattinam,MBC,0,442000.0,0,1,79.79,96.4,Tier-3 (Self-financing),90000.0,48.3,2,0.169,0.654,0.412,37000.0,53000.0,1
Karur,OC,1,410000.0,0,1,62.02,103.0,Tier-3 (Self-financing),82000.0,21.4,5,0.23,0.386,0.308,25200.0,56800.0,1
Nagapattinam,SC,0,205000.0,0,1,59.87,97.9,Tier-3 (Self-financing),73000.0,31.5,1,0.142,0.54,0.341,24900.0,48100.0,0
Virudhunagar,BC,0,309000.0,1,0,96.41,146.1,Tier-3 (Self-financing),81000.0,41.2,0,0.553,0.439,0.496,40200.0,40800.0,1
Theni,BC,0,380000.0,1,0,60.86,83.3,Tier-3 (Self-financing),93000.0,49.1,0,0.259,0.538,0.398,37100.0,55900.0,1
Namakkal,BC,1,271000.0,0,1,76.33,130.6,Tier-3 (Self-financing),82000.0,36.9,1,0.552,0.628,0.59,48400.0,33600.0,1
Kanyakumari,BC,1,685000.0,1,0,86.83,137.7,Tier-3 (Self-financing),85000.0,55.1,1,0.388,0.337,0.363,30800.0,54200.0,0
Erode,BC,0,108000.0,1,0,60.35,67.4,Tier-1 (Autonomous),177000.0,42.6,3,0.104,0.423,0.264,46700.0,130300.0,0
Coimbatore,MBC,1,291000.0,0,1,67.18,125.5,Tier-3 (Self-financing),88000.0,165.6,1,0.268,0.472,0.37,32600.0,55400.0,0
Nagapattinam,BC,0,127000.0,1,0,65.53,90.8,Tier-3 (Self-financing),74000.0,94.4,2,0.251,0.75,0.501,37000.0,37000.0,0
Tirunelveli,BC,0,472000.0,0,1,96.01,133.8,Tier-2 (Affiliated),108000.0,31.4,1,0.331,0.525,0.428,46200.0,61800.0,1
Thoothukudi,SC,0,243000.0,1,0,98.18,177.5,Tier-3 (Self-financing),94000.0,343.9,2,0.444,0.542,0.493,46400.0,47600.0,0
Thanjavur,ST,0,217000.0,0,1,70.66,128.9,Tier-2 (Affiliated),103000.0,41.9,1,0.455,0.59,0.522,53800.0,49200.0,1
Kanyakumari,MBC,1,944000.0,0,1,83.79,127.8,Tier-2 (Affiliated),108000.0,15.4,1,0.348,0.458,0.403,43600.0,64400.0,1
Chennai,BC,0,251000.0,1,0,81.08,110.9,Tier-1 (Autonomous),188000.0,5.5,1,0.306,0.528,0.417,78400.0,109600.0,0
Cuddalore,OC,0,545000.0,1,0,75.19,106.7,Tier-3 (Self-financing),91000.0,7.6,3,0.288,0.439,0.364,33100.0,57900.0,1
Thanjavur,OC,0,404000.0,0,1,61.73,92.2,Tier-2 (Affiliated),114000.0,19.5,0,0.253,0.425,0.339,38600.0,75400.0,1
Dindigul,BC,1,461000.0,1,0,99.9,178.1,Tier-2 (Affiliated),113000.0,72.3,0,0.383,0.477,0.43,48600.0,64400.0,1
Tirunelveli,ST,1,560000.0,1,0,59.84,115.2,Tier-3 (Self-financing),88000.0,99.0,1,0.209,0.532,0.37,32600.0,55400.0,0
Thoothukudi,SC,1,990000.0,0,1,80.12,130.7,Tier-1 (Autonomous),178000.0,33.1,1,0.503,0.443,0.473,84200.0,93800.0,1
Vellore,BC,1,381000.0,0,0,71.52,124.2,Tier-3 (Self-financing),94000.0,58.9,4,0.329,0.431,0.38,35700.0,58300.0,1
Kanyakumari,ST,1,432000.0,0,1,88.08,137.8,Tier-2 (Affiliated),106000.0,38.6,4,0.413,0.456,0.435,46100.0,59900.0,0
Thanjavur,MBC,0,310000.0,1,0,86.46,125.2,Tier-3 (Self-financing),77000.0,59.0,1,0.4,0.394,0.397,30500.0,46500.0,1
Chennai,BC,0,359000.0,0,0,68.21,86.6,Tier-2 (Affiliated),99000.0,58.7,1,0.17,0.566,0.368,36400.0,62600.0,1
Kanyakumari,MBC,1,481000.0,0,0,70.1,117.0,Tier-1 (Autonomous),175000.0,2.6,1,0.222,0.497,0.359,62900.0,112100.0,0
Tiruchirappalli,BC,0,249000.0,0,1,62.5,113.5,Tier-2 (Affiliated),105000.0,26.3,1,0.185,0.479,0.332,34900.0,70100.0,0
Tirunelveli,SC,1,60000.0,0,1,79.95,120.3,Tier-2 (Affiliated),104000.0,54.5,2,0.238,0.505,0.371,38600.0,65400.0,0
Kanyakumari,BC,1,1123000.0,0,1,85.11,154.0,Tier-3 (Self-financing),76000.0,35.4,4,0.383,0.252,0.318,24100.0,51900.0,0
Kanyakumari,MBC,0,177000.0,0,1,73.58,112.0,Tier-2 (Affiliated),113000.0,62.4,3,0.228,0.522,0.375,42400.0,70600.0,1
Villupuram,BC,1,423000.0,0,0,75.55,122.1,Tier-2 (Affiliated),102000.0,69.6,2,0.222,0.587,0.404,41200.0,60800.0,0
Thanjavur,ST,0,150000.0,0,1,97.08,152.0,Tier-3 (Self-financing),89000.0,224.5,0,0.504,0.458,0.481,42800.0,46200.0,1
Nagapattinam,MBC,0,169000.0,0,1,87.36,158.3,Tier-2 (Affiliated),116000.0,92.6,2,0.571,0.407,0.489,56700.0,59300.0,1
Erode,MBC,1,479000.0,0,1,91.48,153.8,Tier-2 (Affiliated),131000.0,9.1,2,0.362,0.466,0.414,54200.0,76800.0,1
Karur,BC,1,471000.0,0,1,55.58,88.1,Tier-3 (Self-financing),81000.0,14.5,0,0.068,0.552,0.31,25100.0,55900.0,1
Namakkal,ST,0,114000.0,1,0,83.47,134.7,Tier-2 (Affiliated),109000.0,6.5,2,0.374,0.604,0.489,53300.0,55700.0,1
Coimbatore,MBC,0,282000.0,0,0,80.51,111.0,Tier-2 (Affiliated),104000.0,25.6,1,0.407,0.592,0.5,52000.0,52000.0,1
Thanjavur,BC,0,294000.0,0,1,65.48,71.3,Tier-2 (Affiliated),101000.0,20.1,1,0.039,0.451,0.245,24800.0,76200.0,0
Dindigul,SC,0,325000.0,1,0,67.56,100.1,Tier-2 (Affiliated),107000.0,229.4,1,0.143,0.557,0.35,37500.0,69500.0,1
Tirunelveli,OC,0,187000.0,1,0,75.82,118.4,Tier-2 (Affiliated),104000.0,68.6,1,0.123,0.543,0.333,34600.0,69400.0,0
Vellore,BC,0,192000.0,1,0,64.58,111.3,Tier-1 (Autonomous),171000.0,98.1,3,0.308,0.491,0.399,68300.0,102700.0,0
Namakkal,MBC,1,626000.0,1,0,70.01,109.6,Tier-2 (Affiliated),112000.0,190.3,1,0.201,0.43,0.315,35300.0,76700.0,1
Chennai,BC,1,340000.0,0,0,73.38,110.4,Tier-2 (Affiliated),101000.0,46.7,0,0.354,0.549,0.452,45600.0,55400.0,1
Tiruchirappalli,MBC,1,256000.0,0,1,83.74,89.8,Tier-1 (Autonomous),185000.0,34.3,0,0.269,0.546,0.407,75400.0,109600.0,0
Nagapattinam,BC,1,349000.0,0,1,70.93,121.4,Tier-3 (Self-financing),92000.0,145.8,2,0.442,0.526,0.484,44500.0,47500.0,1
Vellore,BC,1,457000.0,0,0,73.53,120.8,Tier-3 (Self-financing),78000.0,109.4,2,0.408,0.514,0.461,36000.0,42000.0,0
Theni,OC,1,597000.0,1,0,88.24,153.4,Tier-1 (Autonomous),191000.0,38.0,0,0.309,0.401,0.355,67800.0,123200.0,1
Tiruppur,BC,1,430000.0,1,0,60.36,97.0,Tier-2 (Affiliated),113000.0,100.8,1,0.214,0.36,0.287,32400.0,80600.0,1
Tiruppur,ST,1,155000.0,1,0,80.27,145.6,Tier-2 (Affiliated),109000.0,23.8,1,0.499,0.464,0.482,52500.0,56500.0,1
Thanjavur,MBC,1,643000.0,1,0,81.89,122.8,Tier-1 (Autonomous),166000.0,37.1,1,0.218,0.495,0.356,59200.0,106800.0,1
Dindigul,MBC,1,871000.0,1,0,82.17,130.9,Tier-1 (Autonomous),166000.0,18.4,2,0.326,0.265,0.296,49100.0,116900.0,1
Virudhunagar,BC,1,169000.0,0,1,72.99,120.4,Tier-3 (Self-financing),98000.0,100.4,4,0.325,0.518,0.421,41300.0,56700.0,1
Thoothukudi,SC,0,83000.0,1,0,67.35,117.7,Tier-1 (Autonomous),191000.0,4.7,0,0.306,0.546,0.426,81300.0,109700.0,0
Tirunelveli,BC,0,519000.0,0,0,93.2,155.4,Tier-3 (Self-financing),98000.0,25.6,4,0.466,0.506,0.486,47700.0,50300.0,1
Cuddalore,BC,0,709000.0,0,1,69.44,118.3,Tier-3 (Self-financing),100000.0,32.5,1,0.257,0.309,0.283,28300.0,71700.0,1
Thoothukudi,MBC,0,81000.0,0,1,66.83,111.0,Tier-3 (Self-financing),96000.0,307.9,1,0.211,0.354,0.282,27100.0,68900.0,0
Chennai,MBC,0,407000.0,1,0,78.2,122.2,Tier-3 (Self-financing),87000.0,104.4,3,0.361,0.425,0.393,34200.0,52800.0,0
Nagapattinam,SC,0,480000.0,1,0,70.61,126.5,Tier-1 (Autonomous),184000.0,97.1,3,0.326,0.501,0.414,76100.0,107900.0,1
Dindigul,SC,0,121000.0,0,1,88.51,116.5,Tier-2 (Affiliated),105000.0,63.7,0,0.474,0.637,0.556,58400.0,46600.0,0
Thoothukudi,SC,1,751000.0,1,0,75.35,111.1,Tier-2 (Affiliated),112000.0,25.2,1,0.197,0.349,0.273,30600.0,81400.0,0
Tiruppur,BC,0,271000.0,0,0,89.8,167.6,Tier-2 (Affiliated),116000.0,148.6,2,0.481,0.43,0.455,52800.0,63200.0,0
Virudhunagar,OC,0,464000.0,1,0,82.49,121.9,Tier-2 (Affiliated),116000.0,5.3,2,0.218,0.479,0.349,40400.0,75600.0,0
Tiruchirappalli,BC,0,201000.0,0,0,74.12,117.4,Tier-1 (Autonomous),179000.0,9.2,2,0.338,0.677,0.508,90900.0,88100.0,0
Madurai,SC,0,338000.0,0,0,89.14,163.4,Tier-3 (Self-financing),69000.0,5.4,1,0.454,0.521,0.488,33600.0,35400.0,1
Villupuram,ST,1,432000.0,0,0,71.49,112.5,Tier-2 (Affiliated),98000.0,21.2,2,0.333,0.508,0.421,41200.0,56800.0,1
Namakkal,ST,1,705000.0,1,0,74.8,107.2,Tier-1 (Autonomous),184000.0,68.8,1,0.215,0.569,0.392,72100.0,111900.0,0
Tiruppur,BC,0,660000.0,1,0,83.29,151.2,Tier-3 (Self-financing),81000.0,26.0,1,0.281,0.495,0.388,31400.0,49600.0,1
Tiruchirappalli,SC,1,313000.0,0,1,80.27,124.1,Tier-1 (Autonomous),185000.0,139.6,1,0.434,0.502,0.468,86600.0,98400.0,0
Salem,MBC,0,1437000.0,0,1,71.26,110.7,Tier-2 (Affiliated),100000.0,177.7,2,0.357,0.179,0.268,26800.0,73200.0,1
Virudhunagar,SC,1,662000.0,0,1,62.64,70.5,Tier-1 (Autonomous),191000.0,99.5,1,0.218,0.426,0.322,61600.0,129400.0,1
Erode,MBC,1,565000.0,1,0,77.81,122.6,Tier-2 (Affiliated),102000.0,7.7,1,0.398,0.497,0.448,45700.0,56300.0,1
Tiruppur,BC,1,279000.0,0,1,70.73,123.4,Tier-3 (Self-financing),97000.0,86.9,2,0.338,0.412,0.375,36400.0,60600.0,1
Erode,OC,0,168000.0,1,0,78.3,118.8,Tier-3 (Self-financing),73000.0,13.0,1,0.362,0.592,0.477,34800.0,38200.0,1
Tirunelveli,ST,1,123000.0,0,1,73.79,98.8,Tier-3 (Self-financing),90000.0,15.4,0,0.17,0.517,0.344,30900.0,59100.0,1
Tiruchirappalli,MBC,1,251000.0,0,1,70.82,106.1,Tier-2 (Affiliated),103000.0,91.2,0,0.235,0.484,0.36,37000.0,66000.0,1
Villupuram,BC,1,1030000.0,1,0,75.32,111.3,Tier-3 (Self-financing),85000.0,119.7,0,0.378,0.274,0.326,27700.0,57300.0,1
Villupuram,BC,0,391000.0,1,0,77.27,119.8,Tier-3 (Self-financing),94000.0,23.6,2,0.479,0.502,0.49,46100.0,47900.0,0
Madurai,BC,1,345000.0,0,0,84.95,128.2,Tier-3 (Self-financing),92000.0,6.8,3,0.373,0.537,0.455,41900.0,50100.0,1
Vellore,ST,0,157000.0,0,1,82.23,156.5,Tier-2 (Affiliated),103000.0,34.0,0,0.182,0.434,0.308,31700.0,71300.0,1
Tiruppur,OC,0,338000.0,0,1,98.94,162.8,Tier-2 (Affiliated),105000.0,112.4,0,0.497,0.525,0.511,53700.0,51300.0,1
Vellore,OC,1,978000.0,0,0,79.41,101.0,Tier-1 (Autonomous),167000.0,29.3,2,0.364,0.43,0.397,66300.0,100700.0,1
Karur,SC,0,120000.0,0,1,71.27,115.1,Tier-2 (Affiliated),96000.0,36.8,1,0.276,0.594,0.435,41800.0,54200.0,0
Tirunelveli,MBC,0,315000.0,1,0,76.34,121.5,Tier-3 (Self-financing),78000.0,48.1,1,0.243,0.507,0.375,29200.0,48800.0,1
Coimbatore,BC,1,570000.0,0,0,83.68,151.8,Tier-3 (Self-financing),78000.0,2.0,2,0.507,0.413,0.46,35900.0,42100.0,1
Erode,OC,1,395000.0,0,0,88.03,138.5,Tier-3 (Self-financing),73000.0,97.5,2,0.355,0.452,0.403,29400.0,43600.0,1
Tiruppur,BC,1,1157000.0,0,1,91.41,143.5,Tier-2 (Affiliated),108000.0,216.2,1,0.372,0.212,0.292,31500.0,76500.0,1
Tiruchirappalli,BC,1,411000.0,0,1,67.83,136.5,Tier-2 (Affiliated),110000.0,42.0,1,0.242,0.419,0.331,36400.0,73600.0,1
Virudhunagar,OC,1,365000.0,0,0,90.81,129.3,Tier-3 (Self-financing),85000.0,35.0,2,0.218,0.455,0.337,28600.0,56400.0,1
Chennai,BC,1,772000.0,1,0,77.54,136.0,Tier-2 (Affiliated),104000.0,18.5,2,0.441,0.334,0.388,40300.0,63700.0,1
Coimbatore,SC,0,201000.0,0,1,68.73,110.9,Tier-1 (Autonomous),175000.0,9.9,0,0.187,0.522,0.354,62000.0,113000.0,0
Namakkal,SC,0,244000.0,1,0,75.96,114.0,Tier-2 (Affiliated),107000.0,198.4,1,0.438,0.622,0.53,56700.0,50300.0,0
Namakkal,SC,1,164000.0,0,1,90.11,134.5,Tier-3 (Self-financing),92000.0,2.0,1,0.528,0.652,0.59,54300.0,37700.0,1
Tirunelveli,BC,0,467000.0,0,1,82.57,152.5,Tier-2 (Affiliated),105000.0,23.0,1,0.349,0.412,0.38,39900.0,65100.0,0
Tirunelveli,BC,0,988000.0,0,0,65.88,112.4,Tier-1 (Autonomous),167000.0,33.5,1,0.236,0.497,0.366,61200.0,105800.0,1
Coimbatore,ST,1,136000.0,1,0,65.95,114.5,Tier-3 (Self-financing),82000.0,39.2,1,0.355,0.614,0.484,39700.0,42300.0,0
Cuddalore,SC,0,237000.0,0,0,65.68,118.4,Tier-3 (Self-financing),82000.0,40.8,2,0.434,0.448,0.441,36200.0,45800.0,1
Vellore,MBC,0,169000.0,1,0,70.68,118.2,Tier-2 (Affiliated),97000.0,59.1,1,0.325,0.557,0.441,42800.0,54200.0,0
Madurai,BC,1,2120000.0,0,0,78.77,110.1,Tier-1 (Autonomous),177000.0,54.6,1,0.231,0.133,0.182,32200.0,144800.0,1
Vellore,BC,0,591000.0,1,0,66.74,83.2,Tier-1 (Autonomous),173000.0,88.4,3,0.157,0.269,0.213,36900.0,136100.0,0
Villupuram,MBC,1,490000.0,0,1,73.72,141.0,Tier-2 (Affiliated),109000.0,58.5,1,0.401,0.352,0.376,41000.0,68000.0,1
Tirunelveli,MBC,0,132000.0,0,0,92.02,150.4,Tier-2 (Affiliated),113000.0,37.3,1,0.382,0.581,0.481,54400.0,58600.0,0
Kanyakumari,OC,1,366000.0,1,0,94.18,151.9,Tier-1 (Autonomous),176000.0,27.6,0,0.528,0.354,0.441,77600.0,98400.0,1
Tirunelveli,ST,0,255000.0,0,1,93.5,176.7,Tier-3 (Self-financing),89000.0,18.8,2,0.462,0.644,0.553,49200.0,39800.0,1
Tiruchirappalli,MBC,1,199000.0,0,1,60.05,80.1,Tier-3 (Self-financing),83000.0,26.4,0,0.214,0.591,0.402,33400.0,49600.0,1
Tirunelveli,MBC,0,125000.0,1,0,94.74,113.7,Tier-1 (Autonomous),178000.0,42.4,1,0.356,0.58,0.468,83300.0,94700.0,0
Erode,BC,0,300000.0,1,0,78.92,99.1,Tier-2 (Affiliated),108000.0,8.5,1,0.245,0.367,0.306,33000.0,75000.0,0
Madurai,SC,1,339000.0,1,0,78.78,118.1,Tier-2 (Affiliated),108000.0,86.0,4,0.293,0.567,0.43,46400.0,61600.0,1
Tiruppur,SC,0,240000.0,0,1,88.29,143.0,Tier-2 (Affiliated),99000.0,91.3,3,0.397,0.58,0.488,48300.0,50700.0,1
Erode,OC,1,495000.0,0,0,85.03,156.9,Tier-2 (Affiliated),95000.0,96.5,0,0.378,0.525,0.452,42900.0,52100.0,0
Karur,MBC,0,431000.0,0,1,59.31,107.5,Tier-2 (Affiliated),119000.0,47.4,0,0.336,0.541,0.438,52100.0,66900.0,1
Dindigul,MBC,0,162000.0,0,1,71.88,76.6,Tier-2 (Affiliated),112000.0,36.0,4,0.154,0.658,0.406,45500.0,66500.0,1
Thanjavur,SC,0,275000.0,0,1,74.34,161.0,Tier-1 (Autonomous),176000.0,42.4,0,0.442,0.438,0.44,77400.0,98600.0,1
Dindigul,BC,1,543000.0,0,1,64.7,97.4,Tier-3 (Self-financing),94000.0,8.7,3,0.15,0.428,0.289,27200.0,66800.0,0
Tiruchirappalli,SC,0,271000.0,0,1,87.97,159.2,Tier-2 (Affiliated),133000.0,33.6,0,0.612,0.426,0.519,69000.0,64000.0,1
Karur,MBC,0,498000.0,0,1,92.39,156.0,Tier-1 (Autonomous),168000.0,6.4,0,0.513,0.515,0.514,86400.0,81600.0,1
Madurai,OC,1,490000.0,0,0,77.89,124.7,Tier-2 (Affiliated),110000.0,2.0,0,0.217,0.435,0.326,35900.0,74100.0,0
Karur,OC,0,271000.0,0,0,80.99,126.0,Tier-2 (Affiliated),115000.0,27.7,0,0.384,0.39,0.387,44500.0,70500.0,0
Thoothukudi,BC,1,191000.0,0,0,77.89,107.9,Tier-2 (Affiliated),97000.0,56.7,3,0.226,0.519,0.372,36100.0,60900.0,0
Nagapattinam,BC,1,159000.0,0,1,78.99,107.1,Tier-1 (Autonomous),168000.0,38.5,1,0.199,0.358,0.279,46800.0,121200.0,0
Dindigul,MBC,1,381000.0,1,0,89.18,140.2,Tier-2 (Affiliated),118000.0,261.5,0,0.33,0.481,0.406,47900.0,70100.0,0
Erode,SC,1,297000.0,0,0,60.35,75.7,Tier-2 (Affiliated),110000.0,169.2,0,0.203,0.502,0.352,38700.0,71300.0,1
Kanyakumari,BC,0,165000.0,0,1,82.86,157.3,Tier-2 (Affiliated),104000.0,49.8,2,0.438,0.482,0.46,47800.0,56200.0,0
Tirunelveli,ST,1,169000.0,1,0,78.12,126.4,Tier-2 (Affiliated),97000.0,2.0,2,0.336,0.597,0.467,45300.0,51700.0,0
Dindigul,BC,1,1116000.0,0,0,70.87,144.8,Tier-3 (Self-financing),88000.0,12.2,2,0.428,0.187,0.307,27000.0,61000.0,1
Nagapattinam,MBC,0,421000.0,0,1,72.97,110.2,Tier-3 (Self-financing),74000.0,18.6,2,0.358,0.475,0.417,30800.0,43200.0,0
Villupuram,ST,1,136000.0,1,0,96.32,145.3,Tier-2 (Affiliated),102000.0,8.4,1,0.592,0.539,0.565,57700.0,44300.0,0
Villupuram,SC,1,247000.0,1,0,64.72,112.4,Tier-2 (Affiliated),102000.0,93.6,3,0.27,0.498,0.384,39200.0,62800.0,0
Coimbatore,MBC,0,325000.0,1,0,76.31,118.2,Tier-3 (Self-financing),82000.0,13.6,0,0.277,0.585,0.431,35300.0,46700.0,1
Kanyakumari,SC,0,138000.0,1,0,94.29,165.5,Tier-2 (Affiliated),101000.0,20.8,0,0.487,0.471,0.479,48400.0,52600.0,1
Madurai,BC,1,310000.0,1,0,65.3,126.1,Tier-2 (Affiliated),102000.0,8.5,1,0.396,0.482,0.439,44700.0,57300.0,1
Tiruppur,OC,1,523000.0,0,1,73.44,134.0,Tier-3 (Self-financing),93000.0,5.8,5,0.455,0.456,0.455,42400.0,50600.0,1
Villupuram,MBC,1,765000.0,0,0,78.42,145.9,Tier-2 (Affiliated),111000.0,11.7,1,0.329,0.369,0.349,38700.0,72300.0,1
Cuddalore,OC,0,747000.0,0,1,82.13,143.7,Tier-1 (Autonomous),180000.0,2.0,0,0.595,0.278,0.437,78600.0,101400.0,1
Villupuram,BC,0,200000.0,0,0,77.2,115.3,Tier-3 (Self-financing),88000.0,4.7,0,0.207,0.632,0.419,36900.0,51100.0,0
Erode,BC,0,385000.0,1,0,69.05,127.6,Tier-2 (Affiliated),102000.0,84.9,3,0.416,0.412,0.414,42200.0,59800.0,1
Erode,ST,0,168000.0,0,1,82.47,142.4,Tier-2 (Affiliated),113000.0,149.6,3,0.457,0.456,0.456,51600.0,61400.0,1
Erode,SC,1,181000.0,1,0,76.99,113.9,Tier-1 (Autonomous),183000.0,57.1,3,0.184,0.335,0.26,47500.0,135500.0,0
Vellore,SC,0,166000.0,0,1,84.28,127.5,Tier-3 (Self-financing),77000.0,5.4,1,0.366,0.522,0.444,34200.0,42800.0,0
Cuddalore,SC,0,97000.0,0,0,87.24,138.2,Tier-3 (Self-financing),90000.0,110.7,0,0.242,0.545,0.394,35400.0,54600.0,0
Dindigul,BC,1,916000.0,1,0,63.14,117.7,Tier-2 (Affiliated),112000.0,245.8,2,0.243,0.471,0.357,40000.0,72000.0,1
Karur,OC,0,916000.0,0,0,88.33,143.1,Tier-2 (Affiliated),112000.0,176.7,0,0.394,0.341,0.367,41100.0,70900.0,0
Thanjavur,MBC,0,207000.0,0,0,75.45,120.6,Tier-2 (Affiliated),123000.0,20.4,3,0.331,0.53,0.43,52900.0,70100.0,1
Erode,MBC,1,294000.0,0,1,86.25,135.6,Tier-1 (Autonomous),181000.0,34.8,1,0.472,0.573,0.522,94600.0,86400.0,0
Tiruchirappalli,BC,0,534000.0,0,0,82.94,127.4,Tier-2 (Affiliated),103000.0,31.2,0,0.288,0.556,0.422,43500.0,59500.0,0
Tiruppur,MBC,1,820000.0,0,1,96.54,137.0,Tier-3 (Self-financing),86000.0,153.0,1,0.407,0.419,0.413,35500.0,50500.0,1
Kanyakumari,MBC,0,141000.0,1,0,78.06,136.8,Tier-3 (Self-financing),85000.0,63.9,4,0.451,0.494,0.473,40200.0,44800.0,0
Kanyakumari,BC,0,276000.0,1,0,73.97,103.1,Tier-3 (Self-financing),76000.0,69.7,1,0.253,0.592,0.423,32100.0,43900.0,0
Tirunelveli,BC,1,468000.0,1,0,72.87,117.6,Tier-2 (Affiliated),94000.0,28.6,1,0.309,0.557,0.433,40700.0,53300.0,0
Dindigul,BC,0,196000.0,1,0,67.63,102.1,Tier-1 (Autonomous),179000.0,10.3,6,0.138,0.373,0.255,45700.0,133300.0,0
Karur,MBC,1,519000.0,1,0,86.08,149.2,Tier-3 (Self-financing),93000.0,58.2,6,0.291,0.476,0.384,35700.0,57300.0,1
Theni,ST,0,115000.0,0,0,66.99,102.1,Tier-3 (Self-financing),93000.0,137.6,0,0.187,0.606,0.396,36900.0,56100.0,1
Coimbatore,MBC,1,312000.0,1,0,85.99,122.5,Tier-2 (Affiliated),112000.0,86.3,1,0.438,0.547,0.492,55100.0,56900.0,1
Tiruppur,SC,0,184000.0,1,0,75.77,136.1,Tier-2 (Affiliated),123000.0,251.3,0,0.486,0.492,0.489,60200.0,62800.0,1
Chennai,SC,1,139000.0,0,1,60.37,84.2,Tier-3 (Self-financing),86000.0,49.2,0,0.291,0.484,0.388,33400.0,52600.0,0
Madurai,OC,1,203000.0,0,1,92.88,150.9,Tier-1 (Autonomous),178000.0,62.6,1,0.456,0.62,0.538,95800.0,82200.0,1
Cuddalore,MBC,1,696000.0,1,0,45.0,91.1,Tier-3 (Self-financing),87000.0,31.8,5,0.257,0.433,0.345,30000.0,57000.0,1
Madurai,MBC,0,173000.0,1,0,77.18,112.5,Tier-3 (Self-financing),79000.0,54.2,4,0.258,0.501,0.38,30000.0,49000.0,0
Erode,MBC,1,1359000.0,1,0,80.34,127.0,Tier-1 (Autonomous),170000.0,28.9,1,0.313,0.273,0.293,49700.0,120300.0,1
Tiruppur,OC,1,1864000.0,0,1,54.94,81.4,Tier-1 (Autonomous),172000.0,35.5,1,0.019,0.185,0.102,17500.0,154500.0,1
Cuddalore,ST,0,128000.0,1,0,82.41,133.8,Tier-1 (Autonomous),176000.0,26.7,1,0.383,0.513,0.448,78900.0,97100.0,0
Thanjavur,ST,1,988000.0,0,1,71.3,113.1,Tier-3 (Self-financing),92000.0,219.3,3,0.331,0.449,0.39,35900.0,56100.0,1
Coimbatore,OC,0,653000.0,1,0,75.51,134.6,Tier-1 (Autonomous),168000.0,2.0,0,0.32,0.457,0.389,65300.0,102700.0,0
Nagapattinam,BC,0,210000.0,1,0,91.43,137.0,Tier-2 (Affiliated),102000.0,2.0,0,0.451,0.539,0.495,50400.0,51600.0,0
Villupuram,BC,1,117000.0,1,0,79.43,146.2,Tier-2 (Affiliated),116000.0,2.0,4,0.508,0.511,0.51,59100.0,56900.0,1
Kanyakumari,SC,0,285000.0,1,0,74.49,143.3,Tier-2 (Affiliated),107000.0,112.0,3,0.31,0.54,0.425,45500.0,61500.0,1
Karur,MBC,0,265000.0,0,0,76.3,125.9,Tier-3 (Self-financing),83000.0,19.5,2,0.523,0.426,0.475,39400.0,43600.0,1
Thanjavur,BC,1,612000.0,1,0,95.76,141.4,Tier-2 (Affiliated),107000.0,37.2,2,0.437,0.444,0.441,47100.0,59900.0,0
Kanyakumari,SC,1,278000.0,1,0,82.05,130.7,Tier-2 (Affiliated),125000.0,38.4,1,0.48,0.366,0.423,52800.0,72200.0,0
Dindigul,BC,0,159000.0,0,1,69.16,108.8,Tier-2 (Affiliated),114000.0,13.9,1,0.223,0.499,0.361,41200.0,72800.0,0
Madurai,MBC,0,206000.0,0,0,73.12,143.6,Tier-3 (Self-financing),87000.0,191.1,2,0.517,0.468,0.493,42900.0,44100.0,1
Kanyakumari,BC,0,441000.0,1,0,66.1,104.2,Tier-2 (Affiliated),112000.0,25.8,1,0.315,0.461,0.388,43500.0,68500.0,1
Erode,MBC,1,346000.0,0,0,73.48,138.3,Tier-2 (Affiliated),113000.0,43.4,4,0.359,0.449,0.404,45600.0,67400.0,1
Villupuram,MBC,1,344000.0,0,1,94.08,152.2,Tier-2 (Affiliated),125000.0,35.4,1,0.343,0.524,0.434,54200.0,70800.0,0
Vellore,BC,1,209000.0,1,0,76.34,122.8,Tier-1 (Autonomous),177000.0,23.9,1,0.328,0.455,0.391,69300.0,107700.0,0
Kanyakumari,MBC,1,442000.0,0,1,64.63,98.1,Tier-3 (Self-financing),86000.0,70.0,1,0.303,0.533,0.418,35900.0,50100.0,1
Namakkal,ST,1,148000.0,0,1,82.31,127.8,Tier-2 (Affiliated),110000.0,50.4,1,0.351,0.645,0.498,54800.0,55200.0,0
Dindigul,MBC,0,431000.0,1,0,74.07,131.9,Tier-3 (Self-financing),92000.0,80.9,0,0.367,0.379,0.373,34300.0,57700.0,1
Tirunelveli,ST,0,113000.0,0,0,83.61,122.8,Tier-2 (Affiliated),124000.0,51.5,1,0.289,0.577,0.433,53700.0,70300.0,0
Virudhunagar,MBC,0,221000.0,1,0,75.58,135.3,Tier-2 (Affiliated),105000.0,5.7,1,0.266,0.485,0.376,39400.0,65600.0,0
Coimbatore,SC,0,641000.0,0,1,92.45,169.5,Tier-2 (Affiliated),114000.0,64.4,2,0.507,0.499,0.503,57300.0,56700.0,0
Dindigul,BC,0,253000.0,1,0,68.89,101.3,Tier-1 (Autonomous),181000.0,41.4,2,0.177,0.414,0.295,53500.0,127500.0,0
Vellore,SC,1,247000.0,0,0,66.35,124.3,Tier-1 (Autonomous),169000.0,2.4,3,0.409,0.598,0.504,85100.0,83900.0,1
Namakkal,BC,0,413000.0,1,0,87.38,155.5,Tier-3 (Self-financing),93000.0,55.0,0,0.51,0.439,0.475,44100.0,48900.0,1
Tirunelveli,OC,0,146000.0,1,0,57.96,105.8,Tier-3 (Self-financing),98000.0,13.4,1,0.401,0.504,0.452,44300.0,53700.0,0
Cuddalore,BC,1,961000.0,1,0,76.28,112.5,Tier-2 (Affiliated),117000.0,4.3,2,0.261,0.344,0.303,35400.0,81600.0,0
Vellore,OC,1,1088000.0,0,0,86.01,135.8,Tier-3 (Self-financing),80000.0,73.4,0,0.37,0.247,0.309,24700.0,55300.0,1
Tiruchirappalli,ST,0,226000.0,0,1,56.06,87.9,Tier-2 (Affiliated),99000.0,42.9,0,0.087,0.569,0.328,32400.0,66600.0,0
Tiruchirappalli,ST,1,60000.0,0,1,78.65,157.2,Tier-3 (Self-financing),90000.0,97.8,0,0.405,0.49,0.448,40300.0,49700.0,0
Cuddalore,SC,1,273000.0,0,1,63.04,100.7,Tier-3 (Self-financing),76000.0,20.0,2,0.249,0.536,0.393,29800.0,46200.0,0
Tirunelveli,OC,0,194000.0,0,0,59.55,92.5,Tier-3 (Self-financing),77000.0,46.2,4,0.227,0.491,0.359,27600.0,49400.0,1
Erode,SC,1,585000.0,1,0,67.34,90.5,Tier-2 (Affiliated),112000.0,103.9,2,0.183,0.419,0.301,33700.0,78300.0,1
Theni,SC,0,348000.0,0,1,76.17,107.3,Tier-2 (Affiliated),116000.0,51.2,4,0.223,0.562,0.392,45500.0,70500.0,1
Erode,BC,0,370000.0,0,0,70.94,103.2,Tier-3 (Self-financing),82000.0,53.5,1,0.278,0.357,0.318,26000.0,56000.0,1
Vellore,MBC,0,134000.0,0,1,89.07,147.9,Tier-2 (Affiliated),108000.0,60.8,5,0.392,0.34,0.366,39600.0,68400.0,0
Salem,MBC,0,591000.0,1,0,78.82,104.8,Tier-2 (Affiliated),109000.0,31.4,2,0.369,0.378,0.373,40700.0,68300.0,0
Erode,OC,1,545000.0,1,0,73.11,107.0,Tier-3 (Self-financing),78000.0,24.7,3,0.292,0.435,0.364,28400.0,49600.0,1
Cuddalore,MBC,1,1134000.0,0,1,64.9,75.9,Tier-1 (Autonomous),177000.0,59.4,2,0.119,0.308,0.214,37800.0,139200.0,1
Namakkal,SC,0,226000.0,0,1,80.24,149.4,Tier-2 (Affiliated),97000.0,117.8,4,0.508,0.445,0.477,46200.0,50800.0,1
Thoothukudi,BC,1,638000.0,0,1,98.59,159.3,Tier-2 (Affiliated),116000.0,5.6,0,0.376,0.559,0.467,54200.0,61800.0,1
Nagapattinam,MBC,0,202000.0,1,0,70.97,118.2,Tier-2 (Affiliated),132000.0,38.1,4,0.28,0.611,0.445,58800.0,73200.0,0
Chennai,MBC,0,564000.0,1,0,72.14,99.1,Tier-1 (Autonomous),180000.0,106.9,2,0.16,0.226,0.193,34800.0,145200.0,1
Vellore,SC,1,440000.0,0,1,67.39,125.2,Tier-3 (Self-financing),95000.0,167.1,1,0.316,0.41,0.363,34500.0,60500.0,0
Tirunelveli,ST,0,374000.0,0,0,89.84,166.3,Tier-3 (Self-financing),83000.0,140.4,0,0.591,0.508,0.549,45600.0,37400.0,1
Tiruppur,SC,1,347000.0,1,0,87.27,140.6,Tier-1 (Autonomous),169000.0,2.0,1,0.405,0.508,0.457,77200.0,91800.0,0
Tirunelveli,MBC,0,253000.0,1,0,73.54,110.5,Tier-2 (Affiliated),128000.0,179.6,2,0.146,0.436,0.291,37200.0,90800.0,0
Thoothukudi,MBC,1,583000.0,0,0,72.01,123.5,Tier-1 (Autonomous),173000.0,66.5,1,0.299,0.542,0.421,72800.0,100200.0,1
Tirunelveli,MBC,0,575000.0,0,1,68.56,120.7,Tier-1 (Autonomous),188000.0,191.6,2,0.341,0.364,0.353,66300.0,121700.0,1
Namakkal,MBC,0,455000.0,0,0,75.11,133.2,Tier-2 (Affiliated),112000.0,68.1,1,0.387,0.459,0.423,47400.0,64600.0,1
Madurai,OC,1,680000.0,1,0,88.2,151.1,Tier-2 (Affiliated),119000.0,188.4,0,0.413,0.411,0.412,49000.0,70000.0,1
Villupuram,MBC,1,151000.0,0,0,78.42,139.9,Tier-2 (Affiliated),109000.0,180.4,0,0.449,0.54,0.495,53900.0,55100.0,1
Villupuram,SC,0,305000.0,1,0,90.88,135.0,Tier-2 (Affiliated),101000.0,67.3,1,0.417,0.444,0.431,43500.0,57500.0,1
Nagapattinam,MBC,1,190000.0,1,0,70.8,127.0,Tier-2 (Affiliated),105000.0,17.1,3,0.33,0.552,0.441,46300.0,58700.0,0
Vellore,SC,0,199000.0,1,0,54.87,81.0,Tier-3 (Self-financing),104000.0,8.5,1,0.199,0.444,0.322,33400.0,70600.0,1
Coimbatore,MBC,0,244000.0,1,0,99.9,122.2,Tier-3 (Self-financing),88000.0,31.4,2,0.314,0.529,0.422,37100.0,50900.0,0
Karur,BC,0,137000.0,0,0,80.15,121.3,Tier-1 (Autonomous),197000.0,12.9,0,0.327,0.477,0.402,79200.0,117800.0,0
Thanjavur,OC,1,773000.0,1,0,85.79,129.0,Tier-2 (Affiliated),107000.0,12.7,2,0.365,0.51,0.437,46800.0,60200.0,1
Thoothukudi,OC,1,2060000.0,1,0,70.12,115.8,Tier-1 (Autonomous),186000.0,5.7,2,0.384,0.127,0.255,47500.0,138500.0,0
Cuddalore,BC,1,407000.0,1,0,64.37,115.6,Tier-3 (Self-financing),75000.0,24.0,0,0.34,0.484,0.412,30900.0,44100.0,1
Namakkal,MBC,1,640000.0,0,1,79.55,130.2,Tier-3 (Self-financing),85000.0,112.2,2,0.354,0.512,0.433,36800.0,48200.0,1
Thoothukudi,BC,0,1092000.0,0,1,58.08,123.1,Tier-3 (Self-financing),103000.0,41.5,0,0.296,0.353,0.325,33400.0,69600.0,1
Virudhunagar,BC,0,481000.0,1,0,75.33,112.7,Tier-3 (Self-financing),79000.0,39.6,3,0.345,0.52,0.432,34200.0,44800.0,1
Dindigul,BC,0,210000.0,0,0,88.22,111.3,Tier-3 (Self-financing),79000.0,39.9,1,0.312,0.412,0.362,28600.0,50400.0,1
Chennai,SC,1,359000.0,1,0,82.48,136.1,Tier-1 (Autonomous),187000.0,21.6,1,0.367,0.524,0.445,83300.0,103700.0,1
Coimbatore,SC,0,254000.0,0,1,80.55,120.7,Tier-3 (Self-financing),86000.0,2.0,1,0.296,0.484,0.39,33500.0,52500.0,1
Thanjavur,BC,1,1063000.0,0,1,95.44,136.4,Tier-1 (Autonomous),195000.0,29.5,4,0.381,0.41,0.396,77100.0,117900.0,1
Tiruppur,BC,1,942000.0,1,0,81.75,126.3,Tier-1 (Autonomous),178000.0,2.0,1,0.286,0.404,0.345,61500.0,116500.0,1
Chennai,OC,1,137000.0,1,0,58.96,82.6,Tier-2 (Affiliated),111000.0,18.3,1,0.07,0.565,0.318,35300.0,75700.0,1
Madurai,OC,0,244000.0,1,0,76.51,112.1,Tier-2 (Affiliated),113000.0,206.4,0,0.416,0.558,0.487,55000.0,58000.0,1
Karur,BC,0,288000.0,0,1,97.25,178.4,Tier-1 (Autonomous),171000.0,57.0,0,0.652,0.576,0.614,105000.0,66000.0,0
Nagapattinam,OC,1,360000.0,0,1,74.91,121.7,Tier-1 (Autonomous),170000.0,96.4,1,0.336,0.314,0.325,55300.0,114700.0,0
Chennai,BC,1,63000.0,0,0,96.64,150.6,Tier-3 (Self-financing),74000.0,16.9,0,0.469,0.476,0.472,34900.0,39100.0,0
Namakkal,ST,1,183000.0,1,0,88.24,165.1,Tier-2 (Affiliated),84000.0,8.0,1,0.46,0.513,0.486,40800.0,43200.0,1
Coimbatore,MBC,1,419000.0,0,0,73.92,113.8,Tier-2 (Affiliated),109000.0,59.1,0,0.338,0.374,0.356,38800.0,70200.0,1
Karur,SC,1,236000.0,0,1,67.2,89.1,Tier-2 (Affiliated),100000.0,7.8,4,0.219,0.485,0.352,35200.0,64800.0,0
Virudhunagar,BC,0,173000.0,0,1,81.4,110.3,Tier-3 (Self-financing),81000.0,110.3,1,0.3,0.532,0.416,33700.0,47300.0,0
Kanyakumari,BC,1,494000.0,1,0,90.71,143.9,Tier-1 (Autonomous),188000.0,86.3,1,0.325,0.58,0.452,85000.0,103000.0,0
Tiruppur,ST,0,204000.0,1,0,62.21,74.9,Tier-2 (Affiliated),102000.0,2.0,3,0.303,0.568,0.435,44400.0,57600.0,0
Theni,BC,1,373000.0,0,1,79.2,109.1,Tier-2 (Affiliated),116000.0,73.5,2,0.192,0.535,0.363,42200.0,73800.0,0
Villupuram,MBC,0,553000.0,1,0,57.59,86.4,Tier-3 (Self-financing),72000.0,80.8,0,0.268,0.446,0.357,25700.0,46300.0,1
Theni,ST,0,174000.0,0,0,74.6,136.3,Tier-3 (Self-financing),80000.0,58.2,1,0.313,0.378,0.345,27600.0,52400.0,1
Thanjavur,MBC,0,161000.0,0,1,61.45,117.7,Tier-1 (Autonomous),194000.0,26.7,1,0.154,0.461,0.307,59600.0,134400.0,0
Nagapattinam,BC,1,260000.0,0,1,83.62,143.7,Tier-1 (Autonomous),177000.0,205.1,1,0.479,0.369,0.424,75000.0,102000.0,1
Tiruppur,MBC,1,374000.0,1,0,71.11,113.7,Tier-2 (Affiliated),120000.0,77.5,1,0.311,0.522,0.416,50000.0,70000.0,1
Virudhunagar,OC,0,719000.0,0,1,89.58,134.8,Tier-2 (Affiliated),129000.0,9.9,0,0.263,0.417,0.34,43900.0,85100.0,0
Namakkal,OC,0,248000.0,0,1,72.6,122.0,Tier-3 (Self-financing),82000.0,42.0,0,0.38,0.518,0.449,36800.0,45200.0,0
Kanyakumari,OC,0,541000.0,1,0,71.68,141.4,Tier-2 (Affiliated),105000.0,28.8,0,0.367,0.484,0.426,44700.0,60300.0,0
Chennai,SC,0,205000.0,1,0,61.85,101.1,Tier-3 (Self-financing),68000.0,100.7,0,0.399,0.473,0.436,29600.0,38400.0,1
Chennai,MBC,1,1257000.0,1,0,81.91,124.1,Tier-1 (Autonomous),182000.0,88.4,0,0.222,0.2,0.211,38400.0,143600.0,1
Coimbatore,BC,0,371000.0,1,0,82.92,130.3,Tier-1 (Autonomous),183000.0,29.7,2,0.306,0.443,0.374,68500.0,114500.0,0
Tiruppur,BC,1,329000.0,1,0,87.4,135.8,Tier-3 (Self-financing),91000.0,57.7,2,0.442,0.522,0.482,43900.0,47100.0,0
Karur,MBC,1,630000.0,0,1,84.55,143.5,Tier-3 (Self-financing),96000.0,12.6,3,0.369,0.29,0.329,31600.0,64400.0,0
Salem,ST,0,258000.0,1,0,82.01,119.8,Tier-1 (Autonomous),172000.0,61.2,3,0.254,0.515,0.385,66200.0,105800.0,1
Tiruchirappalli,BC,1,388000.0,0,0,83.96,140.4,Tier-3 (Self-financing),100000.0,14.6,0,0.411,0.378,0.394,39400.0,60600.0,1
Kanyakumari,BC,1,255000.0,0,1,84.97,144.5,Tier-1 (Autonomous),178000.0,93.6,2,0.495,0.547,0.521,92800.0,85200.0,0
Nagapattinam,SC,1,423000.0,1,0,87.08,144.5,Tier-3 (Self-financing),88000.0,188.2,0,0.403,0.365,0.384,33800.0,54200.0,1
Theni,SC,1,326000.0,0,1,62.72,84.1,Tier-1 (Autonomous),179000.0,15.3,2,0.177,0.549,0.363,64900.0,114100.0,1
Dindigul,ST,0,73000.0,0,1,73.38,115.2,Tier-1 (Autonomous),174000.0,10.2,0,0.243,0.424,0.333,58000.0,116000.0,0
Thanjavur,BC,0,344000.0,0,0,61.77,90.9,Tier-3 (Self-financing),75000.0,63.2,0,0.182,0.407,0.294,22100.0,52900.0,1
Chennai,BC,1,340000.0,1,0,81.32,129.0,Tier-1 (Autonomous),182000.0,2.0,3,0.263,0.538,0.4,72800.0,109200.0,0
Tiruchirappalli,MBC,0,113000.0,1,0,94.3,140.9,Tier-2 (Affiliated),102000.0,94.6,3,0.492,0.514,0.503,51300.0,50700.0,0
Kanyakumari,BC,1,398000.0,0,1,86.96,157.8,Tier-3 (Self-financing),83000.0,205.3,2,0.51,0.315,0.413,34200.0,48800.0,1
Erode,SC,1,638000.0,0,1,71.93,117.9,Tier-1 (Autonomous),177000.0,50.5,2,0.21,0.482,0.346,61200.0,115800.0,0
Karur,OC,0,758000.0,1,0,83.05,108.6,Tier-3 (Self-financing),82000.0,255.2,1,0.234,0.232,0.233,19100.0,62900.0,0
Karur,MBC,0,438000.0,1,0,81.49,110.4,Tier-2 (Affiliated),96000.0,16.8,3,0.346,0.45,0.398,38200.0,57800.0,1
Erode,ST,0,196000.0,0,0,80.33,146.6,Tier-2 (Affiliated),85000.0,52.7,1,0.466,0.678,0.572,48600.0,36400.0,1
Salem,ST,1,379000.0,0,1,64.97,101.3,Tier-1 (Autonomous),187000.0,42.9,0,0.246,0.482,0.364,68100.0,118900.0,0
Cuddalore,MBC,0,274000.0,1,0,91.15,140.0,Tier-2 (Affiliated),119000.0,102.3,2,0.371,0.468,0.42,49900.0,69100.0,1
Coimbatore,ST,0,92000.0,0,1,66.22,122.9,Tier-2 (Affiliated),90000.0,20.6,0,0.33,0.526,0.428,38500.0,51500.0,0
Dindigul,OC,1,383000.0,1,0,74.33,116.7,Tier-2 (Affiliated),113000.0,34.7,1,0.273,0.388,0.33,37300.0,75700.0,1
Kanyakumari,BC,1,346000.0,0,0,87.59,122.2,Tier-3 (Self-financing),87000.0,14.6,1,0.414,0.496,0.455,39600.0,47400.0,1
Karur,OC,1,1362000.0,1,0,74.27,101.9,Tier-2 (Affiliated),99000.0,13.1,0,0.312,0.457,0.384,38100.0,60900.0,1
Nagapattinam,ST,1,494000.0,1,0,78.79,135.5,Tier-2 (Affiliated),117000.0,46.7,2,0.398,0.419,0.408,47800.0,69200.0,0
Coimbatore,ST,0,93000.0,1,0,79.2,157.2,Tier-3 (Self-financing),94000.0,82.8,1,0.364,0.467,0.415,39100.0,54900.0,0
Tiruchirappalli,OC,1,649000.0,1,0,78.66,138.4,Tier-2 (Affiliated),118000.0,32.8,1,0.336,0.461,0.398,47000.0,71000.0,1
Tirunelveli,OC,1,505000.0,0,1,79.15,120.9,Tier-3 (Self-financing),99000.0,17.5,0,0.273,0.511,0.392,38800.0,60200.0,1
Tirunelveli,BC,0,275000.0,0,0,80.14,124.8,Tier-2 (Affiliated),118000.0,24.9,2,0.308,0.504,0.406,47900.0,70100.0,1
Tiruchirappalli,BC,0,223000.0,0,1,78.75,126.7,Tier-3 (Self-financing),78000.0,3.5,1,0.358,0.482,0.42,32700.0,45300.0,0
Thoothukudi,SC,0,422000.0,1,0,69.05,80.2,Tier-3 (Self-financing),85000.0,18.0,3,0.306,0.512,0.409,34700.0,50300.0,0
Tiruchirappalli,BC,1,478000.0,1,0,62.5,100.4,Tier-2 (Affiliated),113000.0,107.1,3,0.265,0.339,0.302,34100.0,78900.0,0
Karur,SC,1,355000.0,0,1,87.98,149.5,Tier-2 (Affiliated),122000.0,123.7,1,0.314,0.441,0.378,46100.0,75900.0,0
Tiruppur,MBC,1,475000.0,1,0,88.44,168.1,Tier-1 (Autonomous),178000.0,5.2,0,0.544,0.272,0.408,72600.0,105400.0,1
Theni,BC,1,274000.0,0,0,81.37,146.6,Tier-2 (Affiliated),105000.0,2.9,2,0.306,0.488,0.397,41700.0,63300.0,0
Salem,BC,1,513000.0,0,1,81.29,159.0,Tier-2 (Affiliated),97000.0,12.5,1,0.494,0.432,0.463,44900.0,52100.0,1
Erode,ST,1,490000.0,0,0,68.85,135.4,Tier-2 (Affiliated),117000.0,37.9,2,0.339,0.538,0.439,51300.0,65700.0,1
Theni,MBC,1,944000.0,1,0,53.61,106.7,Tier-1 (Autonomous),182000.0,14.1,2,0.319,0.297,0.308,56000.0,126000.0,1
Tirunelveli,MBC,1,223000.0,0,1,75.51,121.2,Tier-3 (Self-financing),78000.0,27.2,3,0.366,0.589,0.478,37300.0,40700.0,0
Cuddalore,BC,0,130000.0,0,1,59.03,99.6,Tier-1 (Autonomous),186000.0,67.7,4,0.261,0.508,0.385,71500.0,114500.0,0
Chennai,ST,1,282000.0,1,0,79.84,102.7,Tier-3 (Self-financing),82000.0,113.7,0,0.175,0.546,0.36,29600.0,52400.0,1
Coimbatore,SC,1,580000.0,0,1,91.04,147.6,Tier-3 (Self-financing),74000.0,343.8,0,0.367,0.498,0.433,32000.0,42000.0,1
Karur,SC,0,238000.0,0,0,71.84,123.4,Tier-1 (Autonomous),191000.0,4.2,0,0.372,0.507,0.44,84000.0,107000.0,1
Theni,MBC,1,611000.0,0,1,72.41,111.6,Tier-2 (Affiliated),93000.0,28.2,1,0.304,0.452,0.378,35200.0,57800.0,1
Chennai,SC,1,149000.0,0,0,67.94,85.6,Tier-2 (Affiliated),111000.0,72.6,3,0.344,0.475,0.409,45400.0,65600.0,0
Kanyakumari,BC,0,218000.0,0,1,78.44,149.2,Tier-3 (Self-financing),84000.0,15.0,1,0.434,0.603,0.518,43500.0,40500.0,1
Chennai,SC,1,94000.0,0,1,77.67,130.4,Tier-3 (Self-financing),72000.0,113.5,2,0.418,0.747,0.583,42000.0,30000.0,1
Thoothukudi,BC,0,276000.0,1,0,67.81,134.3,Tier-2 (Affiliated),113000.0,113.6,2,0.338,0.379,0.359,40500.0,72500.0,1
Karur,MBC,1,128000.0,1,0,87.13,150.5,Tier-3 (Self-financing),79000.0,67.7,2,0.358,0.53,0.444,35100.0,43900.0,0
Thoothukudi,ST,1,568000.0,1,0,99.9,180.4,Tier-2 (Affiliated),123000.0,8.5,1,0.624,0.416,0.52,63900.0,59100.0,1
Villupuram,ST,0,397000.0,0,1,89.9,161.3,Tier-2 (Affiliated),118000.0,6.5,1,0.407,0.508,0.458,54000.0,64000.0,1
Erode,MBC,0,281000.0,0,1,76.89,112.8,Tier-2 (Affiliated),112000.0,26.8,1,0.179,0.366,0.273,30500.0,81500.0,1
Nagapattinam,MBC,0,113000.0,0,1,76.77,115.2,Tier-3 (Self-financing),65000.0,86.3,2,0.195,0.443,0.319,20700.0,44300.0,0
Salem,SC,0,240000.0,0,0,72.86,110.2,Tier-1 (Autonomous),176000.0,14.4,3,0.313,0.641,0.477,83900.0,92100.0,0
Dindigul,ST,1,759000.0,1,0,72.66,101.8,Tier-3 (Self-financing),80000.0,47.4,2,0.2,0.518,0.359,28700.0,51300.0,1
Salem,SC,0,253000.0,0,1,87.58,166.6,Tier-1 (Autonomous),190000.0,63.6,2,0.361,0.372,0.367,69700.0,120300.0,0
Dindigul,OC,1,1209000.0,1,0,88.02,141.5,Tier-2 (Affiliated),111000.0,75.7,1,0.547,0.471,0.509,56500.0,54500.0,1
Kanyakumari,BC,0,229000.0,1,0,66.3,113.0,Tier-3 (Self-financing),88000.0,21.2,0,0.118,0.446,0.282,24800.0,63200.0,1
Thanjavur,SC,0,121000.0,0,0,81.66,110.7,Tier-3 (Self-financing),93000.0,133.0,1,0.252,0.593,0.423,39300.0,53700.0,0
Coimbatore,SC,1,303000.0,1,0,89.11,154.9,Tier-2 (Affiliated),123000.0,2.0,2,0.571,0.482,0.526,64700.0,58300.0,1
Erode,SC,1,109000.0,0,1,74.5,113.1,Tier-3 (Self-financing),97000.0,55.0,0,0.298,0.55,0.424,41100.0,55900.0,0
Nagapattinam,MBC,1,1459000.0,1,0,75.88,140.3,Tier-2 (Affiliated),114000.0,25.3,2,0.586,0.277,0.432,49200.0,64800.0,1
Namakkal,BC,1,522000.0,1,0,84.96,125.7,Tier-1 (Autonomous),178000.0,24.1,0,0.4,0.525,0.463,82400.0,95600.0,1
Tiruppur,BC,1,778000.0,0,0,85.24,156.4,Tier-2 (Affiliated),113000.0,140.0,5,0.352,0.358,0.355,40100.0,72900.0,1
Thanjavur,SC,0,151000.0,0,0,82.29,145.8,Tier-3 (Self-financing),85000.0,2.0,0,0.469,0.672,0.57,48500.0,36500.0,0
Tirunelveli,BC,0,128000.0,0,1,80.54,121.9,Tier-2 (Affiliated),116000.0,120.6,3,0.279,0.616,0.447,51900.0,64100.0,1
Tiruppur,MBC,1,920000.0,1,0,81.89,152.3,Tier-1 (Autonomous),175000.0,44.2,0,0.411,0.344,0.377,66100.0,108900.0,1
Theni,SC,0,105000.0,0,1,75.22,137.6,Tier-3 (Self-financing),92000.0,85.8,0,0.299,0.536,0.417,38400.0,53600.0,0
Kanyakumari,SC,1,382000.0,1,0,66.82,114.3,Tier-2 (Affiliated),110000.0,107.6,2,0.245,0.488,0.367,40300.0,69700.0,0
Theni,BC,1,616000.0,0,1,62.43,85.0,Tier-2 (Affiliated),113000.0,14.8,2,0.252,0.4,0.326,36800.0,76200.0,1
Thoothukudi,SC,1,328000.0,1,0,83.96,146.3,Tier-2 (Affiliated),100000.0,75.4,2,0.338,0.462,0.4,40000.0,60000.0,0
Virudhunagar,OC,1,409000.0,0,1,79.08,127.5,Tier-3 (Self-financing),83000.0,21.1,1,0.189,0.537,0.363,30100.0,52900.0,1
Coimbatore,BC,1,445000.0,1,0,82.56,132.8,Tier-2 (Affiliated),114000.0,241.2,3,0.396,0.513,0.454,51800.0,62200.0,0
Vellore,BC,0,177000.0,1,0,69.71,112.6,Tier-2 (Affiliated),109000.0,75.8,4,0.272,0.475,0.374,40700.0,68300.0,0
Vellore,OC,1,983000.0,0,1,79.03,126.0,Tier-2 (Affiliated),91000.0,58.9,0,0.412,0.366,0.389,35400.0,55600.0,0
Chennai,ST,1,374000.0,0,1,78.79,113.1,Tier-2 (Affiliated),100000.0,48.1,1,0.232,0.399,0.315,31500.0,68500.0,0
Tiruchirappalli,ST,0,167000.0,1,0,90.79,122.5,Tier-1 (Autonomous),183000.0,14.3,2,0.408,0.656,0.532,97400.0,85600.0,0
Nagapattinam,OC,1,461000.0,1,0,86.52,112.6,Tier-2 (Affiliated),122000.0,30.7,1,0.349,0.523,0.436,53200.0,68800.0,1
Vellore,SC,1,1004000.0,1,0,70.6,117.5,Tier-2 (Affiliated),108000.0,66.9,2,0.35,0.348,0.349,37700.0,70300.0,0
Madurai,MBC,0,127000.0,0,1,83.05,96.5,Tier-2 (Affiliated),106000.0,104.6,3,0.127,0.541,0.334,35400.0,70600.0,0
Tirunelveli,SC,1,135000.0,1,0,70.53,123.7,Tier-2 (Affiliated),118000.0,106.2,2,0.326,0.59,0.458,54000.0,64000.0,0
Tirunelveli,SC,1,301000.0,1,0,51.87,90.6,Tier-2 (Affiliated),110000.0,74.7,1,0.286,0.45,0.368,40500.0,69500.0,0
Tiruchirappalli,MBC,0,226000.0,1,0,95.26,147.9,Tier-2 (Affiliated),116000.0,26.6,0,0.372,0.506,0.439,50900.0,65100.0,0
Madurai,OC,1,1152000.0,0,1,74.25,134.2,Tier-3 (Self-financing),83000.0,81.2,2,0.2,0.382,0.291,24100.0,58900.0,1
Nagapattinam,OC,0,556000.0,0,1,88.39,137.5,Tier-2 (Affiliated),107000.0,3.4,1,0.325,0.346,0.335,35900.0,71100.0,1
Virudhunagar,MBC,0,264000.0,1,0,71.39,120.5,Tier-2 (Affiliated),117000.0,63.6,0,0.244,0.543,0.393,46000.0,71000.0,0
Dindigul,ST,0,223000.0,1,0,69.93,82.5,Tier-2 (Affiliated),115000.0,55.3,1,0.137,0.707,0.422,48500.0,66500.0,0
Theni,MBC,1,548000.0,1,0,72.53,82.4,Tier-2 (Affiliated),107000.0,25.8,0,0.069,0.311,0.19,20400.0,86600.0,0
Villupuram,BC,0,951000.0,1,0,80.53,125.3,Tier-3 (Self-financing),76000.0,4.2,2,0.398,0.437,0.418,31700.0,44300.0,1
Virudhunagar,OC,0,448000.0,0,0,79.76,134.0,Tier-3 (Self-financing),72000.0,15.8,1,0.416,0.365,0.39,28100.0,43900.0,1
Chennai,ST,1,188000.0,1,0,82.98,147.0,Tier-1 (Autonomous),168000.0,68.6,0,0.34,0.403,0.372,62400.0,105600.0,1
Thoothukudi,BC,0,333000.0,1,0,73.04,114.2,Tier-1 (Autonomous),175000.0,5.2,2,0.263,0.454,0.358,62700.0,112300.0,0
Coimbatore,SC,0,60000.0,1,0,78.4,129.1,Tier-1 (Autonomous),183000.0,164.7,0,0.28,0.581,0.43,78800.0,104200.0,0
Chennai,MBC,0,255000.0,1,0,69.57,123.1,Tier-1 (Autonomous),167000.0,82.0,2,0.367,0.546,0.457,76200.0,90800.0,1
Thanjavur,BC,1,881000.0,0,0,92.69,146.4,Tier-2 (Affiliated),97000.0,225.3,1,0.331,0.368,0.349,33900.0,63100.0,0
Karur,OC,1,877000.0,0,1,64.86,112.6,Tier-1 (Autonomous),183000.0,60.8,3,0.223,0.293,0.258,47200.0,135800.0,0
Coimbatore,BC,1,569000.0,1,0,69.78,94.7,Tier-3 (Self-financing),98000.0,83.6,1,0.236,0.427,0.332,32500.0,65500.0,1
Tirunelveli,BC,0,427000.0,1,0,73.77,93.2,Tier-2 (Affiliated),119000.0,16.5,0,0.155,0.321,0.238,28400.0,90600.0,0
Tirunelveli,SC,1,578000.0,0,0,99.9,151.8,Tier-1 (Autonomous),165000.0,19.5,1,0.564,0.504,0.534,88100.0,76900.0,1
Vellore,SC,1,690000.0,1,0,85.67,148.7,Tier-1 (Autonomous),183000.0,4.0,2,0.361,0.384,0.372,68200.0,114800.0,0
Thoothukudi,BC,0,382000.0,0,1,69.46,100.5,Tier-1 (Autonomous),188000.0,2.6,0,0.307,0.564,0.436,81900.0,106100.0,1
Erode,MBC,0,219000.0,0,1,86.22,147.7,Tier-2 (Affiliated),106000.0,14.9,2,0.486,0.429,0.458,48500.0,57500.0,0
Salem,OC,0,109000.0,1,0,83.16,117.7,Tier-2 (Affiliated),108000.0,3.9,3,0.197,0.572,0.384,41500.0,66500.0,0
Madurai,BC,0,512000.0,1,0,80.74,120.4,Tier-2 (Affiliated),113000.0,74.8,1,0.298,0.308,0.303,34300.0,78700.0,1
Tiruchirappalli,SC,0,259000.0,1,0,84.96,139.6,Tier-1 (Autonomous),184000.0,4.3,1,0.317,0.607,0.462,85000.0,99000.0,0
Madurai,SC,1,343000.0,1,0,78.58,115.7,Tier-3 (Self-financing),88000.0,14.8,1,0.375,0.518,0.446,39300.0,48700.0,1
Tiruppur,SC,1,216000.0,0,1,79.71,120.1,Tier-2 (Affiliated),116000.0,43.6,1,0.312,0.479,0.395,45900.0,70100.0,1
Thanjavur,BC,1,821000.0,0,0,62.47,60.8,Tier-2 (Affiliated),112000.0,9.4,1,0.18,0.354,0.267,29900.0,82100.0,0
Dindigul,MBC,0,226000.0,1,0,92.43,160.5,Tier-2 (Affiliated),105000.0,60.9,2,0.591,0.481,0.536,56300.0,48700.0,1
Virudhunagar,MBC,1,412000.0,0,1,73.52,115.9,Tier-1 (Autonomous),176000.0,18.3,1,0.441,0.469,0.455,80100.0,95900.0,1
Tiruppur,ST,1,265000.0,1,0,65.63,90.8,Tier-3 (Self-financing),79000.0,146.1,2,0.129,0.371,0.25,19700.0,59300.0,0
Tiruchirappalli,MBC,1,538000.0,0,1,72.96,144.2,Tier-3 (Self-financing),81000.0,16.4,1,0.309,0.418,0.363,29400.0,51600.0,1
Vellore,ST,0,90000.0,0,0,73.36,105.5,Tier-1 (Autonomous),184000.0,46.6,1,0.172,0.508,0.34,62500.0,121500.0,0
Erode,BC,1,658000.0,0,1,69.99,104.3,Tier-2 (Affiliated),104000.0,87.8,2,0.353,0.503,0.428,44500.0,59500.0,1
Virudhunagar,MBC,0,175000.0,1,0,85.78,122.8,Tier-2 (Affiliated),119000.0,56.7,2,0.388,0.474,0.431,51300.0,67700.0,0
Erode,SC,1,216000.0,1,0,87.74,156.9,Tier-2 (Affiliated),102000.0,9.5,3,0.502,0.425,0.464,47300.0,54700.0,1
Madurai,BC,1,786000.0,0,1,58.41,115.0,Tier-3 (Self-financing),87000.0,72.8,2,0.344,0.391,0.367,32000.0,55000.0,1
Karur,MBC,1,243000.0,0,0,72.85,136.6,Tier-2 (Affiliated),117000.0,19.0,0,0.343,0.549,0.446,52200.0,64800.0,1
Thanjavur,MBC,1,683000.0,0,0,73.57,137.6,Tier-3 (Self-financing),89000.0,40.2,2,0.387,0.424,0.405,36100.0,52900.0,1
Coimbatore,ST,1,289000.0,1,0,76.28,113.1,Tier-2 (Affiliated),95000.0,68.9,0,0.32,0.498,0.409,38900.0,56100.0,1
Cuddalore,BC,1,195000.0,0,1,95.06,177.2,Tier-2 (Affiliated),111000.0,41.7,2,0.529,0.516,0.522,57900.0,53100.0,1
Salem,ST,0,358000.0,1,0,69.86,108.8,Tier-2 (Affiliated),104000.0,56.1,1,0.226,0.467,0.347,36100.0,67900.0,1
Kanyakumari,BC,0,355000.0,1,0,93.62,126.7,Tier-3 (Self-financing),74000.0,38.0,0,0.47,0.436,0.453,33500.0,40500.0,1
Virudhunagar,MBC,1,522000.0,0,0,76.54,116.1,Tier-2 (Affiliated),112000.0,89.5,4,0.208,0.385,0.296,33200.0,78800.0,0
Vellore,MBC,1,731000.0,1,0,93.72,154.8,Tier-3 (Self-financing),75000.0,85.1,3,0.407,0.409,0.408,30600.0,44400.0,1
Tiruppur,BC,1,1102000.0,1,0,74.89,110.2,Tier-1 (Autonomous),182000.0,25.2,4,0.4,0.36,0.38,69200.0,112800.0,1
Tiruppur,ST,0,189000.0,0,1,73.72,120.2,Tier-2 (Affiliated),122000.0,22.3,1,0.393,0.518,0.455,55600.0,66400.0,0
Cuddalore,ST,1,383000.0,0,1,77.77,132.5,Tier-2 (Affiliated),112000.0,25.7,0,0.26,0.331,0.296,33100.0,78900.0,1
Coimbatore,ST,0,207000.0,0,0,90.92,151.6,Tier-2 (Affiliated),108000.0,121.2,1,0.254,0.584,0.419,45200.0,62800.0,0
Erode,ST,0,140000.0,1,0,79.58,137.2,Tier-3 (Self-financing),84000.0,176.5,1,0.296,0.413,0.354,29800.0,54200.0,0
Tiruchirappalli,MBC,0,109000.0,1,0,80.09,125.4,Tier-2 (Affiliated),117000.0,55.4,0,0.346,0.423,0.385,45000.0,72000.0,0
Cuddalore,MBC,0,293000.0,1,0,84.37,124.1,Tier-2 (Affiliated),108000.0,4.4,2,0.337,0.409,0.373,40300.0,67700.0,0
Coimbatore,SC,1,672000.0,1,0,69.2,88.7,Tier-2 (Affiliated),106000.0,204.6,2,0.205,0.384,0.294,31200.0,74800.0,0
Namakkal,OC,0,538000.0,1,0,81.37,128.9,Tier-3 (Self-financing),78000.0,304.4,1,0.395,0.436,0.415,32400.0,45600.0,1
Karur,SC,0,108000.0,0,1,71.72,106.7,Tier-1 (Autonomous),173000.0,11.7,0,0.273,0.607,0.44,76100.0,96900.0,0
Villupuram,MBC,1,768000.0,0,1,92.71,146.6,Tier-2 (Affiliated),117000.0,12.8,2,0.488,0.479,0.483,56600.0,60400.0,0
Tirunelveli,MBC,0,219000.0,1,0,82.19,100.4,Tier-3 (Self-financing),81000.0,18.3,3,0.309,0.368,0.339,27400.0,53600.0,0
Chennai,BC,0,95000.0,1,0,84.93,113.1,Tier-2 (Affiliated),114000.0,3.7,1,0.121,0.388,0.254,29000.0,85000.0,0
Karur,BC,0,523000.0,0,0,57.61,99.8,Tier-3 (Self-financing),90000.0,20.5,0,0.253,0.533,0.393,35400.0,54600.0,0
Chennai,OC,0,232000.0,0,1,85.07,111.6,Tier-3 (Self-financing),77000.0,39.4,3,0.271,0.49,0.381,29300.0,47700.0,1
Coimbatore,MBC,1,1118000.0,0,1,76.22,119.1,Tier-2 (Affiliated),104000.0,12.6,1,0.336,0.249,0.293,30400.0,73600.0,1
Thoothukudi,BC,0,562000.0,0,0,63.63,89.3,Tier-1 (Autonomous),185000.0,24.3,1,0.19,0.487,0.338,62600.0,122400.0,1
Kanyakumari,BC,0,264000.0,1,0,78.95,112.9,Tier-3 (Self-financing),86000.0,40.2,1,0.164,0.588,0.376,32300.0,53700.0,1
Karur,BC,0,385000.0,1,0,62.82,101.8,Tier-3 (Self-financing),84000.0,84.3,0,0.29,0.508,0.399,33500.0,50500.0,1
Virudhunagar,MBC,0,986000.0,1,0,84.11,135.0,Tier-2 (Affiliated),114000.0,31.1,1,0.426,0.295,0.361,41100.0,72900.0,1
Coimbatore,BC,0,518000.0,0,1,92.34,155.9,Tier-3 (Self-financing),93000.0,5.0,1,0.297,0.276,0.286,26600.0,66400.0,1
Coimbatore,SC,0,222000.0,1,0,60.09,79.6,Tier-2 (Affiliated),110000.0,18.9,0,0.313,0.548,0.431,47400.0,62600.0,1
Erode,OC,0,1911000.0,0,0,77.7,111.1,Tier-2 (Affiliated),105000.0,10.9,1,0.361,0.166,0.264,27700.0,77300.0,0
Chennai,MBC,0,277000.0,0,1,76.35,139.0,Tier-3 (Self-financing),86000.0,103.0,0,0.313,0.429,0.371,31900.0,54100.0,0
Kanyakumari,BC,1,665000.0,1,0,58.1,89.6,Tier-2 (Affiliated),104000.0,56.3,0,0.122,0.294,0.208,21700.0,82300.0,1
Coimbatore,MBC,0,155000.0,1,0,87.17,145.0,Tier-3 (Self-financing),86000.0,31.7,0,0.422,0.537,0.48,41300.0,44700.0,0
Namakkal,MBC,0,104000.0,1,0,84.26,127.4,Tier-1 (Autonomous),180000.0,63.6,2,0.354,0.486,0.42,75600.0,104400.0,0
Kanyakumari,MBC,1,359000.0,0,0,98.26,164.0,Tier-2 (Affiliated),103000.0,224.5,1,0.523,0.493,0.508,52300.0,50700.0,1
Karur,MBC,0,266000.0,0,0,82.96,95.4,Tier-3 (Self-financing),82000.0,13.0,0,0.27,0.571,0.42,34500.0,47500.0,1
Salem,MBC,1,503000.0,1,0,69.21,128.0,Tier-2 (Affiliated),107000.0,9.2,2,0.393,0.397,0.395,42300.0,64700.0,1
Dindigul,BC,0,137000.0,1,0,83.14,126.2,Tier-3 (Self-financing),91000.0,26.9,2,0.251,0.693,0.472,42900.0,48100.0,0
Namakkal,MBC,1,604000.0,0,0,90.85,126.6,Tier-3 (Self-financing),78000.0,53.9,2,0.33,0.423,0.376,29300.0,48700.0,1
Nagapattinam,BC,1,306000.0,0,0,73.35,101.4,Tier-3 (Self-financing),79000.0,289.0,2,0.279,0.55,0.415,32800.0,46200.0,1
Thanjavur,MBC,0,363000.0,0,0,86.52,134.5,Tier-3 (Self-financing),82000.0,337.4,2,0.35,0.437,0.393,32200.0,49800.0,0
Tirunelveli,MBC,0,435000.0,0,0,54.45,85.5,Tier-3 (Self-financing),90000.0,24.2,1,0.248,0.511,0.38,34200.0,55800.0,0
Nagapattinam,SC,1,253000.0,0,1,92.75,150.5,Tier-1 (Autonomous),186000.0,80.7,1,0.511,0.428,0.47,87400.0,98600.0,1
Kanyakumari,MBC,1,247000.0,1,0,86.0,119.7,Tier-2 (Affiliated),112000.0,20.7,1,0.25,0.554,0.402,45000.0,67000.0,1
Dindigul,BC,0,699000.0,0,0,52.56,97.2,Tier-2 (Affiliated),116000.0,2.0,1,0.234,0.612,0.423,49100.0,66900.0,1
Chennai,BC,1,781000.0,1,0,81.83,123.1,Tier-3 (Self-financing),94000.0,15.7,2,0.286,0.31,0.298,28000.0,66000.0,1
Namakkal,OC,0,424000.0,1,0,58.13,84.4,Tier-3 (Self-financing),86000.0,98.5,1,0.158,0.281,0.219,18900.0,67100.0,0
Kanyakumari,MBC,1,942000.0,0,1,71.89,111.6,Tier-2 (Affiliated),104000.0,39.8,2,0.157,0.317,0.237,24600.0,79400.0,1
Thoothukudi,SC,0,204000.0,0,0,84.79,145.6,Tier-3 (Self-financing),84000.0,13.3,0,0.441,0.534,0.487,40900.0,43100.0,1
Thanjavur,SC,1,224000.0,1,0,76.64,122.1,Tier-2 (Affiliated),99000.0,29.3,0,0.554,0.513,0.534,52800.0,46200.0,1
Tiruchirappalli,MBC,0,150000.0,1,0,90.57,136.8,Tier-3 (Self-financing),88000.0,139.1,2,0.41,0.487,0.449,39500.0,48500.0,0
Tiruppur,BC,1,455000.0,1,0,78.64,121.0,Tier-2 (Affiliated),106000.0,69.4,0,0.504,0.547,0.526,55700.0,50300.0,0
Virudhunagar,SC,0,298000.0,0,1,77.63,142.5,Tier-2 (Affiliated),111000.0,33.0,3,0.5,0.455,0.478,53000.0,58000.0,0
Villupuram,OC,1,1353000.0,1,0,88.98,158.2,Tier-3 (Self-financing),84000.0,27.6,3,0.392,0.355,0.374,31400.0,52600.0,1
Coimbatore,BC,1,489000.0,1,0,74.62,124.9,Tier-2 (Affiliated),107000.0,18.0,2,0.369,0.424,0.396,42400.0,64600.0,0
Tirunelveli,SC,1,614000.0,0,0,77.75,126.6,Tier-3 (Self-financing),87000.0,70.6,0,0.404,0.358,0.381,33100.0,53900.0,1
Dindigul,BC,1,429000.0,0,0,79.07,161.2,Tier-3 (Self-financing),84000.0,69.7,1,0.522,0.475,0.499,41900.0,42100.0,1
Coimbatore,OC,1,410000.0,1,0,77.32,130.7,Tier-3 (Self-financing),80000.0,57.7,1,0.298,0.483,0.391,31200.0,48800.0,1
Kanyakumari,BC,1,235000.0,0,0,89.6,146.1,Tier-3 (Self-financing),76000.0,2.0,2,0.427,0.653,0.54,41000.0,35000.0,1
Madurai,MBC,0,197000.0,0,0,71.33,111.1,Tier-3 (Self-financing),88000.0,197.3,1,0.42,0.546,0.483,42500.0,45500.0,0
Cuddalore,BC,1,240000.0,1,0,69.7,116.9,Tier-1 (Autonomous),170000.0,45.7,0,0.182,0.525,0.354,60100.0,109900.0,0
Villupuram,MBC,1,1268000.0,0,1,67.38,62.1,Tier-2 (Affiliated),124000.0,155.5,3,0.196,0.311,0.253,31400.0,92600.0,1
Cuddalore,MBC,0,331000.0,1,0,56.58,105.9,Tier-1 (Autonomous),190000.0,168.3,2,0.362,0.44,0.401,76200.0,113800.0,0
Nagapattinam,BC,0,284000.0,1,0,92.84,129.5,Tier-2 (Affiliated),97000.0,135.3,3,0.214,0.475,0.344,33400.0,63600.0,1
Tirunelveli,BC,1,1245000.0,1,0,68.99,99.6,Tier-3 (Self-financing),90000.0,102.5,0,0.195,0.264,0.23,20700.0,69300.0,1
Virudhunagar,SC,1,154000.0,0,1,75.61,100.0,Tier-3 (Self-financing),94000.0,41.6,0,0.225,0.53,0.378,35500.0,58500.0,0
Thanjavur,BC,1,448000.0,0,1,93.58,138.7,Tier-2 (Affiliated),105000.0,2.0,1,0.454,0.339,0.397,41600.0,63400.0,0
Coimbatore,SC,1,946000.0,1,0,76.58,117.4,Tier-3 (Self-financing),88000.0,29.7,1,0.309,0.226,0.268,23500.0,64500.0,1
Vellore,MBC,0,240000.0,1,0,83.14,146.4,Tier-1 (Autonomous),179000.0,39.6,0,0.367,0.443,0.405,72400.0,106600.0,1
Erode,OC,1,2420000.0,0,1,63.79,121.4,Tier-3 (Self-financing),90000.0,8.6,2,0.329,0.007,0.168,15100.0,74900.0,0
Namakkal,MBC,1,647000.0,0,0,91.98,176.3,Tier-2 (Affiliated),106000.0,30.2,0,0.551,0.446,0.499,52900.0,53100.0,1
Tirunelveli,MBC,1,861000.0,0,1,76.78,124.4,Tier-1 (Autonomous),188000.0,6.6,1,0.32,0.335,0.328,61600.0,126400.0,1
Dindigul,MBC,1,875000.0,0,1,67.82,105.2,Tier-1 (Autonomous),179000.0,74.5,0,0.395,0.421,0.408,73000.0,106000.0,1
Thanjavur,SC,1,315000.0,1,0,67.81,120.2,Tier-3 (Self-financing),82000.0,84.1,3,0.321,0.437,0.379,31100.0,50900.0,0
Erode,ST,1,209000.0,1,0,94.9,139.0,Tier-2 (Affiliated),115000.0,106.2,4,0.444,0.684,0.564,64900.0,50100.0,0
Cuddalore,SC,1,296000.0,0,1,72.14,100.9,Tier-2 (Affiliated),117000.0,4.6,0,0.166,0.47,0.318,37200.0,79800.0,1
Erode,MBC,1,244000.0,1,0,68.03,103.3,Tier-2 (Affiliated),91000.0,39.1,2,0.288,0.533,0.41,37300.0,53700.0,0
Nagapattinam,MBC,1,405000.0,1,0,73.67,117.4,Tier-1 (Autonomous),157000.0,49.0,1,0.268,0.418,0.343,53900.0,103100.0,0
Tirunelveli,MBC,0,259000.0,1,0,78.45,94.5,Tier-1 (Autonomous),183000.0,7.6,0,0.187,0.464,0.326,59600.0,123400.0,0
Kanyakumari,BC,0,757000.0,1,0,79.52,143.2,Tier-1 (Autonomous),175000.0,179.4,0,0.523,0.435,0.479,83800.0,91200.0,1
Vellore,SC,1,437000.0,0,1,82.44,135.5,Tier-2 (Affiliated),99000.0,45.2,0,0.32,0.464,0.392,38800.0,60200.0,1
Chennai,SC,1,1155000.0,1,0,80.35,140.5,Tier-1 (Autonomous),177000.0,37.4,1,0.349,0.382,0.365,64700.0,112300.0,1
Madurai,BC,1,147000.0,0,1,84.47,111.6,Tier-2 (Affiliated),133000.0,67.0,0,0.15,0.602,0.376,50000.0,83000.0,0
Virudhunagar,ST,1,140000.0,0,1,75.27,110.5,Tier-2 (Affiliated),99000.0,64.1,0,0.213,0.687,0.45,44600.0,54400.0,1
Kanyakumari,SC,0,160000.0,1,0,98.72,147.2,Tier-2 (Affiliated),117000.0,63.5,3,0.278,0.576,0.427,50000.0,67000.0,0
Salem,MBC,0,591000.0,0,1,73.12,114.0,Tier-3 (Self-financing),79000.0,39.3,3,0.391,0.437,0.414,32700.0,46300.0,1
Theni,ST,1,257000.0,1,0,91.52,145.9,Tier-1 (Autonomous),168000.0,5.0,0,0.438,0.467,0.453,76000.0,92000.0,0
Tiruppur,BC,1,215000.0,0,1,72.01,128.3,Tier-2 (Affiliated),105000.0,12.9,1,0.411,0.452,0.432,45300.0,59700.0,1
Madurai,OC,0,341000.0,0,1,63.72,103.4,Tier-1 (Autonomous),169000.0,104.4,1,0.296,0.45,0.373,63100.0,105900.0,1
Dindigul,BC,0,155000.0,1,0,61.33,87.0,Tier-3 (Self-financing),72000.0,18.6,1,0.124,0.537,0.331,23800.0,48200.0,0
Cuddalore,MBC,0,121000.0,0,0,81.04,162.5,Tier-3 (Self-financing),79000.0,31.9,5,0.533,0.62,0.576,45500.0,33500.0,0
Thoothukudi,BC,1,1450000.0,0,1,89.62,139.4,Tier-1 (Autonomous),171000.0,66.8,1,0.371,0.295,0.333,56900.0,114100.0,1
Virudhunagar,ST,1,225000.0,0,0,66.49,92.8,Tier-1 (Autonomous),179000.0,48.4,1,0.268,0.483,0.376,67200.0,111800.0,1
Coimbatore,BC,0,329000.0,1,0,69.23,82.5,Tier-1 (Autonomous),181000.0,270.5,1,0.0,0.39,0.195,35300.0,145700.0,1
Salem,BC,0,284000.0,1,0,81.86,132.3,Tier-1 (Autonomous),174000.0,61.0,3,0.266,0.431,0.348,60600.0,113400.0,0
Thanjavur,MBC,1,366000.0,0,1,77.97,135.1,Tier-1 (Autonomous),185000.0,5.9,1,0.315,0.495,0.405,74900.0,110100.0,0
Tiruchirappalli,OC,1,397000.0,1,0,72.14,98.3,Tier-1 (Autonomous),175000.0,105.5,0,0.266,0.517,0.391,68500.0,106500.0,0
Tiruppur,SC,1,266000.0,1,0,65.21,113.7,Tier-1 (Autonomous),179000.0,41.4,1,0.169,0.573,0.371,66500.0,112500.0,0
Chennai,BC,0,360000.0,0,1,81.09,131.0,Tier-1 (Autonomous),163000.0,113.0,3,0.538,0.555,0.547,89100.0,73900.0,0
Madurai,ST,0,369000.0,0,0,84.53,108.6,Tier-2 (Affiliated),111000.0,182.4,2,0.378,0.397,0.388,43000.0,68000.0,0
Chennai,MBC,0,438000.0,1,0,82.92,142.1,Tier-2 (Affiliated),128000.0,45.9,1,0.5,0.409,0.454,58100.0,69900.0,0
Tirunelveli,OC,1,322000.0,0,1,78.27,121.3,Tier-2 (Affiliated),116000.0,2.0,3,0.437,0.555,0.496,57600.0,58400.0,1
Nagapattinam,OC,0,672000.0,1,0,67.44,91.0,Tier-3 (Self-financing),84000.0,20.0,2,0.259,0.502,0.38,31900.0,52100.0,1
Tiruchirappalli,OC,1,818000.0,0,1,81.15,144.2,Tier-2 (Affiliated),101000.0,2.4,4,0.313,0.389,0.351,35400.0,65600.0,1
Thoothukudi,ST,1,194000.0,1,0,80.4,142.7,Tier-2 (Affiliated),123000.0,39.5,0,0.434,0.64,0.537,66100.0,56900.0,0
Tirunelveli,MBC,1,464000.0,0,0,64.87,86.6,Tier-3 (Self-financing),84000.0,107.6,2,0.16,0.551,0.356,29900.0,54100.0,1
Chennai,MBC,0,356000.0,1,0,74.98,124.4,Tier-2 (Affiliated),105000.0,35.2,0,0.315,0.534,0.424,44600.0,60400.0,1
Erode,BC,0,307000.0,1,0,81.66,133.7,Tier-1 (Autonomous),175000.0,98.5,2,0.434,0.518,0.476,83300.0,91700.0,0
Karur,SC,1,410000.0,0,1,77.22,122.5,Tier-2 (Affiliated),127000.0,41.5,1,0.281,0.333,0.307,39000.0,88000.0,1
Madurai,BC,0,186000.0,0,0,58.39,85.7,Tier-2 (Affiliated),109000.0,34.6,2,0.147,0.439,0.293,32000.0,77000.0,0
Coimbatore,SC,1,943000.0,1,0,71.6,112.3,Tier-2 (Affiliated),114000.0,22.6,1,0.367,0.358,0.363,41300.0,72700.0,1
Virudhunagar,SC,0,67000.0,0,1,70.93,127.6,Tier-3 (Self-financing),83000.0,167.1,0,0.279,0.666,0.473,39200.0,43800.0,0
Tiruppur,BC,1,664000.0,0,0,83.59,139.9,Tier-2 (Affiliated),109000.0,69.6,0,0.363,0.526,0.445,48500.0,60500.0,1
Erode,MBC,1,514000.0,1,0,99.9,130.9,Tier-3 (Self-financing),82000.0,107.2,3,0.349,0.393,0.371,30400.0,51600.0,1
Nagapattinam,BC,0,426000.0,0,0,79.34,94.8,Tier-2 (Affiliated),121000.0,60.8,4,0.275,0.544,0.41,49600.0,71400.0,0
Virudhunagar,BC,1,327000.0,0,1,66.02,77.8,Tier-1 (Autonomous),180000.0,56.8,2,0.227,0.415,0.321,57800.0,122200.0,0
Vellore,ST,1,519000.0,0,0,76.39,101.9,Tier-2 (Affiliated),99000.0,29.8,1,0.201,0.239,0.22,21800.0,77200.0,1
Tiruppur,MBC,1,396000.0,0,1,78.11,113.6,Tier-2 (Affiliated),113000.0,27.5,1,0.161,0.627,0.394,44500.0,68500.0,1
Chennai,SC,0,102000.0,1,0,85.57,130.1,Tier-3 (Self-financing),84000.0,31.4,0,0.456,0.352,0.404,33900.0,50100.0,1
Erode,MBC,0,142000.0,0,1,90.42,143.7,Tier-3 (Self-financing),88000.0,33.3,1,0.221,0.294,0.258,22700.0,65300.0,1
Tiruppur,BC,1,517000.0,0,1,91.91,146.5,Tier-2 (Affiliated),107000.0,20.0,1,0.444,0.468,0.456,48800.0,58200.0,0
Tiruchirappalli,SC,0,81000.0,1,0,83.37,132.7,Tier-3 (Self-financing),81000.0,3.5,1,0.359,0.509,0.434,35100.0,45900.0,0
Thoothukudi,MBC,1,1131000.0,1,0,77.99,141.9,Tier-2 (Affiliated),117000.0,36.6,1,0.416,0.356,0.386,45200.0,71800.0,1
Thoothukudi,BC,0,532000.0,0,1,92.83,123.4,Tier-3 (Self-financing),100000.0,42.7,2,0.354,0.594,0.474,47400.0,52600.0,1
Tirunelveli,BC,1,1319000.0,1,0,74.52,124.2,Tier-1 (Autonomous),165000.0,2.2,2,0.313,0.369,0.341,56300.0,108700.0,1
Vellore,MBC,0,670000.0,1,0,78.54,130.6,Tier-3 (Self-financing),86000.0,4.0,1,0.348,0.463,0.406,34900.0,51100.0,1
Tiruchirappalli,SC,1,260000.0,0,0,75.57,102.0,Tier-2 (Affiliated),106000.0,88.7,1,0.281,0.429,0.355,37600.0,68400.0,0
Namakkal,BC,0,185000.0,0,0,56.69,98.7,Tier-2 (Affiliated),103000.0,162.7,0,0.264,0.474,0.369,38000.0,65000.0,1
Madurai,SC,0,60000.0,1,0,90.72,150.7,Tier-3 (Self-financing),68000.0,6.8,1,0.204,0.585,0.394,26800.0,41200.0,0
Vellore,BC,0,239000.0,0,1,84.76,135.0,Tier-2 (Affiliated),113000.0,33.9,2,0.365,0.469,0.417,47100.0,65900.0,0
Tiruppur,BC,1,1276000.0,0,1,54.3,50.6,Tier-2 (Affiliated),106000.0,13.0,1,0.137,0.364,0.25,26500.0,79500.0,1
Theni,BC,0,190000.0,1,0,88.02,155.3,Tier-3 (Self-financing),81000.0,43.3,2,0.384,0.531,0.458,37100.0,43900.0,0
Tiruppur,SC,1,281000.0,0,1,74.97,123.4,Tier-1 (Autonomous),190000.0,10.7,0,0.367,0.479,0.423,80400.0,109600.0,0
Salem,BC,0,220000.0,0,1,87.89,146.7,Tier-2 (Affiliated),106000.0,304.0,2,0.494,0.597,0.545,57800.0,48200.0,1
Nagapattinam,MBC,1,516000.0,0,0,78.76,75.2,Tier-3 (Self-financing),81000.0,2.0,0,0.167,0.429,0.298,24200.0,56800.0,1
Cuddalore,BC,1,980000.0,1,0,64.43,95.1,Tier-2 (Affiliated),99000.0,102.9,0,0.24,0.249,0.244,24200.0,74800.0,1
Nagapattinam,MBC,0,112000.0,1,0,78.26,103.7,Tier-2 (Affiliated),103000.0,92.5,0,0.152,0.627,0.389,40100.0,62900.0,0
Dindigul,SC,0,93000.0,0,0,69.02,129.8,Tier-1 (Autonomous),192000.0,35.2,1,0.345,0.532,0.439,84200.0,107800.0,0
Kanyakumari,BC,0,677000.0,0,1,65.77,88.7,Tier-2 (Affiliated),115000.0,11.1,2,0.247,0.399,0.323,37200.0,77800.0,1
Vellore,ST,1,409000.0,1,0,86.67,160.9,Tier-3 (Self-financing),95000.0,220.4,2,0.427,0.46,0.443,42100.0,52900.0,1
Virudhunagar,OC,1,546000.0,1,0,81.92,145.4,Tier-2 (Affiliated),103000.0,25.3,2,0.376,0.397,0.387,39900.0,63100.0,1
Salem,BC,0,765000.0,1,0,92.98,152.1,Tier-1 (Autonomous),183000.0,37.9,3,0.472,0.609,0.541,99000.0,84000.0,1
Salem,MBC,1,198000.0,0,0,74.06,135.5,Tier-2 (Affiliated),118000.0,20.5,1,0.401,0.407,0.404,47700.0,70300.0,1
Namakkal,SC,1,526000.0,0,1,68.37,95.2,Tier-2 (Affiliated),115000.0,61.6,1,0.267,0.476,0.372,42700.0,72300.0,1
Tiruppur,BC,1,465000.0,0,1,84.39,123.5,Tier-3 (Self-financing),98000.0,17.8,3,0.204,0.475,0.34,33300.0,64700.0,1
Karur,MBC,1,586000.0,1,0,69.66,125.3,Tier-3 (Self-financing),88000.0,145.9,1,0.37,0.5,0.435,38300.0,49700.0,1
Tirunelveli,BC,1,130000.0,1,0,74.9,105.7,Tier-1 (Autonomous),180000.0,62.2,3,0.139,0.496,0.318,57200.0,122800.0,0
Kanyakumari,MBC,1,364000.0,0,1,83.25,113.3,Tier-2 (Affiliated),91000.0,261.8,1,0.272,0.578,0.425,38700.0,52300.0,0
Erode,MBC,1,630000.0,1,0,76.74,118.0,Tier-3 (Self-financing),88000.0,39.3,3,0.466,0.4,0.433,38100.0,49900.0,1
Namakkal,ST,0,163000.0,1,0,73.11,103.7,Tier-2 (Affiliated),115000.0,65.0,4,0.305,0.479,0.392,45100.0,69900.0,0
Villupuram,MBC,1,838000.0,1,0,63.97,130.3,Tier-2 (Affiliated),119000.0,108.2,3,0.38,0.393,0.386,46000.0,73000.0,0
Namakkal,MBC,1,822000.0,0,1,87.37,151.4,Tier-2 (Affiliated),104000.0,202.5,2,0.362,0.417,0.389,40500.0,63500.0,1
Cuddalore,MBC,1,248000.0,0,1,74.32,110.3,Tier-2 (Affiliated),110000.0,61.1,3,0.407,0.589,0.498,54800.0,55200.0,0
Villupuram,BC,0,470000.0,1,0,84.18,119.7,Tier-3 (Self-financing),72000.0,23.3,2,0.341,0.354,0.348,25100.0,46900.0,0
Thoothukudi,BC,1,280000.0,0,1,82.86,137.7,Tier-3 (Self-financing),72000.0,89.2,0,0.195,0.569,0.382,27500.0,44500.0,1
Dindigul,ST,0,174000.0,0,1,88.91,160.1,Tier-1 (Autonomous),184000.0,55.6,2,0.405,0.595,0.5,92000.0,92000.0,0
Thanjavur,BC,1,693000.0,0,1,75.64,125.4,Tier-3 (Self-financing),95000.0,4.2,1,0.359,0.473,0.416,39500.0,55500.0,0
Tiruchirappalli,SC,0,123000.0,0,0,74.52,105.0,Tier-3 (Self-financing),95000.0,77.4,2,0.247,0.521,0.384,36500.0,58500.0,0
Namakkal,BC,1,745000.0,0,0,66.92,85.5,Tier-2 (Affiliated),114000.0,9.4,1,0.283,0.365,0.324,36900.0,77100.0,0
Villupuram,SC,0,148000.0,1,0,72.57,110.4,Tier-3 (Self-financing),101000.0,53.2,0,0.193,0.561,0.377,38100.0,62900.0,1
Dindigul,BC,0,217000.0,1,0,81.41,135.0,Tier-2 (Affiliated),107000.0,115.8,2,0.385,0.526,0.455,48700.0,58300.0,1
Erode,ST,0,249000.0,0,1,69.83,104.7,Tier-2 (Affiliated),117000.0,10.8,0,0.213,0.383,0.298,34900.0,82100.0,0
Madurai,MBC,0,164000.0,1,0,81.16,145.0,Tier-3 (Self-financing),74000.0,26.0,1,0.418,0.591,0.505,37300.0,36700.0,0
Vellore,OC,0,239000.0,1,0,92.67,156.2,Tier-3 (Self-financing),60000.0,16.6,2,0.401,0.449,0.425,25500.0,34500.0,1
Salem,MBC,1,745000.0,1,0,73.55,121.2,Tier-2 (Affiliated),106000.0,41.7,0,0.327,0.353,0.34,36000.0,70000.0,0
Thoothukudi,MBC,1,446000.0,1,0,64.86,111.4,Tier-2 (Affiliated),109000.0,2.6,1,0.408,0.549,0.478,52100.0,56900.0,0
Namakkal,BC,1,217000.0,1,0,73.87,97.4,Tier-2 (Affiliated),112000.0,82.7,2,0.111,0.521,0.316,35400.0,76600.0,0
Madurai,BC,1,773000.0,1,0,63.77,94.6,Tier-3 (Self-financing),84000.0,4.8,2,0.393,0.386,0.389,32700.0,51300.0,1
Coimbatore,SC,0,156000.0,0,0,91.34,130.5,Tier-2 (Affiliated),113000.0,79.1,0,0.633,0.49,0.562,63500.0,49500.0,1
Kanyakumari,SC,1,146000.0,1,0,78.85,131.9,Tier-2 (Affiliated),124000.0,20.3,1,0.319,0.503,0.411,51000.0,73000.0,0
Villupuram,BC,1,122000.0,0,0,70.72,97.8,Tier-3 (Self-financing),91000.0,89.2,4,0.351,0.524,0.438,39800.0,51200.0,0
Nagapattinam,SC,0,320000.0,1,0,72.4,117.1,Tier-3 (Self-financing),79000.0,12.2,3,0.379,0.62,0.499,39500.0,39500.0,1
Madurai,BC,1,301000.0,0,1,66.18,103.4,Tier-2 (Affiliated),90000.0,110.4,1,0.321,0.337,0.329,29600.0,60400.0,1
Coimbatore,OC,1,318000.0,0,0,88.11,150.0,Tier-3 (Self-financing),76000.0,145.5,1,0.363,0.689,0.526,40000.0,36000.0,0
Tiruchirappalli,MBC,1,597000.0,1,0,96.37,136.2,Tier-1 (Autonomous),191000.0,8.3,4,0.299,0.621,0.46,87800.0,103200.0,1
Nagapattinam,OC,1,981000.0,1,0,63.06,107.7,Tier-3 (Self-financing),81000.0,9.6,1,0.236,0.329,0.283,22900.0,58100.0,1
Nagapattinam,BC,0,194000.0,0,1,88.43,125.4,Tier-2 (Affiliated),115000.0,201.4,3,0.303,0.527,0.415,47700.0,67300.0,0
Virudhunagar,MBC,1,694000.0,1,0,75.54,106.4,Tier-3 (Self-financing),90000.0,43.1,1,0.171,0.429,0.3,27000.0,63000.0,1
Coimbatore,BC,0,926000.0,0,0,90.67,142.9,Tier-3 (Self-financing),85000.0,6.0,2,0.335,0.454,0.395,33600.0,51400.0,1
Tiruchirappalli,BC,1,1013000.0,0,1,59.66,113.4,Tier-3 (Self-financing),84000.0,50.5,0,0.375,0.363,0.369,31000.0,53000.0,1
Villupuram,SC,0,375000.0,1,0,80.25,115.8,Tier-2 (Affiliated),105000.0,71.2,1,0.426,0.507,0.467,49000.0,56000.0,1
Villupuram,MBC,1,499000.0,0,1,73.92,91.6,Tier-3 (Self-financing),103000.0,7.9,1,0.145,0.547,0.346,35600.0,67400.0,1
Karur,SC,1,247000.0,0,0,84.59,121.2,Tier-2 (Affiliated),102000.0,39.1,1,0.517,0.347,0.432,44100.0,57900.0,0
Madurai,MBC,0,252000.0,0,1,78.61,120.0,Tier-2 (Affiliated),119000.0,78.8,1,0.203,0.488,0.346,41100.0,77900.0,1
Coimbatore,MBC,0,331000.0,0,0,78.22,153.2,Tier-3 (Self-financing),92000.0,119.7,0,0.34,0.504,0.422,38800.0,53200.0,0
Coimbatore,BC,0,150000.0,1,0,76.94,128.9,Tier-3 (Self-financing),90000.0,15.9,0,0.198,0.495,0.347,31200.0,58800.0,0
Cuddalore,SC,1,206000.0,0,0,93.62,138.5,Tier-2 (Affiliated),109000.0,3.0,1,0.238,0.374,0.306,33400.0,75600.0,0
Virudhunagar,BC,1,220000.0,1,0,76.25,119.9,Tier-1 (Autonomous),168000.0,23.5,1,0.409,0.511,0.46,77200.0,90800.0,1
Theni,BC,0,340000.0,1,0,86.64,162.2,Tier-2 (Affiliated),101000.0,4.4,0,0.428,0.44,0.434,43800.0,57200.0,1
Tirunelveli,SC,1,330000.0,0,0,84.29,131.3,Tier-1 (Autonomous),174000.0,58.1,1,0.354,0.451,0.403,70100.0,103900.0,0
Nagapattinam,SC,1,220000.0,1,0,86.89,135.6,Tier-1 (Autonomous),183000.0,122.7,1,0.344,0.506,0.425,77800.0,105200.0,0
Coimbatore,MBC,1,660000.0,0,1,67.85,102.5,Tier-3 (Self-financing),92000.0,71.5,0,0.148,0.286,0.217,20000.0,72000.0,1
Virudhunagar,OC,1,355000.0,0,0,85.07,146.6,Tier-2 (Affiliated),113000.0,61.4,0,0.269,0.458,0.363,41000.0,72000.0,1
Kanyakumari,BC,0,205000.0,1,0,81.37,122.3,Tier-1 (Autonomous),182000.0,71.5,1,0.143,0.456,0.299,54500.0,127500.0,0
Karur,MBC,0,399000.0,1,0,66.11,118.9,Tier-2 (Affiliated),118000.0,77.0,3,0.284,0.369,0.327,38500.0,79500.0,0
Kanyakumari,SC,0,325000.0,0,1,75.88,137.3,Tier-2 (Affiliated),93000.0,137.2,1,0.404,0.527,0.465,43300.0,49700.0,1
Tiruppur,MBC,0,168000.0,1,0,99.9,169.0,Tier-1 (Autonomous),162000.0,58.2,2,0.405,0.415,0.41,66400.0,95600.0,0
Dindigul,OC,1,716000.0,1,0,74.08,115.2,Tier-3 (Self-financing),73000.0,101.8,2,0.109,0.454,0.281,20500.0,52500.0,1
Erode,BC,1,315000.0,0,0,74.32,97.9,Tier-1 (Autonomous),187000.0,69.9,3,0.302,0.559,0.431,80500.0,106500.0,0
Villupuram,MBC,0,233000.0,1,0,82.51,128.7,Tier-1 (Autonomous),164000.0,94.1,1,0.422,0.496,0.459,75200.0,88800.0,0
Cuddalore,MBC,1,455000.0,0,0,72.59,106.1,Tier-2 (Affiliated),110000.0,9.2,2,0.144,0.549,0.346,38100.0,71900.0,0
Tiruchirappalli,OC,0,531000.0,0,1,79.4,115.4,Tier-3 (Self-financing),78000.0,70.3,3,0.193,0.632,0.412,32200.0,45800.0,0
Thoothukudi,OC,0,464000.0,0,1,73.51,114.0,Tier-1 (Autonomous),181000.0,235.6,3,0.346,0.505,0.426,77000.0,104000.0,0
Coimbatore,BC,1,561000.0,0,1,82.02,138.4,Tier-2 (Affiliated),109000.0,187.8,1,0.215,0.416,0.315,34400.0,74600.0,1
Tiruppur,OC,1,348000.0,1,0,77.38,114.5,Tier-3 (Self-financing),87000.0,14.9,1,0.175,0.577,0.376,32700.0,54300.0,1
Tiruchirappalli,MBC,1,520000.0,0,1,97.52,135.4,Tier-2 (Affiliated),107000.0,31.5,0,0.476,0.293,0.385,41200.0,65800.0,1
Cuddalore,BC,0,405000.0,0,1,78.46,111.2,Tier-1 (Autonomous),186000.0,62.0,2,0.231,0.658,0.445,82700.0,103300.0,0
Thanjavur,MBC,0,380000.0,0,1,75.77,146.6,Tier-3 (Self-financing),97000.0,28.7,1,0.402,0.484,0.443,43000.0,54000.0,1
Thanjavur,SC,0,131000.0,0,1,88.29,149.5,Tier-2 (Affiliated),120000.0,15.3,0,0.315,0.547,0.431,51700.0,68300.0,1
Cuddalore,ST,1,452000.0,1,0,64.09,88.2,Tier-3 (Self-financing),82000.0,7.1,0,0.285,0.337,0.311,25500.0,56500.0,1
Nagapattinam,ST,0,82000.0,0,0,94.92,171.2,Tier-1 (Autonomous),173000.0,72.9,1,0.479,0.607,0.543,94000.0,79000.0,1
Vellore,BC,1,381000.0,0,1,68.12,105.4,Tier-1 (Autonomous),182000.0,25.4,2,0.335,0.485,0.41,74600.0,107400.0,1
Thoothukudi,OC,0,335000.0,0,0,89.92,178.0,Tier-1 (Autonomous),196000.0,32.6,3,0.467,0.474,0.47,92200.0,103800.0,0
Dindigul,BC,1,241000.0,0,0,92.57,152.0,Tier-2 (Affiliated),110000.0,3.8,2,0.326,0.453,0.389,42800.0,67200.0,1
Tiruchirappalli,SC,0,166000.0,1,0,72.74,124.9,Tier-2 (Affiliated),117000.0,17.9,2,0.312,0.447,0.379,44400.0,72600.0,0
Chennai,OC,1,712000.0,0,1,73.7,130.5,Tier-2 (Affiliated),116000.0,2.0,1,0.273,0.352,0.312,36200.0,79800.0,1
Salem,BC,1,177000.0,1,0,76.91,145.3,Tier-2 (Affiliated),116000.0,49.4,2,0.352,0.386,0.369,42700.0,73300.0,1
Cuddalore,BC,1,389000.0,1,0,84.22,128.2,Tier-2 (Affiliated),120000.0,75.9,1,0.265,0.49,0.377,45300.0,74700.0,0
Namakkal,BC,1,185000.0,0,1,68.02,129.8,Tier-2 (Affiliated),99000.0,115.8,0,0.237,0.641,0.439,43400.0,55600.0,1
Erode,SC,1,968000.0,0,0,76.91,113.7,Tier-1 (Autonomous),172000.0,7.1,0,0.344,0.392,0.368,63300.0,108700.0,1
Dindigul,MBC,0,292000.0,0,1,74.87,114.4,Tier-2 (Affiliated),110000.0,2.0,1,0.322,0.427,0.374,41200.0,68800.0,0
Virudhunagar,MBC,1,450000.0,0,0,66.49,106.5,Tier-3 (Self-financing),95000.0,10.2,1,0.175,0.488,0.332,31500.0,63500.0,0
Tiruppur,ST,1,310000.0,0,1,67.55,121.9,Tier-3 (Self-financing),95000.0,242.6,0,0.453,0.277,0.365,34700.0,60300.0,1
Coimbatore,OC,1,878000.0,1,0,79.28,121.9,Tier-1 (Autonomous),180000.0,42.8,3,0.251,0.514,0.383,68900.0,111100.0,0
Chennai,BC,1,827000.0,0,0,79.11,151.3,Tier-2 (Affiliated),118000.0,27.5,1,0.481,0.343,0.412,48700.0,69300.0,1
Dindigul,BC,0,127000.0,0,1,70.36,132.5,Tier-2 (Affiliated),107000.0,78.1,1,0.138,0.566,0.352,37700.0,69300.0,0
Thanjavur,MBC,1,863000.0,1,0,78.79,126.7,Tier-2 (Affiliated),103000.0,24.4,0,0.304,0.376,0.34,35000.0,68000.0,1
Kanyakumari,MBC,0,516000.0,1,0,71.53,100.0,Tier-2 (Affiliated),99000.0,13.5,2,0.084,0.495,0.29,28700.0,70300.0,0
Tiruppur,OC,0,376000.0,0,1,91.07,160.7,Tier-3 (Self-financing),84000.0,145.1,1,0.378,0.663,0.52,43700.0,40300.0,1
Nagapattinam,ST,0,158000.0,0,1,76.97,91.7,Tier-3 (Self-financing),82000.0,142.8,1,0.236,0.348,0.292,24000.0,58000.0,1
Tiruppur,BC,1,88000.0,0,0,88.98,153.5,Tier-2 (Affiliated),118000.0,57.9,2,0.445,0.553,0.499,58900.0,59100.0,0
Erode,BC,0,151000.0,1,0,61.07,85.4,Tier-2 (Affiliated),115000.0,16.7,0,0.12,0.543,0.332,38100.0,76900.0,0
Cuddalore,MBC,1,559000.0,1,0,81.23,148.8,Tier-2 (Affiliated),110000.0,38.4,3,0.409,0.41,0.409,45000.0,65000.0,1
Theni,ST,1,528000.0,0,1,83.96,113.5,Tier-2 (Affiliated),110000.0,49.1,1,0.305,0.387,0.346,38100.0,71900.0,1
Karur,MBC,1,627000.0,0,1,76.62,112.7,Tier-3 (Self-financing),82000.0,6.2,1,0.227,0.504,0.365,29900.0,52100.0,1
Tiruchirappalli,ST,0,162000.0,0,0,72.61,122.7,Tier-1 (Autonomous),166000.0,2.0,0,0.367,0.515,0.441,73300.0,92700.0,0
Theni,BC,1,1393000.0,1,0,76.46,131.4,Tier-1 (Autonomous),171000.0,101.1,1,0.355,0.277,0.316,54000.0,117000.0,1
Tirunelveli,MBC,0,452000.0,0,1,85.42,127.3,Tier-3 (Self-financing),91000.0,4.9,3,0.286,0.437,0.362,32900.0,58100.0,1
Nagapattinam,SC,0,157000.0,0,0,65.89,100.4,Tier-2 (Affiliated),109000.0,37.7,3,0.381,0.507,0.444,48400.0,60600.0,0
Nagapattinam,MBC,1,1395000.0,0,0,85.0,150.3,Tier-3 (Self-financing),75000.0,16.7,0,0.379,0.326,0.352,26400.0,48600.0,1
Theni,BC,0,164000.0,1,0,81.18,145.0,Tier-2 (Affiliated),121000.0,19.9,3,0.306,0.563,0.435,52600.0,68400.0,0
Villupuram,ST,1,122000.0,0,0,75.39,115.3,Tier-1 (Autonomous),194000.0,28.5,2,0.366,0.464,0.415,80500.0,113500.0,0
Namakkal,BC,0,237000.0,1,0,75.82,112.2,Tier-1 (Autonomous),190000.0,180.4,2,0.326,0.479,0.403,76500.0,113500.0,0
Chennai,BC,1,318000.0,0,1,78.62,105.3,Tier-3 (Self-financing),88000.0,66.7,2,0.089,0.569,0.329,29000.0,59000.0,1
Theni,SC,0,160000.0,0,1,94.59,155.1,Tier-2 (Affiliated),112000.0,155.5,1,0.269,0.653,0.461,51700.0,60300.0,0
Nagapattinam,ST,1,423000.0,0,0,81.48,142.6,Tier-1 (Autonomous),180000.0,28.3,6,0.422,0.602,0.512,92100.0,87900.0,0
Madurai,ST,1,268000.0,0,1,68.57,112.0,Tier-2 (Affiliated),111000.0,52.8,3,0.219,0.626,0.422,46900.0,64100.0,0
Madurai,SC,0,194000.0,0,0,73.65,104.0,Tier-3 (Self-financing),90000.0,3.0,1,0.271,0.528,0.4,36000.0,54000.0,0
Tirunelveli,OC,1,651000.0,0,1,66.55,133.3,Tier-2 (Affiliated),116000.0,49.8,0,0.319,0.505,0.412,47800.0,68200.0,1
Virudhunagar,ST,0,60000.0,0,0,59.1,63.0,Tier-3 (Self-financing),89000.0,135.3,2,0.145,0.568,0.356,31700.0,57300.0,1
Namakkal,MBC,1,183000.0,0,1,66.38,119.4,Tier-3 (Self-financing),59000.0,6.3,1,0.362,0.455,0.409,24100.0,34900.0,0
Thoothukudi,MBC,1,340000.0,1,0,79.2,130.0,Tier-1 (Autonomous),189000.0,12.5,1,0.189,0.474,0.331,62600.0,126400.0,1
Kanyakumari,BC,1,304000.0,0,0,90.74,152.2,Tier-3 (Self-financing),87000.0,12.4,2,0.337,0.474,0.405,35300.0,51700.0,1
Tiruppur,SC,0,172000.0,1,0,87.96,128.9,Tier-2 (Affiliated),99000.0,31.8,0,0.463,0.59,0.527,52100.0,46900.0,0
Cuddalore,MBC,1,909000.0,1,0,66.45,104.0,Tier-3 (Self-financing),87000.0,29.7,1,0.282,0.436,0.359,31200.0,55800.0,1
Erode,SC,1,302000.0,1,0,70.02,116.4,Tier-2 (Affiliated),112000.0,47.0,4,0.347,0.483,0.415,46400.0,65600.0,1
Coimbatore,BC,1,233000.0,0,1,68.61,108.5,Tier-2 (Affiliated),97000.0,54.0,0,0.449,0.486,0.468,45400.0,51600.0,1
Vellore,BC,0,193000.0,1,0,52.18,56.6,Tier-3 (Self-financing),80000.0,212.6,2,0.175,0.458,0.316,25300.0,54700.0,1
Tiruppur,MBC,0,666000.0,1,0,76.32,147.8,Tier-1 (Autonomous),171000.0,50.2,3,0.411,0.393,0.402,68800.0,102200.0,0
Tiruchirappalli,OC,1,1464000.0,0,0,86.03,147.4,Tier-2 (Affiliated),102000.0,2.0,0,0.31,0.255,0.283,28800.0,73200.0,1
Salem,MBC,1,583000.0,0,1,75.48,121.3,Tier-2 (Affiliated),115000.0,2.0,0,0.418,0.462,0.44,50600.0,64400.0,1
Chennai,BC,1,205000.0,0,0,65.32,106.0,Tier-1 (Autonomous),175000.0,39.9,0,0.366,0.519,0.443,77500.0,97500.0,0
Karur,MBC,1,497000.0,0,1,69.55,136.5,Tier-2 (Affiliated),111000.0,458.8,1,0.386,0.388,0.387,43000.0,68000.0,1
Kanyakumari,OC,1,778000.0,0,1,74.71,108.4,Tier-3 (Self-financing),91000.0,21.6,0,0.425,0.359,0.392,35700.0,55300.0,1
Virudhunagar,BC,1,490000.0,0,1,85.7,122.6,Tier-2 (Affiliated),107000.0,20.0,2,0.349,0.445,0.397,42500.0,64500.0,1
Vellore,MBC,1,307000.0,1,0,76.17,134.6,Tier-1 (Autonomous),186000.0,6.5,1,0.374,0.53,0.452,84100.0,101900.0,1
Tiruppur,BC,0,245000.0,0,0,84.35,141.9,Tier-3 (Self-financing),96000.0,21.7,3,0.491,0.462,0.477,45800.0,50200.0,1
Thoothukudi,BC,1,340000.0,0,1,77.19,108.4,Tier-2 (Affiliated),117000.0,10.7,3,0.316,0.366,0.341,39900.0,77100.0,0
Tiruppur,BC,0,159000.0,1,0,80.37,144.9,Tier-3 (Self-financing),90000.0,95.9,1,0.467,0.43,0.448,40300.0,49700.0,0
Tirunelveli,BC,1,1024000.0,0,1,68.6,114.2,Tier-1 (Autonomous),187000.0,67.1,0,0.125,0.375,0.25,46800.0,140200.0,0
Erode,MBC,1,682000.0,0,0,71.14,100.4,Tier-2 (Affiliated),113000.0,10.0,1,0.277,0.454,0.365,41300.0,71700.0,1
Karur,BC,1,413000.0,0,1,65.44,112.1,Tier-3 (Self-financing),92000.0,2.9,0,0.25,0.422,0.336,30900.0,61100.0,1
Thanjavur,BC,0,363000.0,0,1,84.02,139.5,Tier-1 (Autonomous),171000.0,4.6,1,0.341,0.4,0.37,63300.0,107700.0,1
Virudhunagar,MBC,1,520000.0,0,0,75.09,118.8,Tier-2 (Affiliated),109000.0,5.9,1,0.294,0.336,0.315,34300.0,74700.0,0
Kanyakumari,MBC,0,943000.0,0,1,45.0,77.8,Tier-1 (Autonomous),183000.0,196.0,3,0.113,0.257,0.185,33800.0,149200.0,0
Chennai,MBC,0,420000.0,1,0,82.81,141.9,Tier-1 (Autonomous),179000.0,8.7,2,0.452,0.437,0.445,79600.0,99400.0,1
Karur,BC,1,764000.0,1,0,87.74,154.1,Tier-2 (Affiliated),130000.0,10.1,1,0.341,0.275,0.308,40000.0,90000.0,1
Vellore,ST,1,279000.0,0,0,69.88,113.4,Tier-2 (Affiliated),108000.0,6.7,3,0.149,0.508,0.329,35500.0,72500.0,1
Namakkal,BC,0,235000.0,1,0,82.8,128.4,Tier-2 (Affiliated),96000.0,7.6,1,0.335,0.545,0.44,42200.0,53800.0,0
Tirunelveli,BC,1,1033000.0,1,0,75.9,125.0,Tier-2 (Affiliated),110000.0,17.9,0,0.442,0.239,0.34,37400.0,72600.0,1
Vellore,ST,0,242000.0,1,0,56.82,108.8,Tier-2 (Affiliated),117000.0,34.8,2,0.236,0.42,0.328,38300.0,78700.0,0
Erode,MBC,1,266000.0,0,0,97.53,165.5,Tier-2 (Affiliated),103000.0,6.4,1,0.456,0.49,0.473,48800.0,54200.0,1
Coimbatore,MBC,1,539000.0,1,0,75.96,116.6,Tier-2 (Affiliated),110000.0,40.5,1,0.282,0.38,0.331,36400.0,73600.0,1
Nagapattinam,SC,1,499000.0,0,1,80.01,128.9,Tier-2 (Affiliated),109000.0,50.1,0,0.55,0.468,0.509,55500.0,53500.0,1
Madurai,OC,1,199000.0,0,0,71.75,139.8,Tier-2 (Affiliated),110000.0,103.0,0,0.463,0.59,0.526,57900.0,52100.0,1
Vellore,SC,1,190000.0,1,0,75.04,131.3,Tier-3 (Self-financing),80000.0,69.9,2,0.309,0.496,0.403,32200.0,47800.0,0
Tiruchirappalli,MBC,1,513000.0,0,1,79.62,129.7,Tier-2 (Affiliated),119000.0,24.7,0,0.335,0.313,0.324,38600.0,80400.0,1
Tiruchirappalli,BC,0,104000.0,0,1,67.57,125.2,Tier-2 (Affiliated),127000.0,117.7,2,0.273,0.543,0.408,51800.0,75200.0,0
Vellore,BC,0,113000.0,0,1,94.94,143.8,Tier-2 (Affiliated),103000.0,48.6,5,0.55,0.501,0.526,54100.0,48900.0,1
Villupuram,OC,1,543000.0,1,0,86.38,143.1,Tier-3 (Self-financing),75000.0,94.0,2,0.276,0.486,0.381,28600.0,46400.0,0
Villupuram,ST,0,221000.0,0,0,83.17,161.2,Tier-3 (Self-financing),81000.0,15.6,0,0.384,0.693,0.539,43600.0,37400.0,1
Vellore,BC,1,649000.0,0,1,76.58,132.3,Tier-3 (Self-financing),96000.0,2.0,0,0.432,0.346,0.389,37300.0,58700.0,1
Namakkal,BC,0,714000.0,1,0,70.39,136.9,Tier-2 (Affiliated),108000.0,46.3,3,0.513,0.352,0.432,46700.0,61300.0,1
Thoothukudi,MBC,1,439000.0,0,0,88.3,140.0,Tier-1 (Autonomous),183000.0,15.0,0,0.387,0.487,0.437,79900.0,103100.0,1
Salem,SC,1,257000.0,0,0,84.11,127.4,Tier-3 (Self-financing),78000.0,48.2,4,0.321,0.569,0.445,34700.0,43300.0,1
Villupuram,BC,1,235000.0,1,0,74.01,135.8,Tier-3 (Self-financing),99000.0,89.6,1,0.376,0.667,0.522,51600.0,47400.0,0
Madurai,SC,1,255000.0,1,0,67.15,80.0,Tier-3 (Self-financing),83000.0,56.2,2,0.182,0.466,0.324,26900.0,56100.0,1
Salem,MBC,0,384000.0,1,0,62.24,102.3,Tier-3 (Self-financing),87000.0,14.2,1,0.423,0.405,0.414,36000.0,51000.0,1
Erode,SC,1,477000.0,0,0,78.29,140.7,Tier-2 (Affiliated),104000.0,143.1,2,0.426,0.393,0.409,42600.0,61400.0,1
Chennai,OC,0,451000.0,0,1,75.51,129.3,Tier-1 (Autonomous),173000.0,21.2,0,0.321,0.427,0.374,64700.0,108300.0,1
Virudhunagar,OC,1,851000.0,1,0,89.86,112.2,Tier-3 (Self-financing),85000.0,18.1,0,0.322,0.364,0.343,29100.0,55900.0,0
Kanyakumari,MBC,1,847000.0,0,1,87.92,120.5,Tier-2 (Affiliated),111000.0,41.4,1,0.394,0.398,0.396,44000.0,67000.0,0
Vellore,BC,0,312000.0,1,0,78.39,123.7,Tier-2 (Affiliated),117000.0,58.8,2,0.255,0.491,0.373,43700.0,73300.0,1
Virudhunagar,MBC,0,552000.0,0,1,77.19,130.6,Tier-2 (Affiliated),96000.0,5.1,0,0.375,0.34,0.358,34300.0,61700.0,1
Nagapattinam,OC,0,262000.0,1,0,66.48,114.1,Tier-3 (Self-financing),77000.0,36.4,3,0.299,0.376,0.337,26000.0,51000.0,0
Virudhunagar,SC,0,187000.0,0,0,88.61,141.7,Tier-1 (Autonomous),175000.0,33.3,0,0.302,0.505,0.403,70600.0,104400.0,0
Virudhunagar,SC,1,242000.0,1,0,77.43,134.8,Tier-2 (Affiliated),111000.0,60.3,2,0.336,0.442,0.389,43200.0,67800.0,0
Tiruppur,SC,0,302000.0,0,1,84.05,141.0,Tier-2 (Affiliated),101000.0,241.1,1,0.353,0.443,0.398,40200.0,60800.0,1
Madurai,ST,1,156000.0,1,0,89.77,141.7,Tier-2 (Affiliated),109000.0,141.3,1,0.354,0.59,0.472,51500.0,57500.0,1
Villupuram,ST,1,229000.0,0,1,72.34,123.8,Tier-3 (Self-financing),80000.0,89.7,0,0.481,0.558,0.519,41500.0,38500.0,1
Theni,MBC,1,151000.0,0,1,69.72,101.8,Tier-3 (Self-financing),84000.0,98.4,1,0.255,0.491,0.373,31300.0,52700.0,1
Villupuram,BC,1,670000.0,0,1,99.9,169.4,Tier-2 (Affiliated),104000.0,145.8,1,0.52,0.5,0.51,53000.0,51000.0,1
Thoothukudi,SC,0,387000.0,0,1,83.94,121.6,Tier-3 (Self-financing),77000.0,17.4,0,0.376,0.561,0.468,36100.0,40900.0,1
Tiruchirappalli,ST,1,451000.0,0,1,75.21,127.6,Tier-2 (Affiliated),112000.0,17.7,5,0.339,0.571,0.455,51000.0,61000.0,1
Thanjavur,ST,1,427000.0,0,0,90.4,151.6,Tier-2 (Affiliated),119000.0,51.1,2,0.394,0.591,0.492,58600.0,60400.0,0
Tiruchirappalli,SC,1,500000.0,1,0,74.92,115.4,Tier-3 (Self-financing),92000.0,29.6,0,0.421,0.436,0.428,39400.0,52600.0,1
Coimbatore,BC,0,439000.0,1,0,81.25,139.5,Tier-3 (Self-financing),94000.0,6.9,0,0.506,0.553,0.53,49800.0,44200.0,1
Thoothukudi,ST,0,237000.0,1,0,72.32,138.9,Tier-2 (Affiliated),120000.0,19.3,3,0.457,0.479,0.468,56200.0,63800.0,1
Villupuram,ST,1,397000.0,0,0,77.83,109.2,Tier-2 (Affiliated),109000.0,2.0,1,0.271,0.569,0.42,45800.0,63200.0,0
Villupuram,MBC,1,293000.0,0,1,75.26,134.7,Tier-3 (Self-financing),100000.0,18.8,1,0.398,0.474,0.436,43600.0,56400.0,0
Kanyakumari,SC,0,175000.0,0,1,70.48,129.1,Tier-3 (Self-financing),91000.0,60.6,2,0.285,0.517,0.401,36500.0,54500.0,0
Theni,MBC,1,437000.0,0,1,80.43,125.6,Tier-3 (Self-financing),77000.0,80.1,1,0.345,0.384,0.365,28100.0,48900.0,1
Namakkal,ST,0,141000.0,1,0,71.61,126.6,Tier-3 (Self-financing),80000.0,58.4,3,0.247,0.441,0.344,27500.0,52500.0,0
Thoothukudi,OC,1,266000.0,1,0,83.76,130.2,Tier-1 (Autonomous),181000.0,45.8,2,0.417,0.53,0.474,85800.0,95200.0,1
Tiruppur,SC,0,99000.0,0,1,74.95,138.8,Tier-2 (Affiliated),117000.0,3.3,0,0.516,0.608,0.562,65700.0,51300.0,0
Theni,OC,0,443000.0,0,1,60.8,56.2,Tier-2 (Affiliated),108000.0,59.0,1,0.002,0.38,0.191,20700.0,87300.0,1
Salem,BC,0,492000.0,0,0,84.21,156.4,Tier-2 (Affiliated),102000.0,113.6,4,0.586,0.56,0.573,58500.0,43500.0,1
Karur,BC,0,301000.0,0,1,84.38,118.3,Tier-3 (Self-financing),91000.0,145.7,2,0.362,0.588,0.475,43200.0,47800.0,1
Virudhunagar,MBC,1,1922000.0,0,1,99.9,161.2,Tier-2 (Affiliated),101000.0,12.7,0,0.401,0.205,0.303,30600.0,70400.0,1
Cuddalore,BC,0,180000.0,0,0,78.18,112.9,Tier-1 (Autonomous),182000.0,42.4,0,0.313,0.591,0.452,82200.0,99800.0,1
Dindigul,ST,1,349000.0,0,1,79.83,150.2,Tier-3 (Self-financing),85000.0,63.1,3,0.547,0.44,0.493,41900.0,43100.0,1
Tiruchirappalli,MBC,1,854000.0,0,0,82.79,129.0,Tier-1 (Autonomous),169000.0,118.6,0,0.449,0.269,0.359,60600.0,108400.0,1
Chennai,SC,1,566000.0,1,0,88.2,133.0,Tier-1 (Autonomous),194000.0,24.2,1,0.46,0.397,0.429,83200.0,110800.0,0
Theni,BC,1,692000.0,1,0,87.57,156.9,Tier-3 (Self-financing),85000.0,73.9,0,0.418,0.51,0.464,39400.0,45600.0,1
Cuddalore,OC,0,703000.0,0,1,81.19,140.9,Tier-3 (Self-financing),76000.0,43.3,2,0.316,0.513,0.415,31500.0,44500.0,1
Nagapattinam,SC,0,201000.0,0,1,77.67,119.3,Tier-2 (Affiliated),110000.0,141.6,1,0.315,0.416,0.365,40200.0,69800.0,0
Thoothukudi,SC,1,786000.0,0,1,86.43,123.4,Tier-2 (Affiliated),96000.0,157.0,3,0.339,0.3,0.32,30700.0,65300.0,1
Dindigul,MBC,1,851000.0,1,0,77.25,106.7,Tier-2 (Affiliated),113000.0,5.3,2,0.254,0.312,0.283,32000.0,81000.0,1
Virudhunagar,SC,1,197000.0,0,1,65.11,123.3,Tier-1 (Autonomous),187000.0,79.4,6,0.28,0.356,0.318,59500.0,127500.0,0
Karur,SC,1,376000.0,1,0,62.99,107.1,Tier-2 (Affiliated),132000.0,9.2,0,0.191,0.428,0.309,40800.0,91200.0,1
Tirunelveli,MBC,1,179000.0,0,0,75.07,122.7,Tier-1 (Autonomous),181000.0,205.8,1,0.384,0.553,0.469,84900.0,96100.0,1
Virudhunagar,ST,1,630000.0,1,0,79.2,134.1,Tier-3 (Self-financing),80000.0,24.6,2,0.311,0.186,0.249,19900.0,60100.0,1
Coimbatore,SC,0,221000.0,0,1,99.9,130.6,Tier-3 (Self-financing),87000.0,70.7,1,0.419,0.501,0.46,40000.0,47000.0,1
Tiruppur,MBC,1,882000.0,0,0,76.8,118.0,Tier-2 (Affiliated),122000.0,64.9,0,0.287,0.491,0.389,47400.0,74600.0,1
Villupuram,BC,1,455000.0,0,1,78.47,121.1,Tier-2 (Affiliated),114000.0,183.6,2,0.314,0.534,0.424,48300.0,65700.0,0
Cuddalore,OC,1,227000.0,0,0,73.96,133.1,Tier-1 (Autonomous),187000.0,43.2,0,0.27,0.537,0.403,75400.0,111600.0,1
Villupuram,BC,0,1275000.0,0,1,84.19,112.7,Tier-3 (Self-financing),91000.0,43.9,0,0.324,0.309,0.316,28800.0,62200.0,1
Coimbatore,SC,0,210000.0,1,0,80.8,145.1,Tier-3 (Self-financing),89000.0,71.2,1,0.384,0.6,0.492,43800.0,45200.0,1
Namakkal,SC,0,112000.0,1,0,71.62,141.5,Tier-3 (Self-financing),74000.0,13.0,2,0.307,0.568,0.438,32400.0,41600.0,0
Nagapattinam,BC,0,562000.0,1,0,67.89,82.8,Tier-2 (Affiliated),98000.0,103.6,0,0.168,0.418,0.293,28700.0,69300.0,1
Theni,MBC,1,1287000.0,1,0,73.98,118.6,Tier-3 (Self-financing),72000.0,4.5,1,0.244,0.373,0.308,22200.0,49800.0,1
Kanyakumari,BC,1,432000.0,0,1,69.57,118.8,Tier-2 (Affiliated),100000.0,22.5,1,0.187,0.356,0.272,27200.0,72800.0,1
Dindigul,BC,0,283000.0,1,0,75.69,134.2,Tier-2 (Affiliated),101000.0,190.2,1,0.428,0.558,0.493,49800.0,51200.0,0
Cuddalore,ST,1,311000.0,1,0,79.41,94.6,Tier-2 (Affiliated),125000.0,24.5,2,0.136,0.533,0.335,41800.0,83200.0,1
Thanjavur,BC,0,162000.0,0,1,72.99,121.8,Tier-2 (Affiliated),104000.0,3.6,1,0.36,0.534,0.447,46500.0,57500.0,1
Kanyakumari,BC,1,330000.0,1,0,92.54,144.8,Tier-2 (Affiliated),111000.0,24.4,2,0.588,0.493,0.54,60000.0,51000.0,1
Madurai,MBC,0,693000.0,1,0,89.59,139.1,Tier-2 (Affiliated),108000.0,275.1,2,0.31,0.549,0.429,46400.0,61600.0,1
Tirunelveli,BC,1,449000.0,1,0,75.7,152.2,Tier-2 (Affiliated),112000.0,8.1,0,0.469,0.549,0.509,57000.0,55000.0,1
Coimbatore,SC,1,199000.0,1,0,68.36,106.1,Tier-2 (Affiliated),111000.0,26.6,1,0.236,0.621,0.428,47600.0,63400.0,0
Karur,ST,1,213000.0,0,1,77.7,131.1,Tier-1 (Autonomous),170000.0,129.0,1,0.377,0.547,0.462,78500.0,91500.0,0
Salem,MBC,1,758000.0,1,0,76.66,120.9,Tier-1 (Autonomous),185000.0,25.8,1,0.179,0.493,0.336,62200.0,122800.0,1
Erode,MBC,0,88000.0,0,0,77.37,127.4,Tier-3 (Self-financing),80000.0,232.4,1,0.376,0.569,0.473,37800.0,42200.0,0
Virudhunagar,BC,1,556000.0,1,0,74.02,126.7,Tier-2 (Affiliated),104000.0,105.6,2,0.35,0.43,0.39,40500.0,63500.0,0
Vellore,MBC,0,1007000.0,1,0,67.51,121.4,Tier-2 (Affiliated),108000.0,14.4,0,0.515,0.416,0.466,50300.0,57700.0,1
Madurai,BC,1,1476000.0,0,0,78.35,113.7,Tier-3 (Self-financing),91000.0,127.7,0,0.132,0.24,0.186,16900.0,74100.0,1
Chennai,OC,1,863000.0,0,1,74.49,121.5,Tier-2 (Affiliated),105000.0,76.4,2,0.284,0.475,0.38,39900.0,65100.0,1
Salem,SC,1,650000.0,1,0,75.38,123.4,Tier-2 (Affiliated),111000.0,21.5,1,0.366,0.326,0.346,38400.0,72600.0,0
Villupuram,MBC,1,862000.0,0,1,78.94,101.6,Tier-2 (Affiliated),113000.0,20.8,0,0.323,0.362,0.342,38700.0,74300.0,1
Namakkal,MBC,0,243000.0,0,1,77.31,109.4,Tier-2 (Affiliated),112000.0,68.0,1,0.27,0.448,0.359,40200.0,71800.0,1
Thoothukudi,OC,1,1048000.0,0,1,78.72,139.3,Tier-2 (Affiliated),112000.0,3.9,1,0.487,0.532,0.509,57100.0,54900.0,1
Salem,SC,0,522000.0,1,0,74.03,111.5,Tier-3 (Self-financing),74000.0,4.0,1,0.293,0.396,0.344,25500.0,48500.0,1
Vellore,BC,1,241000.0,0,1,81.6,169.7,Tier-3 (Self-financing),86000.0,50.2,0,0.504,0.499,0.501,43100.0,42900.0,1
Tiruchirappalli,BC,1,663000.0,0,0,70.82,127.8,Tier-2 (Affiliated),103000.0,45.5,2,0.207,0.256,0.231,23800.0,79200.0,1
Vellore,SC,1,384000.0,1,0,67.12,114.2,Tier-2 (Affiliated),96000.0,82.8,2,0.344,0.612,0.478,45900.0,50100.0,1
Tiruppur,MBC,1,445000.0,0,1,69.1,133.2,Tier-1 (Autonomous),176000.0,44.0,2,0.486,0.398,0.442,77800.0,98200.0,1
Virudhunagar,ST,1,275000.0,1,0,71.23,125.6,Tier-3 (Self-financing),81000.0,78.7,1,0.258,0.617,0.437,35400.0,45600.0,1
Vellore,BC,0,340000.0,0,1,65.12,107.0,Tier-3 (Self-financing),109000.0,7.6,1,0.236,0.4,0.318,34700.0,74300.0,1
Nagapattinam,SC,1,375000.0,0,0,61.07,76.5,Tier-2 (Affiliated),118000.0,19.1,0,0.051,0.399,0.225,26500.0,91500.0,1
Theni,ST,1,505000.0,1,0,83.03,142.8,Tier-3 (Self-financing),91000.0,22.7,4,0.435,0.518,0.477,43400.0,47600.0,1
Tirunelveli,MBC,0,338000.0,0,0,90.74,166.1,Tier-2 (Affiliated),107000.0,18.1,5,0.467,0.361,0.414,44300.0,62700.0,1
Villupuram,MBC,0,236000.0,1,0,83.58,124.8,Tier-2 (Affiliated),109000.0,99.9,2,0.399,0.539,0.469,51100.0,57900.0,1
Thanjavur,BC,0,188000.0,0,1,73.17,89.7,Tier-1 (Autonomous),201000.0,104.3,2,0.205,0.453,0.329,66000.0,135000.0,0
Tiruchirappalli,SC,1,243000.0,1,0,60.84,81.3,Tier-2 (Affiliated),105000.0,58.7,0,0.173,0.676,0.424,44600.0,60400.0,1
Thoothukudi,ST,1,315000.0,0,1,79.92,154.3,Tier-2 (Affiliated),112000.0,18.7,0,0.434,0.633,0.533,59700.0,52300.0,0
Villupuram,SC,1,214000.0,1,0,61.93,100.3,Tier-2 (Affiliated),125000.0,187.4,0,0.262,0.61,0.436,54500.0,70500.0,0
Chennai,ST,0,284000.0,0,1,77.13,145.3,Tier-3 (Self-financing),79000.0,8.6,3,0.409,0.681,0.545,43100.0,35900.0,1
Villupuram,MBC,0,329000.0,1,0,70.0,112.3,Tier-1 (Autonomous),181000.0,28.6,1,0.324,0.437,0.38,68900.0,112100.0,0
Villupuram,MBC,1,788000.0,0,0,55.19,80.9,Tier-2 (Affiliated),110000.0,28.4,3,0.294,0.459,0.376,41400.0,68600.0,1
Virudhunagar,BC,0,210000.0,1,0,92.81,180.5,Tier-3 (Self-financing),78000.0,2.0,2,0.609,0.434,0.522,40700.0,37300.0,1
Tirunelveli,SC,0,123000.0,0,0,65.44,99.1,Tier-2 (Affiliated),116000.0,133.7,4,0.384,0.597,0.49,56900.0,59100.0,0
Theni,SC,0,364000.0,0,0,74.44,115.4,Tier-3 (Self-financing),76000.0,4.7,2,0.208,0.507,0.357,27200.0,48800.0,0
Namakkal,MBC,0,279000.0,1,0,76.71,129.6,Tier-3 (Self-financing),91000.0,10.6,3,0.291,0.397,0.344,31300.0,59700.0,1
Theni,BC,0,267000.0,0,0,73.3,112.9,Tier-2 (Affiliated),113000.0,159.6,3,0.381,0.494,0.438,49400.0,63600.0,0
Theni,MBC,1,617000.0,1,0,82.65,143.9,Tier-2 (Affiliated),117000.0,91.7,1,0.321,0.438,0.379,44400.0,72600.0,1
Theni,SC,0,281000.0,1,0,70.59,119.6,Tier-3 (Self-financing),83000.0,141.4,1,0.446,0.501,0.473,39300.0,43700.0,0
Namakkal,ST,0,85000.0,0,1,81.82,138.2,Tier-1 (Autonomous),183000.0,46.1,1,0.341,0.677,0.509,93200.0,89800.0,0
Cuddalore,BC,1,1034000.0,1,0,81.19,120.7,Tier-2 (Affiliated),118000.0,179.6,2,0.309,0.263,0.286,33700.0,84300.0,1
Namakkal,BC,1,385000.0,0,0,64.22,77.8,Tier-1 (Autonomous),169000.0,64.5,0,0.139,0.421,0.28,47300.0,121700.0,0
Chennai,BC,1,1230000.0,1,0,80.36,116.1,Tier-2 (Affiliated),100000.0,36.1,0,0.305,0.072,0.188,18800.0,81200.0,1
Chennai,BC,1,232000.0,0,1,67.46,96.8,Tier-3 (Self-financing),90000.0,23.5,2,0.368,0.559,0.464,41700.0,48300.0,1
Thoothukudi,ST,1,325000.0,0,1,66.34,110.5,Tier-2 (Affiliated),117000.0,108.6,0,0.39,0.552,0.471,55100.0,61900.0,1
Villupuram,MBC,1,379000.0,1,0,80.91,117.2,Tier-3 (Self-financing),86000.0,16.9,3,0.464,0.546,0.505,43500.0,42500.0,1
Tiruppur,MBC,1,142000.0,1,0,73.92,96.3,Tier-3 (Self-financing),92000.0,121.9,3,0.417,0.519,0.468,43000.0,49000.0,1
Tiruchirappalli,BC,1,694000.0,1,0,81.73,113.6,Tier-3 (Self-financing),82000.0,16.9,0,0.258,0.355,0.307,25200.0,56800.0,1
Nagapattinam,MBC,1,146000.0,1,0,81.82,136.7,Tier-3 (Self-financing),95000.0,104.7,2,0.296,0.426,0.361,34300.0,60700.0,0
Madurai,ST,1,233000.0,0,1,63.72,112.3,Tier-1 (Autonomous),179000.0,214.6,4,0.304,0.55,0.427,76400.0,102600.0,1
Vellore,MBC,0,477000.0,0,1,85.41,129.1,Tier-2 (Affiliated),104000.0,30.4,2,0.376,0.391,0.383,39900.0,64100.0,0
Erode,OC,0,291000.0,0,1,80.85,123.4,Tier-3 (Self-financing),96000.0,39.7,2,0.212,0.359,0.285,27400.0,68600.0,1
Chennai,BC,0,182000.0,1,0,72.13,124.6,Tier-2 (Affiliated),117000.0,3.3,1,0.397,0.597,0.497,58200.0,58800.0,0
Virudhunagar,ST,0,262000.0,0,0,76.64,125.1,Tier-2 (Affiliated),106000.0,76.5,1,0.252,0.469,0.361,38300.0,67700.0,1
Namakkal,ST,1,238000.0,1,0,85.69,154.9,Tier-3 (Self-financing),82000.0,16.1,3,0.408,0.517,0.463,37900.0,44100.0,1
Erode,BC,1,387000.0,0,1,74.8,117.3,Tier-3 (Self-financing),90000.0,2.5,0,0.368,0.203,0.285,25700.0,64300.0,1
Namakkal,MBC,0,524000.0,0,0,99.15,146.2,Tier-1 (Autonomous),172000.0,54.5,1,0.448,0.444,0.446,76700.0,95300.0,0
Chennai,OC,0,205000.0,1,0,92.91,165.0,Tier-3 (Self-financing),88000.0,34.7,2,0.482,0.491,0.487,42800.0,45200.0,0
Thanjavur,MBC,0,202000.0,0,0,79.17,122.0,Tier-3 (Self-financing),84000.0,93.8,2,0.344,0.659,0.502,42100.0,41900.0,0
Namakkal,BC,1,778000.0,0,0,75.72,109.3,Tier-3 (Self-financing),87000.0,95.7,2,0.332,0.378,0.355,30900.0,56100.0,1
Erode,SC,0,99000.0,0,1,76.15,135.2,Tier-3 (Self-financing),69000.0,76.0,0,0.323,0.288,0.306,21100.0,47900.0,1
Virudhunagar,ST,0,449000.0,1,0,71.99,136.9,Tier-1 (Autonomous),173000.0,20.6,1,0.404,0.443,0.423,73200.0,99800.0,1
Salem,BC,0,265000.0,0,1,79.25,129.5,Tier-3 (Self-financing),87000.0,97.1,2,0.351,0.499,0.425,37000.0,50000.0,0
Madurai,MBC,1,679000.0,0,1,84.88,120.7,Tier-3 (Self-financing),93000.0,13.9,2,0.331,0.522,0.427,39700.0,53300.0,1
Namakkal,OC,0,630000.0,0,1,64.51,126.2,Tier-2 (Affiliated),109000.0,23.2,1,0.432,0.423,0.427,46600.0,62400.0,1
Kanyakumari,BC,1,444000.0,1,0,84.43,140.7,Tier-3 (Self-financing),91000.0,43.8,0,0.414,0.428,0.421,38300.0,52700.0,1
Vellore,OC,1,484000.0,0,0,87.34,143.0,Tier-2 (Affiliated),98000.0,80.9,1,0.513,0.443,0.478,46800.0,51200.0,1
Chennai,BC,1,472000.0,1,0,83.72,127.9,Tier-3 (Self-financing),81000.0,12.1,1,0.306,0.693,0.5,40500.0,40500.0,1
Thoothukudi,ST,1,404000.0,0,0,76.7,139.7,Tier-3 (Self-financing),87000.0,13.8,1,0.38,0.513,0.446,38800.0,48200.0,1
Thanjavur,OC,0,227000.0,1,0,83.31,116.7,Tier-2 (Affiliated),110000.0,39.0,1,0.184,0.481,0.333,36600.0,73400.0,0
Tiruchirappalli,SC,0,101000.0,1,0,90.99,127.5,Tier-2 (Affiliated),116000.0,53.5,0,0.267,0.614,0.441,51100.0,64900.0,1
Theni,OC,1,1425000.0,1,0,77.42,152.3,Tier-1 (Autonomous),178000.0,5.0,1,0.402,0.175,0.289,51400.0,126600.0,1
Erode,MBC,0,174000.0,0,1,78.24,112.2,Tier-2 (Affiliated),108000.0,14.4,0,0.328,0.453,0.39,42200.0,65800.0,1
Villupuram,MBC,1,510000.0,0,1,99.33,173.3,Tier-2 (Affiliated),115000.0,30.2,2,0.466,0.404,0.435,50000.0,65000.0,1
Tirunelveli,ST,1,244000.0,0,0,81.07,150.4,Tier-2 (Affiliated),106000.0,6.2,3,0.338,0.353,0.345,36600.0,69400.0,0
Tiruppur,BC,0,274000.0,0,0,67.93,111.8,Tier-1 (Autonomous),173000.0,71.6,2,0.316,0.579,0.448,77500.0,95500.0,0
Namakkal,BC,0,657000.0,0,1,86.73,125.6,Tier-3 (Self-financing),89000.0,16.4,1,0.204,0.354,0.279,24900.0,64100.0,1
Salem,SC,1,301000.0,0,1,82.02,140.7,Tier-1 (Autonomous),172000.0,109.0,1,0.26,0.502,0.381,65500.0,106500.0,1
Dindigul,SC,1,259000.0,0,0,71.45,135.2,Tier-2 (Affiliated),121000.0,22.7,3,0.306,0.451,0.378,45800.0,75200.0,1
Madurai,MBC,1,362000.0,0,1,66.96,112.3,Tier-1 (Autonomous),165000.0,30.7,2,0.322,0.507,0.414,68400.0,96600.0,1
Theni,OC,0,296000.0,0,0,80.39,117.4,Tier-2 (Affiliated),108000.0,159.4,1,0.239,0.654,0.446,48200.0,59800.0,0
Nagapattinam,BC,1,334000.0,0,1,77.4,128.4,Tier-1 (Autonomous),193000.0,49.9,0,0.355,0.454,0.405,78100.0,114900.0,0
Thoothukudi,SC,0,148000.0,1,0,65.56,84.1,Tier-3 (Self-financing),101000.0,26.4,2,0.251,0.48,0.365,36900.0,64100.0,0
Erode,MBC,0,649000.0,0,0,77.12,108.8,Tier-2 (Affiliated),109000.0,41.3,2,0.316,0.315,0.316,34400.0,74600.0,0
Tirunelveli,MBC,1,621000.0,1,0,76.49,118.5,Tier-3 (Self-financing),94000.0,54.0,4,0.451,0.404,0.427,40100.0,53900.0,1
Namakkal,BC,1,399000.0,0,1,77.38,124.7,Tier-1 (Autonomous),186000.0,195.9,1,0.347,0.309,0.328,61100.0,124900.0,1
Cuddalore,BC,0,513000.0,1,0,82.92,114.6,Tier-1 (Autonomous),176000.0,37.7,3,0.413,0.573,0.493,86800.0,89200.0,1
Thoothukudi,ST,1,114000.0,0,1,60.38,100.4,Tier-3 (Self-financing),89000.0,11.3,0,0.298,0.471,0.385,34300.0,54700.0,1
Chennai,SC,0,416000.0,0,1,66.88,114.8,Tier-2 (Affiliated),103000.0,67.5,2,0.268,0.387,0.328,33700.0,69300.0,0
Salem,BC,0,610000.0,1,0,73.13,113.8,Tier-1 (Autonomous),168000.0,13.3,3,0.219,0.414,0.317,53200.0,114800.0,1
Tirunelveli,ST,0,578000.0,0,1,91.26,113.6,Tier-1 (Autonomous),184000.0,96.8,3,0.308,0.492,0.4,73600.0,110400.0,1
Tirunelveli,MBC,1,733000.0,0,1,99.9,161.4,Tier-3 (Self-financing),90000.0,2.0,1,0.36,0.384,0.372,33500.0,56500.0,1
Dindigul,BC,0,380000.0,0,0,78.05,152.1,Tier-2 (Affiliated),101000.0,19.0,0,0.414,0.57,0.492,49700.0,51300.0,0
Kanyakumari,BC,1,983000.0,1,0,78.46,132.4,Tier-2 (Affiliated),109000.0,29.4,1,0.35,0.318,0.334,36400.0,72600.0,0
Chennai,SC,0,138000.0,1,0,53.57,85.9,Tier-3 (Self-financing),76000.0,43.2,3,0.292,0.455,0.373,28400.0,47600.0,1
Virudhunagar,BC,1,389000.0,0,0,87.04,133.7,Tier-3 (Self-financing),81000.0,54.7,3,0.309,0.468,0.389,31500.0,49500.0,1
Theni,MBC,0,251000.0,1,0,82.5,140.7,Tier-3 (Self-financing),82000.0,72.9,2,0.426,0.487,0.456,37400.0,44600.0,0
Theni,SC,0,414000.0,0,0,80.83,132.5,Tier-2 (Affiliated),116000.0,187.4,2,0.284,0.548,0.416,48200.0,67800.0,0
Cuddalore,BC,1,302000.0,0,1,65.54,115.5,Tier-3 (Self-financing),81000.0,56.6,3,0.371,0.56,0.466,37700.0,43300.0,1
Madurai,ST,1,161000.0,0,1,97.8,140.0,Tier-2 (Affiliated),100000.0,2.0,1,0.509,0.477,0.493,49300.0,50700.0,1
Karur,BC,1,550000.0,0,1,93.21,151.0,Tier-1 (Autonomous),194000.0,19.0,1,0.361,0.307,0.334,64800.0,129200.0,0
Salem,BC,0,444000.0,1,0,80.94,122.6,Tier-2 (Affiliated),114000.0,126.8,2,0.338,0.513,0.426,48500.0,65500.0,1
Namakkal,MBC,1,285000.0,1,0,87.92,146.2,Tier-3 (Self-financing),92000.0,75.7,2,0.617,0.389,0.503,46300.0,45700.0,1
Cuddalore,MBC,1,607000.0,1,0,78.51,96.4,Tier-2 (Affiliated),115000.0,18.1,2,0.175,0.422,0.298,34300.0,80700.0,1
Theni,MBC,0,552000.0,1,0,86.21,132.0,Tier-2 (Affiliated),118000.0,81.8,0,0.244,0.484,0.364,43000.0,75000.0,0
Erode,MBC,1,813000.0,0,1,64.93,112.0,Tier-2 (Affiliated),113000.0,99.3,2,0.308,0.547,0.427,48300.0,64700.0,1
Vellore,ST,1,332000.0,1,0,55.26,99.0,Tier-3 (Self-financing),89000.0,19.0,1,0.158,0.673,0.416,37000.0,52000.0,0
Dindigul,SC,1,300000.0,0,1,65.31,104.0,Tier-2 (Affiliated),111000.0,135.1,2,0.291,0.527,0.409,45400.0,65600.0,1
Chennai,SC,1,818000.0,1,0,69.94,79.5,Tier-2 (Affiliated),106000.0,19.3,1,0.244,0.219,0.232,24600.0,81400.0,1
Karur,BC,1,487000.0,0,1,71.56,124.1,Tier-1 (Autonomous),187000.0,51.2,2,0.25,0.358,0.304,56900.0,130100.0,0
Coimbatore,BC,1,810000.0,1,0,82.48,155.7,Tier-2 (Affiliated),108000.0,39.0,2,0.326,0.377,0.352,38000.0,70000.0,1
Dindigul,MBC,1,1233000.0,1,0,75.43,108.1,Tier-2 (Affiliated),111000.0,31.4,1,0.358,0.278,0.318,35300.0,75700.0,1
Cuddalore,OC,1,997000.0,0,0,77.71,117.9,Tier-3 (Self-financing),88000.0,137.6,2,0.449,0.364,0.407,35800.0,52200.0,1
Coimbatore,SC,0,113000.0,0,0,66.15,117.9,Tier-2 (Affiliated),114000.0,182.8,3,0.286,0.539,0.412,47000.0,67000.0,0
Thoothukudi,BC,1,244000.0,0,0,65.29,117.0,Tier-2 (Affiliated),102000.0,60.2,1,0.418,0.4,0.409,41700.0,60300.0,1
Vellore,BC,1,410000.0,0,1,78.41,141.9,Tier-2 (Affiliated),112000.0,158.6,1,0.536,0.521,0.529,59200.0,52800.0,0
Chennai,BC,0,442000.0,1,0,72.58,131.3,Tier-2 (Affiliated),102000.0,66.1,1,0.415,0.385,0.4,40800.0,61200.0,1
Cuddalore,BC,1,617000.0,0,1,78.05,101.9,Tier-3 (Self-financing),86000.0,117.6,0,0.265,0.443,0.354,30400.0,55600.0,0
Tiruppur,BC,1,1626000.0,0,0,83.44,126.3,Tier-3 (Self-financing),91000.0,11.4,2,0.394,0.387,0.391,35500.0,55500.0,0
Theni,MBC,1,534000.0,0,0,94.39,160.4,Tier-3 (Self-financing),99000.0,41.4,2,0.53,0.36,0.445,44100.0,54900.0,1
Nagapattinam,MBC,1,351000.0,0,1,77.8,123.2,Tier-2 (Affiliated),115000.0,86.7,0,0.149,0.494,0.322,37000.0,78000.0,0
Dindigul,BC,0,160000.0,0,0,96.13,159.3,Tier-3 (Self-financing),92000.0,82.5,0,0.447,0.484,0.466,42800.0,49200.0,1
Virudhunagar,BC,1,925000.0,1,0,82.06,129.3,Tier-2 (Affiliated),101000.0,6.8,1,0.246,0.283,0.264,26700.0,74300.0,1
Vellore,SC,1,314000.0,1,0,84.9,129.3,Tier-1 (Autonomous),184000.0,10.0,1,0.278,0.499,0.388,71500.0,112500.0,1
Namakkal,OC,1,275000.0,1,0,88.53,138.0,Tier-2 (Affiliated),101000.0,70.1,5,0.407,0.43,0.419,42300.0,58700.0,1
Tiruchirappalli,MBC,0,263000.0,0,0,85.2,119.5,Tier-1 (Autonomous),190000.0,9.2,2,0.308,0.566,0.437,83000.0,107000.0,0
Theni,MBC,0,150000.0,0,1,69.98,101.1,Tier-1 (Autonomous),171000.0,10.2,0,0.254,0.575,0.414,70800.0,100200.0,0
Tirunelveli,MBC,1,332000.0,0,0,88.83,141.1,Tier-1 (Autonomous),172000.0,25.5,3,0.382,0.628,0.505,86900.0,85100.0,1
Cuddalore,SC,0,196000.0,0,0,74.26,118.1,Tier-2 (Affiliated),116000.0,11.0,1,0.296,0.578,0.437,50700.0,65300.0,0
Virudhunagar,MBC,0,158000.0,0,0,81.02,138.1,Tier-2 (Affiliated),123000.0,22.4,0,0.381,0.575,0.478,58700.0,64300.0,1
Kanyakumari,ST,1,209000.0,0,0,79.33,122.7,Tier-3 (Self-financing),93000.0,17.1,4,0.452,0.341,0.397,36900.0,56100.0,0
Villupuram,SC,1,209000.0,1,0,89.44,168.2,Tier-2 (Affiliated),107000.0,59.3,1,0.54,0.586,0.563,60200.0,46800.0,1
Madurai,BC,1,326000.0,0,1,81.93,149.5,Tier-2 (Affiliated),102000.0,23.2,0,0.347,0.551,0.449,45800.0,56200.0,1
Madurai,BC,1,277000.0,1,0,64.14,95.1,Tier-2 (Affiliated),107000.0,138.8,4,0.194,0.434,0.314,33600.0,73400.0,0
Villupuram,BC,1,370000.0,1,0,98.92,161.2,Tier-3 (Self-financing),86000.0,54.0,0,0.518,0.628,0.573,49300.0,36700.0,0
Vellore,BC,1,295000.0,1,0,86.35,156.4,Tier-3 (Self-financing),84000.0,18.6,1,0.425,0.57,0.497,41800.0,42200.0,1
Chennai,MBC,1,580000.0,0,1,72.5,106.4,Tier-2 (Affiliated),102000.0,154.7,2,0.311,0.455,0.383,39000.0,63000.0,1
Tirunelveli,BC,1,539000.0,1,0,66.63,95.4,Tier-3 (Self-financing),95000.0,87.5,1,0.229,0.507,0.368,35000.0,60000.0,1
Virudhunagar,BC,1,932000.0,0,1,87.49,159.5,Tier-2 (Affiliated),120000.0,6.5,1,0.474,0.407,0.44,52900.0,67100.0,1
Vellore,BC,0,844000.0,0,1,67.81,118.9,Tier-3 (Self-financing),100000.0,148.0,2,0.416,0.401,0.408,40800.0,59200.0,0
Coimbatore,MBC,0,377000.0,0,0,86.01,153.7,Tier-2 (Affiliated),97000.0,5.7,2,0.469,0.46,0.465,45100.0,51900.0,1
Karur,MBC,1,538000.0,0,1,88.69,146.6,Tier-2 (Affiliated),104000.0,13.3,2,0.566,0.548,0.557,57900.0,46100.0,0
Tiruchirappalli,ST,1,410000.0,0,1,71.5,110.6,Tier-3 (Self-financing),87000.0,175.5,3,0.232,0.352,0.292,25400.0,61600.0,0
Vellore,BC,1,624000.0,1,0,70.61,92.8,Tier-1 (Autonomous),180000.0,9.4,4,0.148,0.445,0.297,53400.0,126600.0,0
Chennai,BC,1,497000.0,1,0,73.3,119.3,Tier-3 (Self-financing),81000.0,92.2,0,0.347,0.575,0.461,37400.0,43600.0,0
Theni,ST,1,269000.0,0,0,68.11,127.5,Tier-2 (Affiliated),103000.0,7.9,0,0.327,0.508,0.417,43000.0,60000.0,0
Thanjavur,MBC,0,148000.0,0,1,80.3,147.1,Tier-1 (Autonomous),172000.0,16.1,2,0.424,0.587,0.505,86900.0,85100.0,1
Kanyakumari,MBC,1,666000.0,0,1,81.72,146.8,Tier-1 (Autonomous),196000.0,54.9,2,0.441,0.42,0.43,84400.0,111600.0,0
Erode,MBC,1,413000.0,1,0,85.27,148.2,Tier-1 (Autonomous),169000.0,28.6,1,0.314,0.387,0.35,59200.0,109800.0,1
Salem,OC,0,866000.0,0,0,69.67,144.6,Tier-1 (Autonomous),168000.0,115.8,0,0.23,0.456,0.343,57600.0,110400.0,0
Tiruchirappalli,SC,1,521000.0,0,1,86.4,115.0,Tier-2 (Affiliated),100000.0,20.9,0,0.358,0.569,0.463,46300.0,53700.0,1
Salem,MBC,1,298000.0,0,0,68.12,112.5,Tier-3 (Self-financing),87000.0,2.0,0,0.176,0.446,0.311,27100.0,59900.0,0
Dindigul,MBC,1,834000.0,1,0,86.39,124.2,Tier-1 (Autonomous),178000.0,37.5,2,0.292,0.432,0.362,64400.0,113600.0,0
Coimbatore,MBC,1,103000.0,0,1,63.13,124.3,Tier-1 (Autonomous),183000.0,47.3,1,0.319,0.554,0.436,79900.0,103100.0,0
Thanjavur,BC,0,864000.0,0,0,93.68,141.6,Tier-3 (Self-financing),79000.0,75.8,1,0.387,0.35,0.369,29100.0,49900.0,1
Kanyakumari,BC,1,231000.0,0,0,72.78,131.6,Tier-2 (Affiliated),111000.0,30.3,3,0.421,0.6,0.51,56700.0,54300.0,0
Nagapattinam,SC,1,414000.0,1,0,83.99,127.6,Tier-3 (Self-financing),86000.0,18.1,1,0.398,0.449,0.423,36400.0,49600.0,0
Theni,MBC,1,531000.0,0,0,84.78,142.0,Tier-1 (Autonomous),193000.0,11.3,2,0.414,0.361,0.388,74900.0,118100.0,0
Kanyakumari,OC,0,724000.0,1,0,65.3,102.9,Tier-3 (Self-financing),99000.0,54.7,1,0.303,0.378,0.34,33700.0,65300.0,1
Nagapattinam,BC,1,403000.0,1,0,86.35,138.0,Tier-3 (Self-financing),84000.0,319.9,1,0.299,0.458,0.378,31800.0,52200.0,0
Cuddalore,ST,0,60000.0,0,1,72.49,121.0,Tier-1 (Autonomous),187000.0,65.0,2,0.261,0.483,0.372,69600.0,117400.0,1
Kanyakumari,BC,0,250000.0,1,0,74.94,133.7,Tier-2 (Affiliated),111000.0,2.2,2,0.654,0.456,0.555,61600.0,49400.0,1
Madurai,BC,0,265000.0,1,0,71.3,112.4,Tier-2 (Affiliated),116000.0,34.2,0,0.303,0.403,0.353,41000.0,75000.0,0
Virudhunagar,MBC,1,136000.0,0,1,94.14,164.0,Tier-1 (Autonomous),183000.0,7.3,2,0.543,0.498,0.521,95300.0,87700.0,1
Tirunelveli,SC,1,323000.0,1,0,66.3,121.6,Tier-2 (Affiliated),116000.0,16.2,3,0.231,0.501,0.366,42500.0,73500.0,0
Karur,MBC,0,144000.0,0,1,82.3,125.4,Tier-3 (Self-financing),92000.0,44.4,1,0.395,0.447,0.421,38800.0,53200.0,1
Villupuram,SC,1,450000.0,0,1,71.76,143.1,Tier-3 (Self-financing),88000.0,51.7,1,0.379,0.373,0.376,33100.0,54900.0,1
Dindigul,OC,1,550000.0,0,0,88.91,153.4,Tier-2 (Affiliated),111000.0,46.9,1,0.393,0.359,0.376,41700.0,69300.0,1
Coimbatore,ST,1,803000.0,1,0,99.9,153.4,Tier-3 (Self-financing),93000.0,86.2,2,0.576,0.38,0.478,44500.0,48500.0,1
Vellore,ST,1,237000.0,1,0,71.7,123.9,Tier-2 (Affiliated),109000.0,51.0,1,0.455,0.46,0.458,49900.0,59100.0,1
Thanjavur,MBC,1,532000.0,0,0,79.4,142.6,Tier-1 (Autonomous),175000.0,73.0,4,0.395,0.311,0.353,61800.0,113200.0,1
Villupuram,MBC,0,231000.0,1,0,74.15,127.5,Tier-1 (Autonomous),168000.0,123.8,3,0.364,0.401,0.382,64200.0,103800.0,0
Villupuram,BC,0,122000.0,1,0,88.38,144.4,Tier-2 (Affiliated),113000.0,18.6,1,0.374,0.516,0.445,50300.0,62700.0,0
Tiruppur,MBC,1,375000.0,1,0,75.51,69.0,Tier-1 (Autonomous),186000.0,27.0,3,0.046,0.443,0.245,45600.0,140400.0,0
Thoothukudi,BC,1,731000.0,0,0,87.06,124.8,Tier-1 (Autonomous),166000.0,91.0,2,0.342,0.397,0.37,61400.0,104600.0,0
Thanjavur,OC,1,877000.0,0,1,74.02,128.6,Tier-2 (Affiliated),105000.0,116.1,0,0.368,0.502,0.435,45700.0,59300.0,1
Thanjavur,ST,1,232000.0,0,1,99.9,145.0,Tier-3 (Self-financing),91000.0,57.3,2,0.49,0.523,0.507,46100.0,44900.0,1
Virudhunagar,BC,1,217000.0,0,1,56.08,97.4,Tier-2 (Affiliated),109000.0,27.4,0,0.286,0.356,0.321,35000.0,74000.0,0
Cuddalore,MBC,1,599000.0,0,1,81.77,144.1,Tier-3 (Self-financing),85000.0,25.1,2,0.324,0.379,0.352,29900.0,55100.0,1
Namakkal,BC,1,608000.0,0,1,77.89,122.9,Tier-1 (Autonomous),187000.0,68.7,2,0.165,0.456,0.31,58100.0,128900.0,1
Dindigul,BC,0,475000.0,0,1,77.53,97.6,Tier-3 (Self-financing),84000.0,70.9,2,0.214,0.4,0.307,25800.0,58200.0,1
Karur,BC,1,415000.0,1,0,80.85,118.3,Tier-1 (Autonomous),183000.0,143.8,2,0.21,0.387,0.298,54500.0,128500.0,0
Nagapattinam,BC,1,191000.0,0,0,78.58,136.0,Tier-2 (Affiliated),101000.0,5.2,0,0.366,0.582,0.474,47900.0,53100.0,0
Dindigul,MBC,0,349000.0,0,1,80.19,147.2,Tier-1 (Autonomous),183000.0,24.3,1,0.45,0.445,0.448,82000.0,101000.0,0
Chennai,ST,0,168000.0,1,0,82.08,100.1,Tier-2 (Affiliated),99000.0,42.4,1,0.274,0.445,0.36,35600.0,63400.0,0
Madurai,MBC,1,903000.0,0,1,95.49,154.0,Tier-2 (Affiliated),100000.0,27.8,0,0.403,0.302,0.352,35200.0,64800.0,0
Madurai,ST,1,277000.0,1,0,50.34,58.5,Tier-3 (Self-financing),81000.0,63.2,2,0.134,0.628,0.381,30900.0,50100.0,0
Dindigul,MBC,0,254000.0,1,0,96.47,155.7,Tier-3 (Self-financing),89000.0,163.0,2,0.557,0.406,0.481,42900.0,46100.0,1
Theni,MBC,0,327000.0,0,1,99.9,157.5,Tier-2 (Affiliated),110000.0,60.5,0,0.484,0.467,0.475,52300.0,57700.0,1
Virudhunagar,BC,0,215000.0,0,1,60.49,132.2,Tier-3 (Self-financing),79000.0,47.9,2,0.392,0.494,0.443,35000.0,44000.0,1
Salem,OC,0,274000.0,0,1,78.48,117.5,Tier-1 (Autonomous),187000.0,62.5,4,0.267,0.549,0.408,76300.0,110700.0,1
Nagapattinam,SC,1,298000.0,0,1,91.71,162.5,Tier-1 (Autonomous),183000.0,46.4,4,0.483,0.424,0.453,82900.0,100100.0,0
Cuddalore,MBC,1,253000.0,1,0,87.19,154.6,Tier-1 (Autonomous),188000.0,5.4,1,0.564,0.43,0.497,93400.0,94600.0,1
Coimbatore,BC,1,426000.0,0,0,94.76,148.7,Tier-2 (Affiliated),103000.0,32.5,0,0.416,0.528,0.472,48600.0,54400.0,1
Vellore,SC,0,567000.0,0,1,81.72,132.5,Tier-1 (Autonomous),191000.0,38.9,2,0.338,0.635,0.486,92900.0,98100.0,1
Erode,BC,0,531000.0,0,0,57.67,92.3,Tier-1 (Autonomous),193000.0,63.7,1,0.32,0.398,0.359,69200.0,123800.0,1
Kanyakumari,SC,0,231000.0,0,1,91.05,134.5,Tier-2 (Affiliated),117000.0,356.8,4,0.359,0.451,0.405,47400.0,69600.0,1
Villupuram,BC,1,1134000.0,0,0,84.35,122.5,Tier-3 (Self-financing),89000.0,2.5,0,0.377,0.524,0.451,40100.0,48900.0,1
Virudhunagar,ST,1,173000.0,0,0,92.66,142.1,Tier-3 (Self-financing),89000.0,29.0,2,0.416,0.485,0.45,40100.0,48900.0,1
Namakkal,BC,0,1176000.0,0,1,62.66,83.2,Tier-3 (Self-financing),88000.0,107.2,0,0.233,0.291,0.262,23100.0,64900.0,1
Dindigul,BC,1,375000.0,1,0,65.84,97.8,Tier-1 (Autonomous),169000.0,42.9,0,0.31,0.491,0.4,67700.0,101300.0,0
Erode,MBC,0,783000.0,1,0,78.16,122.1,Tier-1 (Autonomous),175000.0,9.1,2,0.431,0.429,0.43,75200.0,99800.0,0
Nagapattinam,BC,0,898000.0,1,0,91.33,148.6,Tier-2 (Affiliated),109000.0,61.1,2,0.507,0.394,0.451,49100.0,59900.0,1
Coimbatore,ST,1,104000.0,0,0,94.12,157.2,Tier-2 (Affiliated),102000.0,77.9,4,0.569,0.607,0.588,60000.0,42000.0,0
Tirunelveli,MBC,0,583000.0,0,1,70.74,110.2,Tier-2 (Affiliated),121000.0,50.7,1,0.267,0.324,0.296,35800.0,85200.0,0
Madurai,BC,1,413000.0,1,0,73.94,106.8,Tier-3 (Self-financing),89000.0,2.0,0,0.179,0.451,0.315,28000.0,61000.0,1
Dindigul,BC,0,219000.0,1,0,99.9,166.2,Tier-3 (Self-financing),99000.0,50.3,2,0.472,0.594,0.533,52800.0,46200.0,0
Tirunelveli,ST,1,364000.0,1,0,72.47,127.8,Tier-2 (Affiliated),116000.0,40.0,2,0.579,0.295,0.437,50700.0,65300.0,1
Tiruchirappalli,MBC,0,149000.0,0,0,84.75,128.3,Tier-3 (Self-financing),74000.0,176.7,2,0.343,0.415,0.379,28100.0,45900.0,0
Vellore,SC,0,257000.0,0,1,73.48,102.8,Tier-1 (Autonomous),190000.0,40.9,3,0.112,0.556,0.334,63500.0,126500.0,0
Kanyakumari,OC,0,232000.0,0,1,82.75,125.7,Tier-2 (Affiliated),106000.0,9.9,0,0.555,0.511,0.533,56500.0,49500.0,1
Tiruppur,ST,1,301000.0,1,0,69.34,108.2,Tier-1 (Autonomous),191000.0,41.3,0,0.296,0.439,0.368,70300.0,120700.0,0
Virudhunagar,MBC,1,875000.0,1,0,69.62,128.6,Tier-2 (Affiliated),122000.0,6.0,1,0.286,0.404,0.345,42100.0,79900.0,1
Villupuram,MBC,1,519000.0,1,0,74.29,129.3,Tier-1 (Autonomous),191000.0,48.7,1,0.262,0.483,0.373,71200.0,119800.0,1
Villupuram,BC,0,245000.0,1,0,72.55,116.0,Tier-2 (Affiliated),119000.0,54.3,2,0.32,0.431,0.376,44700.0,74300.0,1
Vellore,OC,0,525000.0,1,0,74.96,148.4,Tier-1 (Autonomous),183000.0,12.0,0,0.483,0.441,0.462,84600.0,98400.0,0
Kanyakumari,ST,0,78000.0,0,0,83.26,132.7,Tier-2 (Affiliated),110000.0,8.4,0,0.422,0.441,0.431,47500.0,62500.0,0
Villupuram,ST,1,172000.0,1,0,96.9,176.2,Tier-3 (Self-financing),100000.0,35.4,2,0.594,0.609,0.601,60100.0,39900.0,1
Thoothukudi,BC,0,236000.0,1,0,72.09,133.7,Tier-2 (Affiliated),112000.0,53.1,2,0.252,0.379,0.316,35300.0,76700.0,0
Vellore,ST,0,261000.0,1,0,68.12,126.3,Tier-2 (Affiliated),107000.0,34.4,1,0.251,0.489,0.37,39600.0,67400.0,1
Salem,BC,1,604000.0,1,0,78.1,129.8,Tier-3 (Self-financing),89000.0,55.4,2,0.357,0.495,0.426,37900.0,51100.0,1
Tiruppur,BC,1,648000.0,0,1,69.49,112.9,Tier-3 (Self-financing),94000.0,28.1,1,0.389,0.583,0.486,45700.0,48300.0,1
Villupuram,OC,0,384000.0,1,0,61.65,98.7,Tier-3 (Self-financing),94000.0,108.5,2,0.213,0.459,0.336,31600.0,62400.0,0
Villupuram,BC,0,194000.0,1,0,88.64,154.6,Tier-1 (Autonomous),171000.0,3.6,1,0.262,0.732,0.497,85000.0,86000.0,1
Tiruppur,OC,0,884000.0,1,0,78.81,114.3,Tier-2 (Affiliated),119000.0,433.4,1,0.371,0.286,0.328,39100.0,79900.0,0
Madurai,BC,1,329000.0,1,0,79.78,123.7,Tier-3 (Self-financing),91000.0,34.4,1,0.114,0.533,0.323,29400.0,61600.0,1
Thanjavur,BC,0,376000.0,1,0,58.73,119.0,Tier-3 (Self-financing),82000.0,92.3,3,0.279,0.42,0.35,28700.0,53300.0,0
Karur,SC,1,296000.0,0,0,72.15,124.8,Tier-2 (Affiliated),103000.0,2.0,0,0.403,0.623,0.513,52800.0,50200.0,1
Tiruppur,SC,0,266000.0,1,0,63.84,116.5,Tier-3 (Self-financing),96000.0,6.1,0,0.371,0.491,0.431,41400.0,54600.0,1
Erode,MBC,1,301000.0,1,0,77.8,106.2,Tier-2 (Affiliated),122000.0,172.0,2,0.142,0.409,0.275,33600.0,88400.0,0
Erode,BC,1,862000.0,1,0,79.34,120.5,Tier-3 (Self-financing),98000.0,6.2,2,0.397,0.48,0.439,43000.0,55000.0,1
Coimbatore,SC,0,416000.0,0,0,79.34,132.0,Tier-2 (Affiliated),100000.0,16.5,4,0.475,0.433,0.454,45400.0,54600.0,1
Tirunelveli,BC,1,833000.0,1,0,71.33,113.5,Tier-2 (Affiliated),108000.0,45.1,1,0.353,0.283,0.318,34300.0,73700.0,1
Cuddalore,SC,0,213000.0,1,0,69.47,92.8,Tier-1 (Autonomous),180000.0,61.1,1,0.208,0.483,0.345,62100.0,117900.0,0
Salem,MBC,1,331000.0,0,1,76.07,133.1,Tier-1 (Autonomous),192000.0,49.0,2,0.407,0.566,0.486,93400.0,98600.0,0
Thoothukudi,BC,1,2281000.0,1,0,81.57,146.7,Tier-2 (Affiliated),116000.0,38.1,2,0.358,0.091,0.225,26100.0,89900.0,0
Coimbatore,OC,1,365000.0,1,0,72.21,111.3,Tier-2 (Affiliated),108000.0,98.3,1,0.378,0.447,0.413,44600.0,63400.0,1
Tiruppur,SC,0,317000.0,1,0,68.63,121.7,Tier-2 (Affiliated),111000.0,142.6,0,0.451,0.488,0.469,52100.0,58900.0,1
Dindigul,ST,0,203000.0,0,1,69.05,140.9,Tier-2 (Affiliated),116000.0,118.9,1,0.363,0.318,0.34,39500.0,76500.0,1
Virudhunagar,MBC,1,406000.0,0,0,71.42,137.2,Tier-2 (Affiliated),116000.0,59.9,0,0.446,0.699,0.573,66400.0,49600.0,1
Kanyakumari,ST,1,302000.0,1,0,73.47,113.9,Tier-1 (Autonomous),193000.0,200.3,1,0.383,0.486,0.435,83900.0,109100.0,0
Namakkal,ST,1,206000.0,1,0,67.02,90.7,Tier-2 (Affiliated),122000.0,87.7,1,0.201,0.587,0.394,48100.0,73900.0,0
Theni,BC,1,611000.0,0,1,73.54,121.1,Tier-2 (Affiliated),120000.0,23.6,4,0.144,0.55,0.347,41600.0,78400.0,1
Cuddalore,SC,1,375000.0,1,0,90.36,179.8,Tier-2 (Affiliated),104000.0,22.3,0,0.546,0.39,0.468,48700.0,55300.0,1
Namakkal,BC,1,2106000.0,0,0,75.05,140.2,Tier-3 (Self-financing),79000.0,10.4,1,0.146,0.035,0.09,7100.0,71900.0,1
Tiruchirappalli,MBC,1,757000.0,0,1,65.61,104.9,Tier-3 (Self-financing),77000.0,59.3,3,0.399,0.529,0.464,35700.0,41300.0,1
Thanjavur,BC,1,641000.0,1,0,55.42,112.1,Tier-2 (Affiliated),113000.0,14.9,1,0.343,0.359,0.351,39700.0,73300.0,1
Salem,ST,1,375000.0,0,1,96.36,171.7,Tier-2 (Affiliated),106000.0,120.2,0,0.485,0.445,0.465,49300.0,56700.0,1
Dindigul,SC,1,866000.0,0,0,89.39,114.5,Tier-3 (Self-financing),90000.0,66.5,3,0.379,0.319,0.349,31400.0,58600.0,0
Theni,BC,0,175000.0,1,0,80.85,145.3,Tier-1 (Autonomous),186000.0,84.3,1,0.318,0.275,0.296,55100.0,130900.0,0
Salem,BC,1,437000.0,0,1,89.63,145.2,Tier-2 (Affiliated),112000.0,15.8,1,0.503,0.446,0.474,53100.0,58900.0,1
Salem,MBC,1,147000.0,0,1,83.28,120.2,Tier-3 (Self-financing),92000.0,74.4,0,0.341,0.515,0.428,39400.0,52600.0,1
Virudhunagar,SC,0,265000.0,0,0,77.24,125.0,Tier-3 (Self-financing),80000.0,8.0,1,0.359,0.583,0.471,37700.0,42300.0,1
Vellore,ST,1,435000.0,1,0,65.6,111.2,Tier-3 (Self-financing),73000.0,35.5,0,0.257,0.428,0.343,25000.0,48000.0,1
Tiruchirappalli,BC,0,173000.0,1,0,97.09,143.4,Tier-1 (Autonomous),175000.0,3.3,5,0.38,0.466,0.423,74000.0,101000.0,0
Karur,MBC,1,925000.0,0,0,73.63,116.0,Tier-2 (Affiliated),117000.0,67.0,1,0.351,0.411,0.381,44600.0,72400.0,1
Karur,MBC,0,175000.0,0,0,74.18,113.7,Tier-3 (Self-financing),100000.0,3.0,2,0.225,0.587,0.406,40600.0,59400.0,0
Virudhunagar,BC,1,400000.0,0,1,78.37,137.3,Tier-1 (Autonomous),192000.0,32.7,2,0.281,0.377,0.329,63200.0,128800.0,1
Nagapattinam,MBC,1,449000.0,1,0,78.55,121.2,Tier-3 (Self-financing),84000.0,24.0,1,0.409,0.302,0.356,29900.0,54100.0,1
Thoothukudi,OC,1,1514000.0,1,0,83.75,108.5,Tier-2 (Affiliated),118000.0,150.6,6,0.32,0.431,0.376,44300.0,73700.0,1
Tiruppur,BC,0,187000.0,0,1,82.6,125.4,Tier-3 (Self-financing),74000.0,33.6,1,0.261,0.638,0.449,33200.0,40800.0,1
Tirunelveli,BC,1,567000.0,1,0,72.23,101.4,Tier-2 (Affiliated),123000.0,111.4,1,0.261,0.384,0.323,39700.0,83300.0,1
Kanyakumari,ST,0,259000.0,1,0,78.26,105.8,Tier-2 (Affiliated),115000.0,149.2,2,0.272,0.472,0.372,42700.0,72300.0,1
Tirunelveli,BC,0,409000.0,0,1,83.43,151.2,Tier-3 (Self-financing),92000.0,24.9,1,0.371,0.465,0.418,38400.0,53600.0,1
Tirunelveli,BC,0,417000.0,0,0,71.38,126.3,Tier-3 (Self-financing),70000.0,6.3,1,0.358,0.398,0.378,26400.0,43600.0,1
Virudhunagar,SC,1,479000.0,1,0,92.47,133.4,Tier-2 (Affiliated),114000.0,13.0,1,0.363,0.407,0.385,43900.0,70100.0,1
Kanyakumari,ST,0,125000.0,1,0,77.8,105.4,Tier-3 (Self-financing),100000.0,41.7,1,0.339,0.514,0.426,42600.0,57400.0,0
Erode,MBC,1,1063000.0,0,1,93.98,148.8,Tier-2 (Affiliated),113000.0,11.4,2,0.453,0.226,0.34,38400.0,74600.0,1
Karur,OC,1,593000.0,0,1,64.08,82.7,Tier-2 (Affiliated),110000.0,34.9,3,0.143,0.619,0.381,41900.0,68100.0,1
Villupuram,MBC,0,227000.0,1,0,84.55,131.6,Tier-2 (Affiliated),108000.0,36.1,5,0.314,0.369,0.341,36800.0,71200.0,1
Nagapattinam,BC,1,1014000.0,1,0,69.1,111.6,Tier-3 (Self-financing),80000.0,51.1,2,0.323,0.181,0.252,20200.0,59800.0,0
Chennai,MBC,0,184000.0,0,0,71.66,119.2,Tier-2 (Affiliated),111000.0,33.1,0,0.171,0.585,0.378,41900.0,69100.0,0
Cuddalore,BC,0,357000.0,0,0,87.05,144.4,Tier-2 (Affiliated),101000.0,68.8,1,0.314,0.447,0.38,38400.0,62600.0,1
Tiruchirappalli,OC,0,262000.0,0,0,75.72,109.4,Tier-3 (Self-financing),89000.0,55.5,1,0.266,0.531,0.398,35400.0,53600.0,1
Virudhunagar,BC,1,1931000.0,1,0,99.9,160.9,Tier-2 (Affiliated),119000.0,42.9,1,0.451,0.17,0.311,37000.0,82000.0,1
Coimbatore,SC,1,1121000.0,1,0,83.18,152.3,Tier-3 (Self-financing),82000.0,175.5,1,0.511,0.298,0.405,33200.0,48800.0,0
Thoothukudi,BC,1,455000.0,0,1,71.04,82.2,Tier-3 (Self-financing),88000.0,37.4,1,0.071,0.451,0.261,23000.0,65000.0,1
Tiruchirappalli,BC,1,643000.0,1,0,83.2,138.0,Tier-1 (Autonomous),180000.0,101.3,0,0.345,0.455,0.4,72000.0,108000.0,0
Thanjavur,MBC,0,261000.0,0,1,75.63,103.3,Tier-3 (Self-financing),89000.0,89.3,1,0.258,0.588,0.423,37700.0,51300.0,0
Salem,SC,1,260000.0,1,0,86.32,159.2,Tier-3 (Self-financing),93000.0,101.6,1,0.43,0.437,0.434,40300.0,52700.0,1
Virudhunagar,OC,1,673000.0,0,0,75.04,132.3,Tier-2 (Affiliated),114000.0,4.7,1,0.301,0.454,0.378,43100.0,70900.0,1
Vellore,MBC,0,254000.0,0,1,82.07,143.1,Tier-1 (Autonomous),187000.0,5.1,1,0.348,0.461,0.405,75700.0,111300.0,1
Karur,MBC,1,182000.0,0,1,79.98,115.2,Tier-1 (Autonomous),185000.0,134.5,1,0.321,0.483,0.402,74400.0,110600.0,0
Coimbatore,BC,0,346000.0,0,1,78.78,130.0,Tier-1 (Autonomous),187000.0,57.3,1,0.331,0.41,0.371,69300.0,117700.0,0
Dindigul,ST,0,165000.0,1,0,88.42,147.1,Tier-2 (Affiliated),113000.0,30.2,1,0.383,0.493,0.438,49500.0,63500.0,0
Villupuram,SC,0,232000.0,0,1,59.97,60.4,Tier-2 (Affiliated),113000.0,19.4,1,0.013,0.405,0.209,23600.0,89400.0,1
Villupuram,BC,0,287000.0,0,1,78.98,128.6,Tier-2 (Affiliated),116000.0,4.1,0,0.531,0.401,0.466,54100.0,61900.0,0
Salem,OC,1,517000.0,1,0,70.99,122.8,Tier-2 (Affiliated),110000.0,141.2,3,0.339,0.374,0.357,39200.0,70800.0,1
Vellore,BC,1,782000.0,0,1,64.51,82.0,Tier-2 (Affiliated),114000.0,164.8,2,0.31,0.214,0.262,29900.0,84100.0,1
Thanjavur,BC,1,648000.0,0,1,69.62,120.4,Tier-3 (Self-financing),78000.0,7.3,1,0.297,0.345,0.321,25000.0,53000.0,1
Tiruppur,MBC,0,560000.0,0,1,71.8,116.4,Tier-3 (Self-financing),71000.0,2.6,2,0.315,0.398,0.357,25300.0,45700.0,0
Namakkal,ST,1,358000.0,1,0,75.65,141.8,Tier-3 (Self-financing),86000.0,192.1,1,0.435,0.507,0.471,40500.0,45500.0,1
Madurai,SC,1,283000.0,1,0,81.37,124.0,Tier-3 (Self-financing),79000.0,159.4,1,0.322,0.381,0.352,27800.0,51200.0,1
Nagapattinam,BC,1,678000.0,1,0,83.42,136.1,Tier-2 (Affiliated),126000.0,92.3,2,0.384,0.412,0.398,50200.0,75800.0,1
Salem,MBC,1,141000.0,1,0,73.91,123.4,Tier-3 (Self-financing),79000.0,12.6,0,0.349,0.55,0.449,35500.0,43500.0,0
Erode,OC,1,2004000.0,0,0,93.85,108.0,Tier-3 (Self-financing),91000.0,28.8,0,0.258,0.133,0.196,17800.0,73200.0,1
Virudhunagar,MBC,1,488000.0,0,0,74.29,113.5,Tier-3 (Self-financing),80000.0,56.5,2,0.287,0.467,0.377,30100.0,49900.0,1
Cuddalore,OC,1,2095000.0,1,0,58.54,95.0,Tier-2 (Affiliated),110000.0,44.1,4,0.312,0.154,0.233,25600.0,84400.0,1
Vellore,ST,0,105000.0,0,1,74.55,83.9,Tier-2 (Affiliated),101000.0,122.7,2,0.113,0.497,0.305,30800.0,70200.0,0
Villupuram,SC,1,170000.0,1,0,78.47,135.7,Tier-2 (Affiliated),101000.0,43.5,4,0.513,0.46,0.486,49100.0,51900.0,0
Vellore,BC,1,591000.0,0,1,45.27,73.7,Tier-2 (Affiliated),113000.0,75.1,4,0.201,0.445,0.323,36500.0,76500.0,1
Tiruppur,MBC,0,317000.0,0,1,90.07,145.3,Tier-2 (Affiliated),107000.0,7.7,2,0.384,0.398,0.391,41800.0,65200.0,1
Salem,MBC,0,313000.0,1,0,77.01,134.0,Tier-2 (Affiliated),116000.0,73.7,2,0.44,0.305,0.373,43200.0,72800.0,0
Tiruchirappalli,SC,1,349000.0,0,1,66.48,100.2,Tier-3 (Self-financing),95000.0,128.1,2,0.315,0.42,0.368,34900.0,60100.0,0
Dindigul,MBC,0,184000.0,1,0,68.4,110.1,Tier-2 (Affiliated),98000.0,10.0,2,0.309,0.465,0.387,37900.0,60100.0,1
Tiruppur,BC,0,132000.0,1,0,85.62,150.0,Tier-2 (Affiliated),119000.0,46.4,1,0.416,0.532,0.474,56400.0,62600.0,1
Virudhunagar,MBC,1,491000.0,1,0,86.84,139.8,Tier-2 (Affiliated),102000.0,64.9,1,0.258,0.458,0.358,36500.0,65500.0,0
Vellore,OC,0,193000.0,1,0,71.51,86.8,Tier-2 (Affiliated),107000.0,24.2,2,0.146,0.457,0.301,32200.0,74800.0,1
Kanyakumari,MBC,0,122000.0,0,0,64.45,103.9,Tier-1 (Autonomous),169000.0,134.4,0,0.268,0.529,0.398,67300.0,101700.0,1
Theni,BC,0,243000.0,0,1,79.31,127.9,Tier-3 (Self-financing),74000.0,137.8,1,0.386,0.571,0.478,35400.0,38600.0,1
Coimbatore,MBC,0,329000.0,1,0,81.14,143.3,Tier-2 (Affiliated),94000.0,91.2,4,0.407,0.467,0.437,41100.0,52900.0,1
Karur,SC,0,582000.0,0,0,83.65,128.7,Tier-2 (Affiliated),107000.0,22.2,2,0.383,0.358,0.37,39600.0,67400.0,1
Tiruppur,OC,1,1080000.0,0,1,72.37,101.1,Tier-2 (Affiliated),110000.0,43.9,1,0.233,0.302,0.267,29400.0,80600.0,1
Vellore,BC,0,658000.0,0,1,76.78,108.2,Tier-1 (Autonomous),177000.0,101.7,3,0.329,0.474,0.401,71000.0,106000.0,1
Dindigul,SC,0,279000.0,1,0,78.2,146.8,Tier-2 (Affiliated),96000.0,147.8,0,0.587,0.376,0.481,46200.0,49800.0,1
Erode,BC,1,591000.0,1,0,87.67,144.6,Tier-2 (Affiliated),94000.0,56.5,1,0.419,0.483,0.451,42400.0,51600.0,1
Theni,MBC,0,1032000.0,0,0,91.29,166.9,Tier-3 (Self-financing),85000.0,14.1,2,0.475,0.299,0.387,32900.0,52100.0,1
Tiruppur,MBC,0,126000.0,0,0,94.01,173.5,Tier-2 (Affiliated),116000.0,148.8,1,0.508,0.608,0.558,64700.0,51300.0,0
Thanjavur,BC,0,238000.0,0,1,91.02,134.5,Tier-2 (Affiliated),112000.0,2.0,2,0.436,0.52,0.478,53500.0,58500.0,1
Tirunelveli,SC,0,162000.0,0,0,96.13,141.5,Tier-2 (Affiliated),125000.0,124.2,3,0.392,0.561,0.477,59600.0,65400.0,0
Vellore,MBC,0,425000.0,0,1,88.13,139.1,Tier-3 (Self-financing),85000.0,108.1,2,0.451,0.535,0.493,41900.0,43100.0,0
Dindigul,MBC,0,152000.0,1,0,72.11,124.6,Tier-2 (Affiliated),113000.0,33.1,2,0.409,0.602,0.506,57100.0,55900.0,0
Dindigul,BC,1,735000.0,1,0,93.34,128.3,Tier-3 (Self-financing),85000.0,96.8,2,0.492,0.468,0.48,40800.0,44200.0,1
Erode,OC,1,867000.0,1,0,64.24,109.6,Tier-3 (Self-financing),79000.0,127.4,2,0.32,0.3,0.31,24500.0,54500.0,1
Tiruppur,OC,1,985000.0,1,0,99.9,165.9,Tier-2 (Affiliated),109000.0,90.1,1,0.49,0.411,0.451,49100.0,59900.0,1
Salem,ST,0,262000.0,1,0,68.25,92.3,Tier-3 (Self-financing),92000.0,24.7,2,0.25,0.386,0.318,29200.0,62800.0,0
Namakkal,SC,1,734000.0,1,0,86.88,122.7,Tier-2 (Affiliated),117000.0,181.3,2,0.329,0.306,0.318,37200.0,79800.0,0
Madurai,SC,1,307000.0,1,0,92.44,154.6,Tier-3 (Self-financing),88000.0,111.3,0,0.457,0.478,0.467,41100.0,46900.0,1
Dindigul,BC,0,400000.0,1,0,82.59,163.2,Tier-2 (Affiliated),123000.0,18.4,1,0.583,0.566,0.574,70600.0,52400.0,0
Nagapattinam,MBC,1,280000.0,1,0,57.5,87.6,Tier-2 (Affiliated),114000.0,12.9,2,0.168,0.481,0.325,37000.0,77000.0,1
Virudhunagar,SC,1,185000.0,0,1,68.52,114.6,Tier-2 (Affiliated),113000.0,2.4,2,0.196,0.445,0.321,36200.0,76800.0,0
Cuddalore,MBC,0,686000.0,0,1,81.57,121.4,Tier-2 (Affiliated),122000.0,29.2,4,0.336,0.46,0.398,48500.0,73500.0,1
Karur,OC,1,403000.0,1,0,84.36,138.5,Tier-2 (Affiliated),104000.0,81.1,1,0.401,0.429,0.415,43100.0,60900.0,1
Coimbatore,SC,0,277000.0,1,0,76.21,112.6,Tier-2 (Affiliated),121000.0,2.0,5,0.373,0.527,0.45,54500.0,66500.0,1
Erode,BC,1,647000.0,1,0,78.74,122.1,Tier-2 (Affiliated),102000.0,7.4,0,0.315,0.429,0.372,37900.0,64100.0,1
Cuddalore,BC,0,571000.0,0,1,63.31,138.0,Tier-2 (Affiliated),108000.0,40.8,2,0.347,0.357,0.352,38000.0,70000.0,0
Virudhunagar,ST,0,68000.0,1,0,95.74,154.8,Tier-2 (Affiliated),95000.0,2.0,3,0.394,0.623,0.508,48300.0,46700.0,1
Tiruppur,MBC,1,686000.0,1,0,74.22,95.3,Tier-2 (Affiliated),112000.0,85.2,2,0.182,0.279,0.231,25900.0,86100.0,1
Kanyakumari,BC,1,468000.0,1,0,85.89,147.1,Tier-3 (Self-financing),96000.0,26.2,1,0.348,0.382,0.365,35100.0,60900.0,1
Tirunelveli,MBC,0,187000.0,0,1,92.04,164.2,Tier-2 (Affiliated),102000.0,89.4,1,0.38,0.56,0.47,47900.0,54100.0,0
Tiruchirappalli,ST,1,238000.0,0,0,66.45,116.5,Tier-2 (Affiliated),108000.0,50.1,3,0.132,0.728,0.43,46500.0,61500.0,0
Coimbatore,OC,1,1114000.0,0,1,79.28,124.2,Tier-3 (Self-financing),83000.0,31.5,3,0.4,0.186,0.293,24300.0,58700.0,1
Tiruppur,SC,1,471000.0,1,0,80.78,115.5,Tier-1 (Autonomous),178000.0,12.6,2,0.319,0.443,0.381,67800.0,110200.0,1
Cuddalore,BC,1,450000.0,0,1,75.42,107.3,Tier-2 (Affiliated),102000.0,30.5,2,0.442,0.269,0.356,36300.0,65700.0,1
Tirunelveli,OC,1,337000.0,1,0,87.27,136.8,Tier-3 (Self-financing),85000.0,124.0,1,0.26,0.468,0.364,30900.0,54100.0,1
Nagapattinam,MBC,1,233000.0,0,1,71.33,108.6,Tier-3 (Self-financing),98000.0,62.2,3,0.435,0.448,0.441,43300.0,54700.0,0
Karur,MBC,0,393000.0,1,0,78.55,117.3,Tier-2 (Affiliated),106000.0,23.7,0,0.297,0.472,0.384,40700.0,65300.0,0
Vellore,BC,1,239000.0,0,1,74.29,137.1,Tier-1 (Autonomous),182000.0,76.9,0,0.252,0.612,0.432,78600.0,103400.0,1
Salem,BC,0,280000.0,1,0,99.9,173.7,Tier-2 (Affiliated),112000.0,79.9,1,0.347,0.56,0.454,50800.0,61200.0,1
Karur,MBC,0,1136000.0,1,0,71.37,133.2,Tier-3 (Self-financing),82000.0,361.5,2,0.322,0.295,0.309,25300.0,56700.0,1
Cuddalore,MBC,0,335000.0,1,0,85.45,124.9,Tier-2 (Affiliated),112000.0,283.3,3,0.408,0.537,0.472,52900.0,59100.0,1
Tiruchirappalli,SC,0,293000.0,1,0,95.97,139.7,Tier-3 (Self-financing),82000.0,86.9,1,0.409,0.495,0.452,37100.0,44900.0,1
Tirunelveli,SC,1,176000.0,0,0,68.82,111.3,Tier-2 (Affiliated),113000.0,25.5,1,0.258,0.429,0.343,38800.0,74200.0,1
Dindigul,BC,1,246000.0,0,0,78.95,132.5,Tier-2 (Affiliated),109000.0,69.7,3,0.453,0.494,0.473,51600.0,57400.0,1
Namakkal,MBC,1,651000.0,0,0,68.14,110.1,Tier-1 (Autonomous),169000.0,25.6,1,0.293,0.457,0.375,63300.0,105700.0,0
Tiruchirappalli,MBC,1,360000.0,1,0,57.87,97.8,Tier-2 (Affiliated),96000.0,99.8,2,0.113,0.75,0.432,41400.0,54600.0,0
Villupuram,MBC,0,496000.0,1,0,70.15,136.0,Tier-3 (Self-financing),68000.0,243.1,2,0.478,0.555,0.516,35100.0,32900.0,1
Vellore,OC,1,682000.0,0,0,72.3,112.4,Tier-1 (Autonomous),177000.0,6.3,1,0.208,0.471,0.34,60100.0,116900.0,1
Vellore,BC,0,2114000.0,1,0,72.89,128.7,Tier-2 (Affiliated),117000.0,68.1,1,0.263,0.0,0.132,15400.0,101600.0,1
Coimbatore,BC,0,231000.0,0,0,75.0,127.8,Tier-2 (Affiliated),104000.0,35.5,1,0.328,0.518,0.423,44000.0,60000.0,1
Kanyakumari,BC,1,598000.0,0,0,78.06,126.3,Tier-2 (Affiliated),108000.0,41.8,1,0.367,0.545,0.456,49300.0,58700.0,1
Salem,ST,1,176000.0,0,0,66.03,117.1,Tier-1 (Autonomous),175000.0,2.0,1,0.256,0.558,0.407,71200.0,103800.0,0
Thoothukudi,MBC,0,485000.0,1,0,81.52,118.9,Tier-2 (Affiliated),103000.0,69.3,1,0.173,0.546,0.359,37000.0,66000.0,1
Dindigul,MBC,0,350000.0,0,1,90.13,129.7,Tier-3 (Self-financing),103000.0,17.2,1,0.303,0.521,0.412,42500.0,60500.0,0
Kanyakumari,MBC,0,162000.0,1,0,91.31,152.6,Tier-1 (Autonomous),174000.0,34.3,0,0.512,0.599,0.556,96700.0,77300.0,1
Tiruchirappalli,MBC,1,373000.0,1,0,75.4,96.1,Tier-2 (Affiliated),99000.0,12.0,0,0.233,0.339,0.286,28300.0,70700.0,1
Tiruchirappalli,MBC,0,584000.0,1,0,86.94,146.8,Tier-2 (Affiliated),103000.0,110.7,0,0.502,0.567,0.534,55000.0,48000.0,0
Virudhunagar,MBC,0,547000.0,0,1,71.19,97.0,Tier-2 (Affiliated),111000.0,15.7,2,0.278,0.507,0.393,43600.0,67400.0,1
Virudhunagar,SC,1,153000.0,1,0,74.57,142.1,Tier-1 (Autonomous),175000.0,12.2,3,0.352,0.614,0.483,84500.0,90500.0,0
Namakkal,OC,1,515000.0,1,0,81.99,125.2,Tier-3 (Self-financing),87000.0,142.2,0,0.279,0.46,0.369,32100.0,54900.0,1
Chennai,MBC,0,748000.0,0,0,74.65,141.2,Tier-3 (Self-financing),79000.0,14.1,0,0.408,0.446,0.427,33700.0,45300.0,1
Villupuram,MBC,1,405000.0,0,1,65.36,101.4,Tier-2 (Affiliated),105000.0,71.9,0,0.268,0.529,0.398,41800.0,63200.0,1
Vellore,SC,0,228000.0,0,1,86.33,134.3,Tier-1 (Autonomous),174000.0,70.4,2,0.377,0.491,0.434,75600.0,98400.0,0
Villupuram,ST,0,314000.0,0,1,69.71,124.5,Tier-2 (Affiliated),109000.0,53.2,2,0.35,0.425,0.387,42200.0,66800.0,1
Kanyakumari,SC,1,160000.0,0,0,72.8,120.9,Tier-3 (Self-financing),91000.0,92.6,3,0.31,0.43,0.37,33600.0,57400.0,0
Kanyakumari,MBC,0,164000.0,1,0,88.58,140.7,Tier-2 (Affiliated),117000.0,3.9,4,0.381,0.507,0.444,52000.0,65000.0,0
Cuddalore,BC,0,264000.0,0,1,83.37,127.3,Tier-3 (Self-financing),96000.0,189.1,2,0.278,0.429,0.353,33900.0,62100.0,0
Cuddalore,MBC,1,861000.0,1,0,79.76,121.7,Tier-3 (Self-financing),74000.0,57.4,2,0.239,0.323,0.281,20800.0,53200.0,0
Namakkal,SC,1,583000.0,0,1,63.31,136.7,Tier-3 (Self-financing),77000.0,108.7,2,0.436,0.553,0.495,38100.0,38900.0,1
Chennai,ST,1,429000.0,1,0,66.37,81.1,Tier-2 (Affiliated),103000.0,53.6,2,0.101,0.596,0.348,35900.0,67100.0,1
Vellore,SC,1,308000.0,1,0,81.97,113.1,Tier-3 (Self-financing),85000.0,2.0,3,0.143,0.461,0.302,25700.0,59300.0,0
Karur,BC,0,588000.0,0,0,84.3,152.5,Tier-2 (Affiliated),101000.0,43.3,1,0.405,0.539,0.472,47600.0,53400.0,1
Virudhunagar,SC,1,306000.0,0,0,80.53,145.4,Tier-2 (Affiliated),104000.0,258.3,2,0.429,0.475,0.452,47000.0,57000.0,1
Tiruppur,SC,0,283000.0,0,1,73.26,103.4,Tier-2 (Affiliated),115000.0,68.0,0,0.246,0.464,0.355,40800.0,74200.0,1
Karur,MBC,1,733000.0,0,1,72.93,90.4,Tier-2 (Affiliated),119000.0,74.8,1,0.118,0.436,0.277,32900.0,86100.0,1
Chennai,MBC,0,698000.0,1,0,80.16,147.3,Tier-1 (Autonomous),186000.0,25.6,4,0.502,0.354,0.428,79600.0,106400.0,1
Dindigul,MBC,0,266000.0,1,0,65.48,89.1,Tier-2 (Affiliated),113000.0,15.4,3,0.227,0.471,0.349,39400.0,73600.0,0
Namakkal,MBC,0,225000.0,1,0,78.92,118.9,Tier-1 (Autonomous),175000.0,109.2,0,0.406,0.613,0.51,89200.0,85800.0,0
Kanyakumari,BC,1,1040000.0,1,0,64.11,104.0,Tier-2 (Affiliated),110000.0,40.6,2,0.258,0.373,0.315,34700.0,75300.0,1
Erode,OC,0,876000.0,0,0,67.47,91.9,Tier-1 (Autonomous),189000.0,12.7,0,0.258,0.409,0.333,63000.0,126000.0,1
Salem,SC,1,247000.0,0,1,79.78,141.5,Tier-2 (Affiliated),115000.0,13.4,2,0.303,0.483,0.393,45200.0,69800.0,0
Vellore,ST,1,157000.0,0,0,83.83,134.4,Tier-2 (Affiliated),117000.0,2.8,1,0.123,0.494,0.308,36100.0,80900.0,1
Tiruchirappalli,SC,1,651000.0,1,0,81.42,117.0,Tier-1 (Autonomous),188000.0,77.8,1,0.31,0.432,0.371,69700.0,118300.0,0
Tiruppur,BC,0,128000.0,0,0,66.85,95.1,Tier-2 (Affiliated),107000.0,147.8,2,0.123,0.587,0.355,38000.0,69000.0,0
Theni,OC,0,162000.0,0,1,59.29,114.3,Tier-2 (Affiliated),115000.0,10.7,1,0.367,0.546,0.456,52500.0,62500.0,0
Virudhunagar,BC,1,440000.0,1,0,77.92,120.5,Tier-2 (Affiliated),107000.0,18.2,1,0.393,0.512,0.453,48500.0,58500.0,1
Thoothukudi,SC,1,333000.0,0,0,59.01,103.6,Tier-3 (Self-financing),90000.0,2.0,0,0.285,0.341,0.313,28100.0,61900.0,0
Coimbatore,MBC,0,145000.0,0,1,87.44,139.8,Tier-3 (Self-financing),95000.0,63.0,2,0.32,0.441,0.381,36200.0,58800.0,0
Salem,ST,1,308000.0,0,1,67.19,81.2,Tier-2 (Affiliated),122000.0,165.6,1,0.18,0.441,0.31,37800.0,84200.0,0
Erode,BC,0,346000.0,0,1,99.9,171.0,Tier-2 (Affiliated),115000.0,40.7,2,0.542,0.517,0.529,60900.0,54100.0,1
Salem,MBC,0,200000.0,0,1,68.38,125.5,Tier-2 (Affiliated),113000.0,25.9,1,0.37,0.54,0.455,51400.0,61600.0,1
Virudhunagar,SC,0,597000.0,0,1,82.63,159.8,Tier-2 (Affiliated),121000.0,17.2,0,0.385,0.485,0.435,52600.0,68400.0,1
Madurai,BC,0,379000.0,0,0,70.63,84.5,Tier-2 (Affiliated),103000.0,65.7,0,0.041,0.448,0.245,25200.0,77800.0,0
Chennai,ST,0,314000.0,1,0,76.32,74.7,Tier-1 (Autonomous),192000.0,2.0,3,0.188,0.497,0.342,65800.0,126200.0,0
Kanyakumari,MBC,1,189000.0,0,0,79.84,137.3,Tier-3 (Self-financing),86000.0,31.4,0,0.377,0.655,0.516,44400.0,41600.0,1
Thoothukudi,OC,0,174000.0,1,0,86.6,129.6,Tier-1 (Autonomous),181000.0,2.0,2,0.397,0.519,0.458,82900.0,98100.0,0
Salem,OC,1,811000.0,1,0,88.2,119.7,Tier-2 (Affiliated),106000.0,23.7,5,0.315,0.242,0.279,29500.0,76500.0,1
Erode,SC,1,874000.0,1,0,85.27,138.0,Tier-1 (Autonomous),171000.0,57.9,2,0.368,0.418,0.393,67200.0,103800.0,1
Namakkal,MBC,1,241000.0,1,0,88.38,134.7,Tier-1 (Autonomous),192000.0,72.3,1,0.355,0.597,0.476,91500.0,100500.0,1
Namakkal,SC,0,211000.0,0,1,71.84,95.8,Tier-1 (Autonomous),183000.0,4.4,2,0.207,0.6,0.403,73800.0,109200.0,0
Thoothukudi,SC,1,160000.0,0,1,84.49,133.9,Tier-2 (Affiliated),107000.0,221.1,1,0.559,0.492,0.526,56200.0,50800.0,0
Thanjavur,MBC,0,175000.0,0,1,74.59,127.8,Tier-2 (Affiliated),113000.0,4.3,1,0.326,0.495,0.411,46400.0,66600.0,1
Chennai,SC,1,350000.0,0,0,87.86,143.2,Tier-3 (Self-financing),82000.0,18.1,2,0.373,0.542,0.458,37500.0,44500.0,1
Thanjavur,ST,0,129000.0,1,0,79.16,129.4,Tier-3 (Self-financing),71000.0,2.0,3,0.409,0.536,0.472,33500.0,37500.0,0
Tiruppur,BC,1,236000.0,1,0,84.2,141.4,Tier-3 (Self-financing),84000.0,14.3,3,0.429,0.548,0.488,41000.0,43000.0,1
Namakkal,SC,0,94000.0,0,0,80.91,104.1,Tier-2 (Affiliated),99000.0,122.4,2,0.268,0.486,0.377,37300.0,61700.0,0
Namakkal,BC,1,171000.0,0,0,85.6,136.2,Tier-2 (Affiliated),112000.0,153.1,0,0.306,0.546,0.426,47700.0,64300.0,1
Villupuram,BC,0,389000.0,1,0,69.92,115.5,Tier-3 (Self-financing),98000.0,13.0,2,0.197,0.431,0.314,30800.0,67200.0,1
Virudhunagar,BC,0,415000.0,0,1,62.28,94.0,Tier-2 (Affiliated),105000.0,193.3,1,0.221,0.452,0.337,35300.0,69700.0,1
Tirunelveli,SC,1,436000.0,0,1,87.89,128.2,Tier-3 (Self-financing),91000.0,25.9,2,0.331,0.378,0.355,32300.0,58700.0,1
Vellore,OC,0,237000.0,1,0,91.45,135.1,Tier-1 (Autonomous),175000.0,165.7,3,0.331,0.439,0.385,67300.0,107700.0,0
Cuddalore,MBC,1,730000.0,1,0,76.84,118.5,Tier-2 (Affiliated),110000.0,2.0,4,0.376,0.292,0.334,36800.0,73200.0,1
Thanjavur,MBC,1,620000.0,0,1,86.11,151.5,Tier-2 (Affiliated),103000.0,23.4,1,0.503,0.303,0.403,41500.0,61500.0,1
Thanjavur,OC,1,633000.0,0,1,61.71,121.6,Tier-2 (Affiliated),115000.0,90.0,0,0.415,0.351,0.383,44100.0,70900.0,1
Tiruchirappalli,SC,1,289000.0,1,0,71.78,134.7,Tier-3 (Self-financing),96000.0,8.2,2,0.287,0.527,0.407,39100.0,56900.0,1
Tirunelveli,ST,1,191000.0,0,1,78.82,102.7,Tier-3 (Self-financing),87000.0,5.1,1,0.34,0.532,0.436,37900.0,49100.0,1
Karur,OC,1,700000.0,1,0,60.65,83.0,Tier-3 (Self-financing),89000.0,134.1,3,0.035,0.48,0.258,22900.0,66100.0,1
Virudhunagar,BC,0,728000.0,1,0,62.71,110.2,Tier-3 (Self-financing),89000.0,9.8,1,0.279,0.371,0.325,28900.0,60100.0,1
Nagapattinam,ST,1,510000.0,1,0,79.58,146.8,Tier-3 (Self-financing),83000.0,64.3,1,0.481,0.329,0.405,33600.0,49400.0,0
Erode,BC,1,420000.0,1,0,71.94,100.6,Tier-3 (Self-financing),95000.0,81.5,1,0.167,0.496,0.331,31500.0,63500.0,0
Madurai,OC,0,524000.0,1,0,74.53,122.0,Tier-3 (Self-financing),81000.0,92.6,0,0.218,0.446,0.332,26900.0,54100.0,1
Tiruchirappalli,ST,0,92000.0,0,1,73.94,101.3,Tier-3 (Self-financing),72000.0,81.7,0,0.247,0.521,0.384,27700.0,44300.0,1
Vellore,SC,0,291000.0,0,1,65.16,108.4,Tier-2 (Affiliated),103000.0,20.6,1,0.409,0.406,0.407,41900.0,61100.0,1
Namakkal,MBC,1,266000.0,1,0,75.82,111.7,Tier-3 (Self-financing),90000.0,257.6,0,0.425,0.468,0.446,40200.0,49800.0,0
Kanyakumari,MBC,0,380000.0,0,0,77.86,127.3,Tier-2 (Affiliated),107000.0,52.8,1,0.437,0.529,0.483,51700.0,55300.0,0
Kanyakumari,ST,1,1398000.0,1,0,72.17,97.3,Tier-2 (Affiliated),111000.0,6.1,0,0.158,0.18,0.169,18700.0,92300.0,1
Chennai,MBC,1,307000.0,0,1,72.99,92.3,Tier-2 (Affiliated),108000.0,22.3,1,0.22,0.343,0.282,30400.0,77600.0,1
Karur,MBC,1,2096000.0,0,0,75.96,168.0,Tier-3 (Self-financing),86000.0,73.3,1,0.666,0.151,0.408,35100.0,50900.0,1
Tirunelveli,SC,0,255000.0,0,1,86.2,139.0,Tier-3 (Self-financing),94000.0,14.7,0,0.457,0.435,0.446,41900.0,52100.0,1
Tiruchirappalli,MBC,1,278000.0,1,0,77.06,155.3,Tier-1 (Autonomous),192000.0,82.2,1,0.318,0.555,0.437,83800.0,108200.0,1
Tiruppur,MBC,1,271000.0,0,0,58.74,116.6,Tier-2 (Affiliated),102000.0,47.6,0,0.37,0.47,0.42,42800.0,59200.0,1
Chennai,BC,0,1098000.0,0,0,66.06,81.2,Tier-3 (Self-financing),92000.0,57.6,1,0.122,0.251,0.186,17200.0,74800.0,0
Erode,MBC,0,341000.0,0,0,87.32,145.1,Tier-3 (Self-financing),87000.0,13.4,1,0.383,0.494,0.439,38200.0,48800.0,1
Tiruppur,MBC,0,190000.0,0,0,71.14,94.4,Tier-1 (Autonomous),170000.0,2.0,1,0.287,0.51,0.398,67700.0,102300.0,0
Tirunelveli,BC,1,432000.0,1,0,77.12,118.9,Tier-3 (Self-financing),89000.0,95.3,0,0.285,0.462,0.374,33200.0,55800.0,0
Tiruppur,MBC,0,330000.0,1,0,97.25,127.3,Tier-3 (Self-financing),100000.0,2.0,2,0.302,0.399,0.35,35000.0,65000.0,0
Dindigul,SC,0,194000.0,1,0,84.32,111.3,Tier-2 (Affiliated),104000.0,4.9,0,0.373,0.608,0.491,51000.0,53000.0,1
Nagapattinam,BC,0,362000.0,1,0,56.52,77.6,Tier-2 (Affiliated),108000.0,3.5,1,0.228,0.431,0.33,35600.0,72400.0,0
Tiruchirappalli,OC,0,1034000.0,0,1,92.45,139.7,Tier-2 (Affiliated),97000.0,63.9,3,0.414,0.462,0.438,42500.0,54500.0,0
Coimbatore,BC,0,161000.0,1,0,79.5,127.8,Tier-3 (Self-financing),84000.0,79.8,1,0.514,0.381,0.447,37600.0,46400.0,0
Namakkal,BC,1,689000.0,1,0,81.69,115.2,Tier-3 (Self-financing),86000.0,107.7,1,0.318,0.484,0.401,34500.0,51500.0,1
Tirunelveli,SC,1,303000.0,1,0,81.04,131.9,Tier-3 (Self-financing),101000.0,66.5,0,0.386,0.53,0.458,46300.0,54700.0,0
Karur,MBC,1,319000.0,0,1,87.13,156.4,Tier-3 (Self-financing),78000.0,363.1,3,0.421,0.463,0.442,34500.0,43500.0,0
Coimbatore,BC,0,539000.0,0,0,77.2,127.6,Tier-2 (Affiliated),118000.0,2.6,0,0.267,0.311,0.289,34100.0,83900.0,1
Tiruppur,SC,1,141000.0,0,1,63.18,100.1,Tier-1 (Autonomous),182000.0,31.8,1,0.134,0.527,0.33,60100.0,121900.0,0
Thoothukudi,OC,1,171000.0,0,1,81.24,135.1,Tier-2 (Affiliated),128000.0,14.6,3,0.44,0.368,0.404,51700.0,76300.0,0
Coimbatore,BC,1,546000.0,0,1,64.18,81.2,Tier-2 (Affiliated),111000.0,297.6,2,0.145,0.406,0.276,30600.0,80400.0,0
Erode,SC,1,292000.0,1,0,96.17,168.2,Tier-3 (Self-financing),85000.0,3.7,2,0.695,0.555,0.625,53100.0,31900.0,1
Virudhunagar,MBC,0,124000.0,0,1,74.38,101.0,Tier-3 (Self-financing),92000.0,25.7,0,0.18,0.509,0.345,31700.0,60300.0,0
Namakkal,SC,1,123000.0,0,1,77.48,147.2,Tier-1 (Autonomous),184000.0,144.8,0,0.353,0.509,0.431,79400.0,104600.0,0
Tiruchirappalli,SC,1,911000.0,1,0,71.24,125.5,Tier-2 (Affiliated),117000.0,20.6,0,0.364,0.481,0.423,49400.0,67600.0,1
Salem,ST,0,218000.0,1,0,81.39,138.6,Tier-2 (Affiliated),114000.0,45.8,0,0.301,0.517,0.409,46700.0,67300.0,1
Nagapattinam,OC,1,637000.0,0,0,82.54,141.1,Tier-2 (Affiliated),98000.0,40.4,1,0.273,0.562,0.417,40900.0,57100.0,1
Kanyakumari,SC,0,652000.0,0,1,71.21,113.9,Tier-1 (Autonomous),184000.0,18.0,1,0.351,0.395,0.373,68600.0,115400.0,1
Vellore,SC,0,342000.0,1,0,82.53,120.3,Tier-2 (Affiliated),114000.0,6.4,2,0.144,0.564,0.354,40300.0,73700.0,0
Dindigul,BC,1,1278000.0,1,0,78.68,111.8,Tier-1 (Autonomous),174000.0,47.1,2,0.305,0.287,0.296,51500.0,122500.0,1
Nagapattinam,ST,1,143000.0,1,0,77.04,149.5,Tier-2 (Affiliated),112000.0,72.7,2,0.44,0.549,0.494,55400.0,56600.0,0
Tiruchirappalli,BC,1,247000.0,0,1,70.48,114.3,Tier-3 (Self-financing),70000.0,95.9,3,0.372,0.435,0.404,28300.0,41700.0,1
Salem,SC,1,442000.0,1,0,99.9,143.1,Tier-2 (Affiliated),112000.0,142.7,1,0.438,0.483,0.46,51600.0,60400.0,1
Nagapattinam,MBC,0,327000.0,1,0,89.83,151.5,Tier-1 (Autonomous),185000.0,33.2,2,0.652,0.511,0.581,107500.0,77500.0,0
Tiruchirappalli,MBC,1,835000.0,0,1,85.28,141.6,Tier-3 (Self-financing),93000.0,23.4,2,0.364,0.396,0.38,35300.0,57700.0,1
Nagapattinam,BC,1,197000.0,0,0,89.26,137.9,Tier-1 (Autonomous),186000.0,48.3,1,0.275,0.372,0.323,60200.0,125800.0,1
Dindigul,ST,0,249000.0,1,0,81.0,116.1,Tier-2 (Affiliated),103000.0,31.0,1,0.524,0.583,0.554,57000.0,46000.0,1
Thoothukudi,MBC,1,724000.0,1,0,74.51,130.2,Tier-3 (Self-financing),73000.0,8.6,1,0.362,0.432,0.397,29000.0,44000.0,1
Chennai,OC,1,1054000.0,0,0,51.57,96.7,Tier-3 (Self-financing),93000.0,159.7,2,0.166,0.378,0.272,25300.0,67700.0,1
Villupuram,OC,0,312000.0,1,0,65.81,110.1,Tier-2 (Affiliated),113000.0,18.9,4,0.156,0.609,0.383,43300.0,69700.0,0
Salem,SC,1,419000.0,1,0,99.65,160.5,Tier-2 (Affiliated),114000.0,77.7,0,0.436,0.461,0.448,51100.0,62900.0,1
Chennai,BC,1,315000.0,0,1,89.6,131.6,Tier-2 (Affiliated),123000.0,57.6,1,0.296,0.542,0.419,51600.0,71400.0,1
Karur,MBC,1,357000.0,0,1,80.02,135.2,Tier-3 (Self-financing),72000.0,23.2,3,0.31,0.541,0.425,30600.0,41400.0,1
Namakkal,MBC,1,237000.0,0,1,62.22,90.0,Tier-2 (Affiliated),124000.0,34.7,2,0.046,0.481,0.263,32700.0,91300.0,0
Virudhunagar,BC,1,318000.0,1,0,84.35,115.9,Tier-3 (Self-financing),81000.0,42.0,1,0.274,0.488,0.381,30800.0,50200.0,0
Madurai,MBC,1,368000.0,0,1,75.22,137.2,Tier-1 (Autonomous),187000.0,167.1,2,0.413,0.414,0.414,77300.0,109700.0,0
Coimbatore,BC,0,228000.0,1,0,84.98,120.5,Tier-2 (Affiliated),110000.0,27.5,1,0.239,0.309,0.274,30100.0,79900.0,0
Tiruppur,ST,1,180000.0,0,0,66.88,78.6,Tier-1 (Autonomous),177000.0,14.7,1,0.137,0.454,0.296,52300.0,124700.0,0
Kanyakumari,SC,1,154000.0,1,0,73.1,136.6,Tier-2 (Affiliated),98000.0,57.1,1,0.337,0.409,0.373,36600.0,61400.0,0
Thanjavur,BC,1,1420000.0,1,0,86.85,112.8,Tier-2 (Affiliated),105000.0,18.8,3,0.3,0.151,0.225,23700.0,81300.0,1
Nagapattinam,MBC,1,319000.0,1,0,97.28,149.8,Tier-2 (Affiliated),114000.0,19.2,0,0.557,0.431,0.494,56300.0,57700.0,0
Villupuram,MBC,1,504000.0,1,0,71.42,97.8,Tier-2 (Affiliated),113000.0,14.1,0,0.256,0.64,0.448,50600.0,62400.0,0
Kanyakumari,ST,1,104000.0,0,1,68.0,97.9,Tier-2 (Affiliated),118000.0,51.5,5,0.147,0.436,0.292,34400.0,83600.0,0
Namakkal,BC,1,1019000.0,0,0,88.23,174.5,Tier-1 (Autonomous),174000.0,28.1,1,0.5,0.391,0.446,77500.0,96500.0,1
Cuddalore,MBC,1,460000.0,0,1,65.4,103.1,Tier-3 (Self-financing),91000.0,21.9,0,0.287,0.309,0.298,27100.0,63900.0,1
Namakkal,ST,1,214000.0,1,0,66.12,111.2,Tier-3 (Self-financing),86000.0,142.5,1,0.189,0.531,0.36,31000.0,55000.0,1
Cuddalore,BC,0,235000.0,0,1,80.66,140.9,Tier-2 (Affiliated),115000.0,7.2,1,0.318,0.558,0.438,50400.0,64600.0,1
Tiruppur,MBC,0,419000.0,0,1,98.86,148.5,Tier-3 (Self-financing),89000.0,24.6,1,0.344,0.378,0.361,32100.0,56900.0,0
Namakkal,OC,1,124000.0,0,1,69.51,127.3,Tier-2 (Affiliated),106000.0,13.3,1,0.328,0.473,0.401,42500.0,63500.0,1
Thanjavur,MBC,0,165000.0,1,0,74.3,124.5,Tier-2 (Affiliated),112000.0,139.8,1,0.303,0.443,0.373,41800.0,70200.0,0
Cuddalore,BC,0,280000.0,0,0,79.11,137.9,Tier-2 (Affiliated),114000.0,86.7,3,0.246,0.535,0.39,44500.0,69500.0,0
Nagapattinam,ST,0,157000.0,0,0,73.27,106.4,Tier-1 (Autonomous),186000.0,90.0,1,0.223,0.542,0.382,71100.0,114900.0,0
Villupuram,BC,1,1916000.0,1,0,60.33,103.2,Tier-2 (Affiliated),122000.0,60.2,0,0.256,0.238,0.247,30100.0,91900.0,1
Theni,BC,1,401000.0,0,0,86.02,137.5,Tier-2 (Affiliated),105000.0,21.7,2,0.465,0.458,0.462,48500.0,56500.0,1
Madurai,SC,1,543000.0,1,0,79.86,144.7,Tier-1 (Autonomous),171000.0,38.4,2,0.299,0.32,0.31,52900.0,118100.0,0
Tiruppur,SC,1,853000.0,1,0,81.67,122.6,Tier-3 (Self-financing),95000.0,10.7,1,0.253,0.293,0.273,26000.0,69000.0,0
Erode,MBC,1,607000.0,1,0,76.58,153.0,Tier-1 (Autonomous),170000.0,44.3,1,0.343,0.322,0.332,56500.0,113500.0,1
Chennai,SC,0,135000.0,0,0,93.13,154.1,Tier-2 (Affiliated),118000.0,147.8,1,0.307,0.454,0.38,44900.0,73100.0,1
Coimbatore,BC,0,148000.0,0,1,72.95,114.8,Tier-2 (Affiliated),103000.0,17.7,2,0.088,0.473,0.28,28900.0,74100.0,0
Tiruppur,MBC,0,392000.0,1,0,67.23,103.9,Tier-1 (Autonomous),175000.0,11.9,1,0.296,0.435,0.366,64000.0,111000.0,1
Villupuram,OC,0,964000.0,0,0,94.64,151.3,Tier-2 (Affiliated),109000.0,28.0,4,0.437,0.348,0.393,42800.0,66200.0,1
Namakkal,BC,1,652000.0,1,0,56.01,80.2,Tier-2 (Affiliated),98000.0,83.3,2,0.21,0.272,0.241,23600.0,74400.0,0
Thanjavur,ST,0,333000.0,1,0,76.46,132.3,Tier-1 (Autonomous),172000.0,29.8,2,0.382,0.549,0.466,80100.0,91900.0,0
Coimbatore,SC,1,1310000.0,0,1,77.24,123.4,Tier-1 (Autonomous),167000.0,24.6,1,0.294,0.315,0.305,50900.0,116100.0,0
Cuddalore,BC,1,766000.0,1,0,76.85,152.1,Tier-1 (Autonomous),185000.0,30.5,2,0.379,0.369,0.374,69200.0,115800.0,1
Coimbatore,OC,0,213000.0,0,1,62.49,93.5,Tier-2 (Affiliated),110000.0,71.0,1,0.309,0.463,0.386,42500.0,67500.0,0
Virudhunagar,ST,1,281000.0,0,0,66.15,104.0,Tier-3 (Self-financing),85000.0,2.9,0,0.312,0.452,0.382,32500.0,52500.0,1
Virudhunagar,OC,1,1339000.0,0,1,87.58,133.6,Tier-3 (Self-financing),85000.0,76.0,1,0.355,0.257,0.306,26000.0,59000.0,1
Thoothukudi,BC,1,421000.0,1,0,91.85,175.0,Tier-2 (Affiliated),110000.0,53.2,1,0.431,0.502,0.467,51300.0,58700.0,1
Tirunelveli,BC,1,1106000.0,1,0,73.83,96.4,Tier-3 (Self-financing),81000.0,84.3,0,0.241,0.32,0.281,22700.0,58300.0,1
Tiruchirappalli,OC,1,607000.0,0,1,68.69,111.3,Tier-3 (Self-financing),93000.0,61.8,0,0.302,0.453,0.377,35100.0,57900.0,1
Tirunelveli,BC,1,581000.0,1,0,60.15,100.9,Tier-2 (Affiliated),96000.0,55.0,1,0.2,0.442,0.321,30800.0,65200.0,0
Nagapattinam,ST,1,225000.0,0,0,87.41,122.9,Tier-3 (Self-financing),73000.0,9.3,0,0.347,0.457,0.402,29300.0,43700.0,1
Salem,BC,0,326000.0,0,1,88.0,180.4,Tier-3 (Self-financing),96000.0,147.3,3,0.577,0.356,0.467,44800.0,51200.0,1
Kanyakumari,MBC,1,472000.0,1,0,49.89,65.9,Tier-1 (Autonomous),182000.0,56.9,2,0.161,0.567,0.364,66200.0,115800.0,0
Tiruchirappalli,SC,1,130000.0,1,0,53.76,86.5,Tier-2 (Affiliated),94000.0,60.6,0,0.276,0.573,0.424,39900.0,54100.0,1
Chennai,MBC,0,204000.0,1,0,79.37,152.3,Tier-3 (Self-financing),88000.0,12.2,2,0.5,0.612,0.556,48900.0,39100.0,1
Salem,SC,0,99000.0,1,0,80.66,123.4,Tier-1 (Autonomous),167000.0,99.1,1,0.412,0.49,0.451,75300.0,91700.0,0
Nagapattinam,MBC,0,208000.0,0,1,73.23,119.3,Tier-1 (Autonomous),190000.0,92.1,0,0.272,0.536,0.404,76700.0,113300.0,0
Theni,MBC,0,168000.0,0,1,77.67,119.1,Tier-2 (Affiliated),117000.0,2.0,4,0.377,0.468,0.422,49400.0,67600.0,0
Vellore,MBC,0,454000.0,0,1,75.53,120.0,Tier-1 (Autonomous),197000.0,189.6,1,0.356,0.513,0.435,85600.0,111400.0,1
Cuddalore,SC,0,342000.0,1,0,78.26,141.4,Tier-1 (Autonomous),178000.0,42.3,1,0.458,0.608,0.533,94900.0,83100.0,1
Theni,SC,1,429000.0,0,1,68.99,104.1,Tier-2 (Affiliated),100000.0,2.0,1,0.271,0.587,0.429,42900.0,57100.0,1
Tiruppur,SC,1,157000.0,0,1,77.88,84.8,Tier-3 (Self-financing),81000.0,56.1,1,0.232,0.522,0.377,30500.0,50500.0,0
Namakkal,BC,1,458000.0,1,0,71.26,113.5,Tier-2 (Affiliated),106000.0,7.9,1,0.213,0.519,0.366,38800.0,67200.0,0
Madurai,MBC,0,124000.0,0,1,70.42,113.6,Tier-3 (Self-financing),88000.0,40.7,2,0.333,0.567,0.45,39600.0,48400.0,0
Tirunelveli,SC,1,290000.0,1,0,59.33,97.9,Tier-3 (Self-financing),70000.0,108.5,0,0.337,0.504,0.421,29400.0,40600.0,1
Namakkal,BC,0,427000.0,1,0,76.24,119.2,Tier-2 (Affiliated),110000.0,31.9,1,0.447,0.501,0.474,52100.0,57900.0,0
Madurai,SC,0,337000.0,0,0,86.03,124.7,Tier-3 (Self-financing),77000.0,68.9,1,0.324,0.422,0.373,28700.0,48300.0,1
Dindigul,BC,1,626000.0,0,1,74.74,115.9,Tier-2 (Affiliated),106000.0,52.3,1,0.446,0.304,0.375,39800.0,66200.0,0
Madurai,BC,1,965000.0,1,0,74.47,145.6,Tier-1 (Autonomous),191000.0,68.2,3,0.395,0.395,0.395,75500.0,115500.0,1
Nagapattinam,SC,1,363000.0,1,0,90.56,144.3,Tier-1 (Autonomous),188000.0,17.7,4,0.459,0.391,0.425,79900.0,108100.0,1
Madurai,BC,1,425000.0,0,0,88.25,151.0,Tier-2 (Affiliated),116000.0,124.9,0,0.432,0.399,0.416,48200.0,67800.0,0
Coimbatore,BC,1,781000.0,1,0,95.35,137.1,Tier-3 (Self-financing),90000.0,29.7,1,0.48,0.362,0.421,37900.0,52100.0,0
Theni,BC,1,795000.0,0,0,99.9,155.5,Tier-1 (Autonomous),178000.0,68.8,1,0.459,0.515,0.487,86700.0,91300.0,1
Salem,SC,1,236000.0,1,0,78.59,110.7,Tier-2 (Affiliated),110000.0,5.5,1,0.237,0.498,0.368,40400.0,69600.0,0
Vellore,MBC,0,320000.0,1,0,66.43,125.7,Tier-3 (Self-financing),72000.0,5.0,2,0.421,0.417,0.419,30200.0,41800.0,1
Erode,MBC,0,221000.0,0,1,72.79,93.1,Tier-3 (Self-financing),75000.0,2.0,2,0.183,0.408,0.296,22200.0,52800.0,1
Salem,SC,1,104000.0,1,0,83.73,139.6,Tier-3 (Self-financing),86000.0,30.9,2,0.412,0.515,0.464,39900.0,46100.0,1
Nagapattinam,MBC,1,535000.0,0,1,92.4,153.0,Tier-1 (Autonomous),171000.0,11.0,1,0.299,0.428,0.363,62100.0,108900.0,1
Cuddalore,ST,0,83000.0,1,0,67.51,112.2,Tier-1 (Autonomous),186000.0,12.9,3,0.356,0.44,0.398,74100.0,111900.0,0
Salem,SC,0,234000.0,1,0,80.55,93.7,Tier-2 (Affiliated),110000.0,65.8,0,0.075,0.515,0.295,32400.0,77600.0,0
Cuddalore,BC,0,129000.0,1,0,70.07,81.8,Tier-2 (Affiliated),108000.0,14.9,2,0.143,0.393,0.268,28900.0,79100.0,1
Karur,ST,1,184000.0,0,0,76.53,124.2,Tier-3 (Self-financing),80000.0,90.0,4,0.223,0.428,0.325,26000.0,54000.0,1
Namakkal,MBC,0,205000.0,0,1,76.38,108.4,Tier-2 (Affiliated),114000.0,88.6,1,0.187,0.619,0.403,45900.0,68100.0,0
Tiruppur,OC,1,1220000.0,0,1,81.81,121.3,Tier-3 (Self-financing),90000.0,62.0,1,0.319,0.217,0.268,24200.0,65800.0,0
Villupuram,BC,0,223000.0,0,0,98.32,150.9,Tier-2 (Affiliated),103000.0,5.6,1,0.373,0.495,0.434,44700.0,58300.0,0
Dindigul,MBC,0,144000.0,0,1,82.75,116.6,Tier-2 (Affiliated),106000.0,142.1,2,0.365,0.552,0.459,48600.0,57400.0,0
Vellore,BC,0,365000.0,1,0,73.7,99.5,Tier-2 (Affiliated),108000.0,25.8,0,0.226,0.624,0.425,45900.0,62100.0,0
Namakkal,MBC,1,373000.0,0,0,72.05,115.3,Tier-2 (Affiliated),113000.0,89.7,1,0.314,0.599,0.457,51600.0,61400.0,1
Virudhunagar,BC,0,462000.0,1,0,76.09,93.2,Tier-3 (Self-financing),87000.0,2.0,1,0.158,0.511,0.335,29100.0,57900.0,1
Karur,MBC,1,241000.0,0,1,69.28,103.3,Tier-3 (Self-financing),84000.0,240.0,1,0.319,0.416,0.367,30900.0,53100.0,0
Coimbatore,OC,1,707000.0,0,1,79.4,117.0,Tier-3 (Self-financing),91000.0,20.4,2,0.322,0.335,0.328,29900.0,61100.0,1
Dindigul,SC,1,1225000.0,1,0,53.89,85.9,Tier-3 (Self-financing),84000.0,19.2,0,0.239,0.272,0.255,21500.0,62500.0,1
Karur,BC,0,262000.0,0,1,75.89,157.2,Tier-1 (Autonomous),169000.0,15.5,2,0.51,0.693,0.602,101700.0,67300.0,0
Salem,BC,1,535000.0,1,0,76.68,108.0,Tier-2 (Affiliated),121000.0,100.9,1,0.344,0.485,0.415,50200.0,70800.0,0
Thoothukudi,MBC,0,104000.0,1,0,66.39,112.3,Tier-3 (Self-financing),93000.0,206.9,3,0.324,0.525,0.424,39500.0,53500.0,0
Virudhunagar,MBC,1,263000.0,1,0,74.18,122.0,Tier-2 (Affiliated),99000.0,5.5,0,0.339,0.513,0.426,42200.0,56800.0,0
Virudhunagar,MBC,1,541000.0,1,0,89.2,151.1,Tier-1 (Autonomous),181000.0,4.3,0,0.516,0.553,0.534,96700.0,84300.0,1
Coimbatore,MBC,1,350000.0,1,0,89.92,140.7,Tier-1 (Autonomous),190000.0,66.3,1,0.404,0.432,0.418,79400.0,110600.0,0
Tiruppur,OC,1,883000.0,1,0,72.67,137.9,Tier-3 (Self-financing),83000.0,15.0,1,0.348,0.383,0.365,30300.0,52700.0,1
Namakkal,SC,1,398000.0,0,1,83.23,143.4,Tier-3 (Self-financing),91000.0,4.5,1,0.474,0.453,0.463,42200.0,48800.0,1
Theni,MBC,1,203000.0,0,0,63.01,111.3,Tier-2 (Affiliated),119000.0,19.2,2,0.371,0.452,0.411,48900.0,70100.0,0
Kanyakumari,OC,0,682000.0,1,0,75.04,98.9,Tier-2 (Affiliated),112000.0,101.9,2,0.239,0.396,0.318,35600.0,76400.0,0
Vellore,SC,1,159000.0,0,0,80.31,129.9,Tier-1 (Autonomous),197000.0,2.6,2,0.402,0.546,0.474,93400.0,103600.0,1
Namakkal,MBC,0,171000.0,0,1,93.27,141.6,Tier-1 (Autonomous),185000.0,12.7,1,0.43,0.54,0.485,89700.0,95300.0,0
Cuddalore,MBC,0,295000.0,1,0,89.93,131.0,Tier-2 (Affiliated),111000.0,23.6,0,0.364,0.603,0.484,53700.0,57300.0,1
Nagapattinam,MBC,1,994000.0,0,1,80.09,118.7,Tier-2 (Affiliated),109000.0,11.5,1,0.196,0.305,0.25,27300.0,81700.0,1
Nagapattinam,BC,1,278000.0,0,1,68.88,109.4,Tier-3 (Self-financing),85000.0,100.2,1,0.192,0.514,0.353,30000.0,55000.0,1
Erode,MBC,1,456000.0,1,0,91.59,153.4,Tier-1 (Autonomous),175000.0,4.0,3,0.406,0.365,0.385,67400.0,107600.0,1
Thoothukudi,OC,1,686000.0,0,1,74.6,134.1,Tier-2 (Affiliated),101000.0,5.2,4,0.371,0.409,0.39,39400.0,61600.0,1
Chennai,BC,1,693000.0,0,1,82.48,146.0,Tier-3 (Self-financing),78000.0,139.5,2,0.315,0.291,0.303,23600.0,54400.0,1
Dindigul,ST,1,524000.0,1,0,76.77,127.2,Tier-1 (Autonomous),179000.0,54.9,1,0.176,0.485,0.33,59100.0,119900.0,1
Theni,MBC,1,336000.0,1,0,97.92,157.5,Tier-2 (Affiliated),116000.0,68.5,4,0.442,0.629,0.535,62100.0,53900.0,1
Coimbatore,BC,1,843000.0,1,0,71.9,110.2,Tier-2 (Affiliated),113000.0,29.4,1,0.284,0.467,0.375,42400.0,70600.0,1
Dindigul,BC,0,621000.0,0,1,87.16,135.7,Tier-2 (Affiliated),111000.0,374.3,1,0.442,0.397,0.419,46600.0,64400.0,1
Tiruppur,SC,1,840000.0,0,0,77.14,111.7,Tier-2 (Affiliated),127000.0,12.2,1,0.443,0.463,0.453,57500.0,69500.0,0
Theni,BC,1,637000.0,1,0,83.69,127.5,Tier-3 (Self-financing),98000.0,62.3,2,0.235,0.306,0.271,26500.0,71500.0,1
Madurai,BC,1,527000.0,0,1,94.2,156.0,Tier-2 (Affiliated),103000.0,4.3,3,0.472,0.481,0.477,49100.0,53900.0,1
Tirunelveli,BC,0,230000.0,1,0,57.95,115.8,Tier-1 (Autonomous),186000.0,46.0,0,0.493,0.708,0.6,111700.0,74300.0,1
Salem,SC,0,87000.0,1,0,77.35,121.5,Tier-2 (Affiliated),101000.0,5.2,1,0.218,0.567,0.392,39600.0,61400.0,0
Theni,MBC,0,223000.0,0,1,69.06,98.4,Tier-3 (Self-financing),87000.0,38.1,2,0.163,0.484,0.324,28200.0,58800.0,1
Erode,OC,0,415000.0,1,0,82.46,146.5,Tier-3 (Self-financing),74000.0,12.2,1,0.489,0.441,0.465,34400.0,39600.0,0
Tiruppur,OC,1,593000.0,1,0,84.91,105.8,Tier-3 (Self-financing),80000.0,2.0,0,0.283,0.455,0.369,29500.0,50500.0,1
Karur,MBC,0,361000.0,1,0,73.3,132.9,Tier-3 (Self-financing),90000.0,11.5,1,0.385,0.475,0.43,38700.0,51300.0,1
Nagapattinam,MBC,0,117000.0,1,0,72.78,95.0,Tier-1 (Autonomous),176000.0,32.1,2,0.279,0.488,0.384,67500.0,108500.0,0
Tiruchirappalli,MBC,1,380000.0,0,0,80.04,137.9,Tier-1 (Autonomous),171000.0,57.1,1,0.44,0.462,0.451,77100.0,93900.0,1
Villupuram,BC,0,896000.0,1,0,65.27,97.3,Tier-2 (Affiliated),104000.0,89.5,2,0.271,0.24,0.256,26600.0,77400.0,0
Tiruchirappalli,SC,0,337000.0,1,0,81.33,134.9,Tier-2 (Affiliated),102000.0,223.9,1,0.414,0.542,0.478,48700.0,53300.0,1
Chennai,ST,1,383000.0,1,0,69.82,143.0,Tier-2 (Affiliated),113000.0,47.2,0,0.303,0.56,0.431,48700.0,64300.0,0
Chennai,MBC,1,521000.0,0,1,85.34,124.0,Tier-3 (Self-financing),95000.0,72.1,1,0.41,0.502,0.456,43300.0,51700.0,1
Salem,BC,1,395000.0,1,0,64.82,88.7,Tier-2 (Affiliated),108000.0,27.4,1,0.332,0.443,0.388,41900.0,66100.0,0
Kanyakumari,MBC,1,160000.0,0,1,72.33,116.9,Tier-3 (Self-financing),93000.0,40.1,4,0.395,0.546,0.471,43800.0,49200.0,0
Salem,BC,1,621000.0,0,0,70.49,135.7,Tier-2 (Affiliated),105000.0,125.3,1,0.413,0.46,0.436,45800.0,59200.0,1
Cuddalore,OC,0,101000.0,0,1,75.02,122.7,Tier-3 (Self-financing),84000.0,15.3,3,0.478,0.505,0.492,41300.0,42700.0,0
Thanjavur,BC,1,404000.0,0,1,91.76,147.5,Tier-2 (Affiliated),124000.0,112.7,0,0.43,0.562,0.496,61500.0,62500.0,1
Chennai,ST,1,272000.0,0,1,86.46,140.9,Tier-3 (Self-financing),84000.0,78.8,1,0.471,0.562,0.517,43400.0,40600.0,1
Thanjavur,BC,1,378000.0,0,1,73.2,102.0,Tier-3 (Self-financing),94000.0,33.4,1,0.39,0.555,0.472,44400.0,49600.0,1
Chennai,SC,1,1040000.0,0,1,73.19,119.8,Tier-1 (Autonomous),174000.0,34.8,1,0.288,0.371,0.33,57300.0,116700.0,1
Dindigul,MBC,0,709000.0,0,1,86.85,133.1,Tier-2 (Affiliated),110000.0,8.8,2,0.469,0.29,0.379,41700.0,68300.0,0
Tiruppur,MBC,0,459000.0,0,1,66.36,126.0,Tier-3 (Self-financing),78000.0,69.1,3,0.248,0.281,0.265,20600.0,57400.0,1
Namakkal,OC,1,379000.0,0,1,78.22,137.1,Tier-3 (Self-financing),86000.0,50.8,2,0.309,0.435,0.372,32000.0,54000.0,1
Tirunelveli,MBC,1,1208000.0,0,1,71.94,95.2,Tier-2 (Affiliated),112000.0,80.9,1,0.151,0.244,0.198,22200.0,89800.0,1
Nagapattinam,OC,0,548000.0,0,0,76.28,117.8,Tier-2 (Affiliated),116000.0,7.5,0,0.138,0.436,0.287,33300.0,82700.0,1
Tiruppur,MBC,1,250000.0,0,1,86.09,145.7,Tier-2 (Affiliated),105000.0,4.1,2,0.351,0.407,0.379,39800.0,65200.0,1
Tirunelveli,BC,1,492000.0,1,0,71.31,99.4,Tier-2 (Affiliated),109000.0,144.7,4,0.251,0.36,0.306,33400.0,75600.0,0
Thanjavur,BC,1,818000.0,0,1,87.74,124.2,Tier-1 (Autonomous),190000.0,31.3,1,0.308,0.225,0.267,50700.0,139300.0,1
Madurai,MBC,0,187000.0,1,0,99.9,152.9,Tier-2 (Affiliated),100000.0,31.7,2,0.332,0.401,0.366,36600.0,63400.0,0
Villupuram,OC,1,681000.0,0,1,84.04,139.6,Tier-2 (Affiliated),90000.0,64.9,1,0.19,0.379,0.284,25600.0,64400.0,1
Nagapattinam,BC,1,575000.0,0,1,77.16,139.0,Tier-2 (Affiliated),105000.0,10.7,3,0.325,0.388,0.357,37400.0,67600.0,1
Tirunelveli,ST,1,149000.0,0,1,89.57,146.8,Tier-2 (Affiliated),115000.0,2.0,1,0.344,0.602,0.473,54400.0,60600.0,0
Cuddalore,OC,1,543000.0,0,1,66.91,144.0,Tier-3 (Self-financing),86000.0,133.6,1,0.554,0.416,0.485,41700.0,44300.0,1
Cuddalore,BC,1,275000.0,1,0,93.21,139.0,Tier-1 (Autonomous),172000.0,23.2,0,0.383,0.366,0.375,64400.0,107600.0,0
Theni,BC,0,482000.0,1,0,70.47,123.9,Tier-2 (Affiliated),111000.0,124.6,0,0.472,0.431,0.451,50100.0,60900.0,1
Coimbatore,BC,1,293000.0,1,0,99.68,142.9,Tier-3 (Self-financing),82000.0,66.8,1,0.341,0.529,0.435,35700.0,46300.0,1
Kanyakumari,MBC,0,305000.0,0,1,70.83,137.5,Tier-2 (Affiliated),97000.0,176.3,1,0.464,0.299,0.381,37000.0,60000.0,1
Thoothukudi,BC,1,225000.0,0,1,84.62,155.8,Tier-1 (Autonomous),177000.0,8.3,1,0.464,0.602,0.533,94300.0,82700.0,1
Thoothukudi,MBC,1,225000.0,1,0,62.4,110.5,Tier-3 (Self-financing),91000.0,51.7,0,0.219,0.538,0.379,34500.0,56500.0,1
Thoothukudi,MBC,1,219000.0,0,1,75.87,95.3,Tier-2 (Affiliated),108000.0,51.4,1,0.251,0.618,0.434,46900.0,61100.0,0
Villupuram,BC,1,412000.0,0,1,67.2,118.1,Tier-2 (Affiliated),98000.0,117.9,0,0.294,0.506,0.4,39200.0,58800.0,1
Karur,ST,0,187000.0,0,1,63.58,89.4,Tier-1 (Autonomous),194000.0,9.9,1,0.185,0.478,0.331,64300.0,129700.0,0
Coimbatore,ST,0,207000.0,1,0,90.06,150.9,Tier-1 (Autonomous),172000.0,166.7,0,0.294,0.503,0.398,68500.0,103500.0,0
Dindigul,OC,1,238000.0,1,0,65.72,83.3,Tier-3 (Self-financing),88000.0,93.9,0,0.346,0.463,0.404,35600.0,52400.0,1
Salem,BC,0,273000.0,0,1,70.65,117.1,Tier-2 (Affiliated),117000.0,45.8,1,0.351,0.561,0.456,53400.0,63600.0,1
Salem,BC,0,198000.0,0,0,69.48,105.9,Tier-1 (Autonomous),183000.0,50.9,1,0.179,0.447,0.313,57300.0,125700.0,1
Virudhunagar,BC,1,648000.0,1,0,89.4,131.4,Tier-3 (Self-financing),83000.0,30.6,1,0.389,0.449,0.419,34800.0,48200.0,1
Virudhunagar,MBC,0,224000.0,0,1,88.17,150.0,Tier-3 (Self-financing),70000.0,26.4,0,0.396,0.597,0.496,34700.0,35300.0,1
Namakkal,MBC,0,249000.0,0,0,90.7,144.4,Tier-3 (Self-financing),94000.0,30.6,0,0.516,0.518,0.517,48600.0,45400.0,1
Karur,MBC,0,173000.0,0,1,70.14,109.1,Tier-3 (Self-financing),76000.0,2.0,1,0.256,0.521,0.388,29500.0,46500.0,0
Madurai,BC,1,1247000.0,0,1,91.5,157.5,Tier-3 (Self-financing),93000.0,9.1,0,0.446,0.338,0.392,36500.0,56500.0,1
Salem,BC,1,238000.0,0,0,70.05,140.6,Tier-2 (Affiliated),119000.0,40.0,1,0.34,0.447,0.394,46900.0,72100.0,0
Kanyakumari,ST,1,219000.0,1,0,70.45,116.9,Tier-1 (Autonomous),170000.0,176.5,2,0.345,0.332,0.339,57600.0,112400.0,0
Dindigul,ST,1,290000.0,1,0,71.01,86.5,Tier-1 (Autonomous),170000.0,21.7,1,0.198,0.413,0.306,51900.0,118100.0,1
Namakkal,OC,0,340000.0,1,0,71.38,90.8,Tier-1 (Autonomous),177000.0,34.7,0,0.315,0.42,0.367,65000.0,112000.0,1
Dindigul,MBC,1,276000.0,0,0,77.09,124.4,Tier-3 (Self-financing),92000.0,148.3,2,0.358,0.522,0.44,40500.0,51500.0,0
Salem,MBC,0,96000.0,0,0,69.61,126.8,Tier-2 (Affiliated),105000.0,204.6,1,0.537,0.458,0.498,52300.0,52700.0,0
Virudhunagar,MBC,1,287000.0,1,0,80.31,130.5,Tier-1 (Autonomous),181000.0,48.1,1,0.344,0.431,0.387,70100.0,110900.0,0
Nagapattinam,MBC,0,153000.0,0,1,51.91,90.7,Tier-1 (Autonomous),176000.0,92.6,1,0.151,0.58,0.365,64300.0,111700.0,0
Cuddalore,SC,0,491000.0,0,0,80.28,127.6,Tier-3 (Self-financing),91000.0,27.9,2,0.286,0.485,0.386,35100.0,55900.0,0
Vellore,OC,1,2189000.0,0,0,67.1,121.8,Tier-2 (Affiliated),105000.0,145.4,0,0.266,0.217,0.242,25400.0,79600.0,1
Theni,BC,0,291000.0,0,0,71.31,123.3,Tier-3 (Self-financing),79000.0,3.6,1,0.264,0.484,0.374,29600.0,49400.0,1
Thoothukudi,ST,1,126000.0,0,0,71.55,99.2,Tier-3 (Self-financing),77000.0,84.1,2,0.366,0.402,0.384,29600.0,47400.0,0
Theni,BC,1,725000.0,0,1,87.43,146.6,Tier-3 (Self-financing),76000.0,40.9,2,0.391,0.578,0.485,36800.0,39200.0,1
Dindigul,BC,1,282000.0,1,0,83.05,109.7,Tier-1 (Autonomous),189000.0,206.6,2,0.306,0.543,0.424,80200.0,108800.0,0
Tirunelveli,SC,0,144000.0,0,1,76.34,128.9,Tier-2 (Affiliated),107000.0,26.5,1,0.247,0.474,0.361,38600.0,68400.0,0
Namakkal,SC,1,223000.0,1,0,70.85,109.1,Tier-2 (Affiliated),102000.0,17.8,1,0.28,0.575,0.427,43600.0,58400.0,0
Vellore,MBC,1,319000.0,1,0,85.83,139.7,Tier-3 (Self-financing),72000.0,40.6,1,0.2,0.503,0.352,25300.0,46700.0,1
Theni,SC,0,160000.0,0,1,95.95,158.4,Tier-2 (Affiliated),108000.0,96.0,2,0.482,0.616,0.549,59300.0,48700.0,0
Chennai,MBC,1,204000.0,1,0,77.72,128.6,Tier-3 (Self-financing),78000.0,30.6,3,0.306,0.528,0.417,32500.0,45500.0,0
Tiruchirappalli,BC,1,328000.0,1,0,62.02,120.5,Tier-2 (Affiliated),102000.0,4.0,2,0.448,0.452,0.45,45900.0,56100.0,1
Nagapattinam,MBC,1,736000.0,0,1,70.97,114.1,Tier-2 (Affiliated),104000.0,23.6,3,0.364,0.428,0.396,41100.0,62900.0,1
Vellore,SC,1,309000.0,1,0,83.59,136.6,Tier-2 (Affiliated),111000.0,125.4,0,0.441,0.567,0.504,55900.0,55100.0,1
Thanjavur,SC,1,337000.0,1,0,73.57,137.7,Tier-1 (Autonomous),171000.0,224.7,2,0.311,0.421,0.366,62500.0,108500.0,0
Namakkal,BC,0,88000.0,1,0,69.41,139.5,Tier-3 (Self-financing),83000.0,8.7,1,0.416,0.537,0.476,39500.0,43500.0,0
Thanjavur,BC,1,813000.0,0,1,68.98,110.1,Tier-1 (Autonomous),187000.0,27.1,1,0.44,0.294,0.367,68700.0,118300.0,0
Nagapattinam,SC,0,134000.0,0,1,78.92,118.6,Tier-2 (Affiliated),106000.0,44.9,0,0.253,0.562,0.407,43200.0,62800.0,0
Salem,BC,1,896000.0,0,1,62.66,93.3,Tier-2 (Affiliated),101000.0,137.4,1,0.157,0.379,0.268,27000.0,74000.0,1
Nagapattinam,OC,1,686000.0,0,1,77.65,131.0,Tier-2 (Affiliated),118000.0,100.5,3,0.361,0.466,0.414,48800.0,69200.0,1
Salem,SC,1,231000.0,0,0,78.88,123.2,Tier-3 (Self-financing),84000.0,16.5,2,0.35,0.585,0.467,39300.0,44700.0,0
Vellore,MBC,1,167000.0,1,0,73.5,91.4,Tier-2 (Affiliated),109000.0,7.9,1,0.271,0.464,0.368,40100.0,68900.0,0
Tiruppur,BC,0,989000.0,0,1,67.57,125.0,Tier-2 (Affiliated),114000.0,3.3,0,0.379,0.371,0.375,42800.0,71200.0,1
Kanyakumari,OC,1,980000.0,0,1,88.18,153.3,Tier-1 (Autonomous),179000.0,9.9,2,0.455,0.376,0.415,74400.0,104600.0,1
Salem,OC,0,627000.0,0,1,64.67,120.7,Tier-2 (Affiliated),111000.0,16.7,1,0.264,0.375,0.32,35500.0,75500.0,1
Tiruppur,SC,1,857000.0,0,1,79.73,147.7,Tier-2 (Affiliated),97000.0,67.7,2,0.575,0.302,0.439,42600.0,54400.0,1
Coimbatore,MBC,1,475000.0,1,0,85.28,139.3,Tier-3 (Self-financing),78000.0,11.4,2,0.508,0.579,0.544,42400.0,35600.0,1
Coimbatore,BC,0,629000.0,1,0,79.59,131.3,Tier-1 (Autonomous),195000.0,4.3,2,0.397,0.393,0.395,77000.0,118000.0,1
Nagapattinam,BC,1,371000.0,0,0,90.31,159.6,Tier-2 (Affiliated),102000.0,51.0,2,0.559,0.443,0.501,51100.0,50900.0,0
Karur,BC,1,725000.0,0,1,66.65,88.4,Tier-2 (Affiliated),111000.0,14.7,2,0.205,0.388,0.296,32900.0,78100.0,1
Vellore,OC,1,445000.0,0,0,70.09,106.9,Tier-1 (Autonomous),194000.0,53.0,1,0.177,0.503,0.34,66000.0,128000.0,1
Theni,BC,1,366000.0,1,0,73.39,116.5,Tier-2 (Affiliated),115000.0,38.5,5,0.38,0.44,0.41,47200.0,67800.0,0
Vellore,MBC,1,443000.0,0,0,99.9,173.7,Tier-3 (Self-financing),87000.0,20.9,1,0.409,0.401,0.405,35200.0,51800.0,1
Tirunelveli,BC,1,241000.0,0,1,83.08,124.8,Tier-2 (Affiliated),104000.0,65.8,2,0.503,0.515,0.509,53000.0,51000.0,1
Thanjavur,BC,0,358000.0,0,1,84.95,125.2,Tier-2 (Affiliated),105000.0,9.2,1,0.249,0.536,0.393,41200.0,63800.0,0
Erode,MBC,0,219000.0,0,1,84.53,128.8,Tier-3 (Self-financing),83000.0,146.6,3,0.465,0.544,0.505,41900.0,41100.0,0
Virudhunagar,MBC,0,87000.0,0,1,78.79,133.1,Tier-3 (Self-financing),88000.0,74.9,1,0.518,0.483,0.5,44000.0,44000.0,0
Thanjavur,BC,0,232000.0,1,0,88.49,140.6,Tier-2 (Affiliated),120000.0,83.9,0,0.286,0.417,0.352,42200.0,77800.0,1
Erode,OC,0,323000.0,0,0,59.3,73.1,Tier-3 (Self-financing),86000.0,119.3,0,0.04,0.409,0.225,19300.0,66700.0,0
Namakkal,OC,1,1007000.0,0,1,80.77,110.4,Tier-2 (Affiliated),105000.0,99.3,2,0.329,0.379,0.354,37200.0,67800.0,1
Nagapattinam,BC,1,565000.0,0,1,82.28,133.7,Tier-3 (Self-financing),84000.0,27.0,3,0.494,0.482,0.488,41000.0,43000.0,1
Tirunelveli,SC,0,432000.0,0,1,88.19,143.7,Tier-1 (Autonomous),184000.0,54.7,0,0.463,0.427,0.445,81800.0,102200.0,0
Villupuram,BC,1,643000.0,1,0,66.44,106.7,Tier-2 (Affiliated),113000.0,19.5,1,0.21,0.38,0.295,33300.0,79700.0,1
Dindigul,SC,1,232000.0,1,0,67.18,100.4,Tier-3 (Self-financing),83000.0,36.7,0,0.378,0.408,0.393,32600.0,50400.0,1
Cuddalore,SC,0,189000.0,1,0,67.81,120.3,Tier-3 (Self-financing),76000.0,32.4,4,0.504,0.507,0.506,38400.0,37600.0,0
Thoothukudi,OC,1,520000.0,1,0,83.22,138.7,Tier-2 (Affiliated),119000.0,126.0,3,0.313,0.503,0.408,48600.0,70400.0,0
Thanjavur,OC,0,510000.0,1,0,83.37,138.4,Tier-1 (Autonomous),178000.0,99.8,1,0.419,0.396,0.408,72500.0,105500.0,1
Tiruchirappalli,BC,1,499000.0,1,0,68.5,115.2,Tier-3 (Self-financing),87000.0,401.8,0,0.357,0.536,0.447,38900.0,48100.0,1
Karur,OC,1,446000.0,0,1,97.14,179.4,Tier-2 (Affiliated),105000.0,180.9,1,0.511,0.379,0.445,46700.0,58300.0,1
Chennai,MBC,0,261000.0,1,0,80.86,114.0,Tier-2 (Affiliated),104000.0,88.2,0,0.231,0.435,0.333,34600.0,69400.0,1
Dindigul,OC,0,503000.0,1,0,79.24,120.5,Tier-2 (Affiliated),114000.0,60.2,2,0.24,0.439,0.34,38700.0,75300.0,1
Thoothukudi,SC,1,181000.0,1,0,75.92,116.4,Tier-3 (Self-financing),75000.0,167.8,3,0.169,0.527,0.348,26100.0,48900.0,1
Thanjavur,MBC,0,310000.0,0,1,87.3,158.5,Tier-2 (Affiliated),101000.0,45.2,1,0.529,0.469,0.499,50400.0,50600.0,1
Cuddalore,SC,1,132000.0,1,0,81.89,125.4,Tier-3 (Self-financing),97000.0,45.1,2,0.302,0.545,0.423,41100.0,55900.0,0
Namakkal,SC,1,579000.0,0,1,96.9,143.2,Tier-2 (Affiliated),117000.0,49.2,1,0.538,0.454,0.496,58100.0,58900.0,0
Salem,MBC,0,347000.0,1,0,65.86,103.8,Tier-1 (Autonomous),183000.0,9.0,2,0.31,0.577,0.443,81100.0,101900.0,0
Erode,ST,1,669000.0,0,1,62.54,101.6,Tier-3 (Self-financing),76000.0,44.7,2,0.252,0.425,0.338,25700.0,50300.0,1
Namakkal,ST,1,148000.0,0,0,70.6,130.9,Tier-1 (Autonomous),182000.0,30.1,2,0.478,0.494,0.486,88500.0,93500.0,1
Madurai,BC,0,558000.0,0,0,83.53,128.0,Tier-2 (Affiliated),109000.0,20.1,3,0.346,0.473,0.409,44600.0,64400.0,0
Thanjavur,BC,1,808000.0,1,0,73.72,107.6,Tier-3 (Self-financing),81000.0,49.2,1,0.234,0.249,0.242,19600.0,61400.0,1
Thanjavur,BC,1,437000.0,1,0,90.71,131.5,Tier-3 (Self-financing),84000.0,194.4,4,0.422,0.354,0.388,32600.0,51400.0,0
Virudhunagar,BC,1,393000.0,0,1,74.06,113.3,Tier-3 (Self-financing),74000.0,19.7,1,0.255,0.545,0.4,29600.0,44400.0,1
Madurai,MBC,0,143000.0,0,1,88.82,180.6,Tier-2 (Affiliated),93000.0,35.7,0,0.55,0.479,0.514,47800.0,45200.0,1
Virudhunagar,BC,0,143000.0,0,1,69.69,117.2,Tier-3 (Self-financing),87000.0,200.1,2,0.341,0.458,0.399,34700.0,52300.0,1
Thanjavur,MBC,1,278000.0,0,1,89.83,152.7,Tier-2 (Affiliated),111000.0,110.7,1,0.442,0.531,0.486,54000.0,57000.0,1
Cuddalore,SC,1,158000.0,0,0,91.69,146.7,Tier-2 (Affiliated),112000.0,19.9,1,0.446,0.509,0.477,53500.0,58500.0,1
Tiruppur,BC,0,719000.0,1,0,72.35,117.8,Tier-2 (Affiliated),116000.0,21.4,1,0.344,0.485,0.415,48100.0,67900.0,1
Tirunelveli,MBC,1,184000.0,1,0,82.9,144.4,Tier-2 (Affiliated),114000.0,125.3,2,0.422,0.481,0.451,51400.0,62600.0,0
Villupuram,BC,1,524000.0,0,1,80.68,137.5,Tier-2 (Affiliated),122000.0,154.4,1,0.34,0.549,0.445,54200.0,67800.0,1
Salem,SC,0,248000.0,1,0,83.17,138.3,Tier-2 (Affiliated),119000.0,16.8,1,0.302,0.473,0.388,46200.0,72800.0,1
Chennai,MBC,1,511000.0,0,1,90.84,145.6,Tier-1 (Autonomous),180000.0,61.1,3,0.352,0.524,0.438,78800.0,101200.0,1
Nagapattinam,OC,1,805000.0,1,0,87.73,135.1,Tier-3 (Self-financing),86000.0,22.3,1,0.32,0.399,0.359,30900.0,55100.0,1
Theni,MBC,1,707000.0,0,0,83.14,139.4,Tier-3 (Self-financing),87000.0,69.6,1,0.441,0.346,0.394,34200.0,52800.0,0
Kanyakumari,BC,1,378000.0,1,0,84.63,136.7,Tier-2 (Affiliated),98000.0,40.1,0,0.517,0.47,0.494,48400.0,49600.0,1
Dindigul,SC,1,331000.0,0,0,65.31,136.5,Tier-3 (Self-financing),92000.0,111.4,0,0.378,0.494,0.436,40100.0,51900.0,0
Chennai,MBC,1,357000.0,0,1,77.59,139.9,Tier-3 (Self-financing),90000.0,36.0,1,0.489,0.472,0.48,43200.0,46800.0,1
Chennai,BC,1,989000.0,0,0,66.98,97.1,Tier-3 (Self-financing),72000.0,26.9,2,0.183,0.294,0.238,17200.0,54800.0,1
Thanjavur,MBC,0,825000.0,1,0,77.82,107.0,Tier-3 (Self-financing),97000.0,2.0,1,0.262,0.503,0.383,37100.0,59900.0,1
Salem,SC,1,163000.0,1,0,89.17,136.7,Tier-2 (Affiliated),107000.0,409.0,0,0.365,0.538,0.451,48300.0,58700.0,0
Villupuram,SC,1,103000.0,1,0,77.93,108.4,Tier-3 (Self-financing),84000.0,14.5,1,0.326,0.354,0.34,28600.0,55400.0,0
Madurai,MBC,1,574000.0,1,0,52.94,77.8,Tier-1 (Autonomous),179000.0,20.4,1,0.122,0.454,0.288,51500.0,127500.0,0
Kanyakumari,SC,0,351000.0,0,1,67.53,93.5,Tier-3 (Self-financing),84000.0,23.9,0,0.286,0.522,0.404,33900.0,50100.0,0
Salem,BC,0,877000.0,1,0,83.81,129.2,Tier-2 (Affiliated),129000.0,48.0,2,0.38,0.218,0.299,38600.0,90400.0,0
Madurai,SC,0,293000.0,1,0,72.61,111.4,Tier-3 (Self-financing),83000.0,29.4,3,0.303,0.436,0.369,30600.0,52400.0,1
Tirunelveli,SC,1,679000.0,0,0,85.84,139.6,Tier-2 (Affiliated),107000.0,68.1,0,0.343,0.491,0.417,44600.0,62400.0,1
Madurai,BC,1,1204000.0,0,1,65.93,102.4,Tier-1 (Autonomous),180000.0,63.2,0,0.125,0.327,0.226,40700.0,139300.0,1
Thanjavur,BC,1,1081000.0,0,1,81.82,117.4,Tier-1 (Autonomous),173000.0,15.5,2,0.274,0.351,0.313,54100.0,118900.0,0
Erode,BC,0,485000.0,0,1,82.32,149.9,Tier-1 (Autonomous),182000.0,7.7,2,0.485,0.359,0.422,76800.0,105200.0,0
Namakkal,BC,1,239000.0,0,0,85.9,143.5,Tier-2 (Affiliated),103000.0,24.3,0,0.261,0.435,0.348,35800.0,67200.0,1
Namakkal,BC,0,298000.0,1,0,71.45,106.2,Tier-2 (Affiliated),114000.0,134.4,0,0.144,0.383,0.264,30100.0,83900.0,0
Chennai,BC,0,353000.0,1,0,85.8,124.0,Tier-3 (Self-financing),77000.0,11.8,1,0.31,0.33,0.32,24600.0,52400.0,0
Madurai,MBC,0,246000.0,0,1,93.07,126.9,Tier-3 (Self-financing),80000.0,105.1,2,0.276,0.297,0.286,22900.0,57100.0,1
Tiruchirappalli,OC,1,617000.0,1,0,55.27,65.3,Tier-2 (Affiliated),102000.0,38.3,1,0.383,0.596,0.489,49900.0,52100.0,1
Tiruchirappalli,BC,1,1144000.0,1,0,78.52,141.3,Tier-3 (Self-financing),81000.0,53.2,3,0.413,0.268,0.34,27600.0,53400.0,1
Coimbatore,MBC,0,171000.0,1,0,59.94,110.0,Tier-2 (Affiliated),96000.0,2.9,0,0.251,0.539,0.395,37900.0,58100.0,1
Erode,BC,0,464000.0,1,0,69.4,102.3,Tier-3 (Self-financing),65000.0,6.7,4,0.347,0.549,0.448,29100.0,35900.0,1
Namakkal,MBC,1,500000.0,1,0,70.21,132.8,Tier-3 (Self-financing),82000.0,37.3,0,0.358,0.464,0.411,33700.0,48300.0,1
Erode,SC,0,122000.0,0,1,77.34,133.0,Tier-3 (Self-financing),73000.0,14.9,2,0.357,0.518,0.438,32000.0,41000.0,0
Erode,ST,1,151000.0,1,0,81.78,133.9,Tier-2 (Affiliated),124000.0,19.5,2,0.513,0.549,0.531,65900.0,58100.0,0
Dindigul,MBC,0,102000.0,0,1,87.05,152.2,Tier-3 (Self-financing),82000.0,2.2,0,0.265,0.694,0.48,39300.0,42700.0,1
Namakkal,OC,0,509000.0,0,1,80.64,138.3,Tier-3 (Self-financing),91000.0,63.5,6,0.306,0.455,0.38,34600.0,56400.0,1
Erode,OC,0,377000.0,0,0,84.74,137.9,Tier-1 (Autonomous),182000.0,13.5,2,0.424,0.359,0.392,71300.0,110700.0,0
Salem,ST,1,173000.0,1,0,67.22,104.0,Tier-1 (Autonomous),171000.0,53.0,0,0.185,0.428,0.307,52500.0,118500.0,0
Thanjavur,MBC,1,150000.0,1,0,88.57,140.1,Tier-3 (Self-financing),82000.0,88.0,2,0.312,0.445,0.378,31000.0,51000.0,0
Chennai,SC,0,247000.0,0,1,45.04,47.9,Tier-3 (Self-financing),91000.0,23.9,5,0.13,0.486,0.308,28000.0,63000.0,1
Dindigul,MBC,1,382000.0,1,0,93.27,137.2,Tier-2 (Affiliated),115000.0,5.4,1,0.325,0.379,0.352,40400.0,74600.0,0
Villupuram,BC,0,202000.0,0,1,91.47,173.4,Tier-1 (Autonomous),187000.0,25.7,1,0.536,0.462,0.499,93400.0,93600.0,1
Vellore,MBC,1,247000.0,1,0,85.5,124.4,Tier-2 (Affiliated),105000.0,117.2,2,0.313,0.488,0.401,42100.0,62900.0,1
Madurai,SC,0,171000.0,0,1,99.9,132.1,Tier-1 (Autonomous),185000.0,32.3,1,0.389,0.595,0.492,91000.0,94000.0,0
Karur,SC,1,408000.0,1,0,59.96,109.5,Tier-3 (Self-financing),80000.0,115.0,0,0.273,0.398,0.336,26800.0,53200.0,0
Madurai,BC,0,249000.0,1,0,85.79,141.0,Tier-1 (Autonomous),188000.0,24.3,0,0.459,0.548,0.504,94700.0,93300.0,1
Tiruchirappalli,MBC,1,218000.0,0,0,79.35,131.5,Tier-2 (Affiliated),118000.0,48.8,2,0.435,0.526,0.48,56700.0,61300.0,0
Madurai,BC,1,468000.0,1,0,80.44,126.3,Tier-2 (Affiliated),99000.0,10.0,3,0.284,0.513,0.399,39500.0,59500.0,0
Kanyakumari,ST,1,485000.0,1,0,66.36,119.8,Tier-3 (Self-financing),87000.0,41.0,0,0.188,0.263,0.226,19600.0,67400.0,1
Thoothukudi,BC,1,494000.0,0,1,81.95,154.1,Tier-3 (Self-financing),76000.0,62.4,3,0.427,0.309,0.368,28000.0,48000.0,1
Tiruppur,SC,0,202000.0,1,0,81.48,122.5,Tier-2 (Affiliated),117000.0,8.2,1,0.28,0.387,0.334,39000.0,78000.0,0
Theni,BC,0,250000.0,1,0,71.1,123.3,Tier-1 (Autonomous),171000.0,68.1,2,0.272,0.608,0.44,75300.0,95700.0,0
Theni,MBC,1,257000.0,0,1,77.31,140.5,Tier-1 (Autonomous),183000.0,4.2,3,0.251,0.436,0.344,62900.0,120100.0,0
Theni,MBC,1,253000.0,0,1,64.85,95.1,Tier-3 (Self-financing),91000.0,36.3,2,0.197,0.406,0.302,27400.0,63600.0,0
Namakkal,BC,1,194000.0,1,0,74.05,141.1,Tier-1 (Autonomous),181000.0,36.5,2,0.396,0.502,0.449,81200.0,99800.0,1
Thoothukudi,SC,1,603000.0,1,0,87.61,156.9,Tier-3 (Self-financing),92000.0,56.9,0,0.401,0.596,0.498,45800.0,46200.0,1
Karur,SC,1,406000.0,1,0,87.81,121.9,Tier-2 (Affiliated),112000.0,9.6,5,0.32,0.415,0.368,41200.0,70800.0,0
Coimbatore,SC,1,330000.0,1,0,85.69,161.0,Tier-2 (Affiliated),123000.0,17.7,2,0.514,0.431,0.473,58200.0,64800.0,0
Vellore,BC,1,568000.0,1,0,87.6,122.3,Tier-2 (Affiliated),101000.0,33.5,3,0.439,0.515,0.477,48200.0,52800.0,1
Thoothukudi,SC,1,380000.0,0,1,87.73,130.1,Tier-3 (Self-financing),82000.0,108.1,0,0.476,0.494,0.485,39800.0,42200.0,1
Thanjavur,MBC,0,174000.0,0,1,71.56,124.8,Tier-3 (Self-financing),70000.0,25.8,0,0.283,0.515,0.399,27900.0,42100.0,0
Salem,MBC,1,351000.0,0,0,81.4,145.9,Tier-2 (Affiliated),108000.0,118.5,1,0.349,0.443,0.396,42800.0,65200.0,1
Kanyakumari,MBC,1,324000.0,0,1,88.87,143.7,Tier-2 (Affiliated),101000.0,14.2,2,0.291,0.509,0.4,40400.0,60600.0,1
Theni,MBC,0,1035000.0,1,0,64.2,93.3,Tier-2 (Affiliated),99000.0,19.5,2,0.289,0.131,0.21,20800.0,78200.0,1
Tiruppur,BC,1,847000.0,1,0,64.15,98.7,Tier-2 (Affiliated),98000.0,12.6,3,0.257,0.405,0.331,32400.0,65600.0,0
Thanjavur,BC,1,530000.0,0,1,63.59,96.1,Tier-3 (Self-financing),81000.0,47.2,0,0.347,0.345,0.346,28000.0,53000.0,1
Madurai,BC,0,634000.0,1,0,60.14,108.8,Tier-2 (Affiliated),112000.0,4.1,3,0.293,0.541,0.417,46700.0,65300.0,1
Vellore,BC,1,955000.0,0,1,67.49,101.9,Tier-1 (Autonomous),184000.0,18.7,2,0.209,0.445,0.327,60200.0,123800.0,1
Thanjavur,BC,0,140000.0,0,1,72.75,106.6,Tier-3 (Self-financing),93000.0,3.6,2,0.266,0.583,0.425,39500.0,53500.0,0
Villupuram,BC,0,265000.0,1,0,93.12,126.8,Tier-2 (Affiliated),118000.0,9.2,0,0.324,0.656,0.49,57800.0,60200.0,0
Erode,SC,1,312000.0,0,1,73.63,108.9,Tier-1 (Autonomous),171000.0,40.4,3,0.221,0.7,0.461,78800.0,92200.0,0
Madurai,MBC,1,588000.0,1,0,62.84,98.8,Tier-1 (Autonomous),174000.0,114.9,2,0.25,0.433,0.341,59400.0,114600.0,0
Thanjavur,OC,1,557000.0,0,1,79.66,110.5,Tier-2 (Affiliated),112000.0,18.0,0,0.214,0.443,0.329,36800.0,75200.0,1
Thoothukudi,SC,0,185000.0,0,1,76.11,95.6,Tier-2 (Affiliated),112000.0,6.4,3,0.343,0.57,0.456,51100.0,60900.0,0
Dindigul,ST,1,212000.0,1,0,70.18,127.0,Tier-3 (Self-financing),96000.0,113.6,1,0.205,0.557,0.381,36500.0,59500.0,0
Vellore,SC,0,347000.0,1,0,72.11,100.4,Tier-1 (Autonomous),178000.0,17.1,1,0.345,0.29,0.317,56500.0,121500.0,1
Cuddalore,SC,1,142000.0,1,0,88.67,122.2,Tier-2 (Affiliated),116000.0,19.1,2,0.285,0.499,0.392,45500.0,70500.0,0
Theni,ST,0,134000.0,1,0,63.9,125.8,Tier-2 (Affiliated),109000.0,105.2,0,0.106,0.45,0.278,30300.0,78700.0,0
Tirunelveli,MBC,1,152000.0,1,0,61.34,110.9,Tier-2 (Affiliated),113000.0,46.1,2,0.142,0.551,0.346,39200.0,73800.0,0
Thoothukudi,ST,0,96000.0,1,0,82.67,147.7,Tier-3 (Self-financing),88000.0,101.7,6,0.41,0.565,0.488,42900.0,45100.0,0
Tiruppur,ST,0,201000.0,0,0,71.86,122.6,Tier-1 (Autonomous),180000.0,18.5,1,0.293,0.51,0.402,72300.0,107700.0,0
Coimbatore,BC,1,581000.0,0,1,93.52,169.3,Tier-3 (Self-financing),77000.0,23.7,4,0.524,0.378,0.451,34700.0,42300.0,1
Thanjavur,SC,1,265000.0,1,0,76.46,135.6,Tier-2 (Affiliated),112000.0,78.1,1,0.339,0.453,0.396,44300.0,67700.0,1
Villupuram,SC,1,585000.0,1,0,77.0,118.0,Tier-3 (Self-financing),90000.0,33.1,1,0.357,0.581,0.469,42200.0,47800.0,0
Vellore,SC,1,663000.0,0,0,85.87,121.4,Tier-2 (Affiliated),111000.0,21.5,4,0.323,0.225,0.274,30400.0,80600.0,0
Tiruppur,SC,0,188000.0,0,1,61.28,78.8,Tier-2 (Affiliated),88000.0,7.5,2,0.224,0.75,0.487,42900.0,45100.0,1
Theni,BC,0,343000.0,0,1,81.38,128.1,Tier-3 (Self-financing),84000.0,117.1,0,0.416,0.631,0.523,43900.0,40100.0,1
Karur,BC,1,377000.0,0,0,74.34,102.4,Tier-2 (Affiliated),115000.0,11.5,0,0.296,0.461,0.379,43600.0,71400.0,1
Kanyakumari,MBC,0,367000.0,0,1,88.27,129.3,Tier-3 (Self-financing),77000.0,27.9,2,0.327,0.528,0.427,32900.0,44100.0,1
Madurai,SC,1,163000.0,1,0,71.53,112.2,Tier-2 (Affiliated),119000.0,20.6,2,0.404,0.508,0.456,54200.0,64800.0,0
Namakkal,SC,1,846000.0,1,0,79.77,148.6,Tier-3 (Self-financing),80000.0,243.3,2,0.413,0.369,0.391,31300.0,48700.0,1
Namakkal,SC,1,590000.0,1,0,74.41,96.4,Tier-1 (Autonomous),177000.0,27.3,2,0.176,0.397,0.286,50700.0,126300.0,0
Tiruchirappalli,SC,1,163000.0,1,0,82.13,131.9,Tier-2 (Affiliated),112000.0,2.0,2,0.326,0.463,0.394,44200.0,67800.0,0
Cuddalore,ST,0,110000.0,0,0,75.49,102.0,Tier-3 (Self-financing),78000.0,5.1,0,0.285,0.584,0.434,33900.0,44100.0,0
Madurai,BC,0,377000.0,1,0,80.62,120.6,Tier-3 (Self-financing),92000.0,15.4,2,0.4,0.405,0.402,37000.0,55000.0,1
Dindigul,ST,1,227000.0,1,0,95.53,166.8,Tier-3 (Self-financing),95000.0,2.0,2,0.536,0.509,0.523,49600.0,45400.0,1
Erode,OC,0,526000.0,1,0,75.14,107.5,Tier-3 (Self-financing),76000.0,9.4,3,0.327,0.413,0.37,28100.0,47900.0,1
Tiruchirappalli,MBC,1,345000.0,0,0,82.03,127.3,Tier-1 (Autonomous),179000.0,6.2,0,0.314,0.638,0.476,85200.0,93800.0,0
Virudhunagar,OC,1,1457000.0,1,0,99.9,162.0,Tier-3 (Self-financing),100000.0,51.7,1,0.553,0.35,0.452,45200.0,54800.0,0
Salem,MBC,0,261000.0,0,0,81.9,141.6,Tier-3 (Self-financing),94000.0,5.4,1,0.394,0.438,0.416,39100.0,54900.0,0
Tirunelveli,BC,1,1829000.0,0,0,53.66,77.6,Tier-1 (Autonomous),167000.0,66.0,2,0.124,0.295,0.21,35000.0,132000.0,1
Kanyakumari,OC,0,543000.0,0,1,71.34,133.1,Tier-1 (Autonomous),189000.0,28.1,2,0.211,0.474,0.343,64700.0,124300.0,0
Kanyakumari,MBC,1,200000.0,0,1,65.96,98.9,Tier-2 (Affiliated),83000.0,39.0,1,0.292,0.599,0.445,37000.0,46000.0,0
Chennai,SC,0,614000.0,1,0,87.22,146.8,Tier-3 (Self-financing),90000.0,87.2,2,0.365,0.505,0.435,39200.0,50800.0,1
Tirunelveli,BC,1,884000.0,0,1,77.06,120.4,Tier-3 (Self-financing),78000.0,45.8,2,0.232,0.261,0.246,19200.0,58800.0,0
Karur,MBC,0,320000.0,0,1,88.64,152.9,Tier-3 (Self-financing),89000.0,112.5,3,0.331,0.532,0.432,38400.0,50600.0,1
Nagapattinam,BC,0,427000.0,1,0,84.12,165.0,Tier-2 (Affiliated),112000.0,26.8,0,0.548,0.461,0.504,56500.0,55500.0,1
Thoothukudi,BC,0,155000.0,1,0,84.07,130.3,Tier-3 (Self-financing),86000.0,9.8,3,0.368,0.674,0.521,44800.0,41200.0,1
Tiruppur,BC,0,111000.0,0,1,65.77,105.0,Tier-1 (Autonomous),185000.0,123.4,3,0.306,0.453,0.379,70200.0,114800.0,0
Chennai,MBC,1,410000.0,0,0,83.05,126.4,Tier-3 (Self-financing),81000.0,13.6,1,0.323,0.526,0.425,34400.0,46600.0,1
Kanyakumari,SC,0,416000.0,0,0,91.67,137.9,Tier-3 (Self-financing),80000.0,139.9,3,0.384,0.37,0.377,30200.0,49800.0,0
Tiruchirappalli,MBC,0,323000.0,1,0,63.53,91.2,Tier-2 (Affiliated),117000.0,32.4,1,0.213,0.66,0.436,51000.0,66000.0,0
Madurai,SC,0,499000.0,1,0,74.83,119.4,Tier-1 (Autonomous),180000.0,22.0,0,0.223,0.498,0.36,64800.0,115200.0,1
Cuddalore,MBC,0,538000.0,0,1,81.54,118.8,Tier-3 (Self-financing),80000.0,77.6,0,0.379,0.402,0.39,31200.0,48800.0,1
Theni,SC,0,197000.0,1,0,78.98,115.2,Tier-3 (Self-financing),84000.0,14.5,0,0.232,0.627,0.429,36100.0,47900.0,0
Coimbatore,ST,0,324000.0,1,0,92.37,100.3,Tier-3 (Self-financing),83000.0,72.0,1,0.205,0.628,0.416,34500.0,48500.0,1
Tiruchirappalli,BC,1,1116000.0,1,0,85.29,157.2,Tier-2 (Affiliated),107000.0,12.0,0,0.478,0.364,0.421,45100.0,61900.0,1
Tiruppur,BC,1,462000.0,0,0,82.06,156.0,Tier-2 (Affiliated),114000.0,14.1,3,0.528,0.443,0.485,55300.0,58700.0,0
Tirunelveli,BC,1,429000.0,1,0,86.18,147.6,Tier-2 (Affiliated),103000.0,2.5,2,0.366,0.372,0.369,38000.0,65000.0,1
Cuddalore,MBC,0,281000.0,0,0,85.64,123.9,Tier-2 (Affiliated),122000.0,39.7,3,0.392,0.414,0.403,49200.0,72800.0,1
Thanjavur,MBC,1,111000.0,0,0,78.41,106.5,Tier-3 (Self-financing),87000.0,44.5,2,0.296,0.424,0.36,31400.0,55600.0,0
Tiruppur,BC,1,564000.0,0,1,74.45,95.7,Tier-1 (Autonomous),165000.0,22.6,4,0.214,0.53,0.372,61400.0,103600.0,1
Dindigul,SC,1,468000.0,0,1,87.9,150.2,Tier-2 (Affiliated),112000.0,134.9,1,0.417,0.553,0.485,54300.0,57700.0,1
Vellore,ST,0,183000.0,0,1,70.57,131.9,Tier-3 (Self-financing),78000.0,84.7,1,0.352,0.425,0.388,30300.0,47700.0,1
Erode,BC,0,361000.0,0,0,77.28,126.1,Tier-2 (Affiliated),110000.0,127.0,0,0.357,0.577,0.467,51400.0,58600.0,1
Cuddalore,BC,1,472000.0,0,1,66.43,119.2,Tier-2 (Affiliated),109000.0,58.5,1,0.407,0.431,0.419,45700.0,63300.0,1
Namakkal,BC,0,100000.0,0,0,85.32,143.2,Tier-3 (Self-financing),90000.0,70.9,1,0.423,0.482,0.452,40700.0,49300.0,1
Tiruppur,BC,1,1205000.0,1,0,90.33,133.0,Tier-2 (Affiliated),115000.0,54.4,1,0.342,0.35,0.346,39800.0,75200.0,0
Tiruppur,SC,0,159000.0,1,0,68.64,125.0,Tier-2 (Affiliated),112000.0,138.6,0,0.299,0.511,0.405,45400.0,66600.0,0
Salem,MBC,0,185000.0,1,0,76.46,136.5,Tier-3 (Self-financing),100000.0,61.7,0,0.387,0.366,0.377,37700.0,62300.0,0
Villupuram,OC,0,823000.0,0,1,73.2,102.3,Tier-1 (Autonomous),174000.0,33.4,0,0.217,0.358,0.287,50000.0,124000.0,0
Tiruppur,MBC,0,445000.0,0,0,88.75,154.1,Tier-3 (Self-financing),96000.0,63.2,0,0.296,0.35,0.323,31000.0,65000.0,0
Karur,OC,0,453000.0,1,0,92.17,145.3,Tier-3 (Self-financing),96000.0,56.9,0,0.499,0.319,0.409,39200.0,56800.0,1
Kanyakumari,BC,0,457000.0,1,0,73.21,113.2,Tier-1 (Autonomous),183000.0,86.1,2,0.283,0.407,0.345,63200.0,119800.0,0
Villupuram,BC,1,256000.0,0,1,47.09,81.2,Tier-1 (Autonomous),184000.0,60.0,2,0.166,0.49,0.328,60400.0,123600.0,0
Cuddalore,MBC,0,249000.0,1,0,89.53,148.6,Tier-1 (Autonomous),188000.0,25.9,1,0.527,0.39,0.458,86200.0,101800.0,0
Nagapattinam,MBC,1,856000.0,1,0,78.45,138.9,Tier-3 (Self-financing),82000.0,2.0,2,0.343,0.385,0.364,29900.0,52100.0,0
Dindigul,SC,1,217000.0,1,0,78.49,112.8,Tier-2 (Affiliated),106000.0,4.7,3,0.326,0.512,0.419,44400.0,61600.0,1
Karur,OC,1,364000.0,1,0,87.64,148.7,Tier-2 (Affiliated),106000.0,42.3,1,0.419,0.533,0.476,50400.0,55600.0,1
Erode,SC,1,329000.0,0,1,74.36,101.6,Tier-3 (Self-financing),87000.0,4.0,1,0.28,0.468,0.374,32500.0,54500.0,1
Karur,OC,0,413000.0,1,0,71.7,112.0,Tier-2 (Affiliated),106000.0,29.1,4,0.242,0.525,0.383,40600.0,65400.0,0
Coimbatore,BC,1,690000.0,1,0,74.44,117.4,Tier-2 (Affiliated),104000.0,59.0,0,0.381,0.478,0.429,44700.0,59300.0,0
Villupuram,SC,1,148000.0,1,0,82.89,147.2,Tier-3 (Self-financing),77000.0,104.4,2,0.556,0.395,0.475,36600.0,40400.0,0
Salem,MBC,1,103000.0,1,0,86.79,139.0,Tier-2 (Affiliated),102000.0,7.3,1,0.31,0.669,0.489,49900.0,52100.0,1
Cuddalore,BC,0,496000.0,1,0,94.33,147.0,Tier-3 (Self-financing),80000.0,14.0,0,0.474,0.55,0.512,41000.0,39000.0,1
Chennai,MBC,1,232000.0,1,0,82.03,152.6,Tier-2 (Affiliated),105000.0,20.7,1,0.442,0.48,0.461,48400.0,56600.0,1
Tiruchirappalli,SC,0,139000.0,0,1,76.55,116.0,Tier-2 (Affiliated),111000.0,19.4,0,0.333,0.444,0.388,43100.0,67900.0,0
Thoothukudi,ST,1,82000.0,0,1,86.86,131.9,Tier-2 (Affiliated),104000.0,52.5,2,0.397,0.601,0.499,51900.0,52100.0,1
Virudhunagar,MBC,0,456000.0,1,0,68.29,81.1,Tier-3 (Self-financing),89000.0,32.2,3,0.08,0.404,0.242,21500.0,67500.0,0
Salem,OC,0,473000.0,1,0,92.19,144.3,Tier-2 (Affiliated),126000.0,138.2,0,0.34,0.371,0.355,44800.0,81200.0,1
Madurai,MBC,1,498000.0,0,1,80.11,114.1,Tier-3 (Self-financing),95000.0,151.0,2,0.277,0.424,0.35,33300.0,61700.0,0
Virudhunagar,BC,1,571000.0,0,1,75.71,117.4,Tier-2 (Affiliated),102000.0,91.7,1,0.406,0.534,0.47,47900.0,54100.0,1
Thoothukudi,OC,1,203000.0,1,0,68.32,112.9,Tier-3 (Self-financing),83000.0,23.4,1,0.268,0.627,0.448,37200.0,45800.0,1
Tiruchirappalli,MBC,1,244000.0,0,0,84.27,118.6,Tier-2 (Affiliated),100000.0,132.1,3,0.35,0.651,0.501,50100.0,49900.0,0
Cuddalore,SC,1,246000.0,0,1,75.19,108.0,Tier-3 (Self-financing),87000.0,67.5,0,0.28,0.482,0.381,33100.0,53900.0,1
Tirunelveli,OC,1,417000.0,1,0,77.06,99.3,Tier-2 (Affiliated),112000.0,17.9,3,0.25,0.455,0.353,39500.0,72500.0,0
Karur,SC,1,271000.0,0,0,61.29,90.4,Tier-1 (Autonomous),181000.0,23.1,4,0.225,0.484,0.355,64200.0,116800.0,0
Thanjavur,SC,0,223000.0,0,0,73.65,103.7,Tier-2 (Affiliated),102000.0,71.6,0,0.195,0.455,0.325,33100.0,68900.0,1
Madurai,SC,0,339000.0,1,0,72.32,147.9,Tier-2 (Affiliated),105000.0,142.3,1,0.404,0.429,0.417,43700.0,61300.0,0
Erode,BC,1,214000.0,1,0,82.19,154.1,Tier-1 (Autonomous),188000.0,28.8,0,0.405,0.473,0.439,82600.0,105400.0,1
Namakkal,BC,0,298000.0,0,1,75.32,140.6,Tier-2 (Affiliated),113000.0,23.8,2,0.386,0.642,0.514,58100.0,54900.0,0
Nagapattinam,OC,1,932000.0,0,0,51.51,63.0,Tier-3 (Self-financing),78000.0,30.7,1,0.062,0.299,0.18,14100.0,63900.0,1
Chennai,BC,0,180000.0,0,1,73.85,115.5,Tier-3 (Self-financing),75000.0,20.7,0,0.447,0.532,0.49,36700.0,38300.0,0
Thoothukudi,BC,0,269000.0,1,0,63.46,83.5,Tier-3 (Self-financing),84000.0,5.8,2,0.052,0.546,0.299,25100.0,58900.0,0
Theni,BC,0,386000.0,0,1,67.57,135.8,Tier-1 (Autonomous),179000.0,151.9,0,0.239,0.644,0.442,79100.0,99900.0,1
Kanyakumari,BC,1,486000.0,0,0,88.04,153.3,Tier-1 (Autonomous),170000.0,9.3,1,0.469,0.479,0.474,80600.0,89400.0,0
Villupuram,BC,1,700000.0,1,0,61.11,82.0,Tier-2 (Affiliated),108000.0,9.6,0,0.249,0.391,0.32,34600.0,73400.0,0
Tiruchirappalli,ST,0,178000.0,1,0,80.95,135.1,Tier-3 (Self-financing),81000.0,40.5,1,0.499,0.437,0.468,37900.0,43100.0,1
Coimbatore,SC,0,164000.0,0,1,72.93,94.4,Tier-3 (Self-financing),80000.0,9.0,0,0.206,0.446,0.326,26100.0,53900.0,0
Nagapattinam,BC,0,157000.0,1,0,71.0,111.6,Tier-2 (Affiliated),107000.0,25.7,1,0.288,0.518,0.403,43200.0,63800.0,0
Tiruchirappalli,ST,0,194000.0,1,0,68.21,106.5,Tier-2 (Affiliated),112000.0,147.0,4,0.31,0.487,0.399,44700.0,67300.0,0
Madurai,BC,1,510000.0,0,0,81.2,141.0,Tier-1 (Autonomous),181000.0,18.1,2,0.504,0.445,0.475,85900.0,95100.0,1
Dindigul,BC,1,280000.0,1,0,82.32,146.5,Tier-2 (Affiliated),120000.0,68.8,0,0.306,0.542,0.424,50900.0,69100.0,0
Villupuram,SC,0,269000.0,0,1,60.75,97.5,Tier-3 (Self-financing),87000.0,51.3,1,0.254,0.445,0.349,30400.0,56600.0,1
Nagapattinam,MBC,0,522000.0,0,0,89.51,139.9,Tier-3 (Self-financing),91000.0,7.5,1,0.439,0.478,0.458,41700.0,49300.0,1
Namakkal,BC,1,336000.0,0,1,66.14,57.3,Tier-3 (Self-financing),74000.0,28.7,1,0.07,0.567,0.318,23600.0,50400.0,0
Tiruchirappalli,BC,0,200000.0,0,1,81.89,154.5,Tier-2 (Affiliated),111000.0,64.4,3,0.474,0.365,0.419,46600.0,64400.0,1
Erode,MBC,0,171000.0,1,0,66.19,96.0,Tier-2 (Affiliated),107000.0,42.1,0,0.184,0.531,0.357,38200.0,68800.0,0
Cuddalore,MBC,1,167000.0,1,0,73.41,119.0,Tier-2 (Affiliated),116000.0,2.0,4,0.412,0.632,0.522,60600.0,55400.0,1
Tiruchirappalli,BC,0,900000.0,1,0,65.21,138.2,Tier-3 (Self-financing),87000.0,63.9,2,0.241,0.407,0.324,28200.0,58800.0,1
Namakkal,MBC,0,203000.0,1,0,72.71,98.4,Tier-2 (Affiliated),123000.0,5.7,1,0.221,0.46,0.34,41900.0,81100.0,0
Chennai,BC,0,186000.0,0,0,75.99,121.9,Tier-2 (Affiliated),103000.0,11.0,3,0.37,0.563,0.466,48000.0,55000.0,0
Erode,MBC,1,226000.0,1,0,66.51,113.9,Tier-2 (Affiliated),104000.0,45.5,3,0.273,0.464,0.368,38300.0,65700.0,1
Salem,BC,0,242000.0,1,0,81.14,146.2,Tier-1 (Autonomous),183000.0,51.6,2,0.478,0.573,0.526,96200.0,86800.0,1
Cuddalore,SC,1,215000.0,0,0,82.45,131.9,Tier-1 (Autonomous),179000.0,65.0,2,0.365,0.546,0.455,81500.0,97500.0,1
Villupuram,SC,1,695000.0,1,0,99.9,177.5,Tier-1 (Autonomous),172000.0,126.1,2,0.545,0.567,0.556,95600.0,76400.0,1
Madurai,BC,1,243000.0,1,0,87.29,133.4,Tier-3 (Self-financing),88000.0,43.0,1,0.41,0.494,0.452,39800.0,48200.0,0
Nagapattinam,SC,1,135000.0,0,1,89.76,151.8,Tier-2 (Affiliated),106000.0,71.6,5,0.426,0.559,0.492,52200.0,53800.0,0
Cuddalore,OC,0,528000.0,0,0,60.31,102.7,Tier-3 (Self-financing),89000.0,167.2,0,0.124,0.419,0.272,24200.0,64800.0,1
Thoothukudi,BC,0,282000.0,0,0,58.42,92.1,Tier-2 (Affiliated),96000.0,22.1,2,0.359,0.503,0.431,41400.0,54600.0,0
Villupuram,MBC,0,230000.0,1,0,75.03,124.9,Tier-2 (Affiliated),108000.0,101.1,2,0.444,0.437,0.441,47600.0,60400.0,0
Madurai,MBC,1,571000.0,1,0,95.87,140.3,Tier-3 (Self-financing),86000.0,148.8,1,0.447,0.544,0.496,42600.0,43400.0,0
Karur,SC,1,340000.0,1,0,99.9,155.4,Tier-2 (Affiliated),111000.0,30.5,0,0.414,0.502,0.458,50800.0,60200.0,0
Tiruppur,ST,1,266000.0,1,0,71.12,94.5,Tier-3 (Self-financing),91000.0,31.4,2,0.263,0.501,0.382,34800.0,56200.0,0
Madurai,BC,1,223000.0,0,1,72.14,108.8,Tier-3 (Self-financing),83000.0,238.1,1,0.14,0.579,0.36,29800.0,53200.0,0
Tirunelveli,BC,0,119000.0,1,0,83.44,150.6,Tier-1 (Autonomous),184000.0,2.2,0,0.301,0.649,0.475,87400.0,96600.0,0
Villupuram,MBC,0,177000.0,0,1,76.03,128.0,Tier-3 (Self-financing),84000.0,13.0,0,0.539,0.697,0.618,51900.0,32100.0,1
Namakkal,BC,0,165000.0,1,0,76.28,126.7,Tier-2 (Affiliated),116000.0,9.3,2,0.242,0.45,0.346,40200.0,75800.0,0
Erode,BC,1,560000.0,0,0,84.35,111.0,Tier-2 (Affiliated),98000.0,38.8,2,0.262,0.496,0.379,37100.0,60900.0,0
Erode,ST,0,63000.0,0,1,99.9,164.6,Tier-3 (Self-financing),64000.0,16.9,0,0.487,0.614,0.55,35200.0,28800.0,1
Virudhunagar,SC,1,246000.0,0,0,91.05,144.7,Tier-2 (Affiliated),120000.0,16.8,1,0.432,0.495,0.464,55600.0,64400.0,1
Tirunelveli,ST,0,154000.0,0,1,96.69,162.8,Tier-3 (Self-financing),80000.0,77.2,2,0.469,0.469,0.469,37500.0,42500.0,0
Tiruchirappalli,BC,1,473000.0,0,1,59.56,116.0,Tier-1 (Autonomous),166000.0,86.4,1,0.274,0.551,0.413,68500.0,97500.0,1
Tiruppur,OC,0,486000.0,0,0,88.75,135.9,Tier-3 (Self-financing),84000.0,47.1,0,0.366,0.382,0.374,31400.0,52600.0,1
Thoothukudi,MBC,1,351000.0,1,0,68.5,104.9,Tier-2 (Affiliated),106000.0,27.5,0,0.355,0.514,0.435,46100.0,59900.0,0
Tiruchirappalli,ST,0,117000.0,1,0,94.76,165.4,Tier-1 (Autonomous),183000.0,29.7,0,0.529,0.472,0.5,91500.0,91500.0,0
Tirunelveli,BC,1,958000.0,0,1,91.57,137.5,Tier-3 (Self-financing),89000.0,52.0,2,0.434,0.366,0.4,35600.0,53400.0,1
Dindigul,OC,1,528000.0,0,1,84.04,135.8,Tier-3 (Self-financing),82000.0,6.4,2,0.218,0.323,0.271,22200.0,59800.0,1
Tiruchirappalli,OC,1,1375000.0,1,0,70.57,83.0,Tier-3 (Self-financing),92000.0,121.8,4,0.229,0.198,0.214,19700.0,72300.0,1
Cuddalore,SC,0,163000.0,1,0,73.16,112.4,Tier-2 (Affiliated),100000.0,15.1,1,0.301,0.373,0.337,33700.0,66300.0,0
Tirunelveli,SC,1,312000.0,1,0,73.97,137.9,Tier-3 (Self-financing),66000.0,74.2,1,0.33,0.702,0.516,34100.0,31900.0,1
Madurai,MBC,0,241000.0,1,0,85.62,142.0,Tier-2 (Affiliated),111000.0,37.0,4,0.543,0.388,0.465,51600.0,59400.0,1
Tirunelveli,OC,0,443000.0,0,1,82.04,144.8,Tier-2 (Affiliated),108000.0,3.1,2,0.288,0.534,0.411,44400.0,63600.0,1
Villupuram,SC,1,250000.0,0,0,92.2,161.9,Tier-2 (Affiliated),95000.0,25.6,1,0.463,0.441,0.452,42900.0,52100.0,1
Villupuram,MBC,1,443000.0,1,0,94.11,170.8,Tier-2 (Affiliated),115000.0,21.1,2,0.592,0.273,0.432,49700.0,65300.0,1
Namakkal,BC,0,694000.0,1,0,69.55,106.1,Tier-1 (Autonomous),166000.0,2.0,3,0.281,0.435,0.358,59500.0,106500.0,1
Thanjavur,BC,1,860000.0,1,0,82.75,146.5,Tier-3 (Self-financing),84000.0,4.0,2,0.254,0.588,0.421,35400.0,48600.0,1
Virudhunagar,MBC,1,751000.0,1,0,82.63,165.9,Tier-2 (Affiliated),116000.0,131.0,0,0.595,0.341,0.468,54300.0,61700.0,1
Tiruchirappalli,BC,1,231000.0,0,0,77.05,122.9,Tier-2 (Affiliated),112000.0,20.8,0,0.192,0.652,0.422,47300.0,64700.0,1
Cuddalore,ST,0,88000.0,0,0,87.42,120.1,Tier-3 (Self-financing),87000.0,17.9,3,0.222,0.69,0.456,39700.0,47300.0,0
Cuddalore,MBC,1,473000.0,0,1,82.91,123.7,Tier-1 (Autonomous),176000.0,73.1,2,0.408,0.371,0.39,68600.0,107400.0,1
Karur,BC,0,457000.0,1,0,72.25,122.6,Tier-2 (Affiliated),111000.0,37.9,2,0.25,0.322,0.286,31700.0,79300.0,0
Salem,MBC,0,195000.0,1,0,76.58,97.6,Tier-2 (Affiliated),114000.0,20.8,0,0.218,0.449,0.334,38000.0,76000.0,1
Karur,MBC,0,177000.0,0,0,74.51,107.8,Tier-1 (Autonomous),175000.0,3.1,1,0.197,0.603,0.4,69900.0,105100.0,0
Theni,OC,1,1356000.0,0,1,70.72,108.2,Tier-3 (Self-financing),76000.0,8.3,0,0.282,0.123,0.202,15400.0,60600.0,1
Kanyakumari,MBC,0,379000.0,1,0,77.15,125.1,Tier-2 (Affiliated),116000.0,17.2,0,0.431,0.515,0.473,54900.0,61100.0,0
Tiruchirappalli,BC,0,535000.0,0,0,65.03,131.0,Tier-2 (Affiliated),125000.0,11.4,1,0.23,0.453,0.342,42700.0,82300.0,1
Theni,BC,0,235000.0,1,0,82.74,142.7,Tier-1 (Autonomous),192000.0,132.7,3,0.417,0.451,0.434,83400.0,108600.0,0
Virudhunagar,SC,0,146000.0,0,0,92.04,130.6,Tier-2 (Affiliated),89000.0,69.8,2,0.217,0.482,0.35,31100.0,57900.0,0
Tirunelveli,MBC,1,708000.0,1,0,78.5,183.6,Tier-2 (Affiliated),120000.0,26.8,0,0.7,0.397,0.548,65800.0,54200.0,1
Karur,BC,1,418000.0,1,0,87.46,139.7,Tier-1 (Autonomous),175000.0,71.1,1,0.313,0.475,0.394,69000.0,106000.0,0
Coimbatore,BC,1,345000.0,0,1,79.55,102.1,Tier-2 (Affiliated),124000.0,189.6,2,0.299,0.614,0.457,56600.0,67400.0,1
Karur,MBC,1,254000.0,1,0,67.78,92.9,Tier-3 (Self-financing),77000.0,64.4,0,0.245,0.467,0.356,27400.0,49600.0,1
Theni,BC,0,226000.0,1,0,98.07,141.4,Tier-1 (Autonomous),171000.0,55.0,0,0.404,0.498,0.451,77100.0,93900.0,1
Tiruchirappalli,ST,1,442000.0,0,1,53.78,65.8,Tier-1 (Autonomous),180000.0,8.8,1,0.091,0.513,0.302,54400.0,125600.0,1
Coimbatore,MBC,1,183000.0,0,0,78.1,132.7,Tier-3 (Self-financing),82000.0,67.7,6,0.253,0.435,0.344,28200.0,53800.0,1
Karur,SC,1,445000.0,1,0,70.31,72.5,Tier-2 (Affiliated),107000.0,49.1,2,0.268,0.591,0.43,46000.0,61000.0,0
Salem,BC,1,327000.0,1,0,93.82,164.8,Tier-1 (Autonomous),188000.0,7.1,1,0.4,0.419,0.41,77000.0,111000.0,0
Dindigul,SC,0,174000.0,1,0,80.16,140.5,Tier-3 (Self-financing),95000.0,25.1,1,0.381,0.554,0.467,44400.0,50600.0,0
Coimbatore,OC,1,581000.0,0,0,99.9,153.0,Tier-1 (Autonomous),172000.0,53.6,1,0.406,0.415,0.411,70600.0,101400.0,0
Thoothukudi,BC,0,265000.0,1,0,78.36,139.1,Tier-3 (Self-financing),98000.0,23.1,3,0.464,0.498,0.481,47100.0,50900.0,1
Namakkal,OC,1,538000.0,1,0,70.39,96.2,Tier-3 (Self-financing),75000.0,7.3,1,0.416,0.605,0.51,38300.0,36700.0,0
Villupuram,OC,0,305000.0,0,0,60.9,84.8,Tier-2 (Affiliated),105000.0,49.7,4,0.139,0.511,0.325,34100.0,70900.0,1
Tiruchirappalli,ST,1,199000.0,0,1,89.07,150.8,Tier-2 (Affiliated),130000.0,40.3,1,0.437,0.455,0.446,58000.0,72000.0,0
Salem,SC,1,651000.0,0,1,69.65,108.3,Tier-2 (Affiliated),113000.0,34.0,1,0.362,0.348,0.355,40100.0,72900.0,0
Theni,MBC,1,426000.0,1,0,73.8,108.7,Tier-2 (Affiliated),105000.0,3.1,1,0.384,0.568,0.476,50000.0,55000.0,1
Theni,MBC,0,243000.0,0,0,90.28,142.7,Tier-2 (Affiliated),112000.0,53.6,0,0.385,0.538,0.462,51700.0,60300.0,1
Nagapattinam,MBC,1,295000.0,1,0,88.53,161.4,Tier-3 (Self-financing),91000.0,2.0,2,0.454,0.452,0.453,41200.0,49800.0,0
Villupuram,MBC,1,336000.0,0,1,71.9,134.2,Tier-2 (Affiliated),113000.0,25.5,4,0.47,0.572,0.521,58900.0,54100.0,0
Virudhunagar,SC,1,221000.0,1,0,73.46,123.9,Tier-3 (Self-financing),95000.0,59.8,1,0.184,0.441,0.312,29700.0,65300.0,0
Madurai,MBC,1,640000.0,0,1,60.44,91.4,Tier-2 (Affiliated),103000.0,84.4,1,0.29,0.354,0.322,33200.0,69800.0,0
Erode,SC,1,208000.0,1,0,57.44,99.7,Tier-2 (Affiliated),105000.0,28.2,4,0.182,0.498,0.34,35700.0,69300.0,1
Villupuram,BC,1,140000.0,1,0,85.64,124.1,Tier-2 (Affiliated),103000.0,55.3,1,0.344,0.498,0.421,43400.0,59600.0,0
Namakkal,ST,0,175000.0,1,0,86.74,156.3,Tier-2 (Affiliated),103000.0,21.2,0,0.451,0.375,0.413,42500.0,60500.0,0
Kanyakumari,OC,1,540000.0,1,0,81.57,144.8,Tier-2 (Affiliated),110000.0,9.0,3,0.357,0.403,0.38,41800.0,68200.0,1
Tiruppur,BC,1,350000.0,0,1,79.87,156.8,Tier-2 (Affiliated),101000.0,30.6,1,0.472,0.526,0.499,50400.0,50600.0,1
Chennai,SC,1,520000.0,0,1,70.94,101.5,Tier-3 (Self-financing),87000.0,25.6,0,0.224,0.417,0.32,27900.0,59100.0,1
Dindigul,BC,0,66000.0,0,1,92.68,134.4,Tier-3 (Self-financing),90000.0,68.6,1,0.449,0.534,0.492,44300.0,45700.0,0
Virudhunagar,BC,0,712000.0,0,1,60.16,104.5,Tier-2 (Affiliated),100000.0,41.2,1,0.202,0.328,0.265,26500.0,73500.0,1
Cuddalore,BC,0,534000.0,1,0,73.32,113.2,Tier-1 (Autonomous),175000.0,25.9,1,0.21,0.468,0.339,59300.0,115700.0,1
Madurai,MBC,1,297000.0,0,1,79.61,142.4,Tier-3 (Self-financing),81000.0,14.7,3,0.406,0.531,0.468,37900.0,43100.0,1
Salem,ST,1,213000.0,1,0,78.0,144.6,Tier-2 (Affiliated),108000.0,24.8,3,0.399,0.621,0.51,55000.0,53000.0,1
Kanyakumari,SC,1,416000.0,0,1,77.98,150.3,Tier-3 (Self-financing),84000.0,33.4,1,0.545,0.443,0.494,41500.0,42500.0,1
Thoothukudi,MBC,0,348000.0,1,0,72.81,117.4,Tier-1 (Autonomous),187000.0,24.8,0,0.306,0.461,0.384,71700.0,115300.0,1
Nagapattinam,ST,0,119000.0,0,1,83.41,146.7,Tier-1 (Autonomous),188000.0,21.3,3,0.412,0.577,0.495,93000.0,95000.0,0
Coimbatore,MBC,1,173000.0,1,0,65.85,97.6,Tier-1 (Autonomous),174000.0,18.2,0,0.142,0.504,0.323,56200.0,117800.0,1
