state_residency,is_in_state,urban_centric_locale,student_aid_index,adjusted_gross_income,first_gen,pell_eligible,hs_gpa,sat_act_percentile,institutional_tier,cost_of_attendance,miles_from_campus,fafsa_submitted_month,fafsa_month_sin,fafsa_month_cos,demonstrated_interest,merit_scholarship_amt,need_grant_amt,total_aid_package,net_price,enrolled,net_price_to_income_ratio,financial_aid_discount_rate,unmet_financial_need_gap,engagement_velocity
CO,0,Suburb,47307.0,206264.0,0,0,3.61,70.0,Regional Comprehensive,50454.0,169.8,5,0.5,-0.866,40.0,22292.0,820.0,23112.0,27342.0,1,0.1326,0.4581,0.0,0.2286
OH,1,City,3408.0,28634.0,0,1,3.82,93.0,Community College,18794.0,10.3,9,-1.0,-0.0,48.4,1404.0,8103.0,9507.0,9287.0,1,0.3243,0.5059,5879.0,0.047
OR,0,Suburb,4787.0,35389.0,0,1,3.14,65.0,R1 Research,84829.0,82.8,8,-0.866,-0.5,20.8,23787.0,33635.0,57422.0,27407.0,1,0.7744,0.6769,22620.0,0.0079
IN,0,City,10077.0,40054.0,1,0,2.37,41.0,Regional Comprehensive,53197.0,64.8,3,1.0,0.0,70.1,15334.0,6499.0,21833.0,31364.0,0,0.783,0.4104,21287.0,0.0759
CA,0,City,16174.0,46827.0,0,0,2.12,32.0,Community College,20468.0,45.0,5,0.5,-0.866,57.7,2764.0,803.0,3567.0,16901.0,0,0.3609,0.1743,727.0,0.0775
NH,0,Suburb,11362.0,62235.0,0,0,2.65,32.0,Regional Comprehensive,45873.0,131.5,4,0.866,-0.5,61.0,10551.0,5119.0,15670.0,30203.0,0,0.4853,0.3416,18841.0,0.0617
CO,0,Suburb,31726.0,125514.0,0,0,3.13,42.0,Liberal Arts College,66788.0,15.0,2,0.866,0.5,90.1,22774.0,6046.0,28820.0,37968.0,1,0.3025,0.4315,6242.0,0.1048
MN,0,Rural,13473.0,87747.0,0,0,2.95,51.0,Liberal Arts College,83462.0,91.0,2,0.866,0.5,41.3,28168.0,16177.0,44345.0,39117.0,1,0.4458,0.5313,25644.0,0.1
TX,0,Town,10312.0,65763.0,1,0,2.09,27.0,Regional Comprehensive,43637.0,115.2,7,-0.5,-0.866,63.8,8529.0,4792.0,13321.0,30316.0,0,0.461,0.3053,20004.0,0.137
GA,0,Rural,13464.0,76837.0,0,0,3.21,64.0,Community College,22527.0,30.4,7,-0.5,-0.866,36.9,4276.0,1588.0,5864.0,16663.0,0,0.2169,0.2603,3199.0,0.1169
PA,0,Town,21448.0,98644.0,1,0,3.07,33.0,Regional Comprehensive,38497.0,620.6,7,-0.5,-0.866,84.3,12632.0,3832.0,16464.0,22033.0,1,0.2234,0.4277,585.0,0.0545
AR,0,Town,3121.0,18754.0,1,1,3.68,82.0,Regional Comprehensive,42060.0,67.9,2,0.866,0.5,47.4,18808.0,19515.0,38323.0,3737.0,0,0.1993,0.9112,616.0,0.0714
MA,0,City,34625.0,136154.0,0,0,3.21,50.0,Liberal Arts College,86510.0,98.7,4,0.866,-0.5,94.2,29851.0,12285.0,42136.0,44374.0,0,0.3259,0.4871,9749.0,0.0752
AL,0,Suburb,11406.0,34717.0,0,0,2.08,20.0,R2 Doctoral,66462.0,68.0,1,0.5,0.866,45.4,7838.0,12424.0,20262.0,46200.0,0,1.3308,0.3049,34794.0,0.0365
OH,1,City,14503.0,45737.0,1,0,3.09,71.0,Community College,20868.0,33.7,7,-0.5,-0.866,67.0,3636.0,1047.0,4683.0,16185.0,1,0.3539,0.2244,1682.0,0.1029
FL,0,City,15591.0,80428.0,0,0,3.75,51.0,R1 Research,83733.0,500.4,2,0.866,0.5,71.1,21935.0,16991.0,38926.0,44807.0,0,0.5571,0.4649,29216.0,0.0916
NJ,0,City,7523.0,59618.0,0,1,3.72,99.0,Community College,19529.0,1700.2,2,0.866,0.5,77.5,665.0,4199.0,4864.0,14665.0,0,0.246,0.2491,7142.0,0.1263
CA,0,Town,20823.0,89374.0,0,0,2.63,27.0,Regional Comprehensive,52819.0,277.2,2,0.866,0.5,42.6,10401.0,7861.0,18262.0,34557.0,1,0.3867,0.3457,13734.0,0.0458
LA,0,Town,20810.0,69711.0,0,0,3.49,87.0,Liberal Arts College,79828.0,397.1,1,0.5,0.866,41.4,36883.0,11256.0,48139.0,31689.0,0,0.4546,0.603,10879.0,0.0504
AZ,0,Rural,9997.0,51107.0,1,0,3.27,76.0,Community College,20395.0,768.2,3,1.0,0.0,56.6,2510.0,2103.0,4613.0,15782.0,0,0.3088,0.2262,5785.0,0.1667
WI,0,Rural,46825.0,189228.0,0,0,2.89,47.0,Community College,19643.0,164.5,4,0.866,-0.5,72.6,1471.0,0.0,1471.0,18172.0,1,0.096,0.0749,0.0,0.038
PA,0,Rural,17678.0,104800.0,0,0,3.21,69.0,Community College,18473.0,658.9,1,0.5,0.866,62.9,2689.0,130.0,2819.0,15654.0,1,0.1494,0.1526,0.0,0.0783
HI,0,City,10718.0,78239.0,0,0,3.42,62.0,Liberal Arts College,81823.0,291.2,3,1.0,0.0,80.4,31664.0,15997.0,47661.0,34162.0,0,0.4366,0.5825,23444.0,0.0938
UT,0,Rural,20022.0,103633.0,0,0,3.01,33.0,Regional Comprehensive,46389.0,147.4,12,-0.0,1.0,37.9,15337.0,6626.0,21963.0,24426.0,1,0.2357,0.4735,4404.0,0.0357
MN,0,Town,5872.0,37879.0,1,1,3.02,71.0,R2 Doctoral,59070.0,183.0,3,1.0,0.0,60.4,20816.0,18007.0,38823.0,20247.0,0,0.5345,0.6572,14375.0,0.0361
TX,0,Rural,77019.0,301292.0,0,0,2.63,32.0,Regional Comprehensive,35171.0,18.7,3,1.0,0.0,59.6,9041.0,0.0,9041.0,26130.0,1,0.0867,0.2571,0.0,0.0783
GA,0,City,5217.0,28765.0,0,1,3.79,99.0,Regional Comprehensive,41350.0,172.2,5,0.5,-0.866,56.9,22028.0,12989.0,35017.0,6333.0,0,0.2202,0.8468,1116.0,0.0385
CA,0,City,13400.0,68287.0,0,0,3.09,70.0,R2 Doctoral,53225.0,25.1,3,1.0,0.0,71.6,19237.0,9782.0,29019.0,24206.0,1,0.3545,0.5452,10806.0,0.1525
TX,0,Rural,5476.0,51214.0,0,1,2.68,32.0,Regional Comprehensive,38540.0,23.0,1,0.5,0.866,85.1,11494.0,14677.0,26171.0,12369.0,0,0.2415,0.6791,6893.0,0.0758
TN,0,City,3722.0,49832.0,1,1,2.26,35.0,Regional Comprehensive,41050.0,155.1,9,-1.0,-0.0,49.0,9704.0,15216.0,24920.0,16130.0,1,0.3237,0.6071,12408.0,0.0465
WI,0,Suburb,7723.0,45385.0,1,1,3.74,90.0,Liberal Arts College,84622.0,39.3,9,-1.0,-0.0,51.2,40036.0,39205.0,79241.0,5381.0,0,0.1186,0.9364,0.0,0.0473
ID,0,Suburb,3696.0,36112.0,0,1,3.06,80.0,Regional Comprehensive,46667.0,125.8,8,-0.866,-0.5,61.9,21060.0,15489.0,36549.0,10118.0,1,0.2802,0.7832,6422.0,0.0635
NY,0,City,32714.0,148095.0,0,0,2.26,21.0,Community College,21578.0,146.5,2,0.866,0.5,67.9,1883.0,0.0,1883.0,19695.0,0,0.133,0.0873,0.0,0.0984
PA,0,City,2774.0,26439.0,0,1,2.28,25.0,Regional Comprehensive,49331.0,153.6,4,0.866,-0.5,79.5,10012.0,22846.0,32858.0,16473.0,1,0.6231,0.6661,13699.0,0.1176
GA,0,Rural,20921.0,127793.0,0,0,2.51,42.0,Regional Comprehensive,49688.0,49.0,3,1.0,0.0,62.7,12847.0,5337.0,18184.0,31504.0,1,0.2465,0.366,10583.0,0.0593
TX,0,Rural,19867.0,100403.0,0,0,2.82,48.0,Regional Comprehensive,45424.0,325.5,6,0.0,-1.0,54.6,15391.0,5030.0,20421.0,25003.0,1,0.249,0.4496,5136.0,0.0272
TX,0,Rural,14879.0,47847.0,1,0,2.78,29.0,Regional Comprehensive,51302.0,115.4,7,-0.5,-0.866,92.9,14978.0,7914.0,22892.0,28410.0,1,0.5938,0.4462,13531.0,0.0959
GA,0,City,17802.0,92363.0,0,0,3.06,70.0,Liberal Arts College,71820.0,201.3,3,1.0,0.0,67.0,28119.0,15003.0,43122.0,28698.0,1,0.3107,0.6004,10896.0,0.0992
FL,0,City,12871.0,56180.0,0,0,3.13,81.0,Regional Comprehensive,51071.0,36.1,9,-1.0,-0.0,68.5,20922.0,7203.0,28125.0,22946.0,1,0.4084,0.5507,10075.0,0.0968
TN,0,Suburb,7668.0,28489.0,1,1,2.86,52.0,Liberal Arts College,86363.0,105.1,5,0.5,-0.866,34.8,28424.0,35426.0,63850.0,22513.0,1,0.7902,0.7393,14845.0,0.0357
OH,1,Suburb,6830.0,28707.0,0,1,3.67,64.0,Community College,20754.0,116.1,8,-0.866,-0.5,54.0,4008.0,7329.0,11337.0,9417.0,1,0.328,0.5463,2587.0,0.0959
LA,0,City,24886.0,100903.0,0,0,3.65,78.0,R2 Doctoral,56179.0,350.9,7,-0.5,-0.866,77.7,22348.0,5596.0,27944.0,28235.0,1,0.2798,0.4974,3349.0,0.1412
IN,0,Town,21610.0,97204.0,0,0,2.19,12.0,Regional Comprehensive,42159.0,54.9,9,-1.0,-0.0,57.7,7040.0,5151.0,12191.0,29968.0,0,0.3083,0.2892,8358.0,0.1356
NY,0,Rural,21484.0,74925.0,0,0,3.6,74.0,Community College,19117.0,71.5,4,0.866,-0.5,58.9,4406.0,0.0,4406.0,14711.0,1,0.1963,0.2305,0.0,0.1111
LA,0,Suburb,11033.0,47482.0,0,0,2.28,30.0,Regional Comprehensive,38365.0,44.9,5,0.5,-0.866,25.2,11068.0,6797.0,17865.0,20500.0,1,0.4317,0.4657,9467.0,0.0467
SC,0,Suburb,10167.0,54879.0,1,0,2.5,45.0,Regional Comprehensive,49874.0,63.6,1,0.5,0.866,64.5,13727.0,10079.0,23806.0,26068.0,1,0.475,0.4773,15901.0,0.0606
IL,0,Suburb,3751.0,49792.0,0,1,3.57,95.0,Liberal Arts College,72648.0,29.2,4,0.866,-0.5,82.6,35420.0,27341.0,62761.0,9887.0,1,0.1986,0.8639,6136.0,0.126
NY,0,City,2038.0,17894.0,1,1,3.07,66.0,Regional Comprehensive,43319.0,109.6,11,-0.5,0.866,58.0,15872.0,12882.0,28754.0,14565.0,0,0.814,0.6638,12527.0,0.0619
TN,0,City,7897.0,65782.0,0,1,3.32,53.0,Regional Comprehensive,36974.0,246.3,2,0.866,0.5,70.5,14948.0,12135.0,27083.0,9891.0,1,0.1504,0.7325,1994.0,0.117
TX,0,Suburb,18603.0,91690.0,0,0,1.95,24.0,Community College,16477.0,55.6,3,1.0,0.0,55.3,283.0,0.0,283.0,16194.0,0,0.1766,0.0172,0.0,0.119
TX,0,Suburb,9985.0,66084.0,1,0,2.87,46.0,Regional Comprehensive,56976.0,115.2,5,0.5,-0.866,57.3,17591.0,7537.0,25128.0,31848.0,1,0.4819,0.441,21863.0,0.039
CA,0,Suburb,38537.0,224985.0,0,0,3.23,61.0,Community College,17489.0,100.5,2,0.866,0.5,63.0,0.0,0.0,0.0,17489.0,1,0.0777,0.0,0.0,0.1146
MN,0,Town,-379.0,30538.0,0,1,3.55,76.0,Liberal Arts College,87579.0,383.6,2,0.866,0.5,71.0,39678.0,30651.0,70329.0,17250.0,1,0.5649,0.803,17629.0,0.0744
TN,0,City,7243.0,39105.0,0,1,3.23,65.0,Regional Comprehensive,39337.0,66.7,11,-0.5,0.866,67.9,15609.0,12289.0,27898.0,11439.0,0,0.2925,0.7092,4196.0,0.1385
MO,0,City,10753.0,69270.0,0,0,2.82,61.0,Community College,15689.0,69.3,1,0.5,0.866,75.7,6492.0,825.0,7317.0,8372.0,1,0.1209,0.4664,0.0,0.2222
MN,0,City,19759.0,75020.0,0,0,2.58,45.0,R1 Research,71913.0,52.1,2,0.866,0.5,56.0,17085.0,13518.0,30603.0,41310.0,1,0.5507,0.4256,21551.0,0.0889
GA,0,City,6375.0,16013.0,0,1,3.08,43.0,Community College,19184.0,38.4,5,0.5,-0.866,63.1,3878.0,6089.0,9967.0,9217.0,0,0.5756,0.5195,2842.0,0.2
VA,0,Suburb,18259.0,97143.0,0,0,2.9,32.0,Liberal Arts College,71067.0,220.9,10,-0.866,0.5,32.0,16370.0,12075.0,28445.0,42622.0,0,0.4388,0.4003,24363.0,0.0714
TX,0,Town,6679.0,75266.0,1,1,3.19,71.0,Regional Comprehensive,45015.0,109.9,1,0.5,0.866,71.5,19009.0,11617.0,30626.0,14389.0,1,0.1912,0.6804,7710.0,0.1121
CA,0,Rural,-1500.0,13685.0,0,1,2.08,27.0,Regional Comprehensive,41549.0,134.2,2,0.866,0.5,26.0,6170.0,15569.0,21739.0,19810.0,0,1.4476,0.5232,21310.0,0.0227
TN,0,Suburb,6348.0,57871.0,1,1,2.92,68.0,Community College,22055.0,483.1,9,-1.0,-0.0,32.5,3330.0,7042.0,10372.0,11683.0,0,0.2019,0.4703,5335.0,0.1579
GA,0,Suburb,2488.0,35167.0,0,1,3.33,66.0,Community College,24048.0,513.1,1,0.5,0.866,66.5,2937.0,7129.0,10066.0,13982.0,0,0.3976,0.4186,11494.0,0.1837
NJ,0,City,8971.0,45415.0,0,0,3.46,76.0,Regional Comprehensive,49741.0,22.5,1,0.5,0.866,72.5,25163.0,10479.0,35642.0,14099.0,1,0.3104,0.7166,5128.0,0.0588
CO,0,Suburb,3070.0,24018.0,0,1,2.5,42.0,Community College,15605.0,250.2,1,0.5,0.866,41.1,0.0,6465.0,6465.0,9140.0,0,0.3805,0.4143,6070.0,0.0381
AZ,0,Suburb,17657.0,84936.0,0,0,2.85,29.0,Regional Comprehensive,47042.0,160.6,11,-0.5,0.866,63.8,14087.0,6411.0,20498.0,26544.0,1,0.3125,0.4357,8887.0,0.0312
NJ,0,Rural,50971.0,223793.0,0,0,3.44,51.0,Liberal Arts College,71257.0,78.0,9,-1.0,-0.0,52.7,25638.0,3216.0,28854.0,42403.0,1,0.1895,0.4049,0.0,0.0769
NJ,0,Suburb,13121.0,76177.0,0,0,2.72,54.0,Regional Comprehensive,42413.0,178.7,3,1.0,0.0,81.4,14621.0,5001.0,19622.0,22791.0,1,0.2992,0.4626,9670.0,0.1145
NY,0,City,-1500.0,13296.0,0,1,3.93,95.0,R2 Doctoral,60297.0,20.7,11,-0.5,0.866,80.0,29342.0,17347.0,46689.0,13608.0,0,1.0235,0.7743,15108.0,0.125
CA,0,City,14183.0,77314.0,0,0,2.8,65.0,R2 Doctoral,56684.0,588.5,1,0.5,0.866,22.6,19200.0,7649.0,26849.0,29835.0,0,0.3859,0.4737,15652.0,0.0286
OH,1,City,9897.0,54713.0,0,0,2.78,71.0,Liberal Arts College,64203.0,63.0,1,0.5,0.866,97.4,24921.0,13766.0,38687.0,25516.0,0,0.4664,0.6026,15619.0,0.1034
FL,0,Rural,2696.0,28489.0,0,1,3.41,67.0,R2 Doctoral,56313.0,51.1,4,0.866,-0.5,76.6,21475.0,19187.0,40662.0,15651.0,0,0.5494,0.7221,12955.0,0.062
IL,0,City,14442.0,81195.0,0,0,3.5,69.0,Community College,16764.0,68.5,9,-1.0,-0.0,66.5,2766.0,590.0,3356.0,13408.0,1,0.1651,0.2002,0.0,0.1
OR,0,City,16149.0,118590.0,0,0,3.24,46.0,Regional Comprehensive,40443.0,21.2,1,0.5,0.866,56.9,13501.0,6330.0,19831.0,20612.0,0,0.1738,0.4903,4463.0,0.1053
FL,0,City,138.0,38897.0,0,1,3.42,78.0,R1 Research,69488.0,91.1,2,0.866,0.5,71.3,20969.0,35406.0,56375.0,13113.0,1,0.3371,0.8113,12975.0,0.0594
CA,0,Town,4584.0,19274.0,0,1,3.17,35.0,Liberal Arts College,75084.0,76.3,1,0.5,0.866,69.5,20900.0,35508.0,56408.0,18676.0,1,0.969,0.7513,14092.0,0.0504
NY,0,Suburb,4982.0,14788.0,0,1,2.74,33.0,Liberal Arts College,81162.0,31.5,7,-0.5,-0.866,72.9,21071.0,25044.0,46115.0,35047.0,0,2.37,0.5682,30065.0,0.1176
NY,0,Suburb,12957.0,38976.0,0,0,3.54,80.0,Regional Comprehensive,48999.0,286.4,2,0.866,0.5,68.6,24011.0,8140.0,32151.0,16848.0,1,0.4323,0.6562,3891.0,0.1364
MA,0,Suburb,17510.0,56277.0,0,0,2.43,25.0,Community College,18561.0,484.2,4,0.866,-0.5,70.3,0.0,210.0,210.0,18351.0,0,0.3261,0.0113,841.0,0.0656
NJ,0,City,2185.0,43411.0,1,1,3.71,81.0,Liberal Arts College,78772.0,123.1,1,0.5,0.866,80.4,37193.0,25790.0,62983.0,15789.0,1,0.3637,0.7996,13604.0,0.0808
MN,0,Rural,4632.0,38486.0,0,1,1.6,,Liberal Arts College,86200.0,91.9,3,1.0,0.0,26.3,8883.0,43065.0,51948.0,34252.0,0,0.89,0.6026,29620.0,0.1
TN,0,City,19886.0,94740.0,0,0,3.12,45.0,Regional Comprehensive,43873.0,200.1,1,0.5,0.866,57.9,15100.0,6595.0,21695.0,22178.0,1,0.2341,0.4945,2292.0,0.1667
IL,0,City,24766.0,87837.0,0,0,3.39,43.0,Liberal Arts College,81322.0,124.1,11,-0.5,0.866,54.1,27235.0,10897.0,38132.0,43190.0,1,0.4917,0.4689,18424.0,0.0978
AL,0,Suburb,8953.0,72672.0,1,0,3.18,71.0,Regional Comprehensive,45978.0,40.7,6,0.0,-1.0,55.7,19873.0,9544.0,29417.0,16561.0,0,0.2279,0.6398,7608.0,0.019
TX,0,City,21032.0,113309.0,0,0,3.77,82.0,Regional Comprehensive,43564.0,63.9,4,0.866,-0.5,80.7,18094.0,6287.0,24381.0,19183.0,1,0.1693,0.5597,0.0,0.1094
CA,0,City,10835.0,39240.0,0,0,3.77,89.0,Regional Comprehensive,39285.0,92.8,2,0.866,0.5,91.3,20223.0,7756.0,27979.0,11306.0,0,0.2881,0.7122,471.0,0.25
CA,0,Town,4401.0,28622.0,1,1,3.51,74.0,Liberal Arts College,67543.0,164.4,1,0.5,0.866,69.6,27564.0,21858.0,49422.0,18121.0,0,0.6331,0.7317,13720.0,0.1026
MD,0,Suburb,6315.0,43214.0,0,1,3.63,78.0,R1 Research,81359.0,128.0,3,1.0,0.0,63.8,25547.0,21099.0,46646.0,34713.0,1,0.8033,0.5733,28398.0,0.1667
GA,0,City,9616.0,41120.0,1,0,3.5,76.0,Regional Comprehensive,37729.0,158.0,2,0.866,0.5,68.2,18647.0,4678.0,23325.0,14404.0,1,0.3503,0.6182,4788.0,0.1075
TX,0,Suburb,1173.0,14372.0,0,1,3.79,83.0,R1 Research,87983.0,25.6,4,0.866,-0.5,32.2,28732.0,28062.0,56794.0,31189.0,0,2.1701,0.6455,30016.0,0.05
NC,0,Town,7070.0,42497.0,0,1,2.46,30.0,Regional Comprehensive,41955.0,254.8,1,0.5,0.866,47.2,9734.0,12169.0,21903.0,20052.0,1,0.4718,0.5221,12982.0,0.0382
TX,0,City,22279.0,139454.0,0,0,3.29,53.0,Regional Comprehensive,37040.0,127.2,4,0.866,-0.5,44.7,14666.0,2844.0,17510.0,19530.0,0,0.14,0.4727,0.0,0.1111
IN,0,City,18054.0,112040.0,0,0,2.78,79.0,R1 Research,67127.0,1848.6,10,-0.866,0.5,69.5,17059.0,12420.0,29479.0,37648.0,0,0.336,0.4392,19594.0,0.0847
OH,1,Suburb,15308.0,91870.0,1,0,2.4,45.0,Regional Comprehensive,20858.0,24.4,3,1.0,0.0,58.1,8017.0,1046.0,9063.0,11795.0,1,0.1284,0.4345,0.0,0.1111
IL,0,Suburb,9559.0,69201.0,0,0,2.5,55.0,R2 Doctoral,45762.0,177.9,1,0.5,0.866,61.6,15943.0,9638.0,25581.0,20181.0,0,0.2916,0.559,10622.0,0.1084
NY,0,Rural,37422.0,178654.0,0,0,3.72,99.0,Community College,19248.0,2471.4,5,0.5,-0.866,56.3,1029.0,0.0,1029.0,18219.0,0,0.102,0.0535,0.0,0.024
AZ,0,Suburb,-1500.0,29339.0,0,1,2.85,46.0,Regional Comprehensive,37955.0,155.3,11,-0.5,0.866,49.3,13517.0,11772.0,25289.0,12666.0,0,0.4317,0.6663,14166.0,0.0862
PA,0,City,8237.0,31424.0,1,1,3.72,80.0,R1 Research,58366.0,118.0,11,-0.5,0.866,95.6,21328.0,27358.0,48686.0,9680.0,1,0.308,0.8342,1443.0,0.0909
CA,0,Suburb,26391.0,141420.0,1,0,3.16,61.0,Regional Comprehensive,45243.0,45.0,3,1.0,0.0,67.1,17263.0,3372.0,20635.0,24608.0,1,0.174,0.4561,0.0,0.3243
CA,0,Suburb,9825.0,64208.0,0,0,3.04,52.0,Regional Comprehensive,45329.0,630.5,3,1.0,0.0,86.4,15539.0,8469.0,24008.0,21321.0,0,0.3321,0.5296,11496.0,0.4118
WV,0,City,14602.0,38822.0,0,0,3.71,93.0,Community College,20244.0,37.5,2,0.866,0.5,49.4,2261.0,1418.0,3679.0,16565.0,0,0.4267,0.1817,1963.0,0.0625
IA,0,Suburb,16059.0,93656.0,0,0,3.75,73.0,Community College,19576.0,198.4,11,-0.5,0.866,33.9,4595.0,677.0,5272.0,14304.0,0,0.1527,0.2693,0.0,0.0545
IN,0,City,1473.0,45904.0,0,1,2.43,19.0,Regional Comprehensive,44741.0,77.1,2,0.866,0.5,78.1,12169.0,22437.0,34606.0,10135.0,1,0.2208,0.7735,8662.0,0.0822
FL,0,Town,13131.0,34440.0,1,0,3.08,41.0,Regional Comprehensive,47563.0,103.9,4,0.866,-0.5,67.0,15547.0,8724.0,24271.0,23292.0,0,0.6763,0.5103,10161.0,0.0693
HI,0,Town,10136.0,33757.0,1,0,2.84,45.0,Community College,21267.0,28.4,4,0.866,-0.5,75.5,4347.0,2758.0,7105.0,14162.0,1,0.4195,0.3341,4026.0,0.1111
MN,0,Suburb,14009.0,79341.0,1,0,2.59,33.0,R1 Research,72561.0,519.1,1,0.5,0.866,99.4,11638.0,15445.0,27083.0,45478.0,0,0.5732,0.3732,31469.0,0.1744
MO,0,Rural,10926.0,72998.0,0,0,2.97,46.0,Community College,20266.0,94.6,4,0.866,-0.5,63.6,2810.0,1760.0,4570.0,15696.0,1,0.215,0.2255,4770.0,0.0576
GA,0,Rural,36116.0,187598.0,0,0,2.15,24.0,Community College,12459.0,35.4,4,0.866,-0.5,67.3,0.0,0.0,0.0,12459.0,1,0.0664,0.0,0.0,0.1
FL,0,City,-1385.0,51079.0,1,1,1.67,,Community College,17899.0,472.1,2,0.866,0.5,59.9,891.0,7905.0,8796.0,9103.0,1,0.1782,0.4914,10488.0,0.1236
CA,0,Suburb,11074.0,50456.0,1,0,2.56,48.0,Community College,22591.0,74.6,1,0.5,0.866,69.3,1596.0,2728.0,4324.0,18267.0,1,0.362,0.1914,7193.0,0.1842
IA,0,Suburb,31739.0,177466.0,0,0,3.12,45.0,R1 Research,66928.0,180.0,3,1.0,0.0,65.9,14025.0,8563.0,22588.0,44340.0,1,0.2499,0.3375,12601.0,0.1091
GA,0,City,22255.0,127985.0,0,0,3.34,53.0,Regional Comprehensive,47255.0,306.5,12,-0.0,1.0,61.8,18744.0,5721.0,24465.0,22790.0,1,0.1781,0.5177,535.0,0.1455
TX,0,Suburb,12338.0,69865.0,1,0,2.38,23.0,R1 Research,74080.0,208.4,12,-0.0,1.0,62.2,9741.0,15959.0,25700.0,48380.0,0,0.6925,0.3469,36042.0,0.3824
NY,0,City,5968.0,20457.0,1,1,2.87,48.0,R2 Doctoral,52210.0,15.0,3,1.0,0.0,37.2,16212.0,15783.0,31995.0,20215.0,0,0.9882,0.6128,14247.0,0.0612
VA,0,Rural,1815.0,35083.0,0,1,3.36,80.0,Liberal Arts College,81501.0,263.0,9,-1.0,-0.0,83.1,36159.0,22547.0,58706.0,22795.0,0,0.6497,0.7203,20980.0,0.0783
TX,0,Suburb,11035.0,29468.0,0,0,3.05,56.0,Community College,17852.0,114.0,9,-1.0,-0.0,57.2,2153.0,1586.0,3739.0,14113.0,0,0.4789,0.2094,3078.0,0.0889
OR,0,Town,7305.0,64618.0,0,1,2.95,32.0,Regional Comprehensive,42780.0,89.7,12,-0.0,1.0,81.5,12399.0,10394.0,22793.0,19987.0,1,0.3093,0.5328,12682.0,0.1461
CO,0,Suburb,7279.0,43652.0,1,1,1.97,22.0,Liberal Arts College,71956.0,113.0,6,0.0,-1.0,47.5,14584.0,22319.0,36903.0,35053.0,0,0.803,0.5129,27774.0,0.0706
MO,0,City,41410.0,199604.0,1,0,2.28,34.0,R2 Doctoral,50773.0,23.4,2,0.866,0.5,56.9,12347.0,1539.0,13886.0,36887.0,1,0.1848,0.2735,0.0,0.0515
OH,1,Rural,637.0,20304.0,1,1,2.64,34.0,Regional Comprehensive,26476.0,44.9,12,-0.0,1.0,53.3,6760.0,9567.0,16327.0,10149.0,0,0.4999,0.6167,9512.0,0.3125
AZ,0,City,6232.0,27278.0,1,1,2.03,20.0,R1 Research,67583.0,30.2,2,0.866,0.5,58.5,9348.0,33570.0,42918.0,24665.0,0,0.9042,0.635,18433.0,0.1509
VA,0,City,11693.0,75067.0,1,0,1.92,33.0,Liberal Arts College,77638.0,93.9,1,0.5,0.866,73.3,15822.0,15622.0,31444.0,46194.0,1,0.6154,0.405,34501.0,0.1216
MA,0,Suburb,15574.0,91623.0,0,0,3.52,64.0,R2 Doctoral,53709.0,149.3,4,0.866,-0.5,79.7,20344.0,5532.0,25876.0,27833.0,0,0.3038,0.4818,12259.0,0.0519
CA,0,Suburb,-1500.0,9772.0,1,1,3.83,99.0,R1 Research,67974.0,391.3,12,-0.0,1.0,81.6,23913.0,37735.0,61648.0,6326.0,1,0.6474,0.9069,7826.0,0.1084
OH,1,Suburb,2132.0,18043.0,0,1,2.87,67.0,Regional Comprehensive,42540.0,15.5,6,0.0,-1.0,49.9,16984.0,21737.0,38721.0,3819.0,1,0.2117,0.9102,1687.0,0.0484
CA,0,City,10404.0,52063.0,1,0,2.53,39.0,Regional Comprehensive,48248.0,581.7,5,0.5,-0.866,52.4,13888.0,9082.0,22970.0,25278.0,0,0.4855,0.4761,14874.0,0.0842
NC,0,Suburb,37368.0,167101.0,1,0,3.01,39.0,Liberal Arts College,60470.0,342.4,2,0.866,0.5,79.7,19535.0,5760.0,25295.0,35175.0,1,0.2105,0.4183,0.0,0.0839
NY,0,City,55883.0,245043.0,0,0,2.58,56.0,Regional Comprehensive,46126.0,80.7,8,-0.866,-0.5,37.5,14945.0,0.0,14945.0,31181.0,1,0.1272,0.324,0.0,0.0429
TX,0,City,8295.0,46703.0,1,1,2.67,54.0,R2 Doctoral,57738.0,39.6,1,0.5,0.866,78.9,17295.0,20882.0,38177.0,19561.0,1,0.4188,0.6612,11266.0,0.1395
CA,0,Suburb,7994.0,55667.0,0,1,3.24,71.0,R1 Research,103578.0,27.8,1,0.5,0.866,58.5,29170.0,38314.0,67484.0,36094.0,1,0.6484,0.6515,28100.0,0.1385
VA,0,City,6976.0,34457.0,1,1,3.13,59.0,Liberal Arts College,80380.0,168.5,10,-0.866,0.5,50.8,26719.0,33502.0,60221.0,20159.0,1,0.585,0.7492,13183.0,0.0897
TX,0,City,18579.0,99301.0,0,0,1.88,27.0,R1 Research,90957.0,58.4,4,0.866,-0.5,9.5,12423.0,17572.0,29995.0,60962.0,0,0.6139,0.3298,42383.0,0.0098
AR,0,Suburb,40775.0,189196.0,0,0,1.68,,Regional Comprehensive,43189.0,446.4,10,-0.866,0.5,59.5,6210.0,425.0,6635.0,36554.0,1,0.1932,0.1536,0.0,0.0323
VA,0,Town,25136.0,155490.0,0,0,3.29,77.0,R2 Doctoral,51337.0,62.1,1,0.5,0.866,83.8,20757.0,4710.0,25467.0,25870.0,1,0.1664,0.4961,734.0,0.1587
PA,0,City,22543.0,61643.0,0,0,2.32,25.0,Community College,16109.0,49.2,7,-0.5,-0.866,36.1,193.0,0.0,193.0,15916.0,0,0.2582,0.012,0.0,0.0561
VA,0,Suburb,-710.0,34415.0,0,1,3.04,35.0,Regional Comprehensive,48972.0,161.9,1,0.5,0.866,67.9,16847.0,17429.0,34276.0,14696.0,1,0.427,0.6999,15406.0,0.0805
CA,0,City,4592.0,63317.0,0,1,2.79,34.0,R1 Research,63756.0,61.7,1,0.5,0.866,71.8,14406.0,22026.0,36432.0,27324.0,1,0.4315,0.5714,22732.0,0.05
WV,0,Rural,31841.0,170104.0,1,0,2.31,34.0,Liberal Arts College,70521.0,127.8,2,0.866,0.5,56.4,15601.0,9243.0,24844.0,45677.0,1,0.2685,0.3523,13836.0,0.1429
NC,0,City,1607.0,47175.0,0,1,3.11,62.0,Community College,20285.0,356.8,1,0.5,0.866,70.6,2584.0,8817.0,11401.0,8884.0,1,0.1883,0.562,7277.0,0.0574
MN,0,City,-388.0,17033.0,0,1,3.52,81.0,Liberal Arts College,73735.0,143.3,12,-0.0,1.0,69.0,34215.0,28104.0,62319.0,11416.0,0,0.6702,0.8452,11804.0,0.1031
CA,0,Suburb,2215.0,48572.0,1,1,3.8,81.0,Regional Comprehensive,45682.0,143.9,6,0.0,-1.0,65.6,24699.0,23581.0,43398.0,2284.0,0,0.047,0.95,69.0,0.0588
NC,0,City,5349.0,51488.0,0,1,3.24,67.0,Regional Comprehensive,39343.0,157.2,11,-0.5,0.866,63.8,16810.0,12603.0,29413.0,9930.0,1,0.1929,0.7476,4581.0,0.0985
NC,0,City,-1500.0,16961.0,0,1,2.51,45.0,Regional Comprehensive,34274.0,21.4,1,0.5,0.866,58.1,12090.0,12417.0,24507.0,9767.0,0,0.5759,0.715,11267.0,0.0567
KS,0,City,14696.0,74389.0,1,0,3.6,99.0,R1 Research,83565.0,191.2,9,-1.0,-0.0,74.2,31807.0,10393.0,42200.0,41365.0,0,0.5561,0.505,26669.0,0.0652
VA,0,Suburb,22423.0,90610.0,0,0,3.42,66.0,R2 Doctoral,62952.0,149.9,1,0.5,0.866,32.0,23870.0,7885.0,31755.0,31197.0,1,0.3443,0.5044,8774.0,0.0538
GA,0,Suburb,60790.0,240175.0,0,0,3.31,80.0,Community College,18383.0,323.6,1,0.5,0.866,76.7,2102.0,0.0,2102.0,16281.0,0,0.0678,0.1143,0.0,0.0789
FL,0,Suburb,3160.0,24117.0,1,1,2.89,59.0,Liberal Arts College,78051.0,239.4,10,-0.866,0.5,80.9,27495.0,22438.0,49933.0,28118.0,0,1.1659,0.6397,24958.0,0.2623
NY,0,Town,21928.0,106508.0,0,0,3.76,85.0,R1 Research,63541.0,102.5,1,0.5,0.866,49.3,20547.0,5832.0,26379.0,37162.0,0,0.3489,0.4151,15234.0,0.0538
MI,0,Suburb,23396.0,126263.0,0,0,2.57,22.0,Liberal Arts College,74387.0,374.6,9,-1.0,-0.0,41.6,15866.0,9924.0,25790.0,48597.0,0,0.3849,0.3467,25201.0,0.0606
OH,1,Rural,24383.0,91503.0,0,0,2.62,59.0,Community College,25058.0,27.0,11,-0.5,0.866,82.9,305.0,141.0,446.0,24612.0,1,0.269,0.0178,229.0,0.1121
CA,0,Town,6874.0,30488.0,1,1,3.23,67.0,Liberal Arts College,94925.0,164.2,1,0.5,0.866,73.7,38127.0,30799.0,68926.0,25999.0,0,0.8528,0.7261,19125.0,0.2027
LA,0,Town,815.0,29239.0,0,1,3.39,62.0,Regional Comprehensive,46267.0,91.4,11,-0.5,0.866,26.4,20856.0,13420.0,34276.0,11991.0,1,0.4101,0.7408,11176.0,0.0429
UT,0,Town,14603.0,67507.0,1,0,3.13,48.0,Regional Comprehensive,36439.0,205.8,4,0.866,-0.5,60.2,10257.0,5271.0,15528.0,20911.0,0,0.3098,0.4261,6308.0,0.0634
TX,0,Suburb,15823.0,67166.0,0,0,3.58,80.0,Regional Comprehensive,47354.0,85.3,5,0.5,-0.866,28.2,22102.0,5885.0,27987.0,19367.0,0,0.2883,0.591,3544.0,0.0375
NJ,0,City,8609.0,42075.0,0,1,2.59,27.0,Community College,18340.0,714.6,10,-0.866,0.5,50.7,506.0,3290.0,3796.0,14544.0,0,0.3457,0.207,5935.0,0.0615
CA,0,Suburb,26118.0,159529.0,0,0,2.22,18.0,R2 Doctoral,53521.0,1053.7,6,0.0,-1.0,57.8,10267.0,5343.0,15610.0,37911.0,0,0.2376,0.2917,11793.0,0.1279
TN,0,City,12748.0,47167.0,0,0,3.54,68.0,Liberal Arts College,76943.0,317.2,12,-0.0,1.0,63.9,31560.0,12596.0,44156.0,32787.0,0,0.6951,0.5739,20039.0,0.0652
NY,0,Suburb,-1500.0,16099.0,1,1,2.46,35.0,Regional Comprehensive,53679.0,639.2,11,-0.5,0.866,58.3,15668.0,20197.0,35865.0,17814.0,0,1.1065,0.6681,19314.0,0.0696
MA,0,City,6451.0,53567.0,0,1,2.09,28.0,R1 Research,73335.0,25.2,2,0.866,0.5,90.6,11193.0,32176.0,43369.0,29966.0,1,0.5594,0.5914,23515.0,0.3333
MD,0,City,18418.0,88947.0,0,0,3.84,83.0,R2 Doctoral,61988.0,28.5,8,-0.866,-0.5,58.6,27166.0,10435.0,37601.0,24387.0,1,0.2742,0.6066,5969.0,0.065
CO,0,Rural,19579.0,80516.0,1,0,2.61,37.0,Community College,20071.0,90.4,3,1.0,0.0,30.7,1798.0,71.0,1869.0,18202.0,1,0.2261,0.0931,0.0,0.0283
CA,0,Suburb,15814.0,80069.0,0,0,3.33,69.0,Regional Comprehensive,46786.0,132.3,1,0.5,0.866,73.9,21944.0,5858.0,27802.0,18984.0,0,0.2371,0.5942,3170.0,0.1053
NV,0,Suburb,20289.0,184549.0,1,0,2.29,18.0,Regional Comprehensive,48012.0,102.9,2,0.866,0.5,67.8,8804.0,6096.0,14900.0,33112.0,1,0.1794,0.3103,12823.0,0.0672
FL,0,Suburb,11790.0,28208.0,0,0,3.79,77.0,Regional Comprehensive,43136.0,22.6,1,0.5,0.866,59.7,19921.0,8046.0,27967.0,15169.0,0,0.5378,0.6483,3379.0,0.087
CA,0,Suburb,8881.0,46394.0,1,0,3.52,69.0,Regional Comprehensive,38911.0,424.5,4,0.866,-0.5,83.1,15979.0,5539.0,21518.0,17393.0,0,0.3749,0.553,8512.0,0.1731
NJ,0,Rural,42974.0,191461.0,0,0,2.18,28.0,R1 Research,86397.0,1216.5,1,0.5,0.866,77.8,14066.0,6247.0,20313.0,66084.0,0,0.3452,0.2351,23110.0,0.3333
PA,0,Suburb,4479.0,15268.0,0,1,3.54,96.0,Regional Comprehensive,38161.0,486.3,1,0.5,0.866,47.3,17560.0,17104.0,34664.0,3497.0,0,0.229,0.9084,0.0,0.1266
LA,0,Suburb,7498.0,60557.0,1,1,2.5,20.0,Regional Comprehensive,46318.0,396.1,12,-0.0,1.0,61.8,7907.0,18318.0,26225.0,20093.0,1,0.3318,0.5662,12595.0,0.2059
SC,0,Suburb,35037.0,152485.0,0,0,2.77,49.0,Community College,23547.0,160.7,12,-0.0,1.0,80.3,3372.0,0.0,3372.0,20175.0,0,0.1323,0.1432,0.0,0.0764
NY,0,Suburb,31078.0,150858.0,1,0,3.09,55.0,R2 Doctoral,58097.0,52.3,5,0.5,-0.866,64.6,16544.0,6003.0,22547.0,35550.0,1,0.2357,0.3881,4472.0,0.0811
NE,0,Suburb,17922.0,101244.0,0,0,3.11,57.0,Regional Comprehensive,47726.0,136.7,12,-0.0,1.0,29.7,16880.0,7317.0,24197.0,23529.0,1,0.2324,0.507,5607.0,0.0741
NY,0,Rural,19983.0,103106.0,0,0,2.83,42.0,Regional Comprehensive,47728.0,1156.0,3,1.0,0.0,68.1,13236.0,5933.0,19169.0,28559.0,0,0.277,0.4016,8576.0,0.1687
MI,0,Suburb,1608.0,29746.0,0,1,3.72,97.0,Community College,21926.0,87.6,4,0.866,-0.5,54.5,2425.0,9046.0,11471.0,10455.0,0,0.3515,0.5232,8847.0,0.0403
FL,0,Suburb,44429.0,169175.0,1,0,1.79,,Liberal Arts College,90626.0,78.6,3,1.0,0.0,65.6,15276.0,12906.0,28182.0,62444.0,0,0.3691,0.311,18015.0,0.0583
KS,0,Suburb,4442.0,26528.0,1,1,3.28,51.0,R1 Research,59143.0,405.3,1,0.5,0.866,49.5,14347.0,18393.0,32740.0,26403.0,0,0.9953,0.5536,21961.0,0.0784
TX,0,Suburb,9628.0,27692.0,0,0,3.66,94.0,Regional Comprehensive,50929.0,434.5,2,0.866,0.5,68.0,26784.0,9439.0,36223.0,14706.0,0,0.5311,0.7112,5078.0,0.1392
CA,0,Rural,11997.0,83222.0,0,0,3.85,99.0,R2 Doctoral,55643.0,52.0,4,0.866,-0.5,49.7,24711.0,10924.0,35635.0,20008.0,0,0.2404,0.6404,8011.0,0.0769
OH,1,Town,9192.0,44136.0,1,0,3.09,81.0,R1 Research,51205.0,27.9,4,0.866,-0.5,78.6,15167.0,6750.0,21917.0,29288.0,1,0.6636,0.428,20096.0,0.4571
ND,0,Suburb,17584.0,73044.0,0,0,2.79,51.0,R2 Doctoral,49558.0,74.8,4,0.866,-0.5,84.4,15913.0,8599.0,24512.0,25046.0,1,0.3429,0.4946,7462.0,0.2031
UT,0,Suburb,24571.0,85832.0,0,0,3.58,83.0,Regional Comprehensive,46165.0,136.3,2,0.866,0.5,65.3,22770.0,3906.0,26676.0,19489.0,1,0.2271,0.5778,0.0,0.0833
WI,0,Suburb,51554.0,226441.0,1,0,2.82,24.0,Community College,17607.0,403.7,7,-0.5,-0.866,44.3,4404.0,0.0,4404.0,13203.0,1,0.0583,0.2501,0.0,0.1607
UT,0,City,13776.0,86015.0,0,0,3.27,65.0,Community College,19193.0,54.5,12,-0.0,1.0,39.3,1213.0,1232.0,2445.0,16748.0,1,0.1947,0.1274,2972.0,0.0227
UT,0,Suburb,5516.0,40322.0,1,1,2.3,36.0,Regional Comprehensive,44993.0,397.8,9,-1.0,-0.0,62.8,8663.0,16824.0,25487.0,19506.0,0,0.4838,0.5665,13990.0,0.0625
MI,0,Town,23736.0,102444.0,0,0,3.67,74.0,R2 Doctoral,57760.0,141.0,2,0.866,0.5,67.6,23740.0,9180.0,32920.0,24840.0,1,0.2425,0.5699,1104.0,0.0866
NY,0,Suburb,1247.0,34584.0,0,1,2.82,47.0,Regional Comprehensive,48591.0,1457.3,2,0.866,0.5,52.4,16810.0,18569.0,35379.0,13212.0,0,0.382,0.7281,11965.0,0.0671
CO,0,City,17289.0,121476.0,0,0,2.45,50.0,Liberal Arts College,88787.0,177.1,10,-0.866,0.5,51.1,26057.0,14628.0,40685.0,48102.0,0,0.396,0.4582,30813.0,0.0556
MA,0,Town,8547.0,65942.0,0,1,3.22,82.0,Regional Comprehensive,50208.0,114.4,2,0.866,0.5,72.4,21123.0,17545.0,38668.0,11540.0,0,0.175,0.7702,2993.0,0.1413
IL,0,Town,15473.0,83985.0,1,0,3.3,70.0,Community College,22797.0,231.7,1,0.5,0.866,86.1,2091.0,1947.0,4038.0,18759.0,1,0.2234,0.1771,3286.0,0.0714
CA,0,City,1729.0,17465.0,1,1,3.15,60.0,Regional Comprehensive,43828.0,88.9,2,0.866,0.5,65.7,17542.0,22964.0,40506.0,3322.0,1,0.1902,0.9242,1593.0,0.08
WI,0,Suburb,-1500.0,12450.0,1,1,2.95,63.0,Regional Comprehensive,41711.0,19.2,4,0.866,-0.5,75.1,16494.0,23173.0,39625.0,2086.0,0,0.1676,0.95,3586.0,0.0714
FL,0,Suburb,-1500.0,21354.0,0,1,3.35,63.0,Regional Comprehensive,44620.0,98.4,1,0.5,0.866,62.7,19633.0,23452.0,42389.0,2231.0,1,0.1045,0.95,3731.0,0.062
KS,0,Town,48185.0,221229.0,1,0,1.88,26.0,Regional Comprehensive,42798.0,96.8,1,0.5,0.866,72.4,7372.0,0.0,7372.0,35426.0,1,0.1601,0.1723,0.0,0.1029
FL,0,City,4270.0,27538.0,1,1,3.4,63.0,Regional Comprehensive,39095.0,23.8,2,0.866,0.5,54.2,13601.0,12285.0,25886.0,13209.0,1,0.4797,0.6621,8939.0,0.1263
TX,0,City,26726.0,106645.0,0,0,2.68,53.0,R2 Doctoral,54459.0,117.4,4,0.866,-0.5,67.1,15457.0,7559.0,23016.0,31443.0,1,0.2948,0.4226,4717.0,0.1031
LA,0,Suburb,621.0,39649.0,0,1,3.0,55.0,Community College,20719.0,15.0,7,-0.5,-0.866,82.0,3193.0,6346.0,9539.0,11180.0,0,0.282,0.4604,10559.0,0.1444
TX,0,City,8689.0,52954.0,0,1,2.12,14.0,Liberal Arts College,89105.0,88.0,12,-0.0,1.0,59.5,13574.0,22941.0,36515.0,52590.0,0,0.9931,0.4098,43901.0,0.0612
TX,0,Suburb,8819.0,60950.0,0,1,3.39,74.0,Regional Comprehensive,44577.0,163.6,1,0.5,0.866,70.4,22505.0,15060.0,37565.0,7012.0,0,0.115,0.8427,0.0,0.2245
WA,0,Town,46640.0,205566.0,1,0,2.82,43.0,R2 Doctoral,62487.0,140.3,7,-0.5,-0.866,45.4,16623.0,3554.0,20177.0,42310.0,0,0.2058,0.3229,0.0,0.0678
OK,0,City,9406.0,95879.0,1,0,2.63,54.0,Community College,19016.0,82.3,2,0.866,0.5,72.0,3612.0,2261.0,5873.0,13143.0,1,0.1371,0.3088,3737.0,0.0964
TX,0,Suburb,14216.0,83052.0,0,0,3.0,42.0,Regional Comprehensive,34280.0,115.8,5,0.5,-0.866,22.2,14036.0,3956.0,17992.0,16288.0,0,0.1961,0.5249,2072.0,0.0234
NY,0,Rural,46268.0,160111.0,0,0,3.15,64.0,R2 Doctoral,47840.0,55.6,2,0.866,0.5,73.7,14000.0,404.0,14404.0,33436.0,1,0.2088,0.3011,0.0,0.0391
MN,0,Suburb,6765.0,39899.0,0,1,3.18,52.0,Regional Comprehensive,46834.0,128.2,3,1.0,0.0,86.9,18237.0,18510.0,36747.0,10087.0,0,0.2528,0.7846,3322.0,0.125
NH,0,Suburb,24259.0,135836.0,1,0,1.78,24.0,Regional Comprehensive,36851.0,134.7,3,1.0,0.0,55.4,9899.0,3254.0,13153.0,23698.0,1,0.1745,0.3569,0.0,0.1013
NC,0,Suburb,30634.0,120444.0,0,0,2.36,40.0,R1 Research,59984.0,49.2,12,-0.0,1.0,48.6,10543.0,7643.0,18186.0,41798.0,1,0.347,0.3032,11164.0,0.1316
TX,0,City,27497.0,119459.0,0,0,3.56,76.0,Regional Comprehensive,38139.0,167.8,2,0.866,0.5,79.1,20736.0,2813.0,23549.0,14590.0,1,0.1221,0.6175,0.0,0.2353
CA,0,City,4113.0,56297.0,0,1,3.82,86.0,R2 Doctoral,54739.0,166.7,10,-0.866,0.5,39.9,25480.0,22190.0,47670.0,7069.0,1,0.1256,0.8709,2956.0,0.0638
FL,0,Suburb,11553.0,45942.0,1,0,3.57,99.0,Regional Comprehensive,46066.0,106.4,7,-0.5,-0.866,69.8,24032.0,5309.0,29341.0,16725.0,1,0.364,0.6369,5172.0,0.3784
TX,0,Suburb,8034.0,33649.0,0,1,2.6,50.0,Regional Comprehensive,37305.0,1609.9,4,0.866,-0.5,46.6,12073.0,9733.0,21806.0,15499.0,0,0.4606,0.5845,7465.0,0.0682
TN,0,City,5052.0,35201.0,0,1,3.4,60.0,Regional Comprehensive,48396.0,109.3,7,-0.5,-0.866,67.7,17581.0,14159.0,31740.0,16656.0,1,0.4732,0.6558,11604.0,0.0833
TX,0,City,7059.0,32525.0,1,1,2.8,60.0,R1 Research,72080.0,94.5,2,0.866,0.5,61.5,16627.0,26591.0,43218.0,28862.0,0,0.8874,0.5996,21803.0,0.061
NC,0,Town,19690.0,81972.0,1,0,3.58,70.0,Community College,15692.0,81.3,5,0.5,-0.866,13.6,3098.0,0.0,3098.0,12594.0,0,0.1536,0.1974,0.0,0.0196
IN,0,City,-1348.0,53402.0,1,1,2.53,39.0,R1 Research,72339.0,45.7,1,0.5,0.866,47.9,13586.0,26558.0,40144.0,32195.0,1,0.6029,0.5549,33543.0,0.0177
VA,0,Town,14123.0,85872.0,1,0,2.36,3.0,Regional Comprehensive,41590.0,260.4,9,-1.0,-0.0,57.9,7877.0,4709.0,12586.0,29004.0,0,0.3378,0.3026,14881.0,0.0606
TX,0,Suburb,29935.0,89436.0,1,0,3.11,70.0,Liberal Arts College,69280.0,61.6,2,0.866,0.5,99.5,28562.0,9838.0,38400.0,30880.0,0,0.3453,0.5543,945.0,0.1486
SC,0,Suburb,4055.0,29348.0,0,1,3.36,60.0,Community College,15828.0,69.8,12,-0.0,1.0,48.5,3590.0,5420.0,9010.0,6818.0,1,0.2323,0.5692,2763.0,0.0789
MO,0,City,5199.0,28721.0,1,1,3.74,80.0,Regional Comprehensive,44913.0,72.0,3,1.0,0.0,52.1,22735.0,19882.0,42617.0,2296.0,1,0.0799,0.9489,0.0,0.0643
MD,0,City,7779.0,53389.0,1,1,3.42,53.0,R2 Doctoral,54484.0,45.0,11,-0.5,0.866,63.4,17371.0,13023.0,30394.0,24090.0,1,0.4512,0.5579,16311.0,0.1159
TX,0,Suburb,726.0,36023.0,0,1,2.81,50.0,Liberal Arts College,74376.0,20.2,2,0.866,0.5,6.4,23771.0,34456.0,58227.0,16149.0,1,0.4483,0.7829,15423.0,0.0109
TX,0,Suburb,8031.0,33393.0,1,1,2.67,43.0,Regional Comprehensive,44422.0,77.9,2,0.866,0.5,88.8,14224.0,10119.0,24343.0,20079.0,1,0.6013,0.548,12048.0,0.2154
MS,0,City,59466.0,213394.0,0,0,3.48,57.0,Liberal Arts College,79338.0,317.0,9,-1.0,-0.0,66.7,28963.0,3819.0,32782.0,46556.0,0,0.2182,0.4132,0.0,0.1698
IL,0,Suburb,5088.0,20868.0,1,1,3.22,64.0,Regional Comprehensive,44091.0,155.8,10,-0.866,0.5,49.6,18600.0,10738.0,29338.0,14753.0,0,0.707,0.6654,9665.0,0.2353
NY,0,Suburb,57580.0,270116.0,0,0,3.19,59.0,R1 Research,54100.0,652.3,4,0.866,-0.5,73.1,12952.0,0.0,12952.0,41148.0,1,0.1523,0.2394,0.0,0.1139
NC,0,City,18035.0,77497.0,0,0,2.79,63.0,Regional Comprehensive,44775.0,278.8,1,0.5,0.866,68.2,16817.0,4633.0,21450.0,23325.0,0,0.301,0.4791,5290.0,0.1084
TN,0,Suburb,35902.0,128039.0,0,0,2.67,33.0,R1 Research,63271.0,219.6,2,0.866,0.5,59.5,11068.0,6095.0,17163.0,46108.0,1,0.3601,0.2713,10206.0,0.2162
NE,0,City,28113.0,117618.0,0,0,3.24,70.0,Regional Comprehensive,50045.0,914.7,9,-1.0,-0.0,65.4,20766.0,3267.0,24033.0,26012.0,0,0.2212,0.4802,0.0,0.0752
NY,0,Suburb,25990.0,98146.0,0,0,3.26,46.0,R2 Doctoral,58551.0,114.4,3,1.0,0.0,59.4,19372.0,4624.0,23996.0,34555.0,1,0.3521,0.4098,8565.0,0.0744
AR,0,City,54478.0,208255.0,0,0,3.58,78.0,Community College,21466.0,135.4,7,-0.5,-0.866,60.4,4388.0,0.0,4388.0,17078.0,0,0.082,0.2044,0.0,0.0476
CA,0,Suburb,9937.0,28873.0,1,0,2.7,48.0,Regional Comprehensive,42530.0,125.2,3,1.0,0.0,75.0,13702.0,8756.0,22458.0,20072.0,0,0.6952,0.5281,10135.0,0.0727
NJ,0,Suburb,7791.0,56241.0,1,1,3.0,60.0,R1 Research,80005.0,640.9,1,0.5,0.866,60.0,22353.0,24691.0,47044.0,32961.0,0,0.5861,0.588,25170.0,0.0714
AZ,0,Suburb,5.0,34062.0,1,1,3.51,73.0,Regional Comprehensive,39951.0,127.0,6,0.0,-1.0,60.0,19304.0,21473.0,37953.0,1998.0,0,0.0587,0.95,1993.0,0.055
CA,0,Suburb,2848.0,18561.0,0,1,3.96,99.0,Community College,18944.0,64.1,2,0.866,0.5,40.9,4044.0,4888.0,8932.0,10012.0,0,0.5394,0.4715,7164.0,0.08
TX,0,Rural,8142.0,39101.0,1,1,2.88,46.0,R1 Research,63788.0,234.8,4,0.866,-0.5,41.0,14090.0,18117.0,32207.0,31581.0,1,0.8077,0.5049,23439.0,0.1
OH,1,Suburb,52167.0,242373.0,0,0,3.48,80.0,Liberal Arts College,68940.0,15.6,11,-0.5,0.866,23.2,31134.0,3408.0,34542.0,34398.0,0,0.1419,0.501,0.0,0.0125
ID,0,Town,8580.0,55554.0,0,1,2.49,32.0,Liberal Arts College,94196.0,221.8,2,0.866,0.5,68.5,22544.0,38528.0,61072.0,33124.0,1,0.5962,0.6484,24544.0,0.0696
WA,0,City,62054.0,262533.0,0,0,2.95,42.0,Liberal Arts College,80484.0,195.7,2,0.866,0.5,56.2,24843.0,3497.0,28340.0,52144.0,1,0.1986,0.3521,0.0,0.0652
MS,0,Suburb,64843.0,282602.0,0,0,3.18,46.0,Regional Comprehensive,38265.0,103.9,1,0.5,0.866,41.6,15523.0,0.0,15523.0,22742.0,1,0.0805,0.4057,0.0,0.0099
SC,0,City,92044.0,543885.0,0,0,2.55,26.0,Regional Comprehensive,41950.0,229.5,1,0.5,0.866,55.9,12063.0,0.0,12063.0,29887.0,1,0.055,0.2876,0.0,0.0577
GA,0,Suburb,58012.0,248191.0,0,0,2.55,46.0,Regional Comprehensive,58761.0,26.6,3,1.0,0.0,41.9,17372.0,205.0,17577.0,41184.0,0,0.1659,0.2991,0.0,0.0583
MN,0,Suburb,61371.0,343814.0,0,0,3.44,89.0,Regional Comprehensive,48684.0,150.3,1,0.5,0.866,66.1,25810.0,0.0,25810.0,22874.0,0,0.0665,0.5302,0.0,0.1062
CA,0,Town,10197.0,79548.0,0,0,2.2,32.0,R1 Research,65034.0,77.9,2,0.866,0.5,79.7,8928.0,8173.0,17101.0,47933.0,1,0.6026,0.263,37736.0,0.1031
CA,0,Suburb,16246.0,74191.0,0,0,2.66,38.0,Regional Comprehensive,49136.0,2558.6,10,-0.866,0.5,78.6,14481.0,5290.0,19771.0,29365.0,0,0.3958,0.4024,13119.0,0.0708
LA,0,Suburb,17004.0,77830.0,0,0,3.31,59.0,Liberal Arts College,78229.0,149.2,1,0.5,0.866,60.0,30756.0,10439.0,41195.0,37034.0,0,0.4758,0.5266,20030.0,0.0874
SC,0,City,6043.0,62947.0,0,1,3.09,61.0,R1 Research,95629.0,67.7,5,0.5,-0.866,56.0,23715.0,27024.0,50739.0,44890.0,1,0.7131,0.5306,38847.0,0.0426
FL,0,City,14168.0,70106.0,0,0,3.57,63.0,R1 Research,72630.0,29.8,3,1.0,0.0,28.5,21410.0,10526.0,31936.0,40694.0,0,0.5805,0.4397,26526.0,0.2
MI,0,Town,17454.0,108182.0,0,0,2.19,36.0,R1 Research,69698.0,499.0,3,1.0,0.0,34.7,12620.0,7711.0,20331.0,49367.0,1,0.4563,0.2917,31913.0,0.0208
WA,0,City,15914.0,45009.0,0,0,2.94,58.0,R2 Doctoral,55566.0,87.7,4,0.866,-0.5,84.1,19524.0,6684.0,26208.0,29358.0,0,0.6523,0.4717,13444.0,0.073
OK,0,City,5210.0,23344.0,1,1,3.35,56.0,Regional Comprehensive,43251.0,55.2,2,0.866,0.5,69.0,16374.0,12690.0,29064.0,14187.0,0,0.6077,0.672,8977.0,0.0806
WA,0,Rural,16283.0,81781.0,0,0,2.34,49.0,Community College,17211.0,180.4,1,0.5,0.866,83.0,2829.0,131.0,2960.0,14251.0,1,0.1743,0.172,0.0,0.1818
OH,1,Rural,11866.0,38223.0,0,0,3.18,46.0,R1 Research,47876.0,72.6,10,-0.866,0.5,20.8,10331.0,5493.0,15824.0,32052.0,0,0.8386,0.3305,20186.0,0.0288
IL,0,Suburb,16359.0,41181.0,0,0,2.0,18.0,Liberal Arts College,72203.0,246.5,1,0.5,0.866,61.4,12298.0,13141.0,25439.0,46764.0,0,1.1356,0.3523,30405.0,0.1356
OH,1,Suburb,9748.0,56796.0,0,0,2.1,32.0,Liberal Arts College,70689.0,37.4,6,0.0,-1.0,27.1,15628.0,15138.0,30766.0,39923.0,0,0.7029,0.4352,30175.0,0.0252
MA,0,Town,10697.0,48149.0,0,0,2.65,51.0,Regional Comprehensive,43845.0,149.8,8,-0.866,-0.5,17.5,14429.0,5717.0,20146.0,23699.0,0,0.4922,0.4595,13002.0,0.0706
OK,0,City,29876.0,139977.0,0,0,3.9,81.0,R2 Doctoral,52540.0,161.7,2,0.866,0.5,45.8,24124.0,5415.0,29539.0,23001.0,1,0.1643,0.5622,0.0,0.0806
GA,0,Suburb,10577.0,55823.0,0,0,2.88,45.0,R1 Research,60067.0,180.4,1,0.5,0.866,95.6,16943.0,9750.0,26693.0,33374.0,1,0.5979,0.4444,22797.0,0.096
FL,0,Suburb,22877.0,145150.0,0,0,2.53,25.0,R1 Research,78340.0,197.9,11,-0.5,0.866,39.3,13034.0,10400.0,23434.0,54906.0,1,0.3783,0.2991,32029.0,0.1346
FL,0,Rural,24451.0,73009.0,0,0,3.41,73.0,Regional Comprehensive,52242.0,399.8,1,0.5,0.866,85.3,23558.0,6609.0,30167.0,22075.0,0,0.3024,0.5774,0.0,0.1304
WI,0,Rural,9302.0,59057.0,1,0,2.27,38.0,Regional Comprehensive,41186.0,134.4,3,1.0,0.0,60.4,13624.0,8133.0,21757.0,19429.0,1,0.329,0.5283,10127.0,0.0849
AL,0,Suburb,8659.0,70539.0,0,1,2.23,,Regional Comprehensive,42132.0,53.7,1,0.5,0.866,85.0,10404.0,14640.0,25044.0,17088.0,1,0.2422,0.5944,8429.0,0.1043
CA,0,City,9127.0,24835.0,1,0,2.93,60.0,Regional Comprehensive,40854.0,108.9,3,1.0,0.0,77.3,15168.0,6727.0,21895.0,18959.0,0,0.7634,0.5359,9832.0,0.1905
CA,0,Suburb,10360.0,80291.0,0,0,2.3,22.0,Community College,21046.0,279.6,1,0.5,0.866,86.5,1897.0,2190.0,4087.0,16959.0,1,0.2112,0.1942,6599.0,0.1204
VA,0,City,35800.0,116008.0,0,0,2.24,25.0,R1 Research,81376.0,19.4,11,-0.5,0.866,45.2,10448.0,8364.0,18812.0,62564.0,1,0.5393,0.2312,26764.0,0.015
TX,0,Rural,28161.0,128465.0,0,0,2.94,39.0,Community College,19383.0,19.5,2,0.866,0.5,66.7,698.0,0.0,698.0,18685.0,0,0.1454,0.036,0.0,0.1644
LA,0,City,-1500.0,23776.0,0,1,2.74,37.0,R2 Doctoral,48869.0,332.3,9,-1.0,-0.0,57.8,10032.0,24296.0,34328.0,14541.0,0,0.6116,0.7024,16041.0,0.0604
NY,0,City,2868.0,21085.0,0,1,3.83,99.0,Regional Comprehensive,46756.0,625.1,3,1.0,0.0,100.0,25367.0,21390.0,44418.0,2338.0,0,0.1109,0.95,0.0,0.3696
TX,0,Town,12250.0,42766.0,0,0,3.52,70.0,Liberal Arts College,79343.0,33.6,4,0.866,-0.5,76.3,35506.0,17632.0,53138.0,26205.0,0,0.6128,0.6697,13955.0,0.0687
AR,0,Suburb,36084.0,170580.0,1,0,3.14,60.0,Liberal Arts College,80336.0,140.8,6,0.0,-1.0,59.7,27956.0,11891.0,39847.0,40489.0,1,0.2374,0.496,4405.0,0.0839
TX,0,Town,15068.0,73799.0,1,0,2.43,21.0,Liberal Arts College,66555.0,83.3,6,0.0,-1.0,98.9,13418.0,13772.0,27190.0,39365.0,1,0.5334,0.4085,24297.0,0.0342
NY,0,City,14087.0,36034.0,1,0,2.39,65.0,Liberal Arts College,65880.0,96.3,10,-0.866,0.5,96.8,22360.0,12497.0,34857.0,31023.0,0,0.8609,0.5291,16936.0,0.1196
TX,0,Town,2165.0,22112.0,0,1,2.94,59.0,R1 Research,57389.0,174.6,2,0.866,0.5,50.3,11993.0,20668.0,32661.0,24728.0,0,1.1183,0.5691,22563.0,0.029
CA,0,City,9785.0,38466.0,0,0,3.8,85.0,Regional Comprehensive,50187.0,32.6,4,0.866,-0.5,65.1,26131.0,9633.0,35764.0,14423.0,0,0.375,0.7126,4638.0,0.0543
CA,0,City,11561.0,36640.0,1,0,1.7,18.0,Regional Comprehensive,50330.0,39.6,10,-0.866,0.5,51.8,4826.0,10375.0,15201.0,35129.0,1,0.9588,0.302,23568.0,0.0296
CA,0,Suburb,51016.0,123457.0,0,0,2.12,26.0,Community College,14954.0,92.3,2,0.866,0.5,33.6,606.0,0.0,606.0,14348.0,0,0.1162,0.0405,0.0,0.0272
TX,0,City,46810.0,130487.0,0,0,3.28,63.0,Community College,17005.0,108.8,2,0.866,0.5,65.2,0.0,0.0,0.0,17005.0,1,0.1303,0.0,0.0,0.1083
CA,0,Suburb,954.0,29557.0,1,1,1.5,,R2 Doctoral,51243.0,38.8,2,0.866,0.5,10.9,3673.0,22580.0,26253.0,24990.0,0,0.8455,0.5123,24036.0,0.013
VA,0,City,28253.0,108259.0,0,0,2.44,14.0,Liberal Arts College,86092.0,290.3,2,0.866,0.5,63.4,16713.0,12477.0,29190.0,56902.0,0,0.5256,0.3391,28649.0,0.0625
TN,0,City,24933.0,100564.0,1,0,2.76,41.0,R2 Doctoral,56520.0,81.7,1,0.5,0.866,65.9,14871.0,5643.0,20514.0,36006.0,1,0.358,0.363,11073.0,0.0408
IL,0,Town,1569.0,26920.0,1,1,1.85,5.0,Liberal Arts College,92423.0,81.4,1,0.5,0.866,65.7,12083.0,33836.0,45919.0,46504.0,0,1.7275,0.4968,44935.0,0.0429
NY,0,City,13014.0,59258.0,1,0,2.45,38.0,R2 Doctoral,54252.0,170.5,1,0.5,0.866,63.0,16418.0,7088.0,23506.0,30746.0,1,0.5188,0.4333,17732.0,0.1014
NC,0,Suburb,20396.0,80450.0,0,0,3.81,83.0,Liberal Arts College,63602.0,110.7,2,0.866,0.5,54.1,30862.0,10173.0,41035.0,22567.0,1,0.2805,0.6452,2171.0,0.0645
OK,0,Town,26831.0,70794.0,0,0,3.03,65.0,R1 Research,65373.0,305.3,11,-0.5,0.866,23.0,14890.0,9539.0,24429.0,40944.0,0,0.5784,0.3737,14113.0,0.0275
KY,0,City,5793.0,18369.0,1,1,1.88,14.0,Liberal Arts College,67898.0,47.5,5,0.5,-0.866,38.0,8751.0,20540.0,29291.0,38607.0,0,2.1017,0.4314,32814.0,0.0674
CA,0,Town,8900.0,69179.0,1,0,3.66,69.0,Regional Comprehensive,49733.0,29.2,2,0.866,0.5,64.9,24671.0,8173.0,32844.0,16889.0,1,0.2441,0.6604,7989.0,0.0643
TX,0,City,18357.0,99520.0,1,0,3.49,93.0,Liberal Arts College,96227.0,91.5,9,-1.0,-0.0,58.7,45542.0,12375.0,57917.0,38310.0,1,0.3849,0.6019,19953.0,0.15
FL,0,Suburb,34800.0,196282.0,0,0,2.4,27.0,R1 Research,76413.0,135.0,5,0.5,-0.866,74.7,14502.0,6150.0,20652.0,55761.0,1,0.2841,0.2703,20961.0,0.1905
FL,0,City,2766.0,38889.0,1,1,1.81,17.0,Community College,17257.0,34.4,1,0.5,0.866,58.2,2465.0,4223.0,6688.0,10569.0,1,0.2718,0.3876,7803.0,0.1282
VA,0,Town,4485.0,42501.0,1,1,2.8,30.0,Liberal Arts College,79566.0,29.5,5,0.5,-0.866,43.9,20556.0,28965.0,49521.0,30045.0,0,0.7069,0.6224,25560.0,0.0114
OH,1,Suburb,9535.0,54156.0,1,0,3.04,67.0,Regional Comprehensive,23657.0,44.4,11,-0.5,0.866,52.2,9811.0,3568.0,13379.0,10278.0,1,0.1898,0.5655,743.0,0.0579
CA,0,Suburb,13666.0,77627.0,0,0,2.54,16.0,Regional Comprehensive,44098.0,57.2,1,0.5,0.866,23.2,9103.0,5705.0,14808.0,29290.0,0,0.3773,0.3358,15624.0,0.0144
IL,0,Rural,15349.0,67498.0,1,0,3.05,82.0,R2 Doctoral,45958.0,27.6,12,-0.0,1.0,60.1,19015.0,7238.0,26253.0,19705.0,0,0.2919,0.5712,4356.0,0.0988
MI,0,Suburb,18880.0,97256.0,1,0,2.65,51.0,Regional Comprehensive,47164.0,349.1,3,1.0,0.0,75.3,15836.0,6180.0,22016.0,25148.0,1,0.2586,0.4668,6268.0,0.0595
CA,0,Rural,-1500.0,27997.0,0,1,3.17,59.0,R1 Research,70502.0,65.3,4,0.866,-0.5,83.9,20223.0,27811.0,48034.0,22468.0,1,0.8025,0.6813,23968.0,0.275
LA,0,Town,8494.0,83762.0,0,1,2.89,58.0,Liberal Arts College,85198.0,423.8,1,0.5,0.866,67.8,28182.0,24657.0,52839.0,32359.0,1,0.3863,0.6202,23865.0,0.0672
CA,0,Rural,4444.0,36887.0,0,1,3.34,51.0,Liberal Arts College,84419.0,130.5,2,0.866,0.5,41.6,29511.0,25985.0,55496.0,28923.0,0,0.7841,0.6574,24479.0,0.1111
AR,0,Rural,5764.0,56772.0,1,1,2.85,47.0,R2 Doctoral,52669.0,172.7,3,1.0,0.0,52.5,14192.0,21229.0,35421.0,17248.0,1,0.3038,0.6725,11484.0,0.055
CA,0,Rural,46476.0,215296.0,0,0,2.7,53.0,R1 Research,81133.0,101.5,12,-0.0,1.0,49.6,20793.0,6437.0,27230.0,53903.0,0,0.2504,0.3356,7427.0,0.098
KY,0,City,10884.0,23000.0,0,0,3.22,71.0,Community College,16040.0,15.0,8,-0.866,-0.5,43.8,1992.0,1220.0,3212.0,12828.0,0,0.5577,0.2002,1944.0,0.0484
IA,0,Town,13679.0,51471.0,0,0,3.69,81.0,Regional Comprehensive,56859.0,38.4,11,-0.5,0.866,32.7,27792.0,9714.0,37506.0,19353.0,1,0.376,0.6596,5674.0,0.0725
ME,0,Town,3707.0,25141.0,0,1,3.84,91.0,Liberal Arts College,63597.0,111.0,8,-0.866,-0.5,45.6,30940.0,27521.0,58461.0,5136.0,1,0.2043,0.9192,1429.0,0.0253
SC,0,Suburb,14625.0,70278.0,1,0,2.81,62.0,Regional Comprehensive,48354.0,185.8,10,-0.866,0.5,76.1,19871.0,7958.0,27829.0,20525.0,1,0.2921,0.5755,5900.0,0.1636
MN,0,City,33176.0,133884.0,0,0,3.06,67.0,R2 Doctoral,63461.0,19.4,1,0.5,0.866,69.5,26419.0,6131.0,32550.0,30911.0,1,0.2309,0.5129,0.0,0.125
MA,0,Rural,15139.0,71122.0,0,0,3.92,66.0,Community College,19450.0,119.8,10,-0.866,0.5,70.0,6440.0,850.0,7290.0,12160.0,1,0.171,0.3748,0.0,0.0543
MN,0,City,14426.0,57871.0,1,0,3.07,58.0,Regional Comprehensive,40351.0,39.0,9,-1.0,-0.0,45.4,16436.0,5968.0,22404.0,17947.0,1,0.3101,0.5552,3521.0,0.0882
TX,0,Suburb,66703.0,163808.0,0,0,3.2,63.0,R2 Doctoral,51355.0,162.1,5,0.5,-0.866,83.9,16290.0,0.0,16290.0,35065.0,1,0.2141,0.3172,0.0,0.1613
MI,0,Suburb,9172.0,79855.0,0,0,2.1,5.0,Regional Comprehensive,40400.0,124.1,7,-0.5,-0.866,63.6,5656.0,6971.0,12627.0,27773.0,0,0.3478,0.3125,18601.0,0.0455
MI,0,City,29095.0,113560.0,0,0,2.34,16.0,Community College,18987.0,276.6,9,-1.0,-0.0,62.8,1641.0,0.0,1641.0,17346.0,1,0.1527,0.0864,0.0,0.0253
OR,0,Town,19701.0,105344.0,1,0,1.7,25.0,Liberal Arts College,84920.0,388.4,1,0.5,0.866,65.8,11578.0,11174.0,22752.0,62168.0,0,0.5901,0.2679,42467.0,0.1196
GA,0,City,-1457.0,7936.0,0,1,3.57,67.0,Liberal Arts College,81837.0,205.2,2,0.866,0.5,17.3,32641.0,24819.0,57460.0,24377.0,0,3.0717,0.7021,25834.0,0.0208
IL,0,Suburb,16526.0,59564.0,0,0,2.21,19.0,R2 Doctoral,56333.0,312.7,11,-0.5,0.866,78.6,11476.0,9058.0,20534.0,35799.0,1,0.601,0.3645,19273.0,0.099
AZ,0,Town,11956.0,28963.0,0,0,1.94,4.0,R2 Doctoral,47620.0,87.7,2,0.866,0.5,67.4,3671.0,6855.0,10526.0,37094.0,0,1.2807,0.221,25138.0,0.0355
FL,0,Suburb,6458.0,34644.0,0,1,3.36,74.0,Community College,23253.0,2455.6,1,0.5,0.866,44.4,3883.0,7585.0,11468.0,11785.0,0,0.3402,0.4932,5327.0,0.2857
TX,0,Town,44337.0,181989.0,0,0,2.78,50.0,Liberal Arts College,75249.0,35.2,6,0.0,-1.0,95.6,22830.0,4939.0,27769.0,47480.0,1,0.2609,0.369,3143.0,0.1064
GA,0,City,7061.0,48057.0,0,1,2.54,63.0,Community College,18050.0,72.8,3,1.0,0.0,61.3,952.0,4230.0,5182.0,12868.0,1,0.2678,0.2871,5807.0,0.102
OH,1,Town,72929.0,245892.0,0,0,3.05,50.0,Community College,19577.0,94.5,10,-0.866,0.5,48.0,2950.0,0.0,2950.0,16627.0,1,0.0676,0.1507,0.0,0.0707
FL,0,Rural,-1005.0,22844.0,0,1,2.8,54.0,Regional Comprehensive,37538.0,279.3,5,0.5,-0.866,41.6,15585.0,13608.0,29193.0,8345.0,0,0.3653,0.7777,9350.0,0.0408
PA,0,City,6722.0,28847.0,1,1,2.38,7.0,Regional Comprehensive,44739.0,211.4,12,-0.0,1.0,45.5,8317.0,20591.0,28908.0,15831.0,1,0.5488,0.6461,9109.0,0.0645
PA,0,Suburb,27060.0,108977.0,0,0,2.25,8.0,Regional Comprehensive,44060.0,257.5,7,-0.5,-0.866,28.4,10092.0,3756.0,13848.0,30212.0,1,0.2772,0.3143,3152.0,0.1111
NY,0,Suburb,19567.0,49228.0,0,0,3.24,81.0,R2 Doctoral,54973.0,15.0,6,0.0,-1.0,50.2,22063.0,8825.0,30888.0,24085.0,0,0.4893,0.5619,4518.0,0.0579
IL,0,Suburb,21695.0,78533.0,1,0,3.19,77.0,Regional Comprehensive,50492.0,672.2,4,0.866,-0.5,61.8,20679.0,5447.0,26126.0,24366.0,0,0.3103,0.5174,2671.0,0.0368
IN,0,Town,9216.0,58055.0,0,0,3.67,86.0,Community College,15874.0,102.3,1,0.5,0.866,72.7,4025.0,1362.0,5387.0,10487.0,0,0.1806,0.3394,1271.0,0.1522
NY,0,Suburb,2230.0,56803.0,1,1,2.76,61.0,Community College,18903.0,468.7,1,0.5,0.866,34.0,4022.0,6528.0,10550.0,8353.0,0,0.1471,0.5581,6123.0,0.0494
NM,0,Suburb,13379.0,50562.0,0,0,3.06,43.0,Regional Comprehensive,42227.0,15.0,8,-0.866,-0.5,42.0,14936.0,7072.0,22008.0,20219.0,0,0.3999,0.5212,6840.0,0.0432
NV,0,City,18157.0,71628.0,1,0,3.3,88.0,R2 Doctoral,54705.0,165.9,8,-0.866,-0.5,38.2,20594.0,5908.0,26502.0,28203.0,0,0.3937,0.4845,10046.0,0.0833
NC,0,Suburb,21869.0,99905.0,0,0,3.71,69.0,Community College,21079.0,70.1,2,0.866,0.5,78.2,637.0,0.0,637.0,20442.0,0,0.2046,0.0302,0.0,0.1905
NY,0,Rural,37966.0,201266.0,1,0,3.05,61.0,Community College,18678.0,231.0,4,0.866,-0.5,76.2,2863.0,0.0,2863.0,15815.0,0,0.0786,0.1533,0.0,0.048
MI,0,City,15676.0,54404.0,1,0,3.21,99.0,Regional Comprehensive,43764.0,176.8,2,0.866,0.5,31.5,22945.0,6922.0,29867.0,13897.0,1,0.2554,0.6825,0.0,0.0238
KY,0,Suburb,11664.0,47410.0,0,0,2.84,37.0,Regional Comprehensive,34428.0,186.1,8,-0.866,-0.5,51.5,11646.0,3334.0,14980.0,19448.0,1,0.4102,0.4351,7784.0,0.127
MA,0,City,11847.0,43210.0,0,0,2.23,43.0,R2 Doctoral,60707.0,41.7,9,-1.0,-0.0,80.8,11239.0,9779.0,21018.0,39689.0,0,0.9185,0.3462,27842.0,0.0885
SC,0,Town,28886.0,181361.0,0,0,2.94,65.0,Regional Comprehensive,37696.0,119.3,3,1.0,0.0,74.2,13533.0,1630.0,15163.0,22533.0,1,0.1242,0.4022,0.0,0.1373
MI,0,Suburb,20522.0,103470.0,0,0,3.41,64.0,R1 Research,67763.0,104.9,6,0.0,-1.0,52.0,18209.0,8809.0,27018.0,40745.0,0,0.3938,0.3987,20223.0,0.0805
AZ,0,Suburb,6754.0,16038.0,0,1,2.41,60.0,Regional Comprehensive,41146.0,213.1,3,1.0,0.0,68.7,15609.0,10561.0,26170.0,14976.0,0,0.9338,0.636,8222.0,0.1111
NY,0,City,2670.0,15537.0,1,1,1.68,,R1 Research,51469.0,358.0,4,0.866,-0.5,78.4,4216.0,23399.0,27615.0,23854.0,0,1.5353,0.5365,21184.0,0.1515
MD,0,Suburb,12724.0,34626.0,0,0,2.45,34.0,Regional Comprehensive,45625.0,148.4,8,-0.866,-0.5,88.2,13977.0,5653.0,19630.0,25995.0,0,0.7507,0.4302,13271.0,0.2647
TX,0,Rural,15103.0,74288.0,0,0,3.54,84.0,R2 Doctoral,53469.0,33.2,1,0.5,0.866,55.0,20778.0,8063.0,28841.0,24628.0,1,0.3315,0.5394,9525.0,0.1064
IN,0,Suburb,13155.0,61445.0,0,0,3.17,60.0,Community College,20284.0,141.9,1,0.5,0.866,87.3,0.0,1907.0,1907.0,18377.0,0,0.2991,0.094,5222.0,0.113
OR,0,Suburb,19413.0,91185.0,0,0,1.82,51.0,R1 Research,76900.0,1965.5,6,0.0,-1.0,48.4,15230.0,12447.0,27677.0,49223.0,0,0.5398,0.3599,29810.0,0.0435
TX,0,Town,8796.0,55475.0,0,1,3.37,53.0,Regional Comprehensive,47768.0,713.5,9,-1.0,-0.0,44.8,18217.0,16463.0,34680.0,13088.0,0,0.2359,0.726,4292.0,0.0179
WA,0,Suburb,30466.0,172153.0,0,0,3.65,99.0,R1 Research,76563.0,15.0,5,0.5,-0.866,55.9,27609.0,7375.0,34984.0,41579.0,0,0.2415,0.4569,11113.0,0.0667
CA,0,Suburb,38202.0,109746.0,1,0,1.84,,Regional Comprehensive,47219.0,135.4,1,0.5,0.866,69.7,4429.0,2123.0,6552.0,40667.0,1,0.3706,0.1388,2465.0,0.0621
MD,0,Suburb,18409.0,66560.0,0,0,3.41,33.0,R2 Doctoral,61729.0,337.2,4,0.866,-0.5,73.7,17837.0,7913.0,25750.0,35979.0,1,0.5405,0.4171,17570.0,0.1842
CA,0,City,15511.0,143580.0,0,0,2.66,43.0,R1 Research,75229.0,104.6,3,1.0,0.0,59.3,15854.0,11992.0,27846.0,47383.0,0,0.33,0.3701,31872.0,0.1127
MS,0,Town,4945.0,19202.0,1,1,1.84,21.0,Regional Comprehensive,45965.0,78.2,12,-0.0,1.0,47.7,8699.0,16185.0,24884.0,21081.0,0,1.0979,0.5414,16136.0,0.0253
TX,0,Rural,13504.0,59204.0,1,0,3.43,91.0,Regional Comprehensive,44247.0,95.7,7,-0.5,-0.866,46.0,23141.0,5348.0,28489.0,15758.0,0,0.2662,0.6439,2254.0,0.0532
WV,0,Rural,15836.0,69495.0,0,0,3.63,99.0,R2 Doctoral,57547.0,226.3,4,0.866,-0.5,70.8,27554.0,6177.0,33731.0,23816.0,0,0.3427,0.5861,7980.0,0.4194
SC,0,Rural,17141.0,97097.0,0,0,3.39,72.0,Community College,20300.0,37.9,3,1.0,0.0,61.7,4575.0,729.0,5304.0,14996.0,0,0.1544,0.2613,0.0,0.1143
VA,0,Suburb,5446.0,18308.0,1,1,3.6,84.0,Liberal Arts College,81907.0,441.4,2,0.866,0.5,71.2,37582.0,38783.0,76365.0,5542.0,0,0.3027,0.9323,96.0,0.2115
MN,0,City,18424.0,52183.0,1,0,3.2,66.0,Regional Comprehensive,44191.0,119.5,1,0.5,0.866,73.9,20802.0,3975.0,24777.0,19414.0,1,0.372,0.5607,990.0,0.1346
SC,0,Suburb,21267.0,83980.0,1,0,3.64,99.0,Community College,24305.0,47.5,7,-0.5,-0.866,86.5,1961.0,578.0,2539.0,21766.0,1,0.2592,0.1045,499.0,0.1287
NM,0,Rural,19411.0,88748.0,0,0,2.37,15.0,Liberal Arts College,92313.0,412.6,4,0.866,-0.5,80.2,19401.0,13776.0,33177.0,59136.0,0,0.6663,0.3594,39725.0,0.0438
FL,0,Town,28297.0,147859.0,0,0,2.22,17.0,Regional Comprehensive,41310.0,25.0,1,0.5,0.866,76.3,8529.0,1970.0,10499.0,30811.0,1,0.2084,0.2542,2514.0,0.2
VA,0,Suburb,24763.0,108911.0,0,0,3.39,81.0,Community College,18979.0,70.7,3,1.0,0.0,58.3,2487.0,0.0,2487.0,16492.0,0,0.1514,0.131,0.0,0.0328
CA,0,Suburb,11918.0,60246.0,0,0,1.79,23.0,Regional Comprehensive,52249.0,69.5,8,-0.866,-0.5,33.5,9330.0,8080.0,17410.0,34839.0,0,0.5783,0.3332,22921.0,0.122
WA,0,Town,22910.0,102332.0,0,0,2.56,56.0,R1 Research,64021.0,1203.5,1,0.5,0.866,54.2,15321.0,10480.0,25801.0,38220.0,0,0.3735,0.403,15310.0,0.041
TX,0,Rural,14433.0,54449.0,0,0,3.79,84.0,R1 Research,60873.0,61.7,9,-1.0,-0.0,54.0,23368.0,6794.0,30162.0,30711.0,0,0.564,0.4955,16278.0,0.0543
NJ,0,Town,19127.0,69960.0,1,0,3.75,77.0,R1 Research,96082.0,15.0,3,1.0,0.0,52.7,32998.0,15827.0,48825.0,47257.0,1,0.6755,0.5082,28130.0,0.0938
VA,0,Suburb,23669.0,111553.0,0,0,2.81,57.0,Regional Comprehensive,42811.0,68.8,1,0.5,0.866,73.0,16799.0,3688.0,20487.0,22324.0,1,0.2001,0.4785,0.0,0.1148
GA,0,City,15120.0,60924.0,0,0,3.55,62.0,R1 Research,53819.0,204.4,12,-0.0,1.0,54.1,15099.0,10655.0,25754.0,28065.0,0,0.4607,0.4785,12945.0,0.3333
MI,0,Suburb,16689.0,81686.0,0,0,2.68,65.0,Regional Comprehensive,41296.0,288.6,1,0.5,0.866,46.6,17860.0,6767.0,24627.0,16669.0,0,0.2041,0.5964,0.0,0.087
CO,0,Suburb,26053.0,125761.0,0,0,2.83,42.0,Regional Comprehensive,43070.0,1383.3,1,0.5,0.866,87.3,14409.0,4635.0,19044.0,24026.0,0,0.191,0.4422,0.0,0.0938
SC,0,Rural,22402.0,105110.0,1,0,2.2,21.0,Regional Comprehensive,48640.0,555.1,4,0.866,-0.5,72.1,8916.0,4945.0,13861.0,34779.0,0,0.3309,0.285,12377.0,0.2703
NC,0,Suburb,29052.0,152986.0,0,0,3.22,73.0,Regional Comprehensive,45147.0,154.3,1,0.5,0.866,64.6,18450.0,2864.0,21314.0,23833.0,1,0.1558,0.4721,0.0,0.0394
WA,0,Suburb,64272.0,336544.0,0,0,3.32,58.0,Regional Comprehensive,38649.0,49.7,1,0.5,0.866,82.4,17854.0,0.0,17854.0,20795.0,0,0.0618,0.462,0.0,0.1136
MS,0,Suburb,24174.0,104413.0,0,0,3.74,68.0,Community College,11652.0,697.2,6,0.0,-1.0,44.1,3280.0,0.0,3280.0,8372.0,0,0.0802,0.2815,0.0,0.0448
CA,0,Suburb,18800.0,45156.0,0,0,2.76,61.0,Regional Comprehensive,47195.0,86.0,1,0.5,0.866,51.6,19281.0,5122.0,24403.0,22792.0,1,0.5047,0.5171,3992.0,0.1
CA,0,Suburb,21734.0,90991.0,0,0,3.11,46.0,Community College,19148.0,63.5,12,-0.0,1.0,46.4,2228.0,0.0,2228.0,16920.0,0,0.186,0.1164,0.0,0.0303
CA,0,City,26252.0,88216.0,0,0,2.39,35.0,Community College,22012.0,81.8,9,-1.0,-0.0,65.0,481.0,0.0,481.0,21531.0,1,0.2441,0.0219,0.0,0.1176
MA,0,Rural,17628.0,97903.0,0,0,3.21,63.0,Regional Comprehensive,42128.0,34.0,10,-0.866,0.5,60.6,14495.0,4278.0,18773.0,23355.0,1,0.2386,0.4456,5727.0,0.1132
OH,1,Suburb,31332.0,184686.0,0,0,3.6,53.0,R1 Research,55533.0,22.5,6,0.0,-1.0,100.0,13773.0,5526.0,19299.0,36234.0,1,0.1962,0.3475,4902.0,0.1548
CO,0,Suburb,9985.0,18722.0,0,0,3.27,52.0,Community College,17640.0,99.2,4,0.866,-0.5,42.7,0.0,1761.0,1761.0,15879.0,0,0.8481,0.0998,5894.0,0.043
TN,0,City,43800.0,187206.0,0,0,2.55,43.0,R2 Doctoral,52293.0,272.9,6,0.0,-1.0,59.9,16914.0,1562.0,18476.0,33817.0,1,0.1806,0.3533,0.0,0.2203
NY,0,Suburb,67427.0,238542.0,0,0,2.44,50.0,R1 Research,75405.0,84.3,5,0.5,-0.866,54.4,14951.0,1599.0,16550.0,58855.0,0,0.2467,0.2195,0.0,0.1091
UT,0,Town,14157.0,94751.0,1,0,1.97,6.0,Community College,17843.0,33.5,9,-1.0,-0.0,67.6,0.0,758.0,758.0,17085.0,1,0.1803,0.0425,2928.0,0.1064
CO,0,Rural,24018.0,96407.0,0,0,2.24,15.0,Regional Comprehensive,37395.0,23.5,1,0.5,0.866,78.4,6642.0,3735.0,10377.0,27018.0,1,0.2802,0.2775,3000.0,0.1967
FL,0,City,13651.0,52892.0,0,0,3.61,86.0,R1 Research,83760.0,157.9,1,0.5,0.866,67.0,25346.0,16172.0,41518.0,42242.0,1,0.7986,0.4957,28591.0,0.0758
PA,0,Rural,12274.0,63231.0,1,0,3.17,72.0,R2 Doctoral,57285.0,136.7,6,0.0,-1.0,68.9,18174.0,8314.0,26488.0,30797.0,1,0.4871,0.4624,18523.0,0.0216
NY,0,Town,15380.0,104039.0,1,0,2.46,47.0,Liberal Arts College,83524.0,70.8,1,0.5,0.866,60.3,26134.0,10879.0,37013.0,46511.0,1,0.4471,0.4431,31131.0,0.0315
TX,0,City,28423.0,99326.0,1,0,3.5,77.0,R1 Research,83742.0,77.6,12,-0.0,1.0,86.3,28702.0,14731.0,43433.0,40309.0,1,0.4058,0.5187,11886.0,0.1887
TX,0,City,23364.0,105758.0,0,0,2.86,43.0,Liberal Arts College,74854.0,190.5,1,0.5,0.866,54.3,24247.0,8597.0,32844.0,42010.0,1,0.3972,0.4388,18646.0,0.1071
KS,0,City,13165.0,98834.0,0,0,3.73,93.0,Regional Comprehensive,44058.0,545.6,6,0.0,-1.0,1.9,24032.0,8636.0,32668.0,11390.0,0,0.1152,0.7415,0.0,0.0
OH,1,Rural,25769.0,120191.0,0,0,3.84,86.0,Community College,16288.0,16.2,9,-1.0,-0.0,44.8,675.0,0.0,675.0,15613.0,0,0.1299,0.0414,0.0,0.0515
IL,0,City,34477.0,110900.0,1,0,2.66,51.0,Regional Comprehensive,48834.0,139.1,2,0.866,0.5,100.0,18181.0,2866.0,21047.0,27787.0,1,0.2506,0.431,0.0,0.125
MD,0,Suburb,1864.0,30106.0,0,1,3.58,70.0,Community College,15103.0,346.6,6,0.0,-1.0,37.0,2047.0,5902.0,7949.0,7154.0,1,0.2376,0.5263,5290.0,0.0536
NJ,0,Town,27357.0,114603.0,0,0,3.27,63.0,Community College,19488.0,56.1,12,-0.0,1.0,61.6,3177.0,0.0,3177.0,16311.0,0,0.1423,0.163,0.0,0.0652
KS,0,Rural,36296.0,239949.0,0,0,2.28,35.0,Regional Comprehensive,47324.0,124.6,12,-0.0,1.0,38.5,12744.0,1698.0,14442.0,32882.0,0,0.137,0.3052,0.0,0.1176
MN,0,Suburb,17707.0,61749.0,1,0,2.67,16.0,Regional Comprehensive,39044.0,121.7,1,0.5,0.866,75.2,10306.0,3641.0,13947.0,25097.0,1,0.4064,0.3572,7390.0,0.325
NC,0,Town,39732.0,185280.0,0,0,2.98,72.0,Community College,22071.0,32.0,1,0.5,0.866,82.7,4182.0,0.0,4182.0,17889.0,1,0.0966,0.1895,0.0,0.1128
IL,0,City,6990.0,32518.0,0,1,2.99,54.0,R1 Research,54118.0,151.2,2,0.866,0.5,53.7,12960.0,20212.0,33172.0,20946.0,1,0.6441,0.613,13956.0,0.1449
DE,0,Rural,16566.0,61609.0,0,0,2.34,,Regional Comprehensive,39020.0,131.0,1,0.5,0.866,85.8,8160.0,6275.0,14435.0,24585.0,1,0.399,0.3699,8019.0,0.0609
MO,0,City,6546.0,39671.0,1,1,2.79,49.0,Regional Comprehensive,44845.0,226.9,1,0.5,0.866,86.3,14696.0,18955.0,33651.0,11194.0,0,0.2822,0.7504,4648.0,0.0909
NM,0,City,36480.0,169913.0,1,0,4.0,87.0,Regional Comprehensive,48208.0,36.4,3,1.0,0.0,70.7,27139.0,3218.0,30357.0,17851.0,1,0.1051,0.6297,0.0,0.2222
CA,0,Rural,39374.0,205077.0,0,0,3.49,60.0,R1 Research,59688.0,128.0,1,0.5,0.866,61.5,18189.0,4500.0,22689.0,36999.0,0,0.1804,0.3801,0.0,0.0246
KY,0,City,8124.0,58605.0,0,1,2.21,50.0,R2 Doctoral,60341.0,540.6,1,0.5,0.866,58.8,12875.0,20029.0,32904.0,27437.0,0,0.4682,0.5453,19313.0,0.1622
AZ,0,City,33146.0,146263.0,1,0,2.63,52.0,Regional Comprehensive,48679.0,1122.4,12,-0.0,1.0,42.3,16293.0,3648.0,19941.0,28738.0,1,0.1965,0.4096,0.0,0.0508
TX,0,Suburb,55515.0,206582.0,0,0,2.76,44.0,Community College,18012.0,485.9,7,-0.5,-0.866,37.2,0.0,0.0,0.0,18012.0,0,0.0872,0.0,0.0,0.0405
VA,0,Suburb,14204.0,61470.0,0,0,2.97,55.0,Regional Comprehensive,45588.0,36.8,2,0.866,0.5,72.4,14354.0,8011.0,22365.0,23223.0,0,0.3778,0.4906,9019.0,0.125
IN,0,City,13649.0,69108.0,0,0,2.95,57.0,R2 Doctoral,63006.0,203.5,1,0.5,0.866,69.0,19936.0,8699.0,28635.0,34371.0,0,0.4974,0.4545,20722.0,0.069
CA,0,Suburb,15861.0,106746.0,0,0,3.6,57.0,R1 Research,85735.0,76.3,3,1.0,0.0,68.5,23564.0,10130.0,33694.0,52041.0,0,0.4875,0.393,36180.0,0.0597
GA,0,Town,6183.0,34316.0,0,1,3.82,99.0,Regional Comprehensive,42677.0,170.7,5,0.5,-0.866,77.4,23153.0,14656.0,37809.0,4868.0,1,0.1419,0.8859,0.0,0.2051
LA,0,Town,9375.0,68137.0,0,0,2.95,54.0,R2 Doctoral,51002.0,56.3,2,0.866,0.5,61.5,16694.0,7501.0,24195.0,26807.0,0,0.3934,0.4744,17432.0,0.0441
NY,0,City,52814.0,294433.0,0,0,2.56,62.0,R1 Research,70563.0,21.0,4,0.866,-0.5,84.2,16222.0,3655.0,19877.0,50686.0,1,0.1721,0.2817,0.0,0.32
GA,0,Suburb,9942.0,43914.0,1,0,3.67,69.0,R1 Research,62269.0,88.2,3,1.0,0.0,35.7,17231.0,10283.0,27514.0,34755.0,0,0.7914,0.4419,24813.0,0.0392
OH,1,Town,21928.0,116396.0,0,0,3.38,77.0,Liberal Arts College,75511.0,78.3,5,0.5,-0.866,91.5,29731.0,9213.0,38944.0,36567.0,1,0.3142,0.5157,14639.0,0.0682
NY,0,City,16500.0,91779.0,0,0,3.93,75.0,Community College,20222.0,171.4,3,1.0,0.0,60.4,461.0,976.0,1437.0,18785.0,0,0.2047,0.0711,2285.0,0.1053
AR,0,City,12796.0,55943.0,0,0,2.82,11.0,Regional Comprehensive,44981.0,193.4,4,0.866,-0.5,47.4,9048.0,7826.0,16874.0,28107.0,0,0.5024,0.3751,15311.0,0.0513
MN,0,City,15797.0,73835.0,1,0,3.0,67.0,R2 Doctoral,62709.0,159.0,1,0.5,0.866,64.8,20360.0,12935.0,33295.0,29414.0,1,0.3984,0.5309,13617.0,0.0562
CA,0,Suburb,70800.0,222323.0,0,0,2.18,26.0,R2 Doctoral,60640.0,193.8,2,0.866,0.5,90.4,13980.0,0.0,13980.0,46660.0,1,0.2099,0.2305,0.0,0.0522
VT,0,City,33892.0,93769.0,0,0,3.24,57.0,R2 Doctoral,61846.0,220.9,3,1.0,0.0,49.1,20913.0,5223.0,26136.0,35710.0,1,0.3808,0.4226,1818.0,0.1111
CT,0,Town,11592.0,104932.0,0,0,3.14,16.0,R2 Doctoral,59330.0,95.0,4,0.866,-0.5,61.9,12085.0,10556.0,22641.0,36689.0,1,0.3496,0.3816,25097.0,0.1204
NY,0,Rural,78933.0,199311.0,0,0,2.16,17.0,Regional Comprehensive,51369.0,138.2,9,-1.0,-0.0,37.0,11605.0,0.0,11605.0,39764.0,1,0.1995,0.2259,0.0,0.0859
LA,0,City,7282.0,51104.0,1,1,3.27,69.0,Community College,15574.0,790.2,1,0.5,0.866,74.0,3185.0,3421.0,6606.0,8968.0,1,0.1755,0.4242,1686.0,0.0476
CA,0,Suburb,809.0,29620.0,0,1,2.13,8.0,R2 Doctoral,59134.0,147.1,7,-0.5,-0.866,79.9,8097.0,31405.0,39502.0,19632.0,1,0.6628,0.668,18823.0,0.1685
WY,0,City,43514.0,224855.0,0,0,3.17,63.0,Regional Comprehensive,52071.0,132.5,3,1.0,0.0,66.2,22957.0,2130.0,25087.0,26984.0,1,0.12,0.4818,0.0,0.127
TN,0,City,16369.0,69445.0,0,0,3.67,72.0,Regional Comprehensive,43572.0,141.2,1,0.5,0.866,56.3,21822.0,7252.0,29074.0,14498.0,1,0.2088,0.6673,0.0,0.0563
MA,0,Town,21956.0,119778.0,1,0,3.66,64.0,Regional Comprehensive,42427.0,100.8,1,0.5,0.866,59.4,18306.0,3513.0,21819.0,20608.0,1,0.1721,0.5143,0.0,0.0781
CA,0,Suburb,3788.0,36356.0,0,1,3.19,60.0,R1 Research,68678.0,80.2,4,0.866,-0.5,62.1,18132.0,18178.0,36310.0,32368.0,0,0.8903,0.5287,28580.0,0.0403
UT,0,Rural,10388.0,83261.0,0,0,2.96,25.0,R1 Research,72018.0,157.7,6,0.0,-1.0,68.2,13002.0,15025.0,28027.0,43991.0,0,0.5284,0.3892,33603.0,0.0459
CA,0,Suburb,12906.0,28573.0,0,0,2.65,48.0,Regional Comprehensive,49864.0,74.5,10,-0.866,0.5,70.4,17013.0,9343.0,26356.0,23508.0,0,0.8227,0.5286,10602.0,0.0263
FL,0,City,3828.0,65900.0,0,1,2.76,47.0,Regional Comprehensive,45026.0,108.8,2,0.866,0.5,43.2,11395.0,15105.0,26500.0,18526.0,1,0.2811,0.5885,14698.0,0.0219
TX,0,Suburb,14074.0,39478.0,0,0,3.6,86.0,Regional Comprehensive,50096.0,55.2,9,-1.0,-0.0,46.9,26384.0,7662.0,34046.0,16050.0,0,0.4066,0.6796,1976.0,0.0508
MN,0,City,4355.0,33459.0,1,1,3.84,99.0,Community College,20208.0,141.9,1,0.5,0.866,92.9,1178.0,6146.0,7324.0,12884.0,1,0.3851,0.3624,8529.0,0.0373
TX,0,Rural,7364.0,50602.0,1,1,2.64,38.0,R2 Doctoral,61622.0,234.0,6,0.0,-1.0,71.3,14525.0,24677.0,39202.0,22420.0,0,0.4431,0.6362,15056.0,0.0886
NV,0,Suburb,-1500.0,12073.0,1,1,3.07,23.0,Regional Comprehensive,45219.0,101.4,1,0.5,0.866,69.5,15917.0,24204.0,40121.0,5098.0,1,0.4223,0.8873,6598.0,0.033
MA,0,Suburb,6585.0,27306.0,1,1,3.15,57.0,Regional Comprehensive,43906.0,15.4,5,0.5,-0.866,77.3,16478.0,17448.0,33926.0,9980.0,0,0.3655,0.7727,3395.0,0.137
CA,0,Suburb,11765.0,110563.0,1,0,3.38,55.0,R2 Doctoral,48027.0,235.5,2,0.866,0.5,23.8,16698.0,7822.0,24520.0,23507.0,0,0.2126,0.5105,11742.0,0.0274
CA,0,Suburb,18103.0,80847.0,1,0,3.34,87.0,Liberal Arts College,52686.0,143.7,3,1.0,0.0,77.1,24198.0,8445.0,32643.0,20043.0,0,0.2479,0.6196,1940.0,0.1205
CA,0,Town,11735.0,29045.0,0,0,3.74,78.0,R2 Doctoral,53644.0,44.7,6,0.0,-1.0,100.0,22851.0,10061.0,32912.0,20732.0,0,0.7138,0.6135,8997.0,0.2609
WA,0,City,16816.0,93383.0,0,0,3.76,95.0,Regional Comprehensive,33631.0,285.4,4,0.866,-0.5,61.5,17421.0,2506.0,19927.0,13704.0,1,0.1468,0.5925,0.0,0.1698
SC,0,City,8704.0,33446.0,1,1,2.76,65.0,Regional Comprehensive,44577.0,29.2,1,0.5,0.866,71.8,17648.0,17579.0,35227.0,9350.0,1,0.2796,0.7903,646.0,0.0517
FL,0,City,19841.0,105854.0,0,0,3.48,64.0,R2 Doctoral,59967.0,379.8,5,0.5,-0.866,53.3,21754.0,10679.0,32433.0,27534.0,0,0.2601,0.5408,7693.0,0.0208
KY,0,Suburb,8456.0,57915.0,0,1,2.83,50.0,R2 Doctoral,56142.0,119.3,4,0.866,-0.5,42.9,13755.0,14207.0,27962.0,28180.0,0,0.4866,0.4981,19724.0,0.037
CA,0,Suburb,4012.0,49807.0,0,1,2.99,55.0,Regional Comprehensive,32281.0,15.0,8,-0.866,-0.5,47.6,10203.0,12651.0,22854.0,9427.0,0,0.1893,0.708,5415.0,0.122
SC,0,City,14931.0,58949.0,0,0,3.72,99.0,R2 Doctoral,53453.0,152.8,10,-0.866,0.5,70.8,24599.0,5440.0,30039.0,23414.0,0,0.3972,0.562,8483.0,0.0727
MS,0,Suburb,80653.0,397464.0,0,0,2.84,65.0,Liberal Arts College,82214.0,82.7,1,0.5,0.866,73.0,30274.0,329.0,30603.0,51611.0,1,0.1299,0.3722,0.0,0.0746
CO,0,Suburb,2046.0,36449.0,0,1,2.21,11.0,Regional Comprehensive,50621.0,70.6,6,0.0,-1.0,42.6,10393.0,21370.0,31763.0,18858.0,0,0.5174,0.6275,16812.0,0.0851
IN,0,City,15482.0,74096.0,0,0,2.27,19.0,Liberal Arts College,82021.0,58.4,2,0.866,0.5,50.5,16714.0,11588.0,28302.0,53719.0,1,0.725,0.3451,38237.0,0.0227
LA,0,Rural,28031.0,110480.0,0,0,3.65,74.0,R1 Research,71766.0,110.9,2,0.866,0.5,50.9,22428.0,6924.0,29352.0,42414.0,1,0.3839,0.409,14383.0,0.0745
CA,0,Suburb,7133.0,31479.0,0,1,3.64,69.0,Community College,20119.0,76.1,7,-0.5,-0.866,60.4,2559.0,4548.0,7107.0,13012.0,1,0.4134,0.3532,5879.0,0.0571
TX,0,Suburb,853.0,19973.0,0,1,1.97,12.0,Regional Comprehensive,53199.0,18.0,4,0.866,-0.5,56.5,9743.0,26381.0,36124.0,17075.0,1,0.8549,0.679,16222.0,0.0534
TX,0,Suburb,7056.0,40832.0,0,1,2.59,33.0,Regional Comprehensive,45022.0,481.8,11,-0.5,0.866,52.6,11012.0,15793.0,26805.0,18217.0,0,0.4461,0.5954,11161.0,0.0685
NC,0,Suburb,17682.0,108751.0,0,0,3.2,63.0,Community College,15227.0,98.0,2,0.866,0.5,42.6,1937.0,0.0,1937.0,13290.0,1,0.1222,0.1272,0.0,0.0517
WI,0,Rural,11918.0,49205.0,0,0,2.27,26.0,Regional Comprehensive,42789.0,58.8,1,0.5,0.866,92.0,11393.0,7988.0,19381.0,23408.0,0,0.4757,0.4529,11490.0,0.3158
AZ,0,Suburb,10550.0,53295.0,1,0,2.43,48.0,Community College,17078.0,38.7,4,0.866,-0.5,69.5,1766.0,1742.0,3508.0,13570.0,1,0.2546,0.2054,3020.0,0.1264
KY,0,Suburb,29119.0,121268.0,0,0,3.25,55.0,Regional Comprehensive,39663.0,284.6,9,-1.0,-0.0,46.2,13833.0,2404.0,16237.0,23426.0,1,0.1932,0.4094,0.0,0.0734
TX,0,Rural,4190.0,35222.0,0,1,3.17,40.0,Community College,17164.0,32.4,4,0.866,-0.5,45.8,250.0,4201.0,4451.0,12713.0,0,0.3609,0.2593,8523.0,0.04
MD,0,Town,14352.0,59047.0,0,0,2.8,41.0,Community College,25841.0,145.8,3,1.0,0.0,54.1,4370.0,2428.0,6798.0,19043.0,0,0.3225,0.2631,4691.0,0.0827
TX,0,Town,198.0,21164.0,1,1,2.59,31.0,R2 Doctoral,49729.0,68.7,6,0.0,-1.0,83.4,11373.0,18010.0,29383.0,20346.0,0,0.9613,0.5909,20148.0,0.1125
FL,0,City,18000.0,79294.0,0,0,3.21,82.0,Regional Comprehensive,42621.0,73.0,4,0.866,-0.5,87.3,17478.0,3681.0,21159.0,21462.0,0,0.2707,0.4964,3462.0,0.0977
MO,0,City,7365.0,74254.0,1,1,3.22,74.0,Community College,25914.0,39.8,5,0.5,-0.866,51.8,1876.0,10167.0,12043.0,13871.0,0,0.1868,0.4647,6506.0,0.0571
MT,0,Suburb,28285.0,111612.0,0,0,3.29,83.0,Regional Comprehensive,47441.0,66.1,8,-0.866,-0.5,48.6,19709.0,2923.0,22632.0,24809.0,0,0.2223,0.4771,0.0,0.0309
WA,0,Suburb,5267.0,27596.0,0,1,3.74,96.0,Liberal Arts College,80119.0,127.9,12,-0.0,1.0,22.8,37325.0,27104.0,64429.0,15690.0,0,0.5686,0.8042,10423.0,0.0174
CA,0,Suburb,10709.0,54822.0,0,0,3.19,37.0,R1 Research,76528.0,162.2,2,0.866,0.5,32.9,17271.0,11761.0,29032.0,47496.0,1,0.8664,0.3794,36787.0,0.0278
WA,0,Town,6408.0,25072.0,1,1,2.84,38.0,R2 Doctoral,56924.0,55.5,5,0.5,-0.866,65.6,14090.0,17794.0,31884.0,25040.0,1,0.9987,0.5601,18632.0,0.0588
CA,0,City,18908.0,52723.0,1,0,2.94,33.0,Regional Comprehensive,42739.0,115.2,5,0.5,-0.866,57.5,11093.0,4073.0,15166.0,27573.0,1,0.523,0.3549,8665.0,0.1176
CT,0,City,39239.0,182935.0,0,0,2.12,42.0,Regional Comprehensive,46280.0,322.1,2,0.866,0.5,55.4,14313.0,1528.0,15841.0,30439.0,1,0.1664,0.3423,0.0,0.125
MO,0,Suburb,6920.0,49964.0,0,1,3.39,81.0,Regional Comprehensive,47301.0,22.1,12,-0.0,1.0,44.0,21760.0,19702.0,41462.0,5839.0,0,0.1169,0.8766,0.0,0.0519
TX,0,City,2712.0,23542.0,0,1,3.99,98.0,Regional Comprehensive,37219.0,125.9,9,-1.0,-0.0,61.4,20883.0,11409.0,32292.0,4927.0,1,0.2093,0.8676,2215.0,0.1316
CA,0,Suburb,4831.0,38580.0,1,1,3.1,51.0,Community College,17759.0,46.7,2,0.866,0.5,68.2,3032.0,6370.0,9402.0,8357.0,1,0.2166,0.5294,3526.0,0.1319
TX,0,Town,4025.0,19734.0,0,1,2.34,24.0,R1 Research,56361.0,42.0,12,-0.0,1.0,71.6,6534.0,22490.0,29024.0,27337.0,0,1.3853,0.515,23312.0,0.2143
MT,0,Suburb,787.0,24761.0,1,1,3.46,61.0,Regional Comprehensive,40770.0,166.7,2,0.866,0.5,100.0,15149.0,21949.0,37098.0,3672.0,1,0.1483,0.9099,2885.0,0.1494
GA,0,Town,21827.0,102039.0,0,0,2.94,61.0,Regional Comprehensive,47167.0,71.5,2,0.866,0.5,42.6,18040.0,5418.0,23458.0,23709.0,0,0.2324,0.4973,1882.0,0.0222
MN,0,Suburb,8068.0,22218.0,0,1,2.37,32.0,Community College,17823.0,35.3,1,0.5,0.866,40.6,0.0,5007.0,5007.0,12816.0,1,0.5768,0.2809,4748.0,0.0211
AZ,0,Town,18048.0,78816.0,1,0,3.83,96.0,Community College,18300.0,509.0,1,0.5,0.866,95.9,5989.0,48.0,6037.0,12263.0,0,0.1556,0.3299,0.0,0.1222
VA,0,City,9701.0,64121.0,0,0,3.94,96.0,R2 Doctoral,39420.0,332.9,1,0.5,0.866,61.8,19101.0,7098.0,26199.0,13221.0,1,0.2062,0.6646,3520.0,0.0507
TX,0,Town,9962.0,42929.0,1,0,1.8,20.0,Community College,15521.0,16.7,11,-0.5,0.866,72.3,670.0,956.0,1626.0,13895.0,1,0.3237,0.1048,3933.0,0.0405
NM,0,Town,6780.0,74139.0,1,1,3.45,79.0,Regional Comprehensive,39584.0,26.9,10,-0.866,0.5,38.5,19232.0,9716.0,28948.0,10636.0,0,0.1435,0.7313,3856.0,0.0769
NY,0,City,4631.0,32045.0,0,1,3.54,90.0,R2 Doctoral,45456.0,236.3,6,0.0,-1.0,39.2,20557.0,19374.0,39931.0,5525.0,1,0.1724,0.8785,894.0,0.0656
VA,0,Suburb,43334.0,115313.0,0,0,3.57,86.0,R1 Research,73347.0,93.9,3,1.0,0.0,76.6,24824.0,7155.0,31979.0,41368.0,1,0.3587,0.436,0.0,0.137
IN,0,Rural,4421.0,38071.0,0,1,2.33,23.0,R1 Research,72388.0,612.4,8,-0.866,-0.5,34.0,12322.0,28939.0,41261.0,31127.0,0,0.8176,0.57,26706.0,0.0597
MA,0,City,7195.0,47658.0,0,1,3.35,75.0,Regional Comprehensive,48604.0,242.0,4,0.866,-0.5,86.0,23573.0,20902.0,44475.0,4129.0,1,0.0866,0.915,0.0,0.0896
KS,0,Town,4342.0,43746.0,0,1,3.49,78.0,Regional Comprehensive,50715.0,173.5,12,-0.0,1.0,68.1,26315.0,21750.0,48065.0,2650.0,0,0.0606,0.9477,0.0,0.1188
TX,0,Rural,36115.0,103406.0,0,0,2.62,38.0,R1 Research,84354.0,43.3,1,0.5,0.866,50.4,15255.0,10147.0,25402.0,58952.0,1,0.5701,0.3011,22837.0,0.0866
NC,0,Rural,24954.0,93153.0,0,0,1.94,14.0,Community College,19884.0,212.3,1,0.5,0.866,90.8,0.0,0.0,0.0,19884.0,1,0.2135,0.0,0.0,0.2778
IL,0,Suburb,1626.0,9532.0,1,1,3.06,70.0,Regional Comprehensive,45856.0,33.2,3,1.0,0.0,74.8,17213.0,21506.0,38719.0,7137.0,1,0.7487,0.8444,5511.0,0.1475
GA,0,Suburb,9785.0,75588.0,0,0,3.47,80.0,Community College,19704.0,498.9,10,-0.866,0.5,51.1,3067.0,1704.0,4771.0,14933.0,0,0.1976,0.2421,5148.0,0.175
CA,0,Rural,2405.0,17924.0,0,1,2.56,50.0,R2 Doctoral,49916.0,197.4,6,0.0,-1.0,60.0,11031.0,16280.0,27311.0,22605.0,0,1.2612,0.5471,20200.0,0.1026
TX,0,Suburb,14658.0,49230.0,1,0,2.15,23.0,R2 Doctoral,57626.0,53.3,2,0.866,0.5,31.1,8603.0,7791.0,16394.0,41232.0,0,0.8375,0.2845,26574.0,0.0137
NY,0,City,7907.0,58228.0,0,1,2.52,52.0,Community College,17713.0,294.9,1,0.5,0.866,38.8,2493.0,4472.0,6965.0,10748.0,1,0.1846,0.3932,2841.0,0.0364
NY,0,City,9651.0,48850.0,1,0,3.6,88.0,Liberal Arts College,64704.0,1333.4,4,0.866,-0.5,78.1,29474.0,14772.0,44246.0,20458.0,0,0.4188,0.6838,10807.0,0.1509
OH,1,Town,32309.0,90273.0,1,0,2.39,21.0,R2 Doctoral,31212.0,29.2,4,0.866,-0.5,68.1,5890.0,0.0,5890.0,25322.0,1,0.2805,0.1887,0.0,0.0847
WA,0,Suburb,12064.0,105710.0,1,0,2.24,21.0,Regional Comprehensive,34094.0,225.8,1,0.5,0.866,93.2,9880.0,3745.0,13625.0,20469.0,0,0.1936,0.3996,8405.0,0.1275
AZ,0,City,9094.0,36066.0,1,0,2.45,23.0,R2 Doctoral,54460.0,80.5,10,-0.866,0.5,65.9,12596.0,7525.0,20121.0,34339.0,1,0.9521,0.3695,25245.0,0.0698
OH,1,Suburb,8964.0,35135.0,1,0,3.09,44.0,Liberal Arts College,56180.0,40.1,8,-0.866,-0.5,39.0,18288.0,7093.0,25381.0,30799.0,0,0.8766,0.4518,21835.0,0.0408
IL,0,Town,12191.0,61335.0,0,0,3.7,99.0,R2 Doctoral,51489.0,26.0,4,0.866,-0.5,41.5,22225.0,9699.0,31924.0,19565.0,0,0.319,0.62,7374.0,0.1017
FL,0,Suburb,-1500.0,20713.0,1,1,3.59,99.0,R1 Research,61586.0,126.6,1,0.5,0.866,52.1,21667.0,34133.0,55800.0,5786.0,1,0.2793,0.9061,7286.0,0.066
VA,0,Rural,6466.0,44648.0,0,1,2.68,58.0,Community College,17591.0,132.6,4,0.866,-0.5,49.6,515.0,5020.0,5535.0,12056.0,1,0.27,0.3146,5590.0,0.0213
NY,0,Town,47616.0,166145.0,0,0,2.29,34.0,R1 Research,62115.0,837.8,5,0.5,-0.866,62.0,10269.0,3098.0,13367.0,48748.0,0,0.2934,0.2152,1132.0,0.0714
CA,0,Rural,370.0,21279.0,1,1,1.5,,Regional Comprehensive,45413.0,19.2,11,-0.5,0.866,79.2,3538.0,23561.0,27099.0,18314.0,0,0.8607,0.5967,17944.0,0.1571
OH,1,Rural,11602.0,49272.0,0,0,2.74,31.0,R2 Doctoral,46420.0,27.3,2,0.866,0.5,73.2,11209.0,9186.0,20395.0,26025.0,1,0.5282,0.4394,14423.0,0.0866
GA,0,City,7439.0,41091.0,0,1,3.19,59.0,Regional Comprehensive,42800.0,490.0,9,-1.0,-0.0,78.3,16384.0,13175.0,29559.0,13241.0,1,0.3222,0.6906,5802.0,0.1429
FL,0,Suburb,50225.0,266677.0,0,0,3.4,61.0,R1 Research,81794.0,98.3,4,0.866,-0.5,67.4,21109.0,5151.0,26260.0,55534.0,0,0.2082,0.3211,5309.0,0.2
VA,0,City,8924.0,42734.0,0,0,3.94,99.0,R1 Research,65007.0,105.8,1,0.5,0.866,55.3,22331.0,9776.0,32107.0,32900.0,1,0.7699,0.4939,23976.0,0.2326
NJ,0,Rural,9916.0,44558.0,1,0,3.52,77.0,Regional Comprehensive,36312.0,52.8,9,-1.0,-0.0,34.6,19339.0,6587.0,25926.0,10386.0,1,0.2331,0.714,470.0,0.0488
IN,0,City,5558.0,29967.0,1,1,2.73,56.0,Regional Comprehensive,51129.0,47.6,5,0.5,-0.866,74.6,16864.0,22027.0,38891.0,12238.0,1,0.4084,0.7606,6680.0,0.1
MA,0,Suburb,14529.0,63368.0,0,0,2.95,56.0,Regional Comprehensive,35797.0,18.6,1,0.5,0.866,61.1,14716.0,4436.0,19152.0,16645.0,1,0.2627,0.535,2116.0,0.1186
MA,0,Town,16565.0,76460.0,0,0,3.15,39.0,R1 Research,66955.0,65.4,6,0.0,-1.0,72.6,14620.0,7748.0,22368.0,44587.0,1,0.5831,0.3341,28022.0,0.1818
NY,0,City,4088.0,33263.0,0,1,2.82,46.0,Community College,20958.0,44.8,4,0.866,-0.5,49.2,2129.0,8344.0,10473.0,10485.0,1,0.3152,0.4997,6397.0,0.0816
MN,0,Town,31429.0,128268.0,0,0,2.28,33.0,Regional Comprehensive,50575.0,143.4,3,1.0,0.0,90.4,12959.0,4204.0,17163.0,33412.0,1,0.2605,0.3394,1983.0,0.0826
NJ,0,City,18114.0,76509.0,0,0,3.43,75.0,Regional Comprehensive,44268.0,55.4,1,0.5,0.866,92.3,19654.0,5009.0,24663.0,19605.0,1,0.2562,0.5571,1491.0,0.2174
OH,1,Suburb,19787.0,116235.0,0,0,2.92,45.0,Community College,17566.0,22.2,11,-0.5,0.866,38.1,1656.0,0.0,1656.0,15910.0,0,0.1369,0.0943,0.0,0.0405
AZ,0,Suburb,22864.0,49699.0,0,0,2.89,44.0,R1 Research,90898.0,78.8,11,-0.5,0.866,59.7,20806.0,11255.0,32061.0,58837.0,0,1.1839,0.3527,35973.0,0.2683
PA,0,Suburb,12050.0,74989.0,0,0,3.03,47.0,Regional Comprehensive,49136.0,120.5,11,-0.5,0.866,25.5,15183.0,6680.0,21863.0,27273.0,1,0.3637,0.4449,15223.0,0.0268
MI,0,Suburb,11040.0,53991.0,0,0,3.08,36.0,Regional Comprehensive,49841.0,72.7,5,0.5,-0.866,44.4,15661.0,7007.0,22668.0,27173.0,1,0.5033,0.4548,16133.0,0.0198
MD,0,Rural,41410.0,179787.0,0,0,3.16,61.0,R2 Doctoral,58846.0,41.6,1,0.5,0.866,47.1,19826.0,4717.0,24543.0,34303.0,1,0.1908,0.4171,0.0,0.0781
CT,0,Suburb,13283.0,68440.0,1,0,2.78,57.0,R2 Doctoral,59624.0,138.6,5,0.5,-0.866,52.3,19097.0,12227.0,31324.0,28300.0,0,0.4135,0.5254,15017.0,0.1395
AR,0,Suburb,9954.0,63342.0,0,0,2.44,28.0,R1 Research,74315.0,388.7,10,-0.866,0.5,49.8,11741.0,14985.0,26726.0,47589.0,0,0.7513,0.3596,37635.0,0.0684
NC,0,Rural,6344.0,45255.0,1,1,3.56,60.0,Liberal Arts College,75680.0,145.0,12,-0.0,1.0,42.9,29248.0,27490.0,56738.0,18942.0,0,0.4186,0.7497,12598.0,0.1273
MI,0,Town,6521.0,43413.0,0,1,3.23,77.0,Liberal Arts College,58460.0,66.8,4,0.866,-0.5,62.9,25256.0,16246.0,41502.0,16958.0,1,0.3906,0.7099,10437.0,0.0522
SC,0,City,21375.0,74694.0,1,0,2.68,61.0,Regional Comprehensive,38969.0,111.3,2,0.866,0.5,38.4,11591.0,4564.0,16155.0,22814.0,1,0.3054,0.4146,1439.0,0.0588
NY,0,Rural,26097.0,113562.0,0,0,3.27,60.0,R1 Research,78090.0,15.0,3,1.0,0.0,78.9,22464.0,7597.0,30061.0,48029.0,0,0.4229,0.385,21932.0,0.0952
LA,0,City,3262.0,38450.0,0,1,2.04,6.0,R2 Doctoral,63206.0,109.5,5,0.5,-0.866,40.1,7401.0,16632.0,24033.0,39173.0,0,1.0188,0.3802,35911.0,0.0526
NC,0,Suburb,20120.0,68950.0,0,0,3.03,54.0,Regional Comprehensive,45807.0,83.2,10,-0.866,0.5,51.9,18395.0,5183.0,23578.0,22229.0,0,0.3224,0.5147,2109.0,0.1667
CA,0,Suburb,9899.0,71869.0,0,0,3.19,66.0,R2 Doctoral,49383.0,47.5,12,-0.0,1.0,45.3,19179.0,8672.0,27851.0,21532.0,0,0.2996,0.564,11633.0,0.072
CA,0,Town,7688.0,81473.0,0,1,3.0,49.0,Liberal Arts College,79004.0,57.5,2,0.866,0.5,80.4,25151.0,32054.0,57205.0,21799.0,0,0.2676,0.7241,14111.0,0.2353
KY,0,City,5550.0,18409.0,0,1,3.42,51.0,R1 Research,75394.0,82.4,2,0.866,0.5,56.0,20817.0,29969.0,50786.0,24608.0,0,1.3367,0.6736,19058.0,0.1273
CA,0,City,10233.0,32344.0,1,0,2.68,55.0,Regional Comprehensive,36421.0,359.2,10,-0.866,0.5,84.9,12017.0,5365.0,17382.0,19039.0,0,0.5886,0.4773,8806.0,0.0593
NY,0,Town,8583.0,23543.0,1,1,2.23,29.0,Community College,22751.0,398.8,3,1.0,0.0,71.4,466.0,5669.0,6135.0,16616.0,0,0.7058,0.2697,8033.0,0.0783
NY,0,City,16785.0,64452.0,1,0,2.75,66.0,Regional Comprehensive,48875.0,47.8,2,0.866,0.5,49.1,19136.0,5620.0,24756.0,24119.0,0,0.3742,0.5065,7334.0,0.1429
TX,0,Suburb,5331.0,32902.0,1,1,2.24,27.0,Liberal Arts College,66370.0,73.5,1,0.5,0.866,63.0,15653.0,20248.0,35901.0,30469.0,1,0.9261,0.5409,25138.0,0.0693
NY,0,Town,4067.0,44034.0,1,1,2.84,68.0,R2 Doctoral,55488.0,75.5,1,0.5,0.866,66.0,17126.0,17679.0,34805.0,20683.0,1,0.4697,0.6273,16616.0,0.0603
WI,0,Suburb,-1500.0,26639.0,1,1,2.56,35.0,Regional Comprehensive,43498.0,296.4,2,0.866,0.5,79.1,9578.0,12767.0,22345.0,21153.0,0,0.7941,0.5137,22653.0,0.1071
CA,0,City,4439.0,47083.0,0,1,2.61,32.0,Regional Comprehensive,50795.0,147.6,1,0.5,0.866,65.8,14297.0,15581.0,29878.0,20917.0,1,0.4443,0.5882,16478.0,0.2286
LA,0,Suburb,6000.0,28019.0,1,1,2.3,22.0,Regional Comprehensive,42438.0,139.7,12,-0.0,1.0,52.9,11961.0,11181.0,23142.0,19296.0,0,0.6887,0.5453,13296.0,0.0303
OR,0,Rural,37518.0,108629.0,0,0,1.93,38.0,R1 Research,61209.0,222.5,4,0.866,-0.5,46.3,9895.0,6182.0,16077.0,45132.0,1,0.4155,0.2627,7614.0,0.0597
PA,0,Suburb,12346.0,88880.0,0,0,2.54,35.0,R1 Research,70921.0,67.7,10,-0.866,0.5,63.3,15101.0,13510.0,28611.0,42310.0,1,0.476,0.4034,29964.0,0.1667
TX,0,City,17904.0,70134.0,0,0,1.5,19.0,R1 Research,62577.0,530.6,3,1.0,0.0,54.6,8229.0,7911.0,16140.0,46437.0,1,0.6621,0.2579,28533.0,0.0091
WA,0,City,10904.0,50645.0,0,0,2.47,29.0,Liberal Arts College,86625.0,126.5,12,-0.0,1.0,39.9,21895.0,17275.0,39170.0,47455.0,0,0.937,0.4522,36551.0,0.1127
CA,0,Suburb,2165.0,14514.0,0,1,2.47,17.0,Community College,18758.0,51.6,3,1.0,0.0,42.5,951.0,8308.0,9259.0,9499.0,0,0.6545,0.4936,7334.0,0.1667
PA,0,Rural,12823.0,45256.0,0,0,2.57,48.0,R2 Doctoral,48845.0,99.6,3,1.0,0.0,79.5,12188.0,9474.0,21662.0,27183.0,0,0.6006,0.4435,14360.0,0.1237
WV,0,Suburb,7994.0,36379.0,1,1,2.96,45.0,R2 Doctoral,51568.0,461.9,7,-0.5,-0.866,34.7,15006.0,20911.0,35917.0,15651.0,1,0.4302,0.6965,7657.0,0.0254
AK,0,City,17729.0,75210.0,1,0,3.65,84.0,Regional Comprehensive,42871.0,81.1,4,0.866,-0.5,72.7,19484.0,4809.0,24293.0,18578.0,1,0.247,0.5667,849.0,0.0732
CO,0,Suburb,27628.0,98340.0,0,0,3.16,64.0,Regional Comprehensive,43538.0,343.4,2,0.866,0.5,62.3,18832.0,2690.0,21522.0,22016.0,0,0.2239,0.4943,0.0,0.0606
NY,0,City,20442.0,79518.0,0,0,3.51,77.0,Regional Comprehensive,37551.0,65.7,1,0.5,0.866,53.0,16885.0,4671.0,21556.0,15995.0,1,0.2011,0.574,0.0,0.1837
IN,0,City,27569.0,156277.0,0,0,3.26,86.0,Regional Comprehensive,39690.0,56.7,1,0.5,0.866,49.9,18615.0,1926.0,20541.0,19149.0,0,0.1225,0.5175,0.0,0.0513
MO,0,Rural,7080.0,41807.0,0,1,3.06,61.0,Regional Comprehensive,46138.0,253.3,2,0.866,0.5,62.2,17607.0,21142.0,38749.0,7389.0,1,0.1767,0.8399,309.0,0.1463
IL,0,Town,5338.0,40577.0,0,1,3.96,93.0,R1 Research,83360.0,50.6,1,0.5,0.866,53.1,29054.0,41096.0,70150.0,13210.0,0,0.3256,0.8415,7872.0,0.0336
MA,0,City,25902.0,132889.0,0,0,2.95,48.0,Liberal Arts College,71644.0,300.5,4,0.866,-0.5,49.7,22141.0,9526.0,31667.0,39977.0,0,0.3008,0.442,14075.0,0.0556
CA,0,Suburb,11038.0,70946.0,1,0,3.27,72.0,Liberal Arts College,77738.0,183.3,2,0.866,0.5,83.8,31960.0,13727.0,45687.0,32051.0,0,0.4518,0.5877,21013.0,0.4
TX,0,City,14764.0,52689.0,0,0,1.63,9.0,Community College,24786.0,50.6,7,-0.5,-0.866,54.6,0.0,1534.0,1534.0,23252.0,1,0.4413,0.0619,8488.0,0.2381
MI,0,City,50420.0,237874.0,0,0,3.25,59.0,Regional Comprehensive,45997.0,117.5,3,1.0,0.0,61.1,16643.0,0.0,16643.0,29354.0,0,0.1234,0.3618,0.0,0.2045
TX,0,Suburb,22743.0,95413.0,0,0,2.42,45.0,Regional Comprehensive,36142.0,71.2,2,0.866,0.5,47.5,9499.0,2804.0,12303.0,23839.0,0,0.2499,0.3404,1096.0,0.0201
TX,0,Suburb,8761.0,54875.0,0,1,2.23,23.0,Regional Comprehensive,47440.0,182.8,3,1.0,0.0,78.9,10663.0,10808.0,21471.0,25969.0,0,0.4732,0.4526,17208.0,0.0485
LA,0,Town,396.0,38412.0,0,1,3.46,80.0,R1 Research,73761.0,919.7,7,-0.5,-0.866,79.4,20759.0,26946.0,47705.0,26056.0,1,0.6783,0.6468,25660.0,0.1228
SD,0,Rural,30586.0,163585.0,0,0,2.36,13.0,Regional Comprehensive,42952.0,85.9,4,0.866,-0.5,64.0,7707.0,2729.0,10436.0,32516.0,0,0.1988,0.243,1930.0,0.0959
NJ,0,City,20615.0,73060.0,1,0,2.33,41.0,Community College,16116.0,221.9,3,1.0,0.0,90.7,0.0,0.0,0.0,16116.0,0,0.2206,0.0,0.0,0.0818
KY,0,Rural,12657.0,64065.0,0,0,3.67,71.0,Community College,21001.0,130.0,2,0.866,0.5,52.1,423.0,1545.0,1968.0,19033.0,0,0.2971,0.0937,6376.0,0.3
SD,0,Suburb,29939.0,102428.0,0,0,3.33,76.0,Community College,12158.0,129.9,7,-0.5,-0.866,73.9,965.0,0.0,965.0,11193.0,0,0.1093,0.0794,0.0,0.1237
TX,0,City,23084.0,118618.0,0,0,3.23,80.0,Liberal Arts College,72523.0,106.5,7,-0.5,-0.866,50.6,31109.0,9348.0,40457.0,32066.0,1,0.2703,0.5579,8982.0,0.0891
GA,0,Town,12131.0,93518.0,1,0,3.87,93.0,R2 Doctoral,53736.0,51.5,5,0.5,-0.866,54.5,24781.0,11167.0,35948.0,17788.0,1,0.1902,0.669,5657.0,0.0548
IL,0,City,30050.0,118950.0,0,0,3.43,86.0,Community College,17183.0,180.1,4,0.866,-0.5,85.3,2423.0,0.0,2423.0,14760.0,1,0.1241,0.141,0.0,0.1188
CA,0,Suburb,17066.0,87115.0,1,0,2.91,38.0,Regional Comprehensive,44426.0,93.6,2,0.866,0.5,59.4,13009.0,5380.0,18389.0,26037.0,1,0.2989,0.4139,8971.0,0.0577
WI,0,Town,18800.0,93856.0,1,0,2.74,44.0,R1 Research,60604.0,49.0,8,-0.866,-0.5,43.3,14639.0,10994.0,25633.0,34971.0,1,0.3726,0.423,16171.0,0.1327
OH,1,City,6701.0,37169.0,1,1,2.39,23.0,R1 Research,62818.0,106.4,10,-0.866,0.5,26.0,9133.0,21745.0,30878.0,31940.0,1,0.8593,0.4915,25239.0,0.0857
GA,0,Rural,46850.0,231759.0,0,0,3.31,58.0,Regional Comprehensive,58060.0,140.6,1,0.5,0.866,62.9,20978.0,2361.0,23339.0,34721.0,1,0.1498,0.402,0.0,0.1346
TX,0,City,3478.0,25894.0,0,1,2.81,27.0,Regional Comprehensive,40853.0,99.7,11,-0.5,0.866,35.3,13342.0,15452.0,28794.0,12059.0,1,0.4657,0.7048,8581.0,0.0291
TX,0,Town,19711.0,78649.0,0,0,3.64,80.0,R2 Doctoral,58387.0,517.5,2,0.866,0.5,97.4,22804.0,9390.0,32194.0,26193.0,0,0.333,0.5514,6482.0,0.0759
IA,0,City,806.0,24041.0,1,1,2.82,60.0,Community College,19361.0,18.4,1,0.5,0.866,98.1,1673.0,7331.0,9004.0,10357.0,1,0.4308,0.4651,9551.0,0.1449
CA,0,City,16117.0,58650.0,1,0,2.44,50.0,R1 Research,73757.0,482.2,6,0.0,-1.0,8.3,16939.0,9417.0,26356.0,47401.0,0,0.8082,0.3573,31284.0,0.0
FL,0,Suburb,5335.0,41717.0,1,1,3.18,48.0,R1 Research,67727.0,50.3,3,1.0,0.0,94.4,15326.0,31334.0,46660.0,21067.0,0,0.505,0.6889,15732.0,0.087
NY,0,Rural,9310.0,69407.0,1,0,1.58,,Regional Comprehensive,45012.0,158.2,12,-0.0,1.0,42.8,6816.0,8485.0,15301.0,29711.0,1,0.4281,0.3399,20401.0,0.0571
NC,0,City,19387.0,80504.0,0,0,1.96,6.0,Regional Comprehensive,45927.0,68.3,3,1.0,0.0,83.5,7302.0,6936.0,14238.0,31689.0,1,0.3936,0.31,12302.0,0.0619
VA,0,Rural,10713.0,31617.0,1,0,3.41,60.0,Regional Comprehensive,48586.0,48.1,6,0.0,-1.0,81.4,20761.0,6961.0,27722.0,20864.0,0,0.6599,0.5706,10151.0,0.1447
NC,0,City,14613.0,61625.0,0,0,3.46,69.0,Liberal Arts College,84268.0,503.4,1,0.5,0.866,86.9,34649.0,12635.0,47284.0,36984.0,0,0.6001,0.5611,22371.0,0.0486
CA,0,Suburb,39539.0,171690.0,0,0,3.0,55.0,R2 Doctoral,63680.0,889.7,3,1.0,0.0,93.4,19633.0,3383.0,23016.0,40664.0,1,0.2368,0.3614,1125.0,0.1134
FL,0,Suburb,3877.0,24469.0,0,1,2.35,27.0,Regional Comprehensive,41674.0,100.4,6,0.0,-1.0,37.5,12400.0,10711.0,23111.0,18563.0,1,0.7586,0.5546,14686.0,0.0755
KY,0,City,5384.0,34033.0,1,1,1.84,,Regional Comprehensive,45812.0,180.2,1,0.5,0.866,48.0,7227.0,15920.0,23147.0,22665.0,0,0.666,0.5053,17281.0,0.0899
AZ,0,Rural,18246.0,116978.0,1,0,3.62,91.0,Community College,18605.0,134.5,5,0.5,-0.866,77.8,203.0,88.0,291.0,18314.0,0,0.1566,0.0156,68.0,0.0694
MA,0,Suburb,23597.0,66559.0,1,0,3.07,60.0,Community College,21132.0,779.7,12,-0.0,1.0,58.9,1726.0,0.0,1726.0,19406.0,0,0.2916,0.0817,0.0,0.2105
TN,0,Suburb,18366.0,70181.0,0,0,2.19,29.0,Community College,15082.0,15.0,2,0.866,0.5,74.1,2224.0,0.0,2224.0,12858.0,1,0.1832,0.1475,0.0,0.1236
CO,0,Suburb,21849.0,131407.0,1,0,2.9,57.0,Community College,21731.0,188.3,5,0.5,-0.866,56.9,0.0,0.0,0.0,21731.0,1,0.1654,0.0,0.0,0.0978
CA,0,Suburb,11241.0,35535.0,0,0,3.87,96.0,R1 Research,74843.0,59.0,5,0.5,-0.866,75.1,26020.0,15639.0,41659.0,33184.0,0,0.9338,0.5566,21943.0,0.0992
PA,0,Suburb,5778.0,43307.0,1,1,3.57,79.0,Regional Comprehensive,50398.0,15.0,10,-0.866,0.5,35.4,25579.0,13505.0,39084.0,11314.0,1,0.2613,0.7755,5536.0,0.045
MI,0,Rural,3162.0,39628.0,1,1,2.98,43.0,Community College,19116.0,86.8,1,0.5,0.866,100.0,2356.0,7107.0,9463.0,9653.0,0,0.2436,0.495,6491.0,0.4516
PA,0,Suburb,13296.0,48986.0,1,0,1.5,18.0,Community College,18545.0,882.1,7,-0.5,-0.866,100.0,56.0,995.0,1051.0,17494.0,0,0.3571,0.0567,4198.0,0.0972
KY,0,Suburb,28288.0,165125.0,0,0,3.31,75.0,Community College,17346.0,63.6,4,0.866,-0.5,27.6,3359.0,0.0,3359.0,13987.0,1,0.0847,0.1936,0.0,0.0087
NC,0,Suburb,592.0,18494.0,1,1,2.81,36.0,R1 Research,68331.0,290.7,4,0.866,-0.5,92.2,16989.0,36921.0,53910.0,14421.0,1,0.7798,0.789,13829.0,0.053
CO,0,Suburb,3783.0,26640.0,0,1,2.98,43.0,Regional Comprehensive,35865.0,446.1,5,0.5,-0.866,27.9,10510.0,16330.0,26840.0,9025.0,1,0.3388,0.7484,5242.0,0.0571
OR,0,Suburb,8559.0,23546.0,1,1,2.89,77.0,R1 Research,70521.0,125.0,9,-1.0,-0.0,70.1,18003.0,20435.0,38438.0,32083.0,1,1.3626,0.5451,23524.0,0.0563
NC,0,Suburb,31953.0,172684.0,0,0,2.6,38.0,R1 Research,67225.0,143.8,7,-0.5,-0.866,40.2,15626.0,7113.0,22739.0,44486.0,1,0.2576,0.3383,12533.0,0.102
NV,0,Suburb,9907.0,40442.0,0,0,3.21,54.0,Regional Comprehensive,45402.0,20.9,1,0.5,0.866,71.1,18814.0,6322.0,25136.0,20266.0,0,0.5011,0.5536,10359.0,0.0959
VA,0,Town,8401.0,49751.0,1,1,2.58,32.0,Community College,17236.0,59.7,3,1.0,0.0,42.5,965.0,3618.0,4583.0,12653.0,0,0.2543,0.2659,4252.0,0.1124
KY,0,Rural,6756.0,19682.0,0,1,3.35,74.0,Liberal Arts College,80472.0,328.4,6,0.0,-1.0,65.6,33442.0,24808.0,58250.0,22222.0,0,1.1291,0.7239,15466.0,0.0685
PA,0,Rural,7789.0,52108.0,1,1,3.04,50.0,Regional Comprehensive,44381.0,135.0,1,0.5,0.866,63.4,17164.0,10594.0,27758.0,16623.0,0,0.319,0.6254,8834.0,0.0676
NC,0,Town,28455.0,117465.0,0,0,3.18,64.0,Community College,14421.0,186.3,2,0.866,0.5,57.1,3004.0,0.0,3004.0,11417.0,1,0.0972,0.2083,0.0,0.0638
MI,0,Suburb,15259.0,75518.0,0,0,3.92,99.0,Regional Comprehensive,45196.0,145.7,1,0.5,0.866,69.2,26613.0,6945.0,33558.0,11638.0,1,0.1541,0.7425,0.0,0.0796
CA,0,Town,7138.0,58241.0,0,1,3.12,39.0,R1 Research,79365.0,1265.8,2,0.866,0.5,31.2,16342.0,27695.0,44037.0,35328.0,0,0.6066,0.5549,28190.0,0.1136
IL,0,City,1829.0,20400.0,0,1,3.4,65.0,Regional Comprehensive,49013.0,80.6,8,-0.866,-0.5,67.6,20434.0,15371.0,35805.0,13208.0,1,0.6475,0.7305,11379.0,0.1636
NV,0,Suburb,14458.0,49706.0,0,0,2.6,41.0,R1 Research,63941.0,683.7,9,-1.0,-0.0,50.0,15681.0,11176.0,26857.0,37084.0,0,0.7461,0.42,22626.0,0.0986
AZ,0,City,20285.0,69967.0,0,0,2.81,25.0,Regional Comprehensive,38198.0,145.8,6,0.0,-1.0,30.4,11277.0,4531.0,15808.0,22390.0,0,0.32,0.4138,2105.0,0.0485
TX,0,City,8463.0,30819.0,1,1,2.6,47.0,Regional Comprehensive,49889.0,750.5,1,0.5,0.866,79.0,18279.0,15097.0,33376.0,16513.0,0,0.5358,0.669,8050.0,0.0841
PA,0,Rural,26424.0,100863.0,0,0,3.33,79.0,Community College,20023.0,35.0,7,-0.5,-0.866,46.2,3027.0,0.0,3027.0,16996.0,0,0.1685,0.1512,0.0,0.0645
TX,0,Rural,29242.0,119044.0,1,0,3.23,46.0,R1 Research,63239.0,153.8,7,-0.5,-0.866,60.4,14349.0,5444.0,19793.0,43446.0,1,0.365,0.313,14204.0,0.0634
CA,0,Suburb,3301.0,43018.0,1,1,3.59,76.0,Community College,16902.0,83.8,1,0.5,0.866,72.7,935.0,5201.0,6136.0,10766.0,1,0.2503,0.363,7465.0,0.087
MS,0,City,27375.0,106149.0,0,0,1.83,13.0,R2 Doctoral,56154.0,146.7,4,0.866,-0.5,58.9,7335.0,4236.0,11571.0,44583.0,1,0.42,0.2061,17208.0,0.047
GA,0,Suburb,9160.0,58162.0,0,0,3.26,72.0,Regional Comprehensive,48847.0,457.3,4,0.866,-0.5,59.5,23141.0,9556.0,32697.0,16150.0,1,0.2777,0.6694,6990.0,0.0943
NY,0,Suburb,28351.0,143766.0,0,0,2.34,65.0,Community College,18151.0,188.6,6,0.0,-1.0,68.9,2038.0,0.0,2038.0,16113.0,1,0.1121,0.1123,0.0,0.0625
WA,0,Town,54581.0,272281.0,0,0,1.8,,Regional Comprehensive,38268.0,456.3,6,0.0,-1.0,53.3,2811.0,0.0,2811.0,35457.0,1,0.1302,0.0735,0.0,0.0923
CA,0,Rural,618.0,28640.0,0,1,3.12,67.0,Liberal Arts College,57888.0,62.7,1,0.5,0.866,81.2,20495.0,22508.0,43003.0,14885.0,1,0.5197,0.7429,14267.0,0.0526
NY,0,Suburb,17472.0,109538.0,0,0,3.56,75.0,Community College,16945.0,53.4,2,0.866,0.5,82.5,5838.0,0.0,5838.0,11107.0,1,0.1014,0.3445,0.0,0.0714
IN,0,City,42510.0,161067.0,0,0,3.62,75.0,R2 Doctoral,50962.0,128.9,10,-0.866,0.5,44.2,19068.0,2080.0,21148.0,29814.0,0,0.1851,0.415,0.0,0.04
AZ,0,City,-67.0,31292.0,0,1,3.95,91.0,Regional Comprehensive,39947.0,121.7,4,0.866,-0.5,50.0,21922.0,15732.0,37654.0,2293.0,1,0.0733,0.9426,2360.0,0.0615
MT,0,City,9754.0,41602.0,1,0,3.34,73.0,Regional Comprehensive,51338.0,104.2,9,-1.0,-0.0,70.9,24155.0,10722.0,34877.0,16461.0,1,0.3957,0.6794,6707.0,0.0833
AZ,0,Suburb,7055.0,41267.0,0,1,2.66,42.0,Regional Comprehensive,37927.0,46.3,2,0.866,0.5,92.0,11223.0,11313.0,22536.0,15391.0,0,0.373,0.5942,8336.0,0.439
GA,0,City,7114.0,57205.0,0,1,2.9,55.0,Regional Comprehensive,41644.0,446.1,11,-0.5,0.866,73.6,11464.0,12615.0,24079.0,17565.0,1,0.3071,0.5782,10451.0,0.0667
CO,0,City,3047.0,48699.0,0,1,2.55,37.0,Liberal Arts College,98413.0,86.6,3,1.0,0.0,44.8,24146.0,48590.0,72736.0,25677.0,1,0.5273,0.7391,22630.0,0.0561
IA,0,City,10258.0,54570.0,1,0,2.54,25.0,Community College,16984.0,566.4,4,0.866,-0.5,58.9,0.0,1674.0,1674.0,15310.0,1,0.2806,0.0986,5052.0,0.1224
MO,0,City,15947.0,115076.0,0,0,2.86,60.0,Regional Comprehensive,44914.0,128.4,2,0.866,0.5,47.2,14656.0,4188.0,18844.0,26070.0,1,0.2265,0.4196,10123.0,0.0946
ID,0,Town,936.0,16075.0,1,1,2.49,49.0,R2 Doctoral,64463.0,250.3,9,-1.0,-0.0,86.0,19454.0,26055.0,45509.0,18954.0,1,1.1791,0.706,18018.0,0.0909
MN,0,City,7284.0,31219.0,1,1,3.21,76.0,Liberal Arts College,75790.0,227.6,7,-0.5,-0.866,69.0,32233.0,35429.0,67662.0,8128.0,1,0.2604,0.8928,844.0,0.098
OK,0,Rural,21718.0,101961.0,0,0,2.59,48.0,Regional Comprehensive,46727.0,53.3,10,-0.866,0.5,36.7,16821.0,5217.0,22038.0,24689.0,1,0.2421,0.4716,2971.0,0.0342
CA,0,City,23795.0,93714.0,1,0,1.98,6.0,Liberal Arts College,70279.0,186.3,3,1.0,0.0,57.1,8922.0,6545.0,15467.0,54812.0,1,0.5849,0.2201,31017.0,0.1316
MD,0,City,7590.0,29374.0,1,1,3.74,71.0,Community College,16820.0,959.7,9,-1.0,-0.0,42.6,1964.0,3987.0,5951.0,10869.0,0,0.37,0.3538,3279.0,0.0431
OH,1,City,13998.0,94182.0,0,0,2.82,60.0,R2 Doctoral,32327.0,47.8,3,1.0,0.0,53.8,11729.0,2743.0,14472.0,17855.0,1,0.1896,0.4477,3857.0,0.1429
NJ,0,Town,44238.0,163627.0,0,0,3.83,71.0,Liberal Arts College,74830.0,326.4,2,0.866,0.5,72.1,30080.0,5140.0,35220.0,39610.0,0,0.2421,0.4707,0.0,0.1444
MA,0,City,12792.0,60761.0,1,0,3.35,59.0,R2 Doctoral,58253.0,262.4,12,-0.0,1.0,45.7,22900.0,6689.0,29589.0,28664.0,1,0.4717,0.5079,15872.0,0.186
HI,0,Suburb,6873.0,30463.0,1,1,2.87,78.0,R2 Doctoral,67614.0,174.9,2,0.866,0.5,67.6,26176.0,31402.0,57578.0,10036.0,0,0.3294,0.8516,3163.0,0.0678
RI,0,City,22416.0,118180.0,1,0,3.35,75.0,Liberal Arts College,71577.0,154.1,1,0.5,0.866,72.4,30435.0,10841.0,41276.0,30301.0,1,0.2564,0.5767,7885.0,0.0918
NY,0,Rural,73617.0,217639.0,0,0,3.03,58.0,R2 Doctoral,63163.0,225.1,5,0.5,-0.866,24.8,19501.0,0.0,19501.0,43662.0,0,0.2006,0.3087,0.0,0.0133
MD,0,City,199.0,33256.0,1,1,2.1,,R1 Research,80403.0,282.4,8,-0.866,-0.5,29.8,6141.0,31883.0,38024.0,42379.0,0,1.2743,0.4729,42180.0,0.0069
WI,0,Suburb,15258.0,64748.0,1,0,2.41,24.0,Regional Comprehensive,41668.0,30.6,1,0.5,0.866,58.2,10943.0,5515.0,16458.0,25210.0,0,0.3894,0.395,9952.0,0.2143
PA,0,Rural,35153.0,137987.0,0,0,2.93,63.0,Regional Comprehensive,45130.0,164.3,9,-1.0,-0.0,39.6,19742.0,1545.0,21287.0,23843.0,0,0.1728,0.4717,0.0,0.1176
TX,0,City,9516.0,68395.0,1,0,2.99,35.0,R1 Research,72367.0,104.4,12,-0.0,1.0,64.3,15613.0,12503.0,28116.0,44251.0,1,0.647,0.3885,34735.0,0.0714
CA,0,City,1788.0,17889.0,0,1,2.8,53.0,Regional Comprehensive,38760.0,84.0,4,0.866,-0.5,53.9,14440.0,14831.0,29271.0,9489.0,1,0.5304,0.7552,7701.0,0.0395
MN,0,Town,15478.0,86618.0,0,0,3.14,42.0,Regional Comprehensive,43865.0,494.0,12,-0.0,1.0,65.8,16033.0,6419.0,22452.0,21413.0,0,0.2472,0.5118,5935.0,0.1395
NC,0,City,5299.0,31109.0,1,1,1.71,,Regional Comprehensive,41208.0,58.7,1,0.5,0.866,75.8,5378.0,12379.0,17757.0,23451.0,0,0.7538,0.4309,18152.0,0.1193
RI,0,City,6431.0,25212.0,0,1,2.71,24.0,Regional Comprehensive,43958.0,29.3,5,0.5,-0.866,74.7,12129.0,19124.0,31253.0,12705.0,1,0.5039,0.711,6274.0,0.1493
GA,0,Suburb,867.0,18143.0,0,1,3.58,78.0,R1 Research,70527.0,292.2,10,-0.866,0.5,45.2,24664.0,27101.0,51765.0,18762.0,0,1.0341,0.734,17895.0,0.0567
ME,0,City,37450.0,148315.0,0,0,2.8,25.0,Liberal Arts College,76476.0,28.5,3,1.0,0.0,57.0,19990.0,6678.0,26668.0,49808.0,1,0.3358,0.3487,12358.0,0.0423
OH,1,Rural,4904.0,34510.0,1,1,3.26,64.0,Community College,17488.0,4.8,10,-0.866,0.5,94.8,2344.0,5437.0,7781.0,9707.0,1,0.2813,0.4449,4803.0,0.1136
SC,0,Suburb,17479.0,80018.0,0,0,3.66,88.0,Liberal Arts College,66383.0,328.8,6,0.0,-1.0,39.4,30150.0,9855.0,40005.0,26378.0,0,0.3297,0.6026,8899.0,0.0521
CA,0,Suburb,25263.0,95497.0,0,0,3.86,90.0,R1 Research,56062.0,149.7,2,0.866,0.5,73.9,21035.0,5090.0,26125.0,29937.0,0,0.3135,0.466,4674.0,0.1636
NJ,0,City,16539.0,70722.0,0,0,2.63,47.0,Regional Comprehensive,49180.0,208.1,11,-0.5,0.866,72.0,15849.0,8484.0,24333.0,24847.0,0,0.3513,0.4948,8308.0,0.0933
SC,0,Suburb,20895.0,77927.0,0,0,3.67,83.0,R2 Doctoral,56116.0,79.6,3,1.0,0.0,69.5,23891.0,7916.0,31807.0,24309.0,0,0.3119,0.5668,3414.0,0.1346
AR,0,Suburb,7930.0,82814.0,1,1,3.26,64.0,Regional Comprehensive,49591.0,29.6,1,0.5,0.866,82.9,21254.0,20380.0,41634.0,7957.0,1,0.0961,0.8395,27.0,0.3
AL,0,City,19065.0,69524.0,0,0,2.95,52.0,Community College,18601.0,36.5,2,0.866,0.5,61.9,2010.0,0.0,2010.0,16591.0,1,0.2386,0.1081,0.0,0.096
CA,0,Rural,2596.0,36413.0,1,1,2.39,36.0,R1 Research,71794.0,95.2,9,-1.0,-0.0,68.3,13523.0,26664.0,40187.0,31607.0,0,0.868,0.5598,29011.0,0.1636
PA,0,Suburb,4262.0,34149.0,0,1,2.67,28.0,Community College,18306.0,33.3,7,-0.5,-0.866,61.4,1755.0,7508.0,9263.0,9043.0,1,0.2648,0.506,4781.0,0.0347
CA,0,Town,10436.0,58362.0,1,0,3.56,71.0,Regional Comprehensive,43324.0,174.9,6,0.0,-1.0,37.0,19144.0,4876.0,24020.0,19304.0,0,0.3308,0.5544,8868.0,0.0388
CA,0,City,5385.0,57478.0,0,1,3.15,87.0,Regional Comprehensive,46045.0,78.0,1,0.5,0.866,58.9,22987.0,13858.0,36845.0,9200.0,0,0.1601,0.8002,3815.0,0.0465
TN,0,City,14465.0,85743.0,1,0,2.3,35.0,Regional Comprehensive,43612.0,153.9,8,-0.866,-0.5,33.2,7518.0,4897.0,12415.0,31197.0,0,0.3638,0.2847,16732.0,0.029
MO,0,Town,21248.0,139133.0,0,0,3.04,73.0,Regional Comprehensive,49308.0,149.1,5,0.5,-0.866,70.6,21678.0,4656.0,26334.0,22974.0,0,0.1651,0.5341,1726.0,0.0887
CO,0,Town,16290.0,80629.0,1,0,3.11,64.0,Regional Comprehensive,51222.0,190.2,1,0.5,0.866,70.8,18998.0,8680.0,27678.0,23544.0,1,0.292,0.5404,7254.0,0.1333
OK,0,Suburb,4669.0,35107.0,0,1,3.1,49.0,R1 Research,83681.0,214.1,3,1.0,0.0,78.2,21778.0,23594.0,45372.0,38309.0,1,1.0912,0.5422,33640.0,0.2581
MD,0,City,3111.0,13090.0,1,1,2.82,44.0,R2 Doctoral,65243.0,88.3,2,0.866,0.5,45.4,15324.0,20810.0,36134.0,29109.0,0,2.2238,0.5538,25998.0,0.0423
SC,0,Town,7498.0,36184.0,0,1,3.74,60.0,Liberal Arts College,65517.0,153.7,7,-0.5,-0.866,59.2,25683.0,19131.0,44814.0,20703.0,1,0.5722,0.684,13205.0,0.0368
CA,0,City,1599.0,23908.0,1,1,3.2,80.0,Liberal Arts College,88997.0,162.3,3,1.0,0.0,67.4,38090.0,42775.0,80865.0,8132.0,0,0.3401,0.9086,6533.0,0.069
FL,0,Suburb,21500.0,37203.0,1,0,3.0,67.0,Regional Comprehensive,45391.0,15.0,6,0.0,-1.0,98.5,18020.0,6219.0,24239.0,21152.0,0,0.5686,0.534,0.0,0.101
AZ,0,Suburb,19677.0,74940.0,0,0,3.58,66.0,Community College,19251.0,249.8,11,-0.5,0.866,50.3,1450.0,0.0,1450.0,17801.0,0,0.2375,0.0753,0.0,0.0451
OR,0,City,20491.0,66887.0,0,0,1.81,20.0,R1 Research,65520.0,148.3,3,1.0,0.0,51.1,9691.0,6965.0,16656.0,48864.0,0,0.7305,0.2542,28373.0,0.0611
CA,0,City,40922.0,239879.0,0,0,2.53,46.0,Community College,18056.0,229.1,10,-0.866,0.5,55.3,0.0,0.0,0.0,18056.0,1,0.0753,0.0,0.0,0.0972
MI,0,City,16296.0,89127.0,1,0,3.17,62.0,Regional Comprehensive,35075.0,32.8,2,0.866,0.5,95.6,14242.0,4278.0,18520.0,16555.0,1,0.1857,0.528,259.0,0.0492
TN,0,Rural,42674.0,248849.0,0,0,3.48,79.0,Community College,20390.0,90.9,2,0.866,0.5,77.3,1909.0,0.0,1909.0,18481.0,1,0.0743,0.0936,0.0,0.1392
CA,0,Suburb,16501.0,105335.0,0,0,2.22,33.0,Regional Comprehensive,44080.0,40.3,1,0.5,0.866,74.5,12180.0,6913.0,19093.0,24987.0,1,0.2372,0.4331,8486.0,0.1746
IL,0,Suburb,24033.0,137545.0,0,0,2.69,48.0,Liberal Arts College,71814.0,276.9,7,-0.5,-0.866,53.2,20901.0,12327.0,33228.0,38586.0,0,0.2805,0.4627,14553.0,0.1061
UT,0,Rural,26095.0,48610.0,1,0,2.16,25.0,Community College,22338.0,29.0,8,-0.866,-0.5,56.5,1492.0,0.0,1492.0,20846.0,0,0.4288,0.0668,0.0,0.0891
TN,0,Suburb,848.0,29038.0,0,1,3.8,87.0,Community College,19024.0,47.8,1,0.5,0.866,89.7,2445.0,6689.0,9134.0,9890.0,0,0.3406,0.4801,9042.0,0.1587
FL,0,Suburb,9183.0,45558.0,0,0,2.16,16.0,R1 Research,63682.0,222.0,11,-0.5,0.866,46.3,8294.0,9143.0,17437.0,46245.0,1,1.0151,0.2738,37062.0,0.028
OR,0,Suburb,6108.0,62408.0,0,1,3.22,75.0,Liberal Arts College,76822.0,65.4,3,1.0,0.0,52.0,31616.0,25159.0,56775.0,20047.0,1,0.3212,0.739,13939.0,0.0411
PA,0,Suburb,8600.0,40044.0,1,1,3.49,99.0,Regional Comprehensive,52707.0,47.8,6,0.0,-1.0,32.1,27892.0,20994.0,48886.0,3821.0,1,0.0954,0.9275,0.0,0.0506
OR,0,Suburb,1727.0,30613.0,0,1,3.47,58.0,R2 Doctoral,55216.0,328.3,10,-0.866,0.5,26.7,19253.0,20913.0,40166.0,15050.0,1,0.4916,0.7274,13323.0,0.0429
NY,0,Rural,24757.0,84976.0,0,0,3.79,85.0,Liberal Arts College,85074.0,342.7,4,0.866,-0.5,80.6,39199.0,13965.0,53164.0,31910.0,0,0.3755,0.6249,7153.0,0.1471
VA,0,Town,2254.0,30519.0,1,1,2.98,46.0,Regional Comprehensive,41754.0,270.4,10,-0.866,0.5,22.2,14585.0,16787.0,31372.0,10382.0,1,0.3402,0.7514,8128.0,0.0122
IL,0,Suburb,3375.0,20866.0,0,1,3.69,88.0,Regional Comprehensive,47225.0,308.9,8,-0.866,-0.5,85.5,22416.0,22476.0,44864.0,2361.0,1,0.1132,0.95,0.0,0.1683
FL,0,Suburb,-1500.0,28060.0,1,1,3.36,74.0,Liberal Arts College,79060.0,99.4,3,1.0,0.0,60.4,33398.0,34815.0,68213.0,10847.0,0,0.3866,0.8628,12347.0,0.0667
CT,0,Rural,12299.0,53171.0,1,0,3.33,69.0,Community College,19004.0,102.2,3,1.0,0.0,71.6,2412.0,1141.0,3553.0,15451.0,0,0.2906,0.187,3152.0,0.1233
TX,0,City,5257.0,30839.0,1,1,3.28,58.0,Regional Comprehensive,42802.0,64.2,6,0.0,-1.0,81.4,13623.0,19551.0,33174.0,9628.0,1,0.3122,0.7751,4371.0,0.2222
CA,0,Town,7031.0,53411.0,0,1,3.37,63.0,Regional Comprehensive,43727.0,151.1,10,-0.866,0.5,43.9,18533.0,17116.0,35649.0,8078.0,0,0.1512,0.8153,1047.0,0.125
PA,0,City,22627.0,96986.0,0,0,3.03,46.0,Regional Comprehensive,36513.0,72.8,12,-0.0,1.0,63.7,15176.0,2684.0,17860.0,18653.0,0,0.1923,0.4891,0.0,0.0962
MO,0,Town,24809.0,95187.0,0,0,3.52,52.0,Liberal Arts College,60858.0,80.4,1,0.5,0.866,44.4,22279.0,6007.0,28286.0,32572.0,1,0.3422,0.4648,7763.0,0.2222
SC,0,Town,14291.0,39113.0,0,0,2.86,66.0,Community College,15106.0,237.9,5,0.5,-0.866,47.7,2010.0,190.0,2200.0,12906.0,0,0.33,0.1456,0.0,0.0769
WY,0,Suburb,4541.0,24616.0,0,1,1.97,25.0,R2 Doctoral,46847.0,439.5,11,-0.5,0.866,61.7,7278.0,18499.0,25777.0,21070.0,0,0.8559,0.5502,16529.0,0.1905
NY,0,City,6464.0,41587.0,0,1,3.73,99.0,R2 Doctoral,54292.0,192.5,2,0.866,0.5,69.4,28767.0,18496.0,47263.0,7029.0,1,0.169,0.8705,565.0,0.0473
IL,0,Town,20077.0,100918.0,0,0,3.17,57.0,Regional Comprehensive,42727.0,833.7,4,0.866,-0.5,66.6,19861.0,4181.0,24042.0,18685.0,1,0.1852,0.5627,0.0,0.1569
TX,0,Suburb,21468.0,119398.0,0,0,2.68,49.0,Regional Comprehensive,40246.0,60.4,7,-0.5,-0.866,84.0,15861.0,4308.0,20169.0,20077.0,1,0.1682,0.5011,0.0,0.0465
VA,0,Suburb,24474.0,81152.0,0,0,2.79,36.0,R1 Research,82788.0,18.4,3,1.0,0.0,59.6,19695.0,9055.0,28750.0,54038.0,0,0.6659,0.3473,29564.0,0.2647
VT,0,Suburb,30872.0,149497.0,0,0,2.73,37.0,R1 Research,69533.0,268.3,1,0.5,0.866,91.7,12554.0,8189.0,20743.0,48790.0,1,0.3264,0.2983,17918.0,0.2105
IN,0,Suburb,47893.0,218606.0,0,0,3.34,95.0,Regional Comprehensive,48989.0,56.3,1,0.5,0.866,63.9,22826.0,305.0,23131.0,25858.0,0,0.1183,0.4722,0.0,0.102
WA,0,Suburb,11608.0,44448.0,0,0,3.42,66.0,Regional Comprehensive,38342.0,95.1,5,0.5,-0.866,70.1,20735.0,7172.0,27907.0,10435.0,1,0.2348,0.7278,0.0,0.0795
IL,0,City,37317.0,183565.0,0,0,3.83,99.0,Regional Comprehensive,46870.0,19.8,12,-0.0,1.0,66.1,25617.0,1717.0,27334.0,19536.0,0,0.1064,0.5832,0.0,0.1364
NV,0,Suburb,15288.0,52177.0,1,0,2.73,48.0,Liberal Arts College,86799.0,49.3,1,0.5,0.866,57.7,25246.0,14024.0,39270.0,47529.0,0,0.9109,0.4524,32241.0,0.0571
NC,0,Rural,21176.0,131175.0,0,0,3.62,60.0,Regional Comprehensive,46771.0,26.2,4,0.866,-0.5,63.9,20708.0,6762.0,27470.0,19301.0,1,0.1471,0.5873,0.0,0.1224
TX,0,City,19444.0,104838.0,1,0,1.77,7.0,Regional Comprehensive,42972.0,80.3,1,0.5,0.866,40.7,4507.0,5363.0,9870.0,33102.0,1,0.3157,0.2297,13658.0,0.0201
PA,0,Suburb,-1500.0,15162.0,1,1,3.27,70.0,Regional Comprehensive,43694.0,83.7,8,-0.866,-0.5,62.4,19216.0,15667.0,34883.0,8811.0,0,0.5811,0.7983,10311.0,0.0577
CA,0,Suburb,4460.0,31392.0,0,1,3.1,68.0,Community College,19834.0,139.3,9,-1.0,-0.0,56.9,1185.0,5440.0,6625.0,13209.0,0,0.4208,0.334,8749.0,0.0704
TX,0,Rural,4387.0,26126.0,0,1,2.59,16.0,Community College,19129.0,465.7,7,-0.5,-0.866,67.1,2659.0,4075.0,6734.0,12395.0,1,0.4744,0.352,8008.0,0.0704
CA,0,Suburb,-437.0,17447.0,1,1,3.97,79.0,Liberal Arts College,87869.0,257.9,6,0.0,-1.0,60.1,39876.0,45248.0,83476.0,4393.0,1,0.2518,0.95,4830.0,0.04
GA,0,Town,36663.0,118552.0,1,0,1.54,4.0,Regional Comprehensive,40740.0,23.1,10,-0.866,0.5,90.8,3080.0,633.0,3713.0,37027.0,0,0.3123,0.0911,364.0,0.1194
AZ,0,City,70414.0,279153.0,0,0,2.52,25.0,Community College,21392.0,239.9,7,-0.5,-0.866,26.8,163.0,0.0,163.0,21229.0,0,0.076,0.0076,0.0,0.0179
PA,0,Suburb,8583.0,52286.0,1,1,3.06,73.0,Regional Comprehensive,46305.0,142.5,5,0.5,-0.866,42.0,20146.0,14071.0,34217.0,12088.0,1,0.2312,0.7389,3505.0,0.025
OH,1,Rural,29113.0,116424.0,1,0,3.42,70.0,Regional Comprehensive,31871.0,33.1,7,-0.5,-0.866,44.2,13137.0,711.0,13848.0,18023.0,0,0.1548,0.4345,0.0,0.0294
WV,0,Rural,35268.0,183309.0,1,0,1.82,16.0,Community College,18534.0,123.7,1,0.5,0.866,66.1,2284.0,0.0,2284.0,16250.0,1,0.0886,0.1232,0.0,0.098
WI,0,Suburb,17488.0,73130.0,0,0,2.99,71.0,Regional Comprehensive,49755.0,157.1,2,0.866,0.5,47.9,20576.0,5113.0,25689.0,24066.0,1,0.3291,0.5163,6578.0,0.0252
MI,0,Suburb,3053.0,61807.0,0,1,3.4,54.0,Regional Comprehensive,40989.0,61.3,6,0.0,-1.0,37.2,17121.0,19905.0,37026.0,3963.0,1,0.0641,0.9033,910.0,0.0732
NY,0,Suburb,11838.0,52739.0,0,0,3.26,71.0,R1 Research,61605.0,104.6,9,-1.0,-0.0,46.5,16327.0,8492.0,24819.0,36786.0,0,0.6975,0.4029,24948.0,0.0476
UT,0,City,16951.0,92692.0,0,0,2.77,48.0,Liberal Arts College,77203.0,439.2,2,0.866,0.5,35.4,23518.0,9993.0,33511.0,43692.0,0,0.4714,0.4341,26741.0,0.0339
FL,0,Rural,31114.0,118158.0,0,0,3.47,75.0,R1 Research,65751.0,60.5,2,0.866,0.5,68.4,20058.0,7556.0,27614.0,38137.0,0,0.3228,0.42,7023.0,0.1585
NY,0,Town,17177.0,87772.0,0,0,3.88,86.0,R1 Research,74593.0,43.0,3,1.0,0.0,66.5,24519.0,9913.0,34432.0,40161.0,1,0.4576,0.4616,22984.0,0.0442
NV,0,Suburb,18984.0,85628.0,1,0,3.48,75.0,R2 Doctoral,67357.0,118.8,11,-0.5,0.866,35.0,25656.0,11284.0,36940.0,30417.0,1,0.3552,0.5484,11433.0,0.0551
MI,0,City,3843.0,60666.0,0,1,2.72,6.0,Regional Comprehensive,45326.0,38.7,3,1.0,0.0,76.7,10151.0,21657.0,31808.0,13518.0,1,0.2228,0.7018,9675.0,0.1887
WI,0,Suburb,4824.0,19992.0,1,1,3.91,99.0,Community College,19485.0,20.8,1,0.5,0.866,42.8,676.0,7711.0,8387.0,11098.0,0,0.5551,0.4304,6274.0,0.0694
VA,0,City,17951.0,120133.0,0,0,2.36,13.0,R1 Research,86186.0,88.2,10,-0.866,0.5,45.0,11106.0,17508.0,28614.0,57572.0,1,0.4792,0.332,39621.0,0.0778
MA,0,Town,5217.0,24961.0,1,1,3.43,94.0,Liberal Arts College,80786.0,579.9,3,1.0,0.0,69.1,38017.0,40094.0,76747.0,4039.0,1,0.1618,0.95,0.0,0.0391
NY,0,Suburb,18069.0,98318.0,1,0,2.24,14.0,Regional Comprehensive,49742.0,121.7,10,-0.866,0.5,59.9,7895.0,8515.0,16410.0,33332.0,0,0.339,0.3299,15263.0,0.0405
FL,0,City,15685.0,108459.0,0,0,2.08,7.0,Regional Comprehensive,43755.0,152.8,1,0.5,0.866,34.7,4234.0,4731.0,8965.0,34790.0,0,0.3208,0.2049,19105.0,0.0481
NY,0,Suburb,2965.0,27692.0,0,1,2.91,57.0,Liberal Arts College,76373.0,15.0,12,-0.0,1.0,60.9,25862.0,32495.0,58357.0,18016.0,0,0.6506,0.7641,15051.0,0.0403
TX,0,Rural,7021.0,40635.0,0,1,2.46,38.0,Regional Comprehensive,41960.0,200.7,12,-0.0,1.0,52.0,10337.0,13217.0,23554.0,18406.0,1,0.453,0.5613,11385.0,0.18
OK,0,City,83085.0,289949.0,0,0,2.95,59.0,Community College,20121.0,139.8,2,0.866,0.5,96.0,0.0,0.0,0.0,20121.0,0,0.0694,0.0,0.0,0.2889
NY,0,Suburb,16221.0,59443.0,1,0,3.3,71.0,R1 Research,76267.0,63.0,1,0.5,0.866,77.5,20883.0,11042.0,31925.0,44342.0,1,0.746,0.4186,28121.0,0.275
NJ,0,Suburb,550.0,26146.0,1,1,2.84,47.0,R2 Doctoral,60239.0,153.1,3,1.0,0.0,91.5,17552.0,26540.0,44092.0,16147.0,1,0.6176,0.732,15597.0,0.0909
MN,0,City,30353.0,112042.0,0,0,3.49,69.0,Community College,20056.0,151.5,2,0.866,0.5,44.9,3217.0,0.0,3217.0,16839.0,1,0.1503,0.1604,0.0,0.1842
MN,0,Suburb,8657.0,36086.0,0,1,3.36,76.0,R1 Research,70678.0,41.7,9,-1.0,-0.0,27.2,21041.0,22118.0,43159.0,27519.0,1,0.7626,0.6106,18862.0,0.0286
OH,1,Suburb,-579.0,15791.0,0,1,1.86,3.0,Community College,20359.0,52.0,1,0.5,0.866,86.7,2536.0,8040.0,10576.0,9783.0,0,0.6195,0.5195,10362.0,0.2258
GA,0,City,19087.0,91513.0,0,0,2.35,32.0,Regional Comprehensive,51606.0,445.3,1,0.5,0.866,69.1,14258.0,8150.0,22408.0,29198.0,1,0.3191,0.4342,10111.0,0.0625
AK,0,City,7302.0,32534.0,1,1,3.0,33.0,Regional Comprehensive,45557.0,99.7,6,0.0,-1.0,95.2,12114.0,17894.0,30008.0,15549.0,1,0.4779,0.6587,8247.0,0.1461
TN,0,Rural,16834.0,79321.0,0,0,3.52,78.0,Regional Comprehensive,38998.0,51.0,9,-1.0,-0.0,75.8,17459.0,3844.0,21303.0,17695.0,1,0.2231,0.5463,861.0,0.1471
AL,0,Suburb,4599.0,35062.0,1,1,3.23,65.0,R2 Doctoral,50057.0,105.2,1,0.5,0.866,86.0,14421.0,23487.0,37908.0,12149.0,1,0.3465,0.7573,7550.0,0.0833
IA,0,Suburb,29877.0,104735.0,0,0,2.66,42.0,Community College,19595.0,310.8,2,0.866,0.5,70.1,3801.0,0.0,3801.0,15794.0,1,0.1508,0.194,0.0,0.0576
MN,0,Suburb,21979.0,71834.0,0,0,3.04,79.0,Regional Comprehensive,41109.0,35.0,5,0.5,-0.866,43.8,17300.0,3549.0,20849.0,20260.0,0,0.282,0.5072,0.0,0.0316
TX,0,Town,-1500.0,9757.0,0,1,2.38,51.0,R2 Doctoral,52978.0,232.6,2,0.866,0.5,43.7,17382.0,16250.0,33632.0,19346.0,0,1.9828,0.6348,20846.0,0.0698
NJ,0,Town,20817.0,82872.0,1,0,3.71,94.0,Liberal Arts College,71687.0,62.2,6,0.0,-1.0,25.8,34430.0,11191.0,45621.0,26066.0,1,0.3145,0.6364,5249.0,0.0288
CA,0,Town,10566.0,51093.0,1,0,2.43,45.0,Liberal Arts College,80950.0,163.4,5,0.5,-0.866,53.8,22150.0,18679.0,40829.0,40121.0,0,0.7853,0.5044,29555.0,0.0755
MA,0,Suburb,44886.0,174562.0,0,0,3.15,62.0,Regional Comprehensive,52134.0,70.1,4,0.866,-0.5,59.9,21663.0,1097.0,22760.0,29374.0,0,0.1683,0.4366,0.0,0.046
NE,0,Suburb,25442.0,83663.0,0,0,2.68,47.0,Regional Comprehensive,38292.0,69.9,9,-1.0,-0.0,53.8,15016.0,2876.0,17892.0,20400.0,1,0.2438,0.4673,0.0,0.0575
MI,0,Suburb,13356.0,108492.0,0,0,2.38,37.0,Community College,21557.0,627.1,1,0.5,0.866,63.1,4645.0,2040.0,6685.0,14872.0,0,0.1371,0.3101,1516.0,0.1833
OH,1,Suburb,7136.0,37738.0,1,1,2.87,58.0,R2 Doctoral,47877.0,8.4,1,0.5,0.866,28.5,14988.0,17710.0,32698.0,15179.0,1,0.4022,0.683,8043.0,0.0405
CA,0,Suburb,9804.0,35637.0,1,0,2.75,46.0,Community College,19666.0,210.9,1,0.5,0.866,70.4,1769.0,2579.0,4348.0,15318.0,1,0.4298,0.2211,5514.0,0.1343
WV,0,City,13675.0,61792.0,0,0,2.65,49.0,Regional Comprehensive,44063.0,780.4,12,-0.0,1.0,80.4,13464.0,6405.0,19869.0,24194.0,1,0.3915,0.4509,10519.0,0.0672
CA,0,Suburb,2796.0,48550.0,0,1,2.13,23.0,Community College,20903.0,260.3,2,0.866,0.5,47.6,4124.0,6888.0,11012.0,9891.0,1,0.2037,0.5268,7095.0,0.0805
CA,0,Suburb,45969.0,164945.0,0,0,2.19,30.0,Community College,19142.0,31.3,3,1.0,0.0,35.2,2360.0,0.0,2360.0,16782.0,0,0.1017,0.1233,0.0,0.0244
FL,0,City,4464.0,56365.0,1,1,3.15,73.0,R1 Research,70547.0,33.0,2,0.866,0.5,37.6,19247.0,28487.0,47734.0,22813.0,0,0.4047,0.6766,18349.0,0.1087
CA,0,City,6078.0,26059.0,1,1,2.95,45.0,Regional Comprehensive,36856.0,57.5,8,-0.866,-0.5,49.1,13770.0,10107.0,23877.0,12979.0,1,0.4981,0.6478,6901.0,0.1045
GA,0,Town,7375.0,34688.0,0,1,2.47,37.0,Regional Comprehensive,47066.0,149.6,2,0.866,0.5,55.1,14119.0,18261.0,32380.0,14686.0,0,0.4234,0.688,7311.0,0.0843
MI,0,Suburb,34446.0,126101.0,0,0,3.15,62.0,R1 Research,84555.0,160.6,4,0.866,-0.5,63.5,21405.0,12202.0,33607.0,50948.0,1,0.404,0.3975,16502.0,0.1102
NY,0,Town,11797.0,55803.0,1,0,3.0,42.0,Regional Comprehensive,38716.0,33.3,1,0.5,0.866,80.6,12024.0,5242.0,17266.0,21450.0,1,0.3844,0.446,9653.0,0.12
CA,0,Suburb,10748.0,53696.0,0,0,2.33,48.0,Regional Comprehensive,41015.0,50.7,9,-1.0,-0.0,38.2,10547.0,6494.0,17041.0,23974.0,0,0.4465,0.4155,13226.0,0.075
CA,0,Rural,26041.0,135041.0,0,0,2.62,30.0,Community College,17823.0,54.0,12,-0.0,1.0,43.5,3144.0,0.0,3144.0,14679.0,1,0.1087,0.1764,0.0,0.0362
IL,0,Town,2528.0,32577.0,1,1,2.11,40.0,R2 Doctoral,54318.0,104.8,2,0.866,0.5,36.3,11319.0,22038.0,33357.0,20961.0,1,0.6434,0.6141,18433.0,0.0583
CA,0,City,-1500.0,12590.0,0,1,3.08,41.0,R1 Research,65534.0,1018.2,1,0.5,0.866,73.0,12736.0,23372.0,36108.0,29426.0,0,2.3373,0.551,30926.0,0.1633
IN,0,Rural,4960.0,34062.0,0,1,1.93,,Regional Comprehensive,50698.0,47.6,2,0.866,0.5,54.8,9280.0,22820.0,32100.0,18598.0,1,0.546,0.6332,13638.0,0.0522
TX,0,City,11647.0,74930.0,0,0,3.56,72.0,R2 Doctoral,67960.0,45.4,1,0.5,0.866,58.4,26881.0,14670.0,41551.0,26409.0,1,0.3524,0.6114,14762.0,0.1212
NY,0,Suburb,7807.0,52594.0,0,1,2.64,46.0,Community College,19548.0,38.6,11,-0.5,0.866,77.1,0.0,5048.0,5048.0,14500.0,0,0.2757,0.2582,6693.0,0.0568
IL,0,Town,-1500.0,20465.0,0,1,2.8,52.0,R1 Research,66006.0,246.9,12,-0.0,1.0,54.6,16335.0,19974.0,36309.0,29697.0,0,1.4511,0.5501,31197.0,0.021
OH,1,Suburb,31416.0,130818.0,0,0,2.77,63.0,Regional Comprehensive,31712.0,35.1,2,0.866,0.5,92.2,8961.0,62.0,9023.0,22689.0,1,0.1734,0.2845,0.0,0.2812
CA,0,Suburb,14821.0,70807.0,0,0,3.25,54.0,Regional Comprehensive,39941.0,49.4,8,-0.866,-0.5,69.7,14129.0,6942.0,21071.0,18870.0,0,0.2665,0.5276,4049.0,0.0744
CA,0,Suburb,11875.0,83291.0,1,0,2.54,50.0,Community College,18463.0,86.6,8,-0.866,-0.5,52.6,2408.0,1659.0,4067.0,14396.0,0,0.1728,0.2203,2521.0,0.0595
OR,0,City,10807.0,85146.0,1,0,3.28,44.0,Community College,20358.0,55.2,9,-1.0,-0.0,39.3,2766.0,2372.0,5138.0,15220.0,0,0.1788,0.2524,4413.0,0.0588
CA,0,City,1762.0,24712.0,0,1,2.22,13.0,Community College,20627.0,172.9,1,0.5,0.866,59.7,13.0,8141.0,8154.0,12473.0,1,0.5047,0.3953,10711.0,0.0407
NC,0,City,15109.0,78282.0,0,0,3.12,56.0,Regional Comprehensive,47493.0,2122.7,10,-0.866,0.5,72.8,16046.0,5761.0,21807.0,25686.0,1,0.3281,0.4592,10577.0,0.0451
NC,0,City,22428.0,120978.0,0,0,2.82,34.0,Regional Comprehensive,42871.0,225.9,3,1.0,0.0,35.8,15362.0,3451.0,18813.0,24058.0,0,0.1989,0.4388,1630.0,0.0338
NY,0,Suburb,31449.0,143061.0,1,0,2.72,51.0,R1 Research,73149.0,114.9,10,-0.866,0.5,47.6,18739.0,8385.0,27124.0,46025.0,0,0.3217,0.3708,14576.0,0.1579
OH,1,Suburb,15443.0,105800.0,0,0,2.94,44.0,Community College,18112.0,18.2,2,0.866,0.5,46.7,1334.0,387.0,1721.0,16391.0,0,0.1549,0.095,948.0,0.0308
MN,0,Suburb,13911.0,91076.0,0,0,2.17,36.0,Community College,21186.0,30.9,11,-0.5,0.866,46.0,1509.0,1929.0,3438.0,17748.0,0,0.1949,0.1623,3837.0,0.0244
KY,0,Suburb,2433.0,18017.0,0,1,2.37,42.0,R2 Doctoral,58479.0,273.8,2,0.866,0.5,68.9,13223.0,18709.0,31932.0,26547.0,0,1.4734,0.546,24114.0,0.1068
FL,0,City,8352.0,62271.0,0,1,2.99,46.0,Regional Comprehensive,52445.0,258.6,1,0.5,0.866,66.2,17457.0,18791.0,36248.0,16197.0,1,0.2601,0.6912,7845.0,0.0978
NY,0,City,5630.0,31611.0,0,1,3.08,53.0,Regional Comprehensive,46461.0,77.7,1,0.5,0.866,65.8,17153.0,18798.0,35951.0,10510.0,0,0.3325,0.7738,4880.0,0.0909
FL,0,Town,38427.0,158445.0,0,0,3.6,77.0,Regional Comprehensive,41138.0,453.0,2,0.866,0.5,36.7,20541.0,504.0,21045.0,20093.0,1,0.1268,0.5116,0.0,0.1
NC,0,Rural,32461.0,142041.0,0,0,3.32,85.0,Regional Comprehensive,39541.0,129.5,3,1.0,0.0,73.6,16238.0,1848.0,18086.0,21455.0,0,0.151,0.4574,0.0,0.0424
IN,0,Suburb,11159.0,31749.0,0,0,2.89,39.0,Regional Comprehensive,45704.0,285.8,8,-0.866,-0.5,74.3,14927.0,5032.0,19959.0,25745.0,0,0.8109,0.4367,14586.0,0.1163
FL,0,City,14453.0,60894.0,0,0,3.2,32.0,Liberal Arts College,53666.0,172.9,1,0.5,0.866,58.4,18025.0,9618.0,27643.0,26023.0,1,0.4273,0.5151,11570.0,0.0541
NY,0,Town,12452.0,75277.0,1,0,3.77,79.0,Regional Comprehensive,43160.0,105.2,2,0.866,0.5,49.7,20593.0,6251.0,26844.0,16316.0,1,0.2167,0.622,3864.0,0.0682
MS,0,Rural,33191.0,120399.0,0,0,3.21,51.0,R1 Research,66714.0,46.5,5,0.5,-0.866,73.8,15004.0,5703.0,20707.0,46007.0,1,0.3821,0.3104,12816.0,0.0667
CA,0,Suburb,-1164.0,18837.0,0,1,2.4,12.0,R2 Doctoral,51164.0,108.7,8,-0.866,-0.5,80.5,10525.0,18991.0,29516.0,21648.0,0,1.1492,0.5769,22812.0,0.1923
GA,0,City,1641.0,12824.0,1,1,3.86,87.0,R1 Research,73224.0,306.7,7,-0.5,-0.866,68.2,23715.0,22442.0,46157.0,27067.0,0,2.1107,0.6304,25426.0,0.1
MO,0,City,7931.0,64697.0,0,1,2.32,14.0,Regional Comprehensive,40319.0,74.3,8,-0.866,-0.5,43.4,6183.0,9024.0,15207.0,25112.0,1,0.3881,0.3772,17181.0,0.1017
TX,0,Suburb,-833.0,10172.0,0,1,1.72,11.0,Regional Comprehensive,37868.0,201.1,9,-1.0,-0.0,36.5,2951.0,17634.0,20585.0,17283.0,0,1.6991,0.5436,18116.0,0.0561
CA,0,Rural,22442.0,70557.0,0,0,3.49,58.0,R1 Research,76362.0,40.6,1,0.5,0.866,73.0,21651.0,7707.0,29358.0,47004.0,0,0.6662,0.3845,24562.0,0.1379
TX,0,Suburb,23553.0,96412.0,0,0,4.0,99.0,Regional Comprehensive,43324.0,287.4,2,0.866,0.5,33.7,22476.0,5465.0,27941.0,15383.0,1,0.1596,0.6449,0.0,0.0163
AR,0,Suburb,26040.0,153273.0,0,0,2.78,60.0,Community College,19822.0,176.0,11,-0.5,0.866,28.7,0.0,0.0,0.0,19822.0,0,0.1293,0.0,0.0,0.0213
CA,0,Suburb,7266.0,40205.0,1,1,3.05,47.0,Community College,19420.0,35.9,7,-0.5,-0.866,65.2,2161.0,6558.0,8719.0,10701.0,0,0.2662,0.449,3435.0,0.3
TX,0,Town,18591.0,70689.0,1,0,3.08,48.0,Regional Comprehensive,47357.0,100.1,12,-0.0,1.0,85.1,15097.0,7743.0,22840.0,24517.0,0,0.3468,0.4823,5926.0,0.1556
CA,0,Suburb,18819.0,100618.0,0,0,3.28,63.0,R1 Research,73862.0,336.9,12,-0.0,1.0,73.6,21100.0,10849.0,31949.0,41913.0,1,0.4166,0.4325,23094.0,0.0709
CA,0,Town,3683.0,26997.0,0,1,3.31,76.0,Liberal Arts College,82758.0,33.8,1,0.5,0.866,69.6,35263.0,35115.0,70378.0,12380.0,1,0.4586,0.8504,8697.0,0.0719
AZ,0,Suburb,23028.0,121668.0,1,0,2.44,28.0,R1 Research,87193.0,41.2,5,0.5,-0.866,25.6,14697.0,12679.0,27376.0,59817.0,0,0.4916,0.314,36789.0,0.0282
FL,0,Suburb,20671.0,76690.0,0,0,3.75,68.0,Community College,19815.0,117.8,9,-1.0,-0.0,11.4,1455.0,0.0,1455.0,18360.0,0,0.2394,0.0734,0.0,0.0079
VA,0,Suburb,8588.0,40704.0,1,1,2.68,24.0,Regional Comprehensive,47491.0,1190.2,6,0.0,-1.0,59.2,13392.0,21149.0,34541.0,12950.0,0,0.3182,0.7273,4362.0,0.0933
VA,0,Suburb,24094.0,69689.0,1,0,2.19,24.0,R2 Doctoral,56634.0,62.5,1,0.5,0.866,98.6,8555.0,8538.0,17093.0,39541.0,1,0.5674,0.3018,15447.0,0.178
KY,0,Rural,9158.0,56936.0,1,0,3.67,71.0,R1 Research,54917.0,213.1,6,0.0,-1.0,46.2,18547.0,8228.0,26775.0,28142.0,1,0.4943,0.4876,18984.0,0.1667
CA,0,Suburb,20027.0,110377.0,0,0,2.78,50.0,Liberal Arts College,75596.0,166.5,3,1.0,0.0,76.5,23352.0,10041.0,33393.0,42203.0,1,0.3824,0.4417,22176.0,0.1579
OR,0,Suburb,2655.0,48556.0,1,1,3.13,32.0,R1 Research,84053.0,68.2,5,0.5,-0.866,68.8,17345.0,38049.0,55394.0,28659.0,1,0.5902,0.659,26004.0,0.0841
AZ,0,Suburb,11628.0,74125.0,1,0,3.8,92.0,Regional Comprehensive,47167.0,150.1,9,-1.0,-0.0,49.3,25428.0,5948.0,31376.0,15791.0,1,0.213,0.6652,4163.0,0.0633
TX,0,Suburb,8692.0,40253.0,1,1,2.77,42.0,R1 Research,67617.0,79.2,1,0.5,0.866,59.4,16100.0,26043.0,42143.0,25474.0,1,0.6328,0.6233,16782.0,0.1125
CO,0,Suburb,7701.0,32040.0,1,1,3.48,50.0,Community College,19920.0,87.0,2,0.866,0.5,35.6,2689.0,4062.0,6751.0,13169.0,1,0.411,0.3389,5468.0,0.1364
OR,0,Town,19919.0,71218.0,1,0,3.68,86.0,Liberal Arts College,65851.0,22.1,1,0.5,0.866,74.7,29941.0,8803.0,38744.0,27107.0,1,0.3806,0.5884,7188.0,0.0629
FL,0,Suburb,4481.0,33002.0,1,1,3.62,85.0,R1 Research,78191.0,123.5,5,0.5,-0.866,51.4,26756.0,24640.0,51396.0,26795.0,0,0.8119,0.6573,22314.0,0.0649
AR,0,Suburb,21824.0,112018.0,0,0,2.52,26.0,Regional Comprehensive,42802.0,325.7,1,0.5,0.866,78.1,12472.0,4163.0,16635.0,26167.0,0,0.2336,0.3887,4343.0,0.1493
GA,0,Suburb,23141.0,96414.0,1,0,2.79,55.0,Regional Comprehensive,45758.0,134.6,2,0.866,0.5,61.8,17715.0,4692.0,22407.0,23351.0,1,0.2422,0.4897,210.0,0.2321
WA,0,City,2949.0,36283.0,1,1,3.44,54.0,R1 Research,62818.0,398.2,8,-0.866,-0.5,55.2,16879.0,27283.0,44162.0,18656.0,1,0.5142,0.703,15707.0,0.1667
RI,0,Suburb,19934.0,73418.0,0,0,2.71,14.0,Regional Comprehensive,45963.0,233.0,1,0.5,0.866,24.7,10974.0,5291.0,16265.0,29698.0,1,0.4045,0.3539,9764.0,0.0
PA,0,Suburb,5996.0,36164.0,1,1,2.76,44.0,Regional Comprehensive,34182.0,119.0,2,0.866,0.5,71.1,11462.0,14295.0,25757.0,8425.0,1,0.233,0.7535,2429.0,0.1136
AL,0,Suburb,2419.0,19829.0,1,1,3.19,51.0,R2 Doctoral,53396.0,65.5,8,-0.866,-0.5,69.7,18050.0,15231.0,33281.0,20115.0,0,1.0144,0.6233,17696.0,0.1404
NY,0,Town,5803.0,40946.0,0,1,2.47,19.0,Community College,17082.0,76.0,9,-1.0,-0.0,78.3,912.0,4223.0,5135.0,11947.0,1,0.2918,0.3006,6144.0,0.064
SC,0,Town,20043.0,60704.0,1,0,2.51,44.0,R2 Doctoral,51611.0,27.1,8,-0.866,-0.5,45.3,13502.0,8299.0,21801.0,29810.0,0,0.4911,0.4224,9767.0,0.0247
WA,0,Town,16218.0,91621.0,0,0,3.39,73.0,Liberal Arts College,42569.0,95.7,5,0.5,-0.866,64.0,17763.0,3888.0,21651.0,20918.0,1,0.2283,0.5086,4700.0,0.1296
FL,0,Suburb,10711.0,70096.0,1,0,3.15,82.0,Community College,17268.0,147.7,7,-0.5,-0.866,68.6,191.0,1640.0,1831.0,15437.0,1,0.2202,0.106,4726.0,0.0714
OH,1,Suburb,26316.0,120998.0,0,0,3.64,85.0,R1 Research,60317.0,222.2,6,0.0,-1.0,35.3,19074.0,4764.0,23838.0,36479.0,1,0.3015,0.3952,10163.0,0.1159
NY,0,Town,4442.0,31056.0,0,1,1.91,21.0,R1 Research,63920.0,220.7,4,0.866,-0.5,48.8,9756.0,22609.0,32365.0,31555.0,1,1.0161,0.5063,27113.0,0.0896
CA,0,Suburb,9568.0,47991.0,0,0,3.0,44.0,Liberal Arts College,81580.0,51.1,3,1.0,0.0,39.6,28337.0,18653.0,46990.0,34590.0,1,0.7208,0.576,25022.0,0.0284
CA,0,Suburb,46669.0,205653.0,0,0,2.7,16.0,Regional Comprehensive,49022.0,28.0,1,0.5,0.866,42.9,11666.0,397.0,12063.0,36959.0,0,0.1797,0.2461,0.0,0.0938
PA,0,Suburb,7088.0,15672.0,1,1,3.41,96.0,Community College,19721.0,102.0,10,-0.866,0.5,51.6,2813.0,3987.0,6800.0,12921.0,0,0.8245,0.3448,5833.0,0.1373
CA,0,Town,6215.0,45460.0,1,1,3.21,69.0,Regional Comprehensive,46703.0,297.1,4,0.866,-0.5,51.6,18972.0,14367.0,33339.0,13364.0,0,0.294,0.7139,7149.0,0.1591
TX,0,City,4607.0,29101.0,1,1,3.76,99.0,Community College,19652.0,100.5,9,-1.0,-0.0,59.3,0.0,5701.0,5701.0,13951.0,0,0.4794,0.2901,9344.0,0.0417
MD,0,Suburb,2526.0,54683.0,0,1,2.81,32.0,R2 Doctoral,59233.0,223.8,3,1.0,0.0,72.3,17011.0,25337.0,42348.0,16885.0,1,0.3088,0.7149,14359.0,0.1594
MO,0,City,12874.0,46037.0,1,0,3.16,74.0,Regional Comprehensive,41938.0,104.8,5,0.5,-0.866,73.9,17019.0,5956.0,22975.0,18963.0,0,0.4119,0.5478,6089.0,0.098
MD,0,Suburb,23819.0,97105.0,1,0,1.83,14.0,Community College,16833.0,269.0,12,-0.0,1.0,71.1,0.0,0.0,0.0,16833.0,0,0.1733,0.0,0.0,0.1833
NY,0,Suburb,15040.0,75658.0,1,0,2.59,53.0,R1 Research,64436.0,23.7,1,0.5,0.866,62.0,14811.0,13090.0,27901.0,36535.0,1,0.4829,0.433,21495.0,0.069
UT,0,Suburb,11657.0,24587.0,0,0,3.17,69.0,Regional Comprehensive,47985.0,682.8,2,0.866,0.5,52.6,20156.0,9440.0,29596.0,18389.0,1,0.7479,0.6168,6732.0,0.1132
VA,0,Suburb,9786.0,41214.0,0,0,3.16,58.0,Regional Comprehensive,41153.0,39.4,2,0.866,0.5,39.7,19194.0,7998.0,27192.0,13961.0,0,0.3387,0.6608,4175.0,0.0634
TX,0,Rural,11630.0,62939.0,1,0,2.01,21.0,Regional Comprehensive,43623.0,291.6,11,-0.5,0.866,70.4,9543.0,8033.0,17576.0,26047.0,0,0.4138,0.4029,14417.0,0.0631
TX,0,Town,18285.0,107190.0,0,0,2.59,35.0,R1 Research,68043.0,95.2,1,0.5,0.866,80.4,15185.0,9554.0,24739.0,43304.0,1,0.404,0.3636,25019.0,0.0682
IN,0,Suburb,73933.0,362844.0,0,0,3.69,92.0,Regional Comprehensive,45738.0,112.2,10,-0.866,0.5,77.3,24980.0,0.0,24980.0,20758.0,1,0.0572,0.5462,0.0,0.1215
TX,0,Rural,11367.0,104403.0,1,0,2.9,41.0,Regional Comprehensive,47752.0,98.4,1,0.5,0.866,72.5,14450.0,6170.0,20620.0,27132.0,0,0.2599,0.4318,15765.0,0.2273
NC,0,Suburb,40.0,30364.0,1,1,2.83,39.0,Regional Comprehensive,47752.0,165.7,12,-0.0,1.0,48.5,18687.0,24917.0,43604.0,4148.0,1,0.1366,0.9131,4108.0,0.0822
SD,0,Town,11911.0,58831.0,0,0,3.58,75.0,R1 Research,55790.0,204.8,1,0.5,0.866,43.2,19787.0,11424.0,31211.0,24579.0,0,0.4178,0.5594,12668.0,0.1591
CA,0,City,12336.0,71704.0,0,0,3.55,84.0,Regional Comprehensive,46498.0,385.0,1,0.5,0.866,38.7,23626.0,8209.0,31835.0,14663.0,0,0.2045,0.6847,2327.0,0.0588
CA,0,City,11762.0,43306.0,1,0,2.65,42.0,Regional Comprehensive,44732.0,555.7,11,-0.5,0.866,22.5,15457.0,8207.0,23664.0,21068.0,0,0.4865,0.529,9306.0,0.0164
ND,0,Suburb,13501.0,88308.0,1,0,2.79,43.0,Regional Comprehensive,45721.0,179.5,11,-0.5,0.866,76.3,15118.0,8709.0,23827.0,21894.0,1,0.2479,0.5211,8393.0,0.2462
VA,0,City,-1500.0,12266.0,0,1,3.22,77.0,Community College,18124.0,766.0,3,1.0,0.0,67.9,2756.0,9830.0,12586.0,5538.0,0,0.4515,0.6944,7038.0,0.0875
TX,0,Suburb,34174.0,93739.0,0,0,3.57,84.0,R1 Research,64678.0,139.7,5,0.5,-0.866,100.0,21962.0,6865.0,28827.0,35851.0,1,0.3825,0.4457,1677.0,0.2115
UT,0,City,-1500.0,44667.0,1,1,2.87,44.0,Community College,21384.0,392.7,1,0.5,0.866,64.6,5250.0,12371.0,17621.0,3763.0,0,0.0842,0.824,5263.0,0.0778
CT,0,Suburb,9457.0,58163.0,0,0,3.4,57.0,Community College,18457.0,198.7,12,-0.0,1.0,53.9,4059.0,1773.0,5832.0,12625.0,1,0.2171,0.316,3168.0,0.0068
MI,0,City,36797.0,180831.0,0,0,2.85,47.0,Regional Comprehensive,50430.0,71.2,10,-0.866,0.5,61.2,16910.0,3548.0,20458.0,29972.0,1,0.1657,0.4057,0.0,0.0708
AZ,0,City,3145.0,25380.0,1,1,3.29,58.0,Regional Comprehensive,44794.0,153.3,10,-0.866,0.5,69.5,18149.0,19764.0,37913.0,6881.0,1,0.2711,0.8464,3736.0,0.1714
FL,0,Rural,15346.0,76600.0,0,0,2.88,40.0,R2 Doctoral,55880.0,214.9,10,-0.866,0.5,42.5,12826.0,10910.0,23736.0,32144.0,1,0.4196,0.4248,16798.0,0.0738
CA,0,Suburb,32023.0,111483.0,0,0,2.56,48.0,Regional Comprehensive,41821.0,122.5,4,0.866,-0.5,59.3,13504.0,1708.0,15212.0,26609.0,1,0.2387,0.3637,0.0,0.1622
VA,0,Rural,14849.0,71157.0,0,0,3.44,86.0,Community College,18928.0,195.5,2,0.866,0.5,75.8,3686.0,777.0,4463.0,14465.0,1,0.2033,0.2358,0.0,0.0828
NY,0,Suburb,-406.0,19688.0,0,1,2.62,40.0,R1 Research,80205.0,314.3,12,-0.0,1.0,81.5,16591.0,30742.0,47333.0,32872.0,0,1.6696,0.5902,33278.0,0.0918
TN,0,City,28608.0,166423.0,0,0,3.64,79.0,Community College,18651.0,123.6,3,1.0,0.0,44.5,2984.0,0.0,2984.0,15667.0,0,0.0941,0.16,0.0,0.0684
LA,0,Suburb,13600.0,54059.0,0,0,1.82,,Regional Comprehensive,45892.0,15.0,12,-0.0,1.0,56.4,5062.0,6994.0,12056.0,33836.0,0,0.6259,0.2627,20236.0,0.1639
CA,0,Suburb,4684.0,43052.0,0,1,3.07,44.0,Regional Comprehensive,52281.0,738.1,2,0.866,0.5,63.6,19242.0,15510.0,34752.0,17529.0,1,0.4072,0.6647,12845.0,0.0476
WA,0,City,5715.0,50335.0,0,1,3.19,73.0,Regional Comprehensive,39570.0,92.7,5,0.5,-0.866,54.2,18628.0,12802.0,31430.0,8140.0,1,0.1617,0.7943,2425.0,0.0588
FL,0,Rural,10213.0,47804.0,0,0,2.96,37.0,R2 Doctoral,50361.0,53.4,4,0.866,-0.5,78.3,13630.0,10335.0,23965.0,26396.0,0,0.5522,0.4759,16183.0,0.3438
OK,0,Suburb,12726.0,26717.0,1,0,3.06,49.0,Regional Comprehensive,46345.0,38.9,2,0.866,0.5,100.0,16657.0,7589.0,24246.0,22099.0,1,0.8272,0.5232,9373.0,0.1304
FL,0,Town,16841.0,70881.0,1,0,3.27,57.0,Regional Comprehensive,37281.0,89.0,2,0.866,0.5,72.5,14612.0,4770.0,19382.0,17899.0,1,0.2525,0.5199,1058.0,0.0396
WA,0,Suburb,12375.0,40945.0,1,0,2.56,44.0,Regional Comprehensive,47294.0,70.2,9,-1.0,-0.0,45.5,14931.0,5502.0,20433.0,26861.0,0,0.656,0.432,14486.0,0.0221
NJ,0,Suburb,18977.0,102032.0,0,0,3.31,64.0,Regional Comprehensive,41390.0,58.4,2,0.866,0.5,36.2,18044.0,4661.0,22705.0,18685.0,1,0.1831,0.5486,0.0,0.1053
IL,0,City,19932.0,91370.0,0,0,3.41,63.0,R1 Research,67919.0,61.9,6,0.0,-1.0,57.0,16574.0,12682.0,29256.0,38663.0,1,0.4231,0.4307,18731.0,0.0577
TN,0,Rural,46039.0,202903.0,0,0,3.62,96.0,Liberal Arts College,85456.0,221.0,4,0.866,-0.5,77.1,41185.0,10467.0,51652.0,33804.0,1,0.1666,0.6044,0.0,0.0685
MD,0,Suburb,15693.0,54048.0,0,0,3.31,88.0,Regional Comprehensive,39339.0,1068.2,1,0.5,0.866,59.1,17131.0,6409.0,23540.0,15799.0,0,0.2923,0.5984,106.0,0.0139
NJ,0,City,1431.0,35301.0,1,1,2.9,56.0,Community College,14013.0,299.9,2,0.866,0.5,70.6,699.0,6493.0,7192.0,6821.0,1,0.1932,0.5132,5390.0,0.0875
CO,0,City,5507.0,21846.0,1,1,3.23,66.0,Regional Comprehensive,35459.0,411.8,2,0.866,0.5,100.0,16548.0,10639.0,27187.0,8272.0,0,0.3787,0.7667,2765.0,0.1368
RI,0,Suburb,82245.0,305348.0,0,0,3.75,77.0,R1 Research,74533.0,85.2,2,0.866,0.5,73.6,22559.0,0.0,22559.0,51974.0,0,0.1702,0.3027,0.0,0.0649
OH,1,Rural,18325.0,101389.0,0,0,2.7,43.0,Community College,21097.0,40.9,1,0.5,0.866,63.8,0.0,658.0,658.0,20439.0,0,0.2016,0.0312,2114.0,0.08
MI,0,Rural,-497.0,38233.0,1,1,3.19,47.0,Community College,16310.0,198.3,1,0.5,0.866,42.6,0.0,5646.0,5646.0,10664.0,0,0.2789,0.3462,11161.0,0.0089
CA,0,Town,36497.0,213005.0,0,0,2.76,59.0,Regional Comprehensive,49772.0,63.4,9,-1.0,-0.0,70.1,18425.0,3281.0,21706.0,28066.0,1,0.1318,0.4361,0.0,0.0917
SC,0,Rural,35698.0,167115.0,0,0,2.75,44.0,Regional Comprehensive,44683.0,81.0,2,0.866,0.5,71.9,15328.0,2090.0,17418.0,27265.0,1,0.1632,0.3898,0.0,0.0714
MI,0,Town,3528.0,23791.0,1,1,3.04,48.0,Regional Comprehensive,45147.0,310.8,11,-0.5,0.866,72.7,15851.0,17963.0,33814.0,11333.0,1,0.4764,0.749,7805.0,0.275
IL,0,Suburb,5327.0,36589.0,0,1,2.58,35.0,Community College,21291.0,398.1,1,0.5,0.866,40.2,0.0,8665.0,8665.0,12626.0,1,0.3451,0.407,7299.0,0.25
CA,0,Suburb,19647.0,57224.0,0,0,3.97,99.0,R1 Research,55877.0,136.0,9,-1.0,-0.0,55.0,19869.0,8670.0,28539.0,27338.0,1,0.4777,0.5107,7691.0,0.0667
UT,0,City,4182.0,29130.0,1,1,3.21,60.0,R1 Research,77720.0,36.1,2,0.866,0.5,76.3,23004.0,21630.0,44634.0,33086.0,0,1.1358,0.5743,28904.0,0.1414
IL,0,City,16886.0,58716.0,0,0,3.03,46.0,Community College,14359.0,92.9,6,0.0,-1.0,31.9,1611.0,0.0,1611.0,12748.0,1,0.2171,0.1122,0.0,0.0449
TN,0,Suburb,25324.0,105094.0,0,0,2.98,27.0,R1 Research,57222.0,27.9,7,-0.5,-0.866,59.8,7855.0,8221.0,16076.0,41146.0,1,0.3915,0.2809,15822.0,0.0647
TX,0,City,6999.0,23418.0,0,1,3.56,75.0,Liberal Arts College,62160.0,137.1,2,0.866,0.5,81.5,25562.0,20105.0,45667.0,16493.0,1,0.7043,0.7347,9494.0,0.0915
WV,0,Rural,15409.0,77727.0,1,0,2.73,50.0,Community College,20403.0,165.7,2,0.866,0.5,54.3,0.0,859.0,859.0,19544.0,1,0.2514,0.0421,4135.0,0.1101
TX,0,Rural,36266.0,145994.0,0,0,2.97,47.0,R2 Doctoral,59715.0,95.4,10,-0.866,0.5,73.8,16824.0,5108.0,21932.0,37783.0,1,0.2588,0.3673,1517.0,0.0781
TX,0,Suburb,11826.0,83965.0,0,0,2.91,41.0,Community College,21081.0,163.3,2,0.866,0.5,62.4,2188.0,2161.0,4349.0,16732.0,0,0.1993,0.2063,4906.0,0.14
OR,0,Town,5256.0,59609.0,1,1,1.9,,Community College,18766.0,196.3,1,0.5,0.866,68.5,520.0,5789.0,6309.0,12457.0,1,0.209,0.3362,7201.0,0.0813
NV,0,Suburb,8487.0,38908.0,1,1,3.02,51.0,Liberal Arts College,72663.0,165.9,6,0.0,-1.0,80.0,23513.0,30330.0,53843.0,18820.0,1,0.4837,0.741,10333.0,0.1471
FL,0,City,22288.0,114486.0,0,0,3.16,47.0,Regional Comprehensive,46983.0,35.9,2,0.866,0.5,49.6,19855.0,5110.0,24965.0,22018.0,0,0.1923,0.5314,0.0,0.0417
GA,0,Suburb,8532.0,26974.0,0,1,3.2,48.0,R2 Doctoral,54738.0,97.1,7,-0.5,-0.866,34.1,17255.0,23908.0,41163.0,13575.0,0,0.5033,0.752,5043.0,0.122
MD,0,City,19637.0,74968.0,0,0,3.12,53.0,Regional Comprehensive,45637.0,194.8,3,1.0,0.0,56.2,16461.0,6117.0,22578.0,23059.0,1,0.3076,0.4947,3422.0,0.0889
CT,0,Suburb,8296.0,64111.0,0,1,1.71,30.0,R1 Research,70731.0,664.8,3,1.0,0.0,66.9,10950.0,25752.0,36702.0,34029.0,0,0.5308,0.5189,25733.0,0.0986
IL,0,City,40439.0,141554.0,0,0,2.18,54.0,Regional Comprehensive,44441.0,95.2,1,0.5,0.866,69.1,14868.0,1004.0,15872.0,28569.0,1,0.2018,0.3571,0.0,0.0769
MI,0,City,6951.0,41375.0,0,1,3.26,80.0,Regional Comprehensive,53840.0,225.9,2,0.866,0.5,67.6,25297.0,13079.0,38376.0,15464.0,0,0.3738,0.7128,8513.0,0.08
WI,0,City,11238.0,43986.0,0,0,2.91,60.0,Community College,21089.0,318.6,2,0.866,0.5,48.5,6464.0,2716.0,9180.0,11909.0,0,0.2707,0.4353,671.0,0.0976
MD,0,Rural,5884.0,25741.0,1,1,3.33,42.0,R2 Doctoral,58463.0,103.1,8,-0.866,-0.5,69.1,16610.0,18943.0,35553.0,22910.0,1,0.89,0.6081,17026.0,0.117
MN,0,City,21104.0,86236.0,1,0,3.4,99.0,R1 Research,67937.0,423.1,4,0.866,-0.5,62.2,25524.0,7209.0,32733.0,35204.0,1,0.4082,0.4818,14100.0,0.1
VA,0,Suburb,12009.0,46391.0,0,0,3.22,68.0,R1 Research,71937.0,447.7,11,-0.5,0.866,81.3,22003.0,11237.0,33240.0,38697.0,1,0.8341,0.4621,26688.0,0.1383
CA,0,Suburb,4756.0,33837.0,0,1,1.78,,Community College,21283.0,539.8,1,0.5,0.866,78.8,0.0,7831.0,7831.0,13452.0,1,0.3976,0.3679,8696.0,0.375
IA,0,Suburb,10346.0,36239.0,0,0,3.79,99.0,Regional Comprehensive,45516.0,205.0,4,0.866,-0.5,69.4,25823.0,5574.0,31397.0,14119.0,0,0.3896,0.6898,3773.0,0.0588
OK,0,Suburb,19099.0,92662.0,1,0,3.95,90.0,R1 Research,67780.0,1510.2,2,0.866,0.5,62.6,22716.0,9073.0,31789.0,35991.0,0,0.3884,0.469,16892.0,0.1325
SC,0,City,-7.0,28449.0,0,1,1.95,26.0,Community College,14665.0,66.4,3,1.0,0.0,54.6,1039.0,5137.0,6176.0,8489.0,1,0.2984,0.4211,8496.0,0.1667
CA,0,Suburb,4462.0,30327.0,1,1,2.07,16.0,R1 Research,68078.0,1178.7,1,0.5,0.866,62.7,10527.0,17733.0,28260.0,39818.0,0,1.313,0.4151,35356.0,0.2
TX,0,Suburb,17661.0,120016.0,1,0,3.55,83.0,Regional Comprehensive,47776.0,283.9,2,0.866,0.5,70.9,23514.0,4854.0,28368.0,19408.0,1,0.1617,0.5938,1747.0,0.1183
WI,0,Suburb,16169.0,55848.0,0,0,3.31,76.0,Regional Comprehensive,39026.0,517.6,6,0.0,-1.0,75.9,14246.0,4792.0,19038.0,19988.0,1,0.3579,0.4878,3819.0,0.1096
CA,0,Suburb,31584.0,125232.0,0,0,2.37,42.0,Community College,22494.0,90.5,10,-0.866,0.5,28.3,3107.0,0.0,3107.0,19387.0,1,0.1548,0.1381,0.0,0.0667
ME,0,Suburb,6712.0,48594.0,0,1,3.04,73.0,Regional Comprehensive,45807.0,307.5,4,0.866,-0.5,51.1,17021.0,20344.0,37365.0,8442.0,0,0.1737,0.8157,1730.0,0.0593
IL,0,Suburb,10005.0,62893.0,0,0,2.6,42.0,Liberal Arts College,90347.0,566.9,2,0.866,0.5,84.3,24623.0,12526.0,37149.0,53198.0,1,0.8458,0.4112,43193.0,0.1818
MO,0,City,12549.0,70441.0,1,0,2.07,22.0,R1 Research,70674.0,40.5,3,1.0,0.0,54.7,11756.0,9053.0,20809.0,49865.0,1,0.7079,0.2944,37316.0,0.035
CT,0,Suburb,30944.0,170902.0,0,0,3.3,66.0,Regional Comprehensive,34788.0,106.7,4,0.866,-0.5,44.9,12871.0,710.0,13581.0,21207.0,0,0.1241,0.3904,0.0,0.066
IL,0,City,34789.0,161172.0,0,0,4.0,79.0,Regional Comprehensive,42898.0,15.0,4,0.866,-0.5,79.3,22567.0,1834.0,24401.0,18497.0,1,0.1148,0.5688,0.0,0.0784
NY,0,Suburb,27636.0,144398.0,0,0,3.66,68.0,R2 Doctoral,51568.0,105.1,9,-1.0,-0.0,64.6,18814.0,5799.0,24613.0,26955.0,0,0.1867,0.4773,0.0,0.4595
WA,0,Suburb,10108.0,40025.0,1,0,3.36,65.0,Community College,16665.0,53.8,12,-0.0,1.0,60.9,0.0,1093.0,1093.0,15572.0,0,0.3891,0.0656,5464.0,0.0918
VA,0,City,1028.0,30930.0,1,1,2.73,61.0,Regional Comprehensive,46802.0,100.8,2,0.866,0.5,76.9,16072.0,14971.0,31043.0,15759.0,1,0.5095,0.6633,14731.0,0.1667
IL,0,City,17697.0,108855.0,0,0,3.27,71.0,Regional Comprehensive,40551.0,2729.0,11,-0.5,0.866,48.7,16602.0,3988.0,20590.0,19961.0,0,0.1834,0.5078,2264.0,0.1429
WA,0,Suburb,41591.0,169612.0,0,0,3.81,85.0,R1 Research,58289.0,769.4,5,0.5,-0.866,59.8,17873.0,4420.0,22293.0,35996.0,0,0.2122,0.3825,0.0,0.0563
MS,0,Suburb,21062.0,145398.0,0,0,1.98,13.0,Liberal Arts College,69822.0,28.0,2,0.866,0.5,63.6,11452.0,10076.0,21528.0,48294.0,1,0.3322,0.3083,27232.0,0.1429
GA,0,Town,11141.0,63538.0,0,0,3.37,54.0,Regional Comprehensive,48350.0,227.1,1,0.5,0.866,56.9,19047.0,9375.0,28422.0,19928.0,0,0.3136,0.5878,8787.0,0.094
TX,0,Rural,30316.0,106300.0,0,0,2.41,21.0,Liberal Arts College,73446.0,293.2,6,0.0,-1.0,52.3,14996.0,11241.0,26237.0,47209.0,1,0.4441,0.3572,16893.0,0.131
IL,0,Rural,20217.0,107654.0,0,0,3.06,59.0,Liberal Arts College,67019.0,88.9,6,0.0,-1.0,42.5,23284.0,10857.0,34141.0,32878.0,1,0.3054,0.5094,12661.0,0.0515
IL,0,Suburb,9841.0,70069.0,1,0,3.43,71.0,Community College,17745.0,152.8,11,-0.5,0.866,48.8,3360.0,1612.0,4972.0,12773.0,0,0.1823,0.2802,2932.0,0.119
TX,0,City,13036.0,72295.0,0,0,3.78,95.0,Regional Comprehensive,49472.0,169.3,2,0.866,0.5,54.0,24472.0,9857.0,34329.0,15143.0,0,0.2095,0.6939,2107.0,0.1449
TX,0,Suburb,9413.0,67555.0,0,0,2.02,15.0,Community College,19964.0,30.8,4,0.866,-0.5,26.5,2919.0,1698.0,4617.0,15347.0,1,0.2272,0.2313,5934.0,0.0272
IN,0,Suburb,13830.0,35688.0,1,0,2.16,30.0,Regional Comprehensive,46946.0,42.9,5,0.5,-0.866,74.0,10285.0,5502.0,15787.0,31159.0,1,0.8731,0.3363,17329.0,0.1079
PA,0,Suburb,6159.0,38409.0,0,1,3.22,43.0,Liberal Arts College,80707.0,151.8,9,-1.0,-0.0,60.4,25720.0,30635.0,56355.0,24352.0,1,0.634,0.6983,18193.0,0.1379
NE,0,Suburb,-1500.0,37984.0,0,1,1.5,,Regional Comprehensive,37106.0,140.6,10,-0.866,0.5,81.4,2641.0,13279.0,15920.0,21186.0,0,0.5578,0.429,22686.0,0.114
FL,0,City,8147.0,19901.0,1,1,3.02,59.0,Community College,18435.0,60.2,8,-0.866,-0.5,36.8,301.0,5110.0,5411.0,13024.0,0,0.6544,0.2935,4877.0,0.0238
CA,0,City,20110.0,69763.0,0,0,3.38,70.0,Regional Comprehensive,49059.0,55.0,2,0.866,0.5,43.6,22972.0,5321.0,28293.0,20766.0,1,0.2977,0.5767,656.0,0.1389
WI,0,City,12436.0,61132.0,0,0,3.87,98.0,R2 Doctoral,42239.0,115.3,4,0.866,-0.5,76.9,18572.0,7853.0,26425.0,15814.0,1,0.2587,0.6256,3378.0,0.0544
CT,0,City,13906.0,108947.0,1,0,2.69,59.0,Community College,13873.0,321.3,4,0.866,-0.5,42.3,2247.0,0.0,2247.0,11626.0,1,0.1067,0.162,0.0,0.0577
NY,0,Rural,26789.0,156016.0,0,0,3.61,94.0,R2 Doctoral,48884.0,116.9,12,-0.0,1.0,52.0,22374.0,5339.0,27713.0,21171.0,0,0.1357,0.5669,0.0,0.1023
TX,0,City,35355.0,163324.0,0,0,3.33,88.0,Community College,16859.0,696.3,4,0.866,-0.5,55.7,2048.0,0.0,2048.0,14811.0,0,0.0907,0.1215,0.0,0.1212
TX,0,Suburb,37593.0,174782.0,0,0,2.56,62.0,Community College,18824.0,61.0,1,0.5,0.866,90.4,3682.0,0.0,3682.0,15142.0,0,0.0866,0.1956,0.0,0.1299
MI,0,Rural,7201.0,36494.0,0,1,2.88,46.0,Regional Comprehensive,38668.0,155.2,8,-0.866,-0.5,55.5,13066.0,16328.0,29394.0,9274.0,0,0.2541,0.7602,2073.0,0.0562
GA,0,Suburb,6026.0,22449.0,1,1,3.73,99.0,R2 Doctoral,58351.0,87.3,3,1.0,0.0,64.0,23793.0,17832.0,41625.0,16726.0,0,0.7451,0.7134,10700.0,0.068
FL,0,Suburb,22335.0,123024.0,0,0,3.07,95.0,R1 Research,91091.0,234.9,4,0.866,-0.5,64.0,28637.0,9739.0,38376.0,52715.0,1,0.4285,0.4213,30380.0,0.3077
CA,0,Suburb,36588.0,170269.0,1,0,3.08,41.0,R2 Doctoral,51912.0,55.8,8,-0.866,-0.5,45.0,18997.0,4004.0,23001.0,28911.0,1,0.1698,0.4431,0.0,0.037
NC,0,Suburb,44720.0,192975.0,0,0,3.34,60.0,Community College,15199.0,958.7,12,-0.0,1.0,43.7,1906.0,0.0,1906.0,13293.0,0,0.0689,0.1254,0.0,0.129
WV,0,Suburb,14541.0,89250.0,0,0,2.5,41.0,R2 Doctoral,52763.0,21.5,9,-1.0,-0.0,35.8,13024.0,8769.0,21793.0,30970.0,1,0.347,0.413,16429.0,0.0495
MA,0,Town,4264.0,14949.0,1,1,3.07,61.0,R2 Doctoral,58596.0,767.5,2,0.866,0.5,77.5,20985.0,27290.0,48275.0,10321.0,1,0.6904,0.8239,6057.0,0.0662
NC,0,Town,13654.0,81899.0,0,0,3.03,34.0,R1 Research,72374.0,139.3,2,0.866,0.5,74.3,17235.0,8326.0,25561.0,46813.0,1,0.5716,0.3532,33159.0,0.0732
CA,0,Town,14681.0,93894.0,1,0,2.65,29.0,Regional Comprehensive,47823.0,226.3,12,-0.0,1.0,41.7,11538.0,5740.0,17278.0,30545.0,1,0.3253,0.3613,15864.0,0.0252
FL,0,Rural,29507.0,155049.0,0,0,2.16,26.0,Regional Comprehensive,43253.0,514.5,2,0.866,0.5,57.2,9825.0,3475.0,13300.0,29953.0,1,0.1932,0.3075,446.0,0.1296
NY,0,Suburb,58095.0,176193.0,0,0,2.58,36.0,Liberal Arts College,79181.0,311.8,1,0.5,0.866,65.6,20931.0,5080.0,26011.0,53170.0,1,0.3018,0.3285,0.0,0.1207
CO,0,Town,26986.0,121168.0,0,0,2.73,53.0,Community College,25141.0,58.9,11,-0.5,0.866,28.8,358.0,0.0,358.0,24783.0,1,0.2045,0.0142,0.0,0.122
OK,0,Suburb,8463.0,41240.0,1,1,3.15,86.0,R1 Research,67419.0,237.9,3,1.0,0.0,74.6,20691.0,21246.0,41937.0,25482.0,0,0.6179,0.622,17019.0,0.1261
IA,0,Suburb,4309.0,30002.0,0,1,3.24,48.0,Regional Comprehensive,44462.0,900.3,1,0.5,0.866,43.5,16585.0,21474.0,38059.0,6403.0,0,0.2134,0.856,2094.0,0.0408
RI,0,Town,17639.0,92453.0,0,0,3.1,89.0,Regional Comprehensive,46538.0,49.9,5,0.5,-0.866,28.7,21649.0,4621.0,26270.0,20268.0,1,0.2192,0.5645,2629.0,0.0645
MT,0,Town,4895.0,35577.0,0,1,3.35,93.0,R2 Doctoral,70337.0,1171.7,3,1.0,0.0,62.0,33042.0,26649.0,59691.0,10646.0,0,0.2992,0.8486,5751.0,0.0417
NE,0,Rural,35865.0,182061.0,1,0,3.04,34.0,R2 Doctoral,60487.0,190.0,3,1.0,0.0,75.9,17263.0,4839.0,22102.0,38385.0,1,0.2108,0.3654,2520.0,0.0552
CA,0,Suburb,-1500.0,18448.0,1,1,2.8,32.0,Liberal Arts College,76966.0,80.4,5,0.5,-0.866,79.4,21103.0,32483.0,53586.0,23380.0,1,1.2673,0.6962,24880.0,0.2895
TX,0,Suburb,15135.0,94671.0,0,0,2.57,33.0,R1 Research,66878.0,49.6,12,-0.0,1.0,61.2,12391.0,10306.0,22697.0,44181.0,1,0.4667,0.3394,29046.0,0.1806
NY,0,City,28812.0,79226.0,1,0,3.39,57.0,Community College,22096.0,100.2,1,0.5,0.866,54.5,3792.0,0.0,3792.0,18304.0,1,0.231,0.1716,0.0,0.0385
NJ,0,Suburb,5926.0,54238.0,0,1,3.27,73.0,Liberal Arts College,75056.0,16.3,2,0.866,0.5,95.2,30102.0,34171.0,64273.0,10783.0,1,0.1988,0.8563,4857.0,0.1504
CA,0,Town,6725.0,32335.0,0,1,3.33,76.0,Regional Comprehensive,51374.0,81.9,10,-0.866,0.5,55.8,20800.0,19535.0,40335.0,11039.0,0,0.3414,0.7851,4314.0,0.06
KY,0,Town,1881.0,14264.0,0,1,2.55,40.0,Regional Comprehensive,43332.0,96.1,1,0.5,0.866,46.1,10842.0,17693.0,28535.0,14797.0,0,1.0374,0.6585,12916.0,0.0267
WA,0,Suburb,9752.0,42932.0,0,0,3.54,80.0,R2 Doctoral,51770.0,41.0,12,-0.0,1.0,70.3,21498.0,11423.0,32921.0,18849.0,0,0.439,0.6359,9097.0,0.0414
NJ,0,Suburb,5429.0,43478.0,0,1,3.1,57.0,R1 Research,57915.0,277.9,2,0.866,0.5,67.1,16674.0,24063.0,40737.0,17178.0,1,0.3951,0.7034,11749.0,0.0842
TX,0,Suburb,49440.0,140147.0,0,0,3.45,77.0,Liberal Arts College,81048.0,100.7,5,0.5,-0.866,95.8,34125.0,6451.0,40576.0,40472.0,0,0.2888,0.5006,0.0,0.0588
FL,0,City,5757.0,35823.0,0,1,2.02,43.0,Liberal Arts College,57796.0,65.0,1,0.5,0.866,90.6,15512.0,26118.0,41630.0,16166.0,1,0.4513,0.7203,10409.0,0.2143
TX,0,City,10723.0,87203.0,0,0,2.86,19.0,R2 Doctoral,62866.0,90.0,2,0.866,0.5,54.8,14379.0,13955.0,28334.0,34532.0,1,0.396,0.4507,23809.0,0.0909
OR,0,Rural,6523.0,24825.0,0,1,2.99,55.0,Regional Comprehensive,38042.0,184.0,4,0.866,-0.5,38.1,15760.0,10294.0,26054.0,11988.0,0,0.4829,0.6849,5465.0,0.0357
VA,0,Suburb,22692.0,88945.0,0,0,3.63,85.0,Regional Comprehensive,36312.0,136.8,12,-0.0,1.0,43.9,16390.0,2659.0,19049.0,17263.0,0,0.1941,0.5246,0.0,0.0588
MD,0,Rural,-1500.0,12567.0,1,1,3.24,63.0,R1 Research,70608.0,60.7,3,1.0,0.0,23.3,17443.0,34436.0,51879.0,18729.0,0,1.4903,0.7347,20229.0,0.0089
NY,0,City,43194.0,284535.0,0,0,3.12,64.0,R2 Doctoral,61078.0,144.6,11,-0.5,0.866,54.4,23594.0,4229.0,27823.0,33255.0,1,0.1169,0.4555,0.0,0.0631
PA,0,Town,4592.0,56865.0,0,1,2.47,50.0,R2 Doctoral,54637.0,120.1,2,0.866,0.5,79.6,12166.0,16151.0,28317.0,26320.0,1,0.4629,0.5183,21728.0,0.1842
IL,0,Suburb,-1500.0,8417.0,0,1,1.9,6.0,Community College,20638.0,38.3,1,0.5,0.866,63.2,1518.0,8916.0,10434.0,10204.0,0,1.2123,0.5056,11704.0,0.0702
CO,0,Suburb,7318.0,37542.0,1,1,3.8,99.0,R1 Research,73898.0,93.6,10,-0.866,0.5,67.3,29507.0,26419.0,55926.0,17972.0,0,0.4787,0.7568,10654.0,0.1786
CO,0,Suburb,6589.0,33507.0,0,1,2.32,10.0,R2 Doctoral,59450.0,232.8,7,-0.5,-0.866,71.3,10386.0,18729.0,29115.0,30335.0,1,0.9053,0.4897,23746.0,0.0787
TX,0,Town,3210.0,39254.0,0,1,3.19,70.0,Regional Comprehensive,51605.0,231.0,1,0.5,0.866,89.7,24124.0,16821.0,40945.0,10660.0,1,0.2716,0.7934,7450.0,0.3077
KS,0,Rural,9364.0,48410.0,1,0,3.32,67.0,R1 Research,64680.0,99.5,1,0.5,0.866,69.8,20378.0,12885.0,33263.0,31417.0,1,0.649,0.5143,22053.0,0.0746
TX,0,Suburb,8809.0,39062.0,1,1,3.15,64.0,R2 Doctoral,56280.0,257.9,10,-0.866,0.5,54.8,20674.0,23874.0,44548.0,11732.0,0,0.3003,0.7915,2923.0,0.0851
UT,0,City,4839.0,34968.0,0,1,1.51,8.0,Community College,13850.0,45.3,1,0.5,0.866,52.5,1100.0,4664.0,5764.0,8086.0,0,0.2312,0.4162,3247.0,0.0825
CA,0,City,759.0,27330.0,1,1,3.38,61.0,Community College,22151.0,46.8,3,1.0,0.0,93.8,1003.0,6035.0,7038.0,15113.0,1,0.553,0.3177,14354.0,0.3611
FL,0,Town,30618.0,113742.0,0,0,2.28,42.0,R1 Research,67969.0,97.3,10,-0.866,0.5,44.1,10527.0,6813.0,17340.0,50629.0,0,0.4451,0.2551,20011.0,0.0526
KY,0,Suburb,34236.0,149465.0,0,0,3.78,99.0,R2 Doctoral,55689.0,610.5,4,0.866,-0.5,93.4,25694.0,5212.0,30906.0,24783.0,1,0.1658,0.555,0.0,0.0816
TX,0,Suburb,12393.0,52402.0,1,0,2.63,37.0,Community College,17922.0,150.4,11,-0.5,0.866,51.9,0.0,1215.0,1215.0,16707.0,1,0.3188,0.0678,4314.0,0.11
OH,1,Suburb,15744.0,62150.0,0,0,3.55,69.0,Regional Comprehensive,27462.0,27.5,1,0.5,0.866,47.8,13204.0,3089.0,16293.0,11169.0,0,0.1797,0.5933,0.0,0.055
GA,0,Suburb,1943.0,27974.0,1,1,3.47,89.0,Regional Comprehensive,47912.0,641.1,3,1.0,0.0,72.7,27582.0,24438.0,45516.0,2396.0,0,0.0857,0.95,453.0,0.0855
FL,0,Town,14515.0,66246.0,0,0,2.69,56.0,R2 Doctoral,58763.0,93.7,1,0.5,0.866,67.2,17557.0,6993.0,24550.0,34213.0,0,0.5165,0.4178,19698.0,0.0619
MO,0,Town,18847.0,74278.0,0,0,2.61,20.0,Regional Comprehensive,42028.0,1323.9,3,1.0,0.0,31.1,10700.0,3572.0,14272.0,27756.0,1,0.3737,0.3396,8909.0,0.025
KY,0,Town,8489.0,53746.0,0,1,3.77,91.0,R1 Research,86640.0,74.1,8,-0.866,-0.5,69.1,28578.0,34254.0,62832.0,23808.0,0,0.443,0.7252,15319.0,0.1101
OK,0,Town,13471.0,83715.0,1,0,3.34,78.0,Regional Comprehensive,48366.0,43.8,11,-0.5,0.866,24.7,21944.0,7124.0,29068.0,19298.0,1,0.2305,0.601,5827.0,0.0068
PA,0,Rural,14577.0,78611.0,0,0,3.16,60.0,Community College,22761.0,106.4,1,0.5,0.866,95.5,2765.0,1465.0,4230.0,18531.0,0,0.2357,0.1858,3954.0,0.0973
MI,0,Suburb,5219.0,29467.0,0,1,2.39,51.0,Regional Comprehensive,36120.0,97.5,2,0.866,0.5,36.3,11003.0,10678.0,21681.0,14439.0,0,0.49,0.6002,9220.0,0.0851
FL,0,Rural,36235.0,148597.0,1,0,3.33,47.0,Community College,17163.0,54.3,3,1.0,0.0,70.3,2488.0,0.0,2488.0,14675.0,0,0.0988,0.145,0.0,0.0412
FL,0,City,8972.0,54203.0,0,0,3.59,49.0,Regional Comprehensive,48897.0,1946.8,2,0.866,0.5,71.7,18289.0,6984.0,25273.0,23624.0,0,0.4358,0.5169,14652.0,0.036
TX,0,Suburb,38891.0,210325.0,0,0,3.27,79.0,Regional Comprehensive,39020.0,177.0,1,0.5,0.866,80.1,17980.0,20.0,18000.0,21020.0,1,0.0999,0.4613,0.0,0.056
KS,0,Town,13368.0,85195.0,0,0,3.53,65.0,Community College,17705.0,206.3,10,-0.866,0.5,28.9,2996.0,1153.0,4149.0,13556.0,0,0.1591,0.2343,188.0,0.046
CT,0,Suburb,74974.0,260165.0,0,0,3.37,69.0,Community College,16169.0,78.0,10,-0.866,0.5,64.1,4187.0,0.0,4187.0,11982.0,0,0.0461,0.259,0.0,0.0202
MN,0,City,28840.0,146707.0,0,0,3.82,71.0,Regional Comprehensive,46337.0,69.1,1,0.5,0.866,43.5,22063.0,4559.0,26622.0,19715.0,0,0.1344,0.5745,0.0,0.029
MI,0,Suburb,22075.0,74130.0,0,0,2.8,58.0,Community College,17895.0,371.9,11,-0.5,0.866,58.3,1020.0,0.0,1020.0,16875.0,1,0.2276,0.057,0.0,0.2128
NC,0,Suburb,2785.0,37398.0,0,1,2.44,38.0,Community College,16223.0,21.8,9,-1.0,-0.0,20.7,1127.0,4159.0,5286.0,10937.0,1,0.2924,0.3258,8152.0,0.0556
MI,0,Rural,7332.0,37982.0,0,1,3.03,54.0,R2 Doctoral,65815.0,38.2,2,0.866,0.5,71.3,21389.0,27915.0,49304.0,16511.0,0,0.4347,0.7491,9179.0,0.383
MI,0,Suburb,24507.0,92391.0,1,0,3.24,48.0,Regional Comprehensive,47494.0,97.7,5,0.5,-0.866,86.7,15983.0,4648.0,20631.0,26863.0,1,0.2908,0.4344,2356.0,0.0593
OH,1,City,15382.0,69776.0,0,0,3.11,57.0,R1 Research,62804.0,151.5,3,1.0,0.0,55.9,14902.0,12755.0,27657.0,35147.0,1,0.5037,0.4404,19765.0,0.2
TX,0,Suburb,9991.0,41188.0,0,0,2.14,27.0,R1 Research,72930.0,85.5,2,0.866,0.5,63.6,11237.0,16149.0,27386.0,45544.0,0,1.1058,0.3755,35553.0,0.2308
TX,0,Suburb,14640.0,114669.0,0,0,2.68,36.0,R1 Research,78856.0,196.1,1,0.5,0.866,73.9,12253.0,11794.0,24047.0,54809.0,1,0.478,0.3049,40169.0,0.1321
NE,0,City,15685.0,64726.0,1,0,3.32,61.0,R2 Doctoral,58773.0,130.4,5,0.5,-0.866,69.3,20186.0,11240.0,31426.0,27347.0,1,0.4225,0.5347,11662.0,0.0702
NC,0,Suburb,27789.0,115161.0,1,0,3.63,79.0,Community College,14224.0,494.2,1,0.5,0.866,38.0,1344.0,0.0,1344.0,12880.0,1,0.1118,0.0945,0.0,0.1143
NE,0,Suburb,2540.0,31184.0,0,1,2.99,63.0,Regional Comprehensive,53394.0,24.0,9,-1.0,-0.0,33.6,21782.0,14204.0,35986.0,17408.0,0,0.5582,0.674,14868.0,0.2424
TX,0,City,28893.0,129265.0,0,0,3.71,87.0,Liberal Arts College,94006.0,274.4,6,0.0,-1.0,51.0,43135.0,12290.0,55425.0,38581.0,1,0.2985,0.5896,9688.0,0.0741
NJ,0,Suburb,22937.0,90284.0,0,0,3.4,85.0,Community College,17736.0,102.8,6,0.0,-1.0,60.4,1865.0,0.0,1865.0,15871.0,1,0.1758,0.1052,0.0,0.0735
TX,0,Suburb,25683.0,149082.0,0,0,3.51,73.0,Regional Comprehensive,37299.0,334.6,4,0.866,-0.5,51.6,16949.0,2670.0,19619.0,17680.0,1,0.1186,0.526,0.0,0.2075
FL,0,Town,18874.0,127230.0,0,0,2.93,66.0,Community College,16165.0,53.6,5,0.5,-0.866,60.9,801.0,0.0,801.0,15364.0,0,0.1208,0.0496,0.0,0.0552
CA,0,Suburb,7467.0,59209.0,0,1,2.88,35.0,Regional Comprehensive,40045.0,130.0,11,-0.5,0.866,72.0,10664.0,13313.0,23977.0,16068.0,0,0.2714,0.5988,8601.0,0.0865
CA,0,City,7329.0,55878.0,0,1,2.99,60.0,R2 Doctoral,57532.0,113.8,4,0.866,-0.5,53.6,17680.0,14290.0,31970.0,25562.0,1,0.4575,0.5557,18233.0,0.0508
NV,0,Rural,79721.0,227245.0,0,0,3.41,75.0,Liberal Arts College,72493.0,44.2,2,0.866,0.5,42.0,27287.0,0.0,27287.0,45206.0,0,0.1989,0.3764,0.0,0.0548
NY,0,Suburb,7264.0,51062.0,1,1,2.25,57.0,Regional Comprehensive,42076.0,33.0,7,-0.5,-0.866,70.4,12000.0,16102.0,28102.0,13974.0,0,0.2737,0.6679,6710.0,0.1062
WA,0,City,42710.0,107891.0,1,0,2.7,35.0,Liberal Arts College,82881.0,68.9,2,0.866,0.5,88.0,23153.0,9010.0,32163.0,50718.0,1,0.4701,0.3881,8008.0,0.1746
GA,0,Town,9017.0,47830.0,1,0,2.96,38.0,Regional Comprehensive,44338.0,145.2,10,-0.866,0.5,63.9,11717.0,7636.0,19353.0,24985.0,0,0.5224,0.4365,15968.0,0.1263
IL,0,City,2887.0,16472.0,1,1,2.92,42.0,Regional Comprehensive,49157.0,57.2,3,1.0,0.0,56.6,14356.0,18560.0,32916.0,16241.0,1,0.986,0.6696,13354.0,0.1538
MI,0,Town,57.0,26012.0,1,1,3.23,56.0,Regional Comprehensive,44625.0,89.6,2,0.866,0.5,62.8,16779.0,22166.0,38945.0,5680.0,1,0.2184,0.8727,5623.0,0.0696
TX,0,Town,15061.0,84311.0,0,0,3.05,62.0,Community College,23165.0,17.5,1,0.5,0.866,54.1,3715.0,1615.0,5330.0,17835.0,0,0.2115,0.2301,2774.0,0.0588
DE,0,Rural,19929.0,104278.0,0,0,3.37,53.0,Community College,24542.0,85.9,2,0.866,0.5,67.1,878.0,1122.0,2000.0,22542.0,1,0.2162,0.0815,2613.0,0.0714
AL,0,Rural,13922.0,84511.0,1,0,3.69,86.0,R1 Research,73930.0,371.2,4,0.866,-0.5,26.2,23834.0,12721.0,36555.0,37375.0,1,0.4423,0.4945,23453.0,0.0455
WI,0,City,18779.0,143643.0,0,0,2.52,37.0,Liberal Arts College,73604.0,265.7,1,0.5,0.866,64.5,21358.0,14527.0,35885.0,37719.0,1,0.2626,0.4875,18940.0,0.2703
GA,0,Town,21308.0,83425.0,1,0,3.18,74.0,R2 Doctoral,55477.0,115.7,12,-0.0,1.0,53.7,20733.0,5363.0,26096.0,29381.0,1,0.3522,0.4704,8073.0,0.0833
TX,0,Suburb,9337.0,36020.0,0,0,3.24,72.0,Liberal Arts College,87380.0,163.6,5,0.5,-0.866,75.4,36100.0,18819.0,54919.0,32461.0,0,0.9012,0.6285,23124.0,0.0923
AR,0,Suburb,16094.0,96558.0,0,0,2.43,44.0,R2 Doctoral,61106.0,53.1,8,-0.866,-0.5,30.9,13836.0,7104.0,20940.0,40166.0,1,0.416,0.3427,24072.0,0.0135
PA,0,Suburb,11106.0,71120.0,0,0,3.34,74.0,Regional Comprehensive,36329.0,697.5,1,0.5,0.866,42.1,15245.0,6845.0,22090.0,14239.0,0,0.2002,0.6081,3133.0,0.0726
CA,0,City,10345.0,41589.0,1,0,2.99,70.0,Regional Comprehensive,47406.0,1111.0,3,1.0,0.0,71.4,20918.0,9597.0,30515.0,16891.0,0,0.4061,0.6437,6546.0,0.1944
PA,0,City,14195.0,88452.0,0,0,3.13,41.0,Community College,17975.0,150.6,3,1.0,0.0,84.4,2285.0,722.0,3007.0,14968.0,0,0.1692,0.1673,773.0,0.0537
SC,0,City,8071.0,66646.0,0,1,3.53,56.0,Regional Comprehensive,46149.0,1923.8,6,0.0,-1.0,55.7,19748.0,18635.0,38383.0,7766.0,0,0.1165,0.8317,0.0,0.0725
AZ,0,City,7601.0,40717.0,0,1,3.2,62.0,Community College,18941.0,62.0,3,1.0,0.0,56.8,3275.0,3369.0,6644.0,12297.0,0,0.302,0.3508,4696.0,0.0345
WI,0,City,-509.0,55378.0,1,1,3.48,74.0,R1 Research,68213.0,34.1,2,0.866,0.5,51.8,22047.0,31288.0,53335.0,14878.0,1,0.2687,0.7819,15387.0,0.2778
SC,0,Rural,28733.0,174167.0,0,0,2.13,9.0,R2 Doctoral,45867.0,60.1,8,-0.866,-0.5,57.2,6242.0,4592.0,10834.0,35033.0,1,0.2011,0.2362,6300.0,0.1163
FL,0,Suburb,39379.0,170117.0,1,0,2.75,53.0,R2 Doctoral,46345.0,100.6,7,-0.5,-0.866,44.0,11937.0,995.0,12932.0,33413.0,1,0.1964,0.279,0.0,0.0496
AR,0,Town,6391.0,72075.0,0,1,1.77,,R2 Doctoral,54193.0,1435.9,3,1.0,0.0,37.1,4844.0,18186.0,23030.0,31163.0,0,0.4324,0.425,24772.0,0.0291
OH,1,Town,15138.0,65594.0,0,0,3.42,67.0,Regional Comprehensive,30288.0,27.3,10,-0.866,0.5,64.4,12477.0,2612.0,15089.0,15199.0,1,0.2317,0.4982,61.0,0.1089
AZ,0,Town,5361.0,22431.0,0,1,3.57,76.0,Regional Comprehensive,44612.0,51.4,1,0.5,0.866,47.1,17541.0,16006.0,33547.0,11065.0,0,0.4933,0.752,5704.0,0.2
CA,0,Suburb,26012.0,217063.0,0,0,3.47,80.0,Regional Comprehensive,46086.0,49.3,4,0.866,-0.5,72.1,22513.0,5018.0,27531.0,18555.0,1,0.0855,0.5974,0.0,0.2558
ND,0,Rural,32322.0,132742.0,1,0,3.28,59.0,Community College,16895.0,419.4,10,-0.866,0.5,57.6,3289.0,0.0,3289.0,13606.0,0,0.1025,0.1947,0.0,0.0248
NY,0,Town,23597.0,108164.0,0,0,3.54,91.0,Community College,15453.0,361.1,7,-0.5,-0.866,75.0,2467.0,0.0,2467.0,12986.0,0,0.1201,0.1596,0.0,0.064
CA,0,Town,-1500.0,12237.0,1,1,3.15,83.0,Regional Comprehensive,49349.0,76.1,4,0.866,-0.5,44.6,21535.0,20539.0,42074.0,7275.0,0,0.5945,0.8526,8775.0,0.0161
GA,0,Rural,9653.0,64826.0,0,0,2.81,68.0,Liberal Arts College,82388.0,17.7,1,0.5,0.866,77.1,29965.0,12794.0,42759.0,39629.0,1,0.6113,0.519,29976.0,0.0687
TX,0,Suburb,11616.0,57438.0,1,0,3.03,80.0,R1 Research,65498.0,38.7,1,0.5,0.866,66.9,16652.0,13713.0,30365.0,35133.0,1,0.6117,0.4636,23517.0,0.1915
TX,0,Suburb,21807.0,102912.0,0,0,3.01,69.0,Regional Comprehensive,48830.0,772.1,6,0.0,-1.0,31.7,17280.0,4304.0,21584.0,27246.0,0,0.2648,0.442,5439.0,0.1236
AZ,0,Rural,5192.0,45490.0,1,1,2.9,59.0,Community College,16438.0,261.2,3,1.0,0.0,52.0,4331.0,5340.0,9671.0,6767.0,1,0.1488,0.5883,1575.0,0.0361
IL,0,Suburb,7391.0,53272.0,0,1,2.45,24.0,Community College,19517.0,135.7,3,1.0,0.0,48.6,0.0,3904.0,3904.0,15613.0,1,0.2931,0.2,8222.0,0.1064
AR,0,Town,13306.0,98319.0,0,0,2.13,15.0,Community College,19548.0,901.6,3,1.0,0.0,68.1,2311.0,1316.0,3627.0,15921.0,1,0.1619,0.1855,2615.0,0.0347
NY,0,City,6316.0,36063.0,0,1,2.35,43.0,Regional Comprehensive,42064.0,990.4,1,0.5,0.866,45.6,14131.0,18224.0,32355.0,9709.0,1,0.2692,0.7692,3393.0,0.0185
MD,0,City,12899.0,41635.0,0,0,3.15,38.0,Community College,20195.0,122.0,4,0.866,-0.5,37.9,1893.0,1524.0,3417.0,16778.0,0,0.403,0.1692,3879.0,0.0411
GA,0,Suburb,17271.0,72345.0,1,0,2.48,52.0,R1 Research,60167.0,124.4,3,1.0,0.0,57.7,12861.0,7126.0,19987.0,40180.0,0,0.5554,0.3322,22909.0,0.0588
MA,0,City,31373.0,165001.0,0,0,3.65,72.0,Regional Comprehensive,44807.0,68.8,1,0.5,0.866,79.4,20923.0,1927.0,22850.0,21957.0,0,0.1331,0.51,0.0,0.2143
WA,0,Rural,22185.0,112656.0,1,0,3.04,50.0,Regional Comprehensive,44822.0,94.0,11,-0.5,0.866,60.0,12678.0,4955.0,17633.0,27189.0,0,0.2413,0.3934,5004.0,0.0429
GA,0,City,24102.0,136529.0,0,0,2.79,57.0,Regional Comprehensive,39959.0,26.6,4,0.866,-0.5,54.9,13373.0,3427.0,16800.0,23159.0,0,0.1696,0.4204,0.0,0.0792
NM,0,Town,10758.0,65880.0,0,0,2.01,21.0,R2 Doctoral,59725.0,26.5,2,0.866,0.5,72.4,12363.0,13116.0,25479.0,34246.0,0,0.5198,0.4266,23488.0,0.0897
PA,0,City,34693.0,184694.0,0,0,3.62,73.0,Regional Comprehensive,50001.0,20.8,7,-0.5,-0.866,39.9,23318.0,4080.0,27398.0,22603.0,1,0.1224,0.5479,0.0,0.0326
TX,0,Rural,9311.0,17968.0,0,0,3.68,69.0,R2 Doctoral,55556.0,395.6,10,-0.866,0.5,86.9,21313.0,10773.0,32086.0,23470.0,0,1.3062,0.5775,14159.0,0.1733
TN,0,Suburb,58383.0,269955.0,0,0,3.11,40.0,Liberal Arts College,77696.0,24.6,2,0.866,0.5,91.8,24003.0,2877.0,26880.0,50816.0,0,0.1882,0.346,0.0,0.1235
KY,0,City,81112.0,296341.0,0,0,3.83,58.0,Regional Comprehensive,43683.0,981.7,11,-0.5,0.866,45.3,17988.0,0.0,17988.0,25695.0,0,0.0867,0.4118,0.0,0.0682
CA,0,City,21196.0,87445.0,0,0,3.29,85.0,Regional Comprehensive,44522.0,58.8,5,0.5,-0.866,60.7,19211.0,3794.0,23005.0,21517.0,1,0.2461,0.5167,321.0,0.1455
GA,0,Suburb,14551.0,114603.0,0,0,3.94,88.0,Community College,17686.0,785.3,2,0.866,0.5,59.7,4120.0,483.0,4603.0,13083.0,0,0.1142,0.2603,0.0,0.0583
UT,0,Rural,10759.0,61245.0,0,0,1.8,,Community College,18983.0,86.4,7,-0.5,-0.866,47.7,0.0,2137.0,2137.0,16846.0,0,0.2751,0.1126,6087.0,0.0455
WI,0,Rural,7875.0,54128.0,0,1,3.77,94.0,Community College,18314.0,24.5,5,0.5,-0.866,75.5,6187.0,3373.0,9560.0,8754.0,1,0.1617,0.522,879.0,0.125
SD,0,Suburb,12821.0,40545.0,1,0,3.03,46.0,Regional Comprehensive,52278.0,487.8,11,-0.5,0.866,31.2,17541.0,9970.0,27511.0,24767.0,0,0.6109,0.5262,11946.0,0.0462
MI,0,Suburb,18210.0,60761.0,1,0,3.44,62.0,Regional Comprehensive,43890.0,552.1,10,-0.866,0.5,51.7,18890.0,4377.0,23267.0,20623.0,0,0.3394,0.5301,2413.0,0.0435
MA,0,City,14308.0,93927.0,0,0,3.54,91.0,Regional Comprehensive,40601.0,48.9,5,0.5,-0.866,68.1,23116.0,4294.0,27410.0,13191.0,1,0.1404,0.6751,0.0,0.1176
NY,0,Suburb,11019.0,85162.0,0,0,3.11,69.0,Liberal Arts College,59434.0,89.4,5,0.5,-0.866,86.9,23523.0,9963.0,33486.0,25948.0,0,0.3047,0.5634,14929.0,0.0404
NM,0,Suburb,73585.0,263117.0,0,0,3.54,78.0,Liberal Arts College,86773.0,48.9,2,0.866,0.5,86.1,35776.0,2183.0,37959.0,48814.0,1,0.1855,0.4375,0.0,0.2222
PA,0,City,16346.0,67656.0,0,0,3.38,62.0,R2 Doctoral,64474.0,111.6,8,-0.866,-0.5,43.8,21909.0,11851.0,33760.0,30714.0,0,0.454,0.5236,14368.0,0.0211
MD,0,Suburb,7010.0,21548.0,0,1,2.78,50.0,Regional Comprehensive,39590.0,141.9,9,-1.0,-0.0,41.1,10748.0,17604.0,28352.0,11238.0,0,0.5215,0.7161,4228.0,0.0526
IL,0,Rural,31251.0,205644.0,0,0,3.53,83.0,Liberal Arts College,82802.0,87.6,12,-0.0,1.0,45.0,36789.0,11289.0,48078.0,34724.0,1,0.1689,0.5806,3473.0,0.0851
NJ,0,City,5404.0,26132.0,0,1,2.95,56.0,R1 Research,76472.0,18.8,2,0.866,0.5,87.3,17206.0,24426.0,41632.0,34840.0,0,1.3332,0.5444,29436.0,0.0909
MO,0,City,2360.0,42076.0,1,1,3.28,81.0,R1 Research,71839.0,68.9,4,0.866,-0.5,71.0,21788.0,34958.0,56746.0,15093.0,1,0.3587,0.7899,12733.0,0.0909
NC,0,City,15868.0,76547.0,0,0,3.71,69.0,Community College,16126.0,265.2,12,-0.0,1.0,100.0,4200.0,48.0,4248.0,11878.0,0,0.1552,0.2634,0.0,0.2373
IA,0,City,18272.0,84997.0,1,0,3.87,85.0,Community College,20183.0,101.7,7,-0.5,-0.866,72.4,5569.0,378.0,5947.0,14236.0,1,0.1675,0.2947,0.0,0.3
OH,1,City,9800.0,22232.0,1,0,2.98,61.0,R1 Research,69571.0,26.0,2,0.866,0.5,95.8,15174.0,11200.0,26374.0,43197.0,0,1.943,0.3791,33397.0,0.1059
MA,0,Suburb,8025.0,36774.0,1,1,2.4,25.0,Community College,22435.0,47.7,1,0.5,0.866,64.7,0.0,7568.0,7568.0,14867.0,0,0.4043,0.3373,6842.0,0.0469
PA,0,City,2247.0,21673.0,0,1,3.2,75.0,Community College,20220.0,66.8,12,-0.0,1.0,37.7,2676.0,5440.0,8116.0,12104.0,0,0.5585,0.4014,9857.0,0.1277
IL,0,Town,18952.0,98482.0,0,0,3.75,99.0,R1 Research,79563.0,556.3,6,0.0,-1.0,100.0,28608.0,9004.0,37612.0,41951.0,0,0.426,0.4727,22999.0,0.1624
OH,1,Rural,27983.0,147566.0,0,0,2.12,22.0,R1 Research,41396.0,11.1,10,-0.866,0.5,30.5,3788.0,2497.0,6285.0,35111.0,1,0.2379,0.1518,7128.0,0.1154
TX,0,Rural,1444.0,26115.0,0,1,2.48,40.0,Regional Comprehensive,47599.0,270.1,1,0.5,0.866,67.4,13362.0,20988.0,34350.0,13249.0,1,0.5073,0.7217,11805.0,0.0438
CA,0,Suburb,28652.0,128911.0,0,0,2.59,37.0,Liberal Arts College,82920.0,133.1,5,0.5,-0.866,61.0,21956.0,7978.0,29934.0,52986.0,1,0.411,0.361,24334.0,0.0986
TN,0,City,44230.0,123027.0,1,0,3.77,80.0,Regional Comprehensive,43416.0,163.8,11,-0.5,0.866,46.8,20907.0,0.0,20907.0,22509.0,0,0.183,0.4816,0.0,0.0517
MA,0,City,6558.0,39162.0,1,1,3.01,72.0,Community College,19162.0,58.7,5,0.5,-0.866,69.3,4135.0,6716.0,10851.0,8311.0,0,0.2122,0.5663,1753.0,0.1368
TN,0,City,3402.0,15101.0,0,1,3.12,49.0,R1 Research,67037.0,87.6,3,1.0,0.0,57.9,17561.0,27712.0,45273.0,21764.0,0,1.4412,0.6753,18362.0,0.1667
CA,0,Rural,11152.0,29106.0,0,0,1.74,18.0,R2 Doctoral,46547.0,125.9,2,0.866,0.5,45.9,6593.0,7083.0,13676.0,32871.0,0,1.1294,0.2938,21719.0,0.1111
NY,0,Rural,12169.0,41004.0,1,0,2.53,31.0,Liberal Arts College,82927.0,73.3,1,0.5,0.866,43.2,22250.0,16783.0,39033.0,43894.0,0,1.0705,0.4707,31725.0,0.0333
TX,0,Suburb,28148.0,190995.0,0,0,3.87,77.0,Regional Comprehensive,53409.0,179.4,1,0.5,0.866,70.3,27570.0,6412.0,33982.0,19427.0,1,0.1017,0.6363,0.0,0.1967
MN,0,Suburb,11703.0,57805.0,0,0,3.03,69.0,Regional Comprehensive,40983.0,204.8,2,0.866,0.5,47.4,16908.0,6760.0,23668.0,17315.0,1,0.2995,0.5775,5612.0,0.0526
OR,0,Suburb,2675.0,30488.0,0,1,2.77,55.0,Community College,19141.0,1240.4,4,0.866,-0.5,50.3,0.0,6422.0,6422.0,12719.0,0,0.4172,0.3355,10044.0,0.1158
FL,0,City,15154.0,70014.0,1,0,3.23,55.0,R1 Research,59885.0,169.7,11,-0.5,0.866,42.5,13134.0,7095.0,20229.0,39656.0,1,0.5664,0.3378,24502.0,0.0882
TN,0,Rural,10565.0,24769.0,0,0,2.93,50.0,Regional Comprehensive,45947.0,17.0,12,-0.0,1.0,38.1,15337.0,6974.0,22311.0,23636.0,1,0.9543,0.4856,13071.0,0.1538
TX,0,City,26158.0,91156.0,1,0,3.12,58.0,Community College,17364.0,429.7,1,0.5,0.866,63.7,2590.0,0.0,2590.0,14774.0,0,0.1621,0.1492,0.0,0.049
FL,0,Suburb,6813.0,31135.0,0,1,2.7,47.0,Community College,18607.0,102.3,2,0.866,0.5,39.1,0.0,5254.0,5254.0,13353.0,0,0.4289,0.2824,6540.0,0.1
TX,0,Suburb,7725.0,34565.0,1,1,2.85,43.0,Regional Comprehensive,49394.0,1047.7,1,0.5,0.866,60.7,17528.0,16934.0,34462.0,14932.0,0,0.432,0.6977,7207.0,0.0893
NY,0,City,11137.0,82484.0,1,0,2.75,68.0,Regional Comprehensive,46258.0,593.7,2,0.866,0.5,75.8,20029.0,9340.0,29369.0,16889.0,0,0.2048,0.6349,5752.0,0.1161
TN,0,Suburb,61005.0,221941.0,0,0,3.93,76.0,R1 Research,70816.0,74.5,6,0.0,-1.0,68.8,23901.0,2701.0,26602.0,44214.0,1,0.1992,0.3756,0.0,0.2653
NV,0,Rural,54361.0,306327.0,0,0,3.58,57.0,R2 Doctoral,50344.0,270.4,3,1.0,0.0,51.5,18508.0,0.0,18508.0,31836.0,0,0.1039,0.3676,0.0,0.0734
TX,0,City,9454.0,29771.0,0,0,1.5,,R1 Research,78153.0,67.9,9,-1.0,-0.0,42.0,6688.0,11164.0,17852.0,60301.0,0,2.0255,0.2284,50847.0,0.0732
NJ,0,Suburb,2810.0,40964.0,0,1,3.71,56.0,Regional Comprehensive,39944.0,127.1,1,0.5,0.866,83.7,17358.0,11646.0,29004.0,10940.0,1,0.2671,0.7261,8130.0,0.087
IN,0,Suburb,21965.0,91234.0,0,0,3.04,46.0,Community College,22300.0,257.7,5,0.5,-0.866,66.0,2299.0,74.0,2373.0,19927.0,1,0.2184,0.1064,0.0,0.1579
NE,0,City,28015.0,146024.0,0,0,2.52,29.0,R1 Research,72942.0,407.7,12,-0.0,1.0,61.7,12304.0,6400.0,18704.0,54238.0,1,0.3714,0.2564,26223.0,0.0682
WA,0,City,2955.0,13251.0,1,1,2.37,31.0,Community College,16409.0,324.3,1,0.5,0.866,88.9,2535.0,4365.0,6900.0,9509.0,0,0.7176,0.4205,6554.0,0.1481
FL,0,City,10302.0,67029.0,0,0,3.01,53.0,Regional Comprehensive,38175.0,137.1,12,-0.0,1.0,71.3,15092.0,6950.0,22042.0,16133.0,1,0.2407,0.5774,5831.0,0.2391
AZ,0,City,13178.0,44323.0,1,0,3.45,75.0,R1 Research,69012.0,1718.9,8,-0.866,-0.5,76.0,18856.0,8492.0,27348.0,41664.0,0,0.94,0.3963,28486.0,0.1322
NY,0,Suburb,9514.0,15752.0,1,0,2.86,40.0,R1 Research,68752.0,86.4,2,0.866,0.5,33.6,14274.0,9512.0,23786.0,44966.0,0,2.8546,0.346,35452.0,0.0857
ME,0,Town,3071.0,24034.0,1,1,2.47,30.0,Regional Comprehensive,47046.0,23.4,3,1.0,0.0,54.3,12873.0,24063.0,36936.0,10110.0,1,0.4207,0.7851,7039.0,0.0845
IL,0,Town,7552.0,41823.0,1,1,2.4,40.0,R2 Doctoral,49834.0,28.7,1,0.5,0.866,42.0,9666.0,19331.0,28997.0,20837.0,1,0.4982,0.5819,13285.0,0.0857
IN,0,Rural,16136.0,65667.0,0,0,1.99,,Liberal Arts College,84862.0,595.6,6,0.0,-1.0,82.2,12160.0,17184.0,29344.0,55518.0,1,0.8454,0.3458,39382.0,0.0746
CA,0,Suburb,24205.0,130071.0,0,0,3.42,76.0,R2 Doctoral,40799.0,116.9,4,0.866,-0.5,53.3,15586.0,3639.0,19225.0,21574.0,1,0.1659,0.4712,0.0,0.0373
IL,0,Town,6788.0,81237.0,0,1,2.5,8.0,Liberal Arts College,77818.0,149.7,1,0.5,0.866,48.7,17283.0,30999.0,48282.0,29536.0,1,0.3636,0.6204,22748.0,0.1067
OK,0,Suburb,27835.0,124521.0,1,0,1.93,14.0,R2 Doctoral,51655.0,71.7,4,0.866,-0.5,69.3,8841.0,4871.0,13712.0,37943.0,0,0.3047,0.2655,10108.0,0.1013
WA,0,City,13234.0,64167.0,0,0,2.55,45.0,Regional Comprehensive,45415.0,78.8,12,-0.0,1.0,63.8,14026.0,5324.0,19350.0,26065.0,1,0.4062,0.4261,12831.0,0.0521
OH,1,Suburb,4998.0,37890.0,0,1,2.2,29.0,Regional Comprehensive,36420.0,16.1,12,-0.0,1.0,61.1,9227.0,16852.0,26079.0,10341.0,1,0.2729,0.7161,5343.0,0.099
MS,0,Suburb,17150.0,55144.0,1,0,3.35,60.0,Community College,21260.0,207.8,9,-1.0,-0.0,59.5,2673.0,1088.0,3761.0,17499.0,1,0.3173,0.1769,349.0,0.0685
OR,0,Town,26837.0,103857.0,0,0,2.31,32.0,Regional Comprehensive,46502.0,114.4,1,0.5,0.866,84.0,9432.0,3265.0,12697.0,33805.0,0,0.3255,0.273,6968.0,0.2439
NY,0,Suburb,25556.0,132382.0,1,0,2.57,26.0,Regional Comprehensive,50978.0,200.1,3,1.0,0.0,58.6,12936.0,6198.0,19134.0,31844.0,0,0.2405,0.3753,6288.0,0.2321
NJ,0,City,4507.0,56587.0,1,1,3.48,91.0,Community College,22423.0,181.0,5,0.5,-0.866,35.7,792.0,6199.0,6991.0,15432.0,1,0.2727,0.3118,10925.0,0.0068
NC,0,Rural,4754.0,32242.0,0,1,2.92,63.0,Community College,22839.0,81.0,1,0.5,0.866,55.3,2052.0,8871.0,10923.0,11916.0,1,0.3696,0.4783,7162.0,0.0762
AZ,0,City,16350.0,80152.0,0,0,2.49,23.0,Community College,17479.0,27.4,10,-0.866,0.5,46.5,1397.0,276.0,1673.0,15806.0,1,0.1972,0.0957,0.0,0.1184
NY,0,Rural,25922.0,88800.0,0,0,3.04,74.0,R2 Doctoral,60471.0,25.0,6,0.0,-1.0,69.5,20036.0,7970.0,28006.0,32465.0,0,0.3656,0.4631,6543.0,0.0762
FL,0,Town,19653.0,152903.0,0,0,2.51,39.0,Liberal Arts College,84665.0,3000.0,2,0.866,0.5,78.3,22398.0,15820.0,38218.0,46447.0,0,0.3038,0.4514,26794.0,0.125
NV,0,Town,10404.0,38611.0,1,0,3.47,58.0,Regional Comprehensive,45037.0,598.2,10,-0.866,0.5,44.7,20656.0,8756.0,29412.0,15625.0,1,0.4047,0.6531,5221.0,0.0654
AR,0,Town,9999.0,38917.0,0,0,2.78,62.0,Community College,21583.0,517.5,6,0.0,-1.0,19.4,1485.0,2499.0,3984.0,17599.0,1,0.4522,0.1846,7600.0,0.02
KY,0,City,30377.0,108492.0,1,0,2.69,65.0,Regional Comprehensive,45162.0,62.4,10,-0.866,0.5,93.9,15374.0,2297.0,17671.0,27491.0,1,0.2534,0.3913,0.0,0.0547
ME,0,Suburb,9192.0,46941.0,1,0,2.57,35.0,R2 Doctoral,47062.0,128.0,6,0.0,-1.0,65.6,12898.0,8148.0,21046.0,26016.0,1,0.5542,0.4472,16824.0,0.1205
WI,0,Town,7198.0,45535.0,1,1,3.43,76.0,R2 Doctoral,63617.0,53.8,12,-0.0,1.0,19.6,25123.0,26903.0,52026.0,11591.0,0,0.2546,0.8178,4393.0,0.0
CO,0,Town,32627.0,155279.0,0,0,2.93,52.0,Regional Comprehensive,42246.0,31.9,10,-0.866,0.5,25.1,14902.0,1824.0,16726.0,25520.0,0,0.1643,0.3959,0.0,0.0811
CO,0,City,1657.0,23456.0,0,1,2.34,37.0,Regional Comprehensive,37102.0,68.3,12,-0.0,1.0,56.8,10825.0,18845.0,29670.0,7432.0,1,0.3168,0.7997,5775.0,0.1277
NC,0,City,61495.0,276638.0,0,0,3.01,66.0,Regional Comprehensive,59354.0,510.0,11,-0.5,0.866,44.4,23895.0,0.0,23895.0,35459.0,0,0.1282,0.4026,0.0,0.0492
GA,0,Suburb,7507.0,40494.0,0,1,1.9,26.0,Community College,16295.0,306.3,5,0.5,-0.866,81.4,0.0,3128.0,3128.0,13167.0,1,0.3252,0.192,5660.0,0.093
FL,0,Suburb,11751.0,117482.0,0,0,3.03,32.0,Community College,20597.0,45.8,10,-0.866,0.5,45.3,71.0,2369.0,2440.0,18157.0,1,0.1546,0.1185,6406.0,0.0259
MA,0,Suburb,11719.0,58201.0,0,0,3.6,71.0,Liberal Arts College,66408.0,91.0,3,1.0,0.0,59.5,30699.0,11355.0,42054.0,24354.0,0,0.4184,0.6333,12635.0,0.0647
NY,0,Town,26101.0,76526.0,0,0,3.11,72.0,Regional Comprehensive,43094.0,278.2,1,0.5,0.866,51.9,18901.0,2531.0,21432.0,21662.0,0,0.2831,0.4973,0.0,0.1618
FL,0,Town,14920.0,52093.0,0,0,2.58,30.0,Liberal Arts College,70007.0,69.6,4,0.866,-0.5,57.5,19640.0,9965.0,29605.0,40402.0,0,0.7756,0.4229,25482.0,0.0357
VA,0,Suburb,32063.0,116627.0,0,0,3.61,83.0,Community College,16510.0,137.7,1,0.5,0.866,63.8,1968.0,0.0,1968.0,14542.0,1,0.1247,0.1192,0.0,0.0545
IL,0,City,10130.0,49017.0,1,0,3.77,72.0,Regional Comprehensive,48903.0,193.2,2,0.866,0.5,89.9,24891.0,10208.0,35099.0,13804.0,1,0.2816,0.7177,3674.0,0.0674
FL,0,Suburb,7334.0,41668.0,0,1,3.46,81.0,Regional Comprehensive,55221.0,191.0,5,0.5,-0.866,64.5,25023.0,17161.0,42184.0,13037.0,1,0.3129,0.7639,5703.0,0.0297
AL,0,Suburb,77876.0,232258.0,0,0,3.02,56.0,R2 Doctoral,56035.0,165.5,2,0.866,0.5,63.4,15396.0,0.0,15396.0,40639.0,1,0.175,0.2748,0.0,0.1304
OR,0,City,13563.0,64290.0,0,0,3.65,88.0,Regional Comprehensive,37009.0,63.8,1,0.5,0.866,76.2,19402.0,4591.0,23993.0,13016.0,1,0.2025,0.6483,0.0,0.209
TX,0,City,2901.0,38696.0,0,1,2.78,52.0,Liberal Arts College,66548.0,71.0,2,0.866,0.5,85.5,22526.0,25653.0,48179.0,18369.0,1,0.4747,0.724,15468.0,0.0833
CA,0,Suburb,2795.0,21526.0,0,1,3.3,48.0,Community College,16911.0,38.5,4,0.866,-0.5,36.1,3369.0,5870.0,9239.0,7672.0,0,0.3564,0.5463,4877.0,0.1489
PA,0,City,64846.0,241160.0,0,0,2.9,78.0,Liberal Arts College,78010.0,24.6,4,0.866,-0.5,48.1,31481.0,2508.0,33989.0,44021.0,1,0.1825,0.4357,0.0,0.0674
SC,0,Suburb,11437.0,42303.0,0,0,3.84,70.0,Regional Comprehensive,43127.0,112.3,2,0.866,0.5,65.6,19202.0,5206.0,24408.0,18719.0,0,0.4425,0.566,7282.0,0.2075
KY,0,City,60091.0,277763.0,0,0,3.35,99.0,Liberal Arts College,98156.0,298.5,7,-0.5,-0.866,57.4,47603.0,9376.0,56979.0,41177.0,1,0.1482,0.5805,0.0,0.0408
TX,0,City,17729.0,83883.0,0,0,2.95,25.0,Regional Comprehensive,44563.0,29.7,2,0.866,0.5,50.8,12970.0,5241.0,18211.0,26352.0,1,0.3142,0.4087,8623.0,0.0545
CO,0,City,11891.0,69764.0,1,0,2.49,37.0,Regional Comprehensive,48631.0,168.8,7,-0.5,-0.866,26.2,13443.0,9298.0,22741.0,25890.0,0,0.3711,0.4676,13999.0,0.0538
CA,0,Suburb,9352.0,71132.0,0,0,3.83,68.0,Regional Comprehensive,44231.0,288.8,2,0.866,0.5,56.8,19822.0,7076.0,26898.0,17333.0,0,0.2437,0.6081,7981.0,0.0435
IL,0,Suburb,60692.0,310359.0,0,0,3.39,91.0,Liberal Arts College,76591.0,18.4,1,0.5,0.866,69.5,33542.0,4444.0,37986.0,38605.0,1,0.1244,0.496,0.0,0.0417
WY,0,Suburb,-1500.0,12986.0,1,1,3.19,49.0,Community College,18102.0,95.4,3,1.0,0.0,90.9,2202.0,10673.0,12875.0,5227.0,1,0.4025,0.7112,6727.0,0.1209
TX,0,City,13167.0,73447.0,1,0,3.19,48.0,Regional Comprehensive,44976.0,713.6,10,-0.866,0.5,59.2,16583.0,8536.0,25119.0,19857.0,1,0.2704,0.5585,6690.0,0.0588
TX,0,Rural,11756.0,52003.0,0,0,3.51,75.0,R2 Doctoral,53022.0,226.2,8,-0.866,-0.5,56.6,18552.0,8840.0,27392.0,25630.0,1,0.4929,0.5166,13874.0,0.0735
OH,1,Suburb,14558.0,53991.0,0,0,2.76,64.0,Regional Comprehensive,31167.0,5.1,7,-0.5,-0.866,43.3,14648.0,2625.0,17273.0,13894.0,0,0.2573,0.5542,0.0,0.129
AZ,0,Suburb,11082.0,70088.0,0,0,3.15,77.0,Community College,17610.0,252.9,1,0.5,0.866,62.8,86.0,1410.0,1496.0,16114.0,1,0.2299,0.085,5032.0,0.1613
MS,0,Suburb,4367.0,51964.0,0,1,3.61,75.0,R1 Research,92416.0,57.8,1,0.5,0.866,53.8,27838.0,33948.0,61786.0,30630.0,1,0.5894,0.6686,26263.0,0.0833
MT,0,Town,12793.0,72074.0,0,0,2.0,13.0,Regional Comprehensive,46769.0,261.8,6,0.0,-1.0,68.5,8640.0,5088.0,13728.0,33041.0,0,0.4584,0.2935,20248.0,0.1053
CA,0,Rural,14926.0,61884.0,1,0,2.26,34.0,R1 Research,77214.0,61.4,6,0.0,-1.0,70.5,13667.0,12947.0,26614.0,50600.0,0,0.8177,0.3447,35674.0,0.1389
TX,0,Suburb,11404.0,24446.0,1,0,3.37,68.0,Regional Comprehensive,44238.0,119.8,3,1.0,0.0,90.4,17833.0,8019.0,25852.0,18386.0,0,0.7521,0.5844,6982.0,0.102
MN,0,Suburb,20025.0,82833.0,0,0,2.93,53.0,R2 Doctoral,47148.0,72.1,11,-0.5,0.866,58.9,12939.0,6251.0,19190.0,27958.0,1,0.3375,0.407,7933.0,0.0465
FL,0,City,21358.0,105404.0,1,0,2.91,50.0,Regional Comprehensive,38927.0,127.1,12,-0.0,1.0,66.6,13292.0,4438.0,17730.0,21197.0,0,0.2011,0.4555,0.0,0.0769
CT,0,Suburb,5817.0,42604.0,1,1,2.38,39.0,Regional Comprehensive,44216.0,69.8,1,0.5,0.866,42.1,12281.0,20375.0,32656.0,11560.0,0,0.2713,0.7386,5743.0,0.0534
TN,0,Suburb,47440.0,241563.0,0,0,3.27,71.0,Regional Comprehensive,44067.0,100.2,2,0.866,0.5,68.0,21174.0,0.0,21174.0,22893.0,1,0.0948,0.4805,0.0,0.1176
CA,0,City,49200.0,164656.0,1,0,2.72,64.0,Liberal Arts College,80907.0,36.9,12,-0.0,1.0,70.2,26377.0,7098.0,33475.0,47432.0,0,0.2881,0.4137,0.0,0.0438
LA,0,Rural,30917.0,115572.0,0,0,3.24,56.0,R1 Research,73670.0,212.1,9,-1.0,-0.0,57.7,19087.0,9855.0,28942.0,44728.0,1,0.387,0.3929,13811.0,0.1406
TX,0,Rural,25412.0,114567.0,0,0,3.83,78.0,Regional Comprehensive,42883.0,152.3,2,0.866,0.5,61.1,20832.0,3895.0,24727.0,18156.0,0,0.1585,0.5766,0.0,0.1429
OH,1,City,17910.0,64323.0,1,0,3.71,81.0,R2 Doctoral,57903.0,6.7,11,-0.5,0.866,54.6,24763.0,6952.0,31715.0,26188.0,1,0.4071,0.5477,8278.0,0.1042
NJ,0,Rural,27552.0,143170.0,0,0,3.6,75.0,Liberal Arts College,80476.0,359.4,5,0.5,-0.866,88.8,34409.0,8417.0,42826.0,37650.0,1,0.263,0.5322,10098.0,0.0603
NC,0,Suburb,52080.0,195037.0,0,0,3.0,66.0,R1 Research,68026.0,105.3,4,0.866,-0.5,30.8,19671.0,3627.0,23298.0,44728.0,0,0.2293,0.3425,0.0,0.0379
IN,0,Suburb,16101.0,112620.0,1,0,3.02,42.0,Liberal Arts College,73241.0,150.2,8,-0.866,-0.5,83.1,23541.0,15939.0,39480.0,33761.0,1,0.2998,0.539,17660.0,0.1628
MA,0,Rural,7080.0,41748.0,1,1,1.56,17.0,Liberal Arts College,84213.0,282.8,2,0.866,0.5,73.2,14227.0,27014.0,41241.0,42972.0,0,1.0293,0.4897,35892.0,0.024
ND,0,Suburb,12974.0,61171.0,0,0,3.24,60.0,R1 Research,69980.0,178.8,3,1.0,0.0,52.2,18821.0,14466.0,33287.0,36693.0,0,0.5998,0.4757,23719.0,0.1628
WY,0,Suburb,14580.0,95134.0,0,0,2.49,51.0,Community College,21382.0,430.7,3,1.0,0.0,70.7,1944.0,1414.0,3358.0,18024.0,0,0.1895,0.157,3444.0,0.1757
MI,0,Suburb,27302.0,115056.0,0,0,3.65,99.0,R1 Research,71224.0,93.1,3,1.0,0.0,68.4,24943.0,9875.0,34818.0,36406.0,1,0.3164,0.4889,9104.0,0.1158
CA,0,City,16959.0,59529.0,1,0,2.81,61.0,R1 Research,68530.0,375.4,1,0.5,0.866,49.0,14714.0,10693.0,25407.0,43123.0,0,0.7244,0.3707,26164.0,0.1143
MD,0,Suburb,14844.0,41852.0,0,0,3.58,85.0,R2 Doctoral,47373.0,144.2,3,1.0,0.0,80.1,20477.0,5957.0,26434.0,20939.0,0,0.5003,0.558,6095.0,0.375
ME,0,Suburb,32799.0,196935.0,0,0,3.42,85.0,R2 Doctoral,62234.0,215.9,1,0.5,0.866,66.6,26294.0,7877.0,34171.0,28063.0,1,0.1425,0.5491,0.0,0.0571
NY,0,Suburb,-1500.0,29084.0,1,1,3.17,58.0,Community College,16284.0,193.6,5,0.5,-0.866,49.2,2637.0,6542.0,9179.0,7105.0,1,0.2443,0.5637,8605.0,0.0446
GA,0,City,5991.0,31960.0,0,1,2.78,50.0,Regional Comprehensive,48377.0,466.2,11,-0.5,0.866,81.6,15735.0,13108.0,28843.0,19534.0,0,0.6112,0.5962,13543.0,0.1389
OH,1,City,6597.0,24209.0,0,1,2.45,25.0,R1 Research,52623.0,78.2,8,-0.866,-0.5,67.5,6798.0,17087.0,23885.0,28738.0,0,1.1871,0.4539,22141.0,0.0645
CA,0,Town,5751.0,31909.0,0,1,2.27,19.0,Regional Comprehensive,48872.0,79.6,3,1.0,0.0,68.1,9253.0,19662.0,28915.0,19957.0,0,0.6254,0.5916,14206.0,0.0522
TN,0,City,30720.0,154521.0,0,0,2.71,48.0,Liberal Arts College,89832.0,64.6,3,1.0,0.0,79.8,27558.0,12294.0,39852.0,49980.0,1,0.3235,0.4436,19260.0,0.1304
PA,0,Suburb,24962.0,158292.0,0,0,2.87,51.0,Community College,17117.0,120.3,5,0.5,-0.866,59.8,3358.0,0.0,3358.0,13759.0,1,0.0869,0.1962,0.0,0.0734
MN,0,Town,7752.0,59676.0,1,1,3.19,68.0,Regional Comprehensive,41218.0,57.0,12,-0.0,1.0,72.5,14803.0,18042.0,32845.0,8373.0,1,0.1403,0.7969,621.0,0.0959
LA,0,Town,37204.0,89980.0,0,0,2.52,39.0,R1 Research,91966.0,42.0,12,-0.0,1.0,67.4,19997.0,12083.0,32080.0,59886.0,1,0.6655,0.3488,22682.0,0.0602
AL,0,City,12603.0,62470.0,0,0,3.31,63.0,R1 Research,76129.0,15.0,7,-0.5,-0.866,47.7,17751.0,17282.0,35033.0,41096.0,0,0.6579,0.4602,28493.0,0.025
OH,1,Rural,-787.0,26683.0,0,1,3.54,88.0,Community College,20806.0,7.2,3,1.0,0.0,58.2,5763.0,9819.0,15582.0,5224.0,0,0.1958,0.7489,6011.0,0.0816
NY,0,Town,55180.0,310841.0,0,0,2.31,21.0,Liberal Arts College,63474.0,1019.0,2,0.866,0.5,53.7,11453.0,1208.0,12661.0,50813.0,0,0.1635,0.1995,0.0,0.0796
WI,0,Suburb,46892.0,169365.0,0,0,3.64,83.0,R1 Research,62837.0,63.6,1,0.5,0.866,88.0,22739.0,3829.0,26568.0,36269.0,0,0.2141,0.4228,0.0,0.0583
SC,0,Town,23303.0,81242.0,0,0,2.62,55.0,Liberal Arts College,79117.0,934.9,1,0.5,0.866,36.3,24387.0,11041.0,35428.0,43689.0,1,0.5378,0.4478,20386.0,0.0638
NC,0,Town,7760.0,33988.0,0,1,3.86,97.0,R1 Research,68584.0,193.5,3,1.0,0.0,67.4,27123.0,26634.0,53757.0,14827.0,1,0.4362,0.7838,7067.0,0.1129
UT,0,Suburb,6132.0,53533.0,1,1,2.13,22.0,Regional Comprehensive,40479.0,120.3,1,0.5,0.866,91.5,5048.0,15291.0,20339.0,20140.0,0,0.3762,0.5025,14008.0,0.2264
TX,0,Suburb,13267.0,38233.0,0,0,2.81,24.0,R1 Research,74512.0,26.2,7,-0.5,-0.866,35.6,14147.0,16126.0,30273.0,44239.0,0,1.1571,0.4063,30972.0,0.0435
CT,0,Town,11217.0,67525.0,1,0,2.85,45.0,Community College,14729.0,127.3,1,0.5,0.866,68.0,2910.0,507.0,3417.0,11312.0,1,0.1675,0.232,95.0,0.0862
CA,0,Rural,13020.0,78680.0,0,0,2.37,59.0,Regional Comprehensive,46366.0,923.9,9,-1.0,-0.0,77.5,15901.0,7443.0,23344.0,23022.0,0,0.2926,0.5035,10002.0,0.0483
TX,0,Suburb,10428.0,49236.0,0,0,2.9,48.0,R1 Research,63895.0,650.3,2,0.866,0.5,55.5,15377.0,7975.0,23352.0,40543.0,0,0.8234,0.3655,30115.0,0.0833
MI,0,Town,6750.0,22089.0,0,1,3.32,67.0,Community College,20772.0,169.0,10,-0.866,0.5,57.4,4133.0,4473.0,8606.0,12166.0,0,0.5508,0.4143,5416.0,0.0909
CA,0,Town,64439.0,292167.0,0,0,2.95,55.0,Regional Comprehensive,45455.0,37.9,1,0.5,0.866,58.9,16869.0,0.0,16869.0,28586.0,1,0.0978,0.3711,0.0,0.0505
CA,0,Rural,10552.0,74684.0,1,0,2.59,45.0,Regional Comprehensive,47376.0,46.4,1,0.5,0.866,49.8,14012.0,9119.0,23131.0,24245.0,1,0.3246,0.4882,13693.0,0.0604
CA,0,Rural,12204.0,87443.0,0,0,2.34,21.0,Community College,22350.0,51.8,9,-1.0,-0.0,48.9,0.0,1606.0,1606.0,20744.0,0,0.2372,0.0719,8540.0,0.1333
OH,1,City,10064.0,46438.0,0,0,2.67,52.0,R2 Doctoral,37994.0,140.4,5,0.5,-0.866,47.7,12286.0,4020.0,16306.0,21688.0,0,0.467,0.4292,11624.0,0.1
CO,0,City,444.0,20442.0,1,1,2.87,55.0,Regional Comprehensive,40595.0,702.9,1,0.5,0.866,39.1,16239.0,16233.0,32472.0,8123.0,0,0.3974,0.7999,7679.0,0.0526
CA,0,Suburb,12573.0,59280.0,0,0,2.27,5.0,R1 Research,82814.0,155.6,11,-0.5,0.866,79.9,10653.0,11074.0,21727.0,61087.0,1,1.0305,0.2624,48514.0,0.2128
MA,0,Suburb,11093.0,49875.0,1,0,3.35,35.0,Community College,23232.0,92.2,6,0.0,-1.0,70.4,3445.0,2535.0,5980.0,17252.0,0,0.3459,0.2574,6159.0,0.0706
AL,0,Suburb,13427.0,104911.0,0,0,3.08,51.0,Regional Comprehensive,50766.0,644.2,4,0.866,-0.5,53.2,18784.0,5592.0,24376.0,26390.0,0,0.2515,0.4802,12963.0,0.0588
TX,0,Town,18625.0,120859.0,0,0,3.73,67.0,Regional Comprehensive,34511.0,45.3,7,-0.5,-0.866,48.9,14981.0,4112.0,19093.0,15418.0,1,0.1276,0.5532,0.0,0.0455
TX,0,Rural,20801.0,109187.0,0,0,2.57,43.0,Liberal Arts College,83020.0,133.8,5,0.5,-0.866,51.6,24992.0,10643.0,35635.0,47385.0,1,0.434,0.4292,26584.0,0.0584
OR,0,Suburb,38700.0,128227.0,0,0,2.08,15.0,Community College,16665.0,206.0,1,0.5,0.866,49.3,193.0,0.0,193.0,16472.0,0,0.1285,0.0116,0.0,0.0759
AL,0,Town,77652.0,230646.0,0,0,3.5,80.0,Regional Comprehensive,49031.0,51.2,11,-0.5,0.866,46.8,23459.0,0.0,23459.0,25572.0,1,0.1109,0.4785,0.0,0.0312
MI,0,City,17165.0,83341.0,0,0,3.46,79.0,R1 Research,69725.0,65.0,10,-0.866,0.5,38.3,22587.0,12161.0,34748.0,34977.0,0,0.4197,0.4984,17812.0,0.0303
AL,0,Suburb,25617.0,138890.0,0,0,1.66,,Regional Comprehensive,43488.0,59.9,5,0.5,-0.866,71.8,7303.0,2845.0,10148.0,33340.0,0,0.24,0.2334,7723.0,0.0472
CA,0,City,16126.0,89821.0,1,0,3.28,61.0,R1 Research,68466.0,560.8,4,0.866,-0.5,30.6,14099.0,9600.0,23699.0,44767.0,0,0.4984,0.3461,28641.0,0.0755
IL,0,Suburb,5349.0,16026.0,1,1,2.13,15.0,Regional Comprehensive,42301.0,945.7,9,-1.0,-0.0,63.2,9452.0,13154.0,22606.0,19695.0,0,1.2289,0.5344,14346.0,0.0877
MD,0,Suburb,12124.0,56317.0,0,0,3.43,83.0,Regional Comprehensive,39244.0,142.9,1,0.5,0.866,46.9,18143.0,7560.0,25703.0,13541.0,0,0.2404,0.655,1417.0,0.0316
FL,0,Town,9699.0,33700.0,0,0,3.5,72.0,Regional Comprehensive,43278.0,95.6,12,-0.0,1.0,69.3,20280.0,8634.0,28914.0,14364.0,1,0.4262,0.6681,4665.0,0.1053
WI,0,Suburb,13380.0,74357.0,0,0,3.85,99.0,Regional Comprehensive,45591.0,67.5,11,-0.5,0.866,50.7,22398.0,5701.0,28099.0,17492.0,0,0.2352,0.6163,4112.0,0.069
NC,0,Suburb,2248.0,35613.0,0,1,2.37,48.0,Liberal Arts College,91953.0,126.9,3,1.0,0.0,67.4,24764.0,40905.0,65669.0,26284.0,0,0.738,0.7142,24036.0,0.0672
WI,0,City,17747.0,97352.0,0,0,2.74,43.0,R2 Doctoral,59073.0,71.1,5,0.5,-0.866,48.0,17706.0,10692.0,28398.0,30675.0,0,0.3151,0.4807,12928.0,0.0795
GA,0,City,29908.0,127560.0,0,0,2.3,21.0,Regional Comprehensive,43696.0,114.4,6,0.0,-1.0,81.7,11437.0,3332.0,14769.0,28927.0,1,0.2268,0.338,0.0,0.1402
PA,0,Rural,37139.0,149727.0,1,0,3.06,46.0,Regional Comprehensive,43364.0,195.5,9,-1.0,-0.0,37.2,14747.0,1525.0,16272.0,27092.0,1,0.1809,0.3752,0.0,0.0149
FL,0,Rural,56174.0,201969.0,0,0,3.14,70.0,Regional Comprehensive,31563.0,82.8,10,-0.866,0.5,42.7,15791.0,0.0,15791.0,15772.0,0,0.0781,0.5003,0.0,0.0308
TX,0,Suburb,2097.0,18831.0,1,1,2.9,50.0,Regional Comprehensive,43236.0,103.8,7,-0.5,-0.866,43.7,14985.0,20229.0,35214.0,8022.0,0,0.426,0.8145,5925.0,0.0391
WI,0,City,3911.0,26548.0,0,1,3.72,73.0,R2 Doctoral,56806.0,104.3,9,-1.0,-0.0,54.4,23237.0,15093.0,38330.0,18476.0,0,0.6959,0.6748,14565.0,0.0886
CA,0,Suburb,91963.0,518154.0,0,0,2.34,42.0,Regional Comprehensive,42247.0,90.8,2,0.866,0.5,63.5,10730.0,0.0,10730.0,31517.0,1,0.0608,0.254,0.0,0.0826
CA,0,Suburb,33973.0,130204.0,1,0,1.95,27.0,R2 Doctoral,52840.0,79.7,4,0.866,-0.5,41.4,8965.0,4270.0,13235.0,39605.0,1,0.3042,0.2505,5632.0,0.0263
TX,0,Suburb,15343.0,73984.0,0,0,3.37,57.0,Regional Comprehensive,33831.0,282.1,10,-0.866,0.5,35.7,14130.0,5160.0,19290.0,14541.0,0,0.1965,0.5702,0.0,0.0276
TX,0,City,7830.0,64413.0,0,1,3.47,78.0,Regional Comprehensive,38743.0,19.7,7,-0.5,-0.866,37.4,14551.0,12831.0,27382.0,11361.0,0,0.1764,0.7068,3531.0,0.0548
AL,0,Suburb,26155.0,60419.0,1,0,3.35,76.0,Community College,16250.0,661.7,8,-0.866,-0.5,34.1,2317.0,0.0,2317.0,13933.0,0,0.2306,0.1426,0.0,0.0439
IL,0,City,7057.0,15642.0,1,1,3.19,84.0,Liberal Arts College,69769.0,146.1,3,1.0,0.0,52.6,30702.0,20670.0,51372.0,18397.0,0,1.1761,0.7363,11340.0,0.0707
SD,0,Suburb,6790.0,36095.0,0,1,3.19,60.0,Regional Comprehensive,31318.0,240.4,4,0.866,-0.5,91.4,12410.0,9469.0,21879.0,9439.0,0,0.2615,0.6986,2649.0,0.0811
TX,0,City,4976.0,58074.0,1,1,3.51,74.0,R1 Research,70291.0,271.3,1,0.5,0.866,69.3,23688.0,21937.0,45625.0,24666.0,0,0.4247,0.6491,19690.0,0.1238
MA,0,Suburb,5700.0,37593.0,0,1,3.03,65.0,R2 Doctoral,55460.0,60.2,6,0.0,-1.0,46.4,18083.0,23578.0,41661.0,13799.0,0,0.3671,0.7512,8099.0,0.048
GA,0,Suburb,9839.0,41303.0,0,0,3.49,90.0,R1 Research,75698.0,48.5,5,0.5,-0.866,54.4,25009.0,16276.0,41285.0,34413.0,1,0.8332,0.5454,24574.0,0.1233
IL,0,City,94487.0,397236.0,0,0,2.9,56.0,Regional Comprehensive,43065.0,42.9,12,-0.0,1.0,24.8,15125.0,0.0,15125.0,27940.0,0,0.0703,0.3512,0.0,0.0142
OK,0,Suburb,6494.0,52513.0,1,1,2.72,47.0,R1 Research,79423.0,97.8,4,0.866,-0.5,37.1,16843.0,32862.0,49705.0,29718.0,0,0.5659,0.6258,23224.0,0.037
NH,0,Suburb,21917.0,76899.0,0,0,2.14,15.0,R1 Research,88060.0,264.0,3,1.0,0.0,45.6,11152.0,15939.0,27091.0,60969.0,0,0.7928,0.3076,39052.0,0.1029
OK,0,Town,18855.0,74954.0,0,0,3.86,83.0,Regional Comprehensive,38666.0,68.6,4,0.866,-0.5,37.2,18879.0,5497.0,24376.0,14290.0,0,0.1907,0.6304,0.0,0.0319
TX,0,Rural,27904.0,96222.0,0,0,2.54,36.0,Liberal Arts College,64521.0,239.9,10,-0.866,0.5,70.1,18457.0,5394.0,23851.0,40670.0,1,0.4227,0.3697,12766.0,0.0847
FL,0,City,7929.0,44639.0,1,1,3.11,68.0,Regional Comprehensive,46508.0,15.0,4,0.866,-0.5,98.1,21338.0,17367.0,38705.0,7803.0,1,0.1748,0.8322,0.0,0.1818
MA,0,Rural,58187.0,154481.0,1,0,3.63,85.0,R1 Research,77275.0,84.5,3,1.0,0.0,80.5,27343.0,4591.0,31934.0,45341.0,0,0.2935,0.4133,0.0,0.126
NY,0,Town,17903.0,86627.0,1,0,2.46,26.0,Regional Comprehensive,39515.0,431.5,2,0.866,0.5,51.6,10807.0,4215.0,15022.0,24493.0,0,0.2827,0.3802,6590.0,0.0732
MD,0,Suburb,5537.0,24915.0,0,1,3.72,93.0,Regional Comprehensive,52591.0,105.9,12,-0.0,1.0,53.1,26320.0,15863.0,42183.0,10408.0,1,0.4177,0.8021,4871.0,0.1081
NJ,0,Suburb,11960.0,58256.0,0,0,3.01,53.0,Community College,16644.0,53.1,7,-0.5,-0.866,66.6,1668.0,661.0,2329.0,14315.0,1,0.2457,0.1399,2355.0,0.1182
NJ,0,Suburb,12119.0,55606.0,0,0,2.33,28.0,R1 Research,69793.0,63.6,1,0.5,0.866,70.0,14432.0,14676.0,29108.0,40685.0,1,0.7317,0.4171,28566.0,0.2206
LA,0,City,4915.0,53794.0,0,1,3.65,90.0,Liberal Arts College,83675.0,15.0,1,0.5,0.866,89.6,39408.0,23825.0,63233.0,20442.0,1,0.38,0.7557,15527.0,0.0924
MO,0,Rural,19045.0,90825.0,0,0,2.55,50.0,Liberal Arts College,91351.0,43.8,4,0.866,-0.5,38.5,27736.0,12451.0,40187.0,51164.0,1,0.5633,0.4399,32119.0,0.068
CA,0,Suburb,17423.0,99409.0,0,0,2.68,47.0,Community College,16511.0,384.5,6,0.0,-1.0,61.0,0.0,0.0,0.0,16511.0,0,0.1661,0.0,0.0,0.0556
CA,0,Suburb,25266.0,91308.0,0,0,2.97,78.0,Community College,20852.0,68.7,2,0.866,0.5,60.9,3470.0,0.0,3470.0,17382.0,0,0.1904,0.1664,0.0,0.2973
WA,0,Suburb,12480.0,80340.0,0,0,3.49,49.0,Regional Comprehensive,44506.0,77.8,1,0.5,0.866,56.7,16199.0,4807.0,21006.0,23500.0,0,0.2925,0.472,11020.0,0.1961
NC,0,City,21928.0,66947.0,1,0,3.28,78.0,Liberal Arts College,62323.0,15.0,5,0.5,-0.866,35.1,25799.0,10256.0,36055.0,26268.0,1,0.3924,0.5785,4340.0,0.0252
FL,0,City,-1500.0,13375.0,0,1,3.63,66.0,Regional Comprehensive,42243.0,22.9,1,0.5,0.866,36.5,14620.0,19463.0,34083.0,8160.0,0,0.6101,0.8068,9660.0,0.05
OH,1,Suburb,22522.0,110203.0,1,0,3.95,91.0,Community College,15989.0,128.0,4,0.866,-0.5,87.3,2458.0,0.0,2458.0,13531.0,0,0.1228,0.1537,0.0,0.25
WI,0,Suburb,19159.0,89466.0,0,0,3.34,68.0,Liberal Arts College,83822.0,242.3,11,-0.5,0.866,69.2,34724.0,16773.0,51497.0,32325.0,1,0.3613,0.6144,13166.0,0.0431
LA,0,Town,8367.0,30976.0,0,1,3.62,78.0,R1 Research,59183.0,32.4,4,0.866,-0.5,39.5,20236.0,23048.0,43284.0,15899.0,0,0.5133,0.7314,7532.0,0.1628
NJ,0,Suburb,15505.0,77035.0,0,0,3.42,59.0,R2 Doctoral,58614.0,65.3,1,0.5,0.866,30.3,19887.0,10233.0,30120.0,28494.0,1,0.3699,0.5139,12989.0,0.0084
IL,0,Suburb,15307.0,100360.0,1,0,2.48,18.0,Community College,18959.0,122.9,4,0.866,-0.5,64.6,2415.0,1009.0,3424.0,15535.0,1,0.1548,0.1806,228.0,0.2766
FL,0,Town,27107.0,146283.0,0,0,2.72,19.0,Regional Comprehensive,46490.0,36.1,1,0.5,0.866,61.4,12964.0,3542.0,16506.0,29984.0,1,0.205,0.355,2877.0,0.3125
MI,0,City,16126.0,90891.0,1,0,3.83,84.0,Liberal Arts College,76941.0,15.4,9,-1.0,-0.0,30.5,35132.0,15293.0,50425.0,26516.0,1,0.2917,0.6554,10390.0,0.0274
NY,0,Suburb,12404.0,79344.0,0,0,2.83,50.0,Community College,16793.0,107.2,4,0.866,-0.5,97.1,3153.0,1195.0,4348.0,12445.0,0,0.1568,0.2589,41.0,0.1562
NJ,0,Town,22811.0,124452.0,0,0,3.71,90.0,R1 Research,75386.0,231.2,3,1.0,0.0,83.3,25505.0,9180.0,34685.0,40701.0,0,0.327,0.4601,17890.0,0.3125
TN,0,City,17447.0,50478.0,1,0,2.58,54.0,R1 Research,73109.0,235.9,4,0.866,-0.5,44.7,14414.0,12978.0,27392.0,45717.0,0,0.9057,0.3747,28270.0,0.0526
CA,0,City,10303.0,84681.0,1,0,3.0,66.0,Community College,17696.0,317.6,1,0.5,0.866,90.4,1042.0,1543.0,2585.0,15111.0,0,0.1784,0.1461,4808.0,0.2619
CA,0,City,12219.0,40247.0,1,0,3.21,76.0,Regional Comprehensive,56502.0,24.8,2,0.866,0.5,70.0,25339.0,10435.0,35774.0,20728.0,0,0.515,0.6331,8509.0,0.0952
FL,0,City,26798.0,140002.0,0,0,3.87,75.0,Liberal Arts College,65117.0,134.6,2,0.866,0.5,74.9,27118.0,8695.0,35813.0,29304.0,1,0.2093,0.55,2506.0,0.1311
UT,0,Suburb,-1500.0,19752.0,0,1,2.06,34.0,Regional Comprehensive,47251.0,95.6,5,0.5,-0.866,44.0,8323.0,19831.0,28154.0,19097.0,0,0.9668,0.5958,20597.0,0.1333
MA,0,City,19511.0,113329.0,1,0,3.03,61.0,R2 Doctoral,59526.0,115.6,5,0.5,-0.866,74.3,20254.0,8472.0,28726.0,30800.0,0,0.2718,0.4826,11289.0,0.0435
TX,0,Suburb,4242.0,63752.0,1,1,2.91,35.0,R1 Research,69360.0,101.4,1,0.5,0.866,100.0,14617.0,20770.0,35387.0,33973.0,1,0.5329,0.5102,29731.0,0.1613
UT,0,City,24544.0,126131.0,0,0,3.63,93.0,R2 Doctoral,57459.0,63.3,10,-0.866,0.5,75.9,25075.0,8824.0,33899.0,23560.0,1,0.1868,0.59,0.0,0.1507
GA,0,City,5211.0,35883.0,1,1,1.98,5.0,R1 Research,75974.0,15.0,2,0.866,0.5,79.2,7935.0,26477.0,34412.0,41562.0,0,1.1583,0.4529,36351.0,0.0777
GA,0,Suburb,10007.0,67157.0,1,0,2.43,20.0,Community College,18804.0,429.1,10,-0.866,0.5,25.3,2247.0,1855.0,4102.0,14702.0,0,0.2189,0.2181,4695.0,0.0423
MS,0,City,5335.0,65753.0,1,1,3.69,99.0,Community College,17593.0,179.2,2,0.866,0.5,81.3,247.0,5315.0,5562.0,12031.0,1,0.183,0.3161,6696.0,0.1719
CA,0,Rural,13695.0,86025.0,0,0,3.11,62.0,Liberal Arts College,76157.0,26.7,4,0.866,-0.5,68.4,23973.0,11783.0,35756.0,40401.0,1,0.4696,0.4695,26706.0,0.34
FL,0,Suburb,6478.0,29607.0,0,1,3.83,73.0,R1 Research,66508.0,208.2,3,1.0,0.0,46.3,22427.0,18096.0,40523.0,25985.0,0,0.8777,0.6093,19507.0,0.0674
VA,0,City,20629.0,99516.0,0,0,3.15,54.0,Regional Comprehensive,51153.0,79.2,6,0.0,-1.0,52.5,19768.0,4806.0,24574.0,26579.0,1,0.2671,0.4804,5950.0,0.0385
TX,0,City,-1500.0,16663.0,1,1,2.72,58.0,R2 Doctoral,61228.0,81.6,2,0.866,0.5,64.3,19438.0,24689.0,44127.0,17101.0,0,1.0263,0.7207,18601.0,0.0667
TN,0,Suburb,2853.0,38916.0,1,1,1.66,,R1 Research,72648.0,56.5,6,0.0,-1.0,71.9,4566.0,33061.0,37627.0,35021.0,1,0.8999,0.5179,32168.0,0.1944
FL,0,Suburb,7221.0,20432.0,1,1,1.69,3.0,R1 Research,65268.0,222.7,3,1.0,0.0,39.0,5907.0,18432.0,24339.0,40929.0,0,2.0032,0.3729,33708.0,0.058
CA,0,Town,16947.0,114270.0,1,0,3.17,60.0,Liberal Arts College,73788.0,54.7,8,-0.866,-0.5,61.4,28487.0,15607.0,44094.0,29694.0,1,0.2599,0.5976,12747.0,0.16
TX,0,Suburb,19512.0,83960.0,1,0,2.52,72.0,Regional Comprehensive,42327.0,40.1,4,0.866,-0.5,92.0,16516.0,5229.0,21745.0,20582.0,1,0.2451,0.5137,1070.0,0.0781
OH,1,Suburb,18608.0,87409.0,1,0,3.45,53.0,Regional Comprehensive,30539.0,120.4,9,-1.0,-0.0,69.2,11276.0,3110.0,14386.0,16153.0,0,0.1848,0.4711,0.0,0.0294
TX,0,Suburb,51103.0,181806.0,0,0,3.49,55.0,Liberal Arts College,60898.0,105.0,10,-0.866,0.5,35.3,23099.0,2392.0,25491.0,35407.0,1,0.1948,0.4186,0.0,0.125
TX,0,Town,3434.0,50137.0,1,1,1.81,3.0,Regional Comprehensive,42470.0,108.5,3,1.0,0.0,69.9,7739.0,14524.0,22263.0,20207.0,1,0.403,0.5242,16773.0,0.0741
OR,0,Suburb,20645.0,97626.0,0,0,3.6,70.0,R1 Research,62081.0,262.2,1,0.5,0.866,71.5,18940.0,9589.0,28529.0,33552.0,0,0.3437,0.4595,12907.0,0.1538
NY,0,City,15384.0,66008.0,1,0,1.87,13.0,Community College,17232.0,62.9,1,0.5,0.866,29.6,0.0,516.0,516.0,16716.0,1,0.2532,0.0299,1332.0,0.0385
PA,0,Town,13739.0,59155.0,0,0,2.28,22.0,Regional Comprehensive,53207.0,77.5,2,0.866,0.5,67.4,14411.0,5643.0,20054.0,33153.0,1,0.5604,0.3769,19414.0,0.08
CA,0,Town,29836.0,161260.0,0,0,3.38,81.0,R2 Doctoral,54031.0,174.7,5,0.5,-0.866,59.5,21055.0,6710.0,27765.0,26266.0,0,0.1629,0.5139,0.0,0.0952
PA,0,Suburb,53099.0,281800.0,0,0,2.97,55.0,Liberal Arts College,78886.0,25.1,7,-0.5,-0.866,29.2,25719.0,7003.0,32722.0,46164.0,1,0.1638,0.4148,0.0,0.0388
FL,0,Rural,6341.0,46136.0,0,1,2.7,31.0,Regional Comprehensive,43968.0,159.8,6,0.0,-1.0,92.7,11338.0,13844.0,25182.0,18786.0,0,0.4072,0.5727,12445.0,0.2115
WA,0,Rural,32127.0,114723.0,0,0,2.78,44.0,Liberal Arts College,83239.0,57.3,1,0.5,0.866,68.4,25448.0,10677.0,36125.0,47114.0,1,0.4107,0.434,14987.0,0.0748
TX,0,City,19710.0,79203.0,1,0,3.32,64.0,Liberal Arts College,73057.0,311.1,4,0.866,-0.5,60.4,27207.0,10609.0,37816.0,35241.0,1,0.4449,0.5176,15531.0,0.0899
UT,0,Town,13890.0,79890.0,1,0,3.33,83.0,R2 Doctoral,52677.0,224.9,8,-0.866,-0.5,45.0,18601.0,7811.0,26412.0,26265.0,1,0.3288,0.5014,12375.0,0.0331
MS,0,Suburb,12676.0,75205.0,0,0,3.22,75.0,Liberal Arts College,70107.0,195.8,9,-1.0,-0.0,57.6,29213.0,9678.0,38891.0,31216.0,1,0.4151,0.5547,18540.0,0.1622
CA,0,Suburb,10967.0,49523.0,0,0,2.54,47.0,Regional Comprehensive,41646.0,23.4,5,0.5,-0.866,66.7,13329.0,7331.0,20660.0,20986.0,1,0.4238,0.4961,10019.0,0.064
CA,0,Suburb,-1500.0,4764.0,0,1,3.04,47.0,Liberal Arts College,92014.0,113.7,1,0.5,0.866,86.7,29872.0,31891.0,61763.0,30251.0,0,5.0,0.6712,31751.0,0.1
CA,0,Rural,37957.0,190054.0,0,0,2.37,35.0,Regional Comprehensive,46712.0,36.8,3,1.0,0.0,58.9,10945.0,1397.0,12342.0,34370.0,1,0.1808,0.2642,0.0,0.1228
AZ,0,Suburb,5232.0,38170.0,1,1,3.54,61.0,R1 Research,66441.0,121.9,1,0.5,0.866,42.5,18088.0,16869.0,34957.0,31484.0,0,0.8248,0.5261,26252.0,0.0769
TX,0,Suburb,9932.0,52896.0,1,0,2.86,58.0,R1 Research,79545.0,15.0,6,0.0,-1.0,60.9,20152.0,10115.0,30267.0,49278.0,0,0.9316,0.3805,39346.0,0.0615
OR,0,City,9567.0,53712.0,1,0,3.37,85.0,Liberal Arts College,88481.0,25.1,3,1.0,0.0,63.4,39437.0,19456.0,58893.0,29588.0,0,0.5509,0.6656,20021.0,0.1094
WI,0,Suburb,4934.0,35799.0,0,1,2.74,18.0,R2 Doctoral,51714.0,441.6,1,0.5,0.866,92.3,11267.0,20381.0,31648.0,20066.0,1,0.5605,0.612,15132.0,0.1233
AL,0,Rural,11067.0,74830.0,1,0,1.94,14.0,Regional Comprehensive,43678.0,186.7,2,0.866,0.5,71.1,9973.0,4732.0,14705.0,28973.0,1,0.3872,0.3367,17906.0,0.1613
MI,0,Town,5517.0,60967.0,1,1,1.89,12.0,Community College,19020.0,87.4,1,0.5,0.866,73.7,1311.0,7256.0,8567.0,10453.0,0,0.1715,0.4504,4936.0,0.1489
VT,0,City,2828.0,37575.0,0,1,3.32,79.0,Community College,17074.0,48.8,10,-0.866,0.5,44.8,3042.0,5238.0,8280.0,8794.0,1,0.234,0.4849,5966.0,0.0526
CA,0,Rural,15518.0,70087.0,1,0,2.88,43.0,Community College,17762.0,40.6,1,0.5,0.866,73.2,294.0,600.0,894.0,16868.0,1,0.2407,0.0503,1350.0,0.1176
IL,0,Town,15456.0,61464.0,0,0,3.63,71.0,Community College,17764.0,156.3,2,0.866,0.5,46.8,686.0,513.0,1199.0,16565.0,0,0.2695,0.0675,1109.0,0.1746
NY,0,Suburb,22740.0,122767.0,1,0,3.21,65.0,Regional Comprehensive,44337.0,88.3,5,0.5,-0.866,66.1,19286.0,5240.0,24526.0,19811.0,1,0.1614,0.5532,0.0,0.1023
NM,0,City,1109.0,23979.0,0,1,3.19,70.0,R2 Doctoral,74358.0,642.8,9,-1.0,-0.0,69.9,26226.0,38913.0,65139.0,9219.0,0,0.3845,0.876,8110.0,0.12
VA,0,Suburb,10401.0,35246.0,0,0,2.13,25.0,R1 Research,63874.0,104.4,12,-0.0,1.0,52.7,6780.0,14290.0,21070.0,42804.0,0,1.2144,0.3299,32403.0,0.122
SC,0,City,22082.0,106108.0,0,0,2.67,54.0,R2 Doctoral,47171.0,134.8,2,0.866,0.5,81.8,14487.0,5201.0,19688.0,27483.0,1,0.259,0.4174,5401.0,0.1705
TX,0,Suburb,5668.0,39711.0,1,1,3.46,82.0,R2 Doctoral,61871.0,29.5,1,0.5,0.866,91.8,26665.0,16338.0,43003.0,18868.0,1,0.4751,0.695,13200.0,0.0769
ME,0,Suburb,-1500.0,32845.0,1,1,2.98,48.0,Regional Comprehensive,45825.0,86.8,8,-0.866,-0.5,81.0,14278.0,25762.0,40040.0,5785.0,1,0.1761,0.8738,7285.0,0.0889
NC,0,Rural,5839.0,41150.0,0,1,2.8,48.0,Regional Comprehensive,43618.0,152.6,4,0.866,-0.5,61.2,11988.0,14296.0,26284.0,17334.0,1,0.4212,0.6026,11495.0,0.1795
NC,0,Suburb,12080.0,58530.0,0,0,1.54,7.0,Community College,21164.0,85.7,3,1.0,0.0,44.2,2938.0,1711.0,4649.0,16515.0,1,0.2822,0.2197,4435.0,0.1333
HI,0,Rural,17478.0,58690.0,1,0,2.34,20.0,Regional Comprehensive,39493.0,76.1,7,-0.5,-0.866,43.5,10717.0,5141.0,15858.0,23635.0,0,0.4027,0.4015,6157.0,0.0899
IL,0,Rural,3955.0,54113.0,0,1,3.47,64.0,Community College,19787.0,178.6,12,-0.0,1.0,62.7,4029.0,7643.0,11672.0,8115.0,1,0.15,0.5899,4160.0,0.1121
IL,0,City,6750.0,30014.0,1,1,3.2,44.0,Community College,18530.0,621.7,2,0.866,0.5,70.7,676.0,5171.0,5847.0,12683.0,0,0.4226,0.3155,5933.0,0.0957
VA,0,City,24209.0,109828.0,0,0,3.13,76.0,Liberal Arts College,77345.0,147.5,5,0.5,-0.866,58.2,30782.0,13126.0,43908.0,33437.0,0,0.3044,0.5677,9228.0,0.078
TX,0,Town,43682.0,163551.0,0,0,2.96,82.0,R1 Research,72451.0,421.3,5,0.5,-0.866,49.6,21951.0,4235.0,26186.0,46265.0,1,0.2829,0.3614,2583.0,0.0696
NY,0,Town,5164.0,15907.0,1,1,2.92,43.0,Regional Comprehensive,55727.0,243.4,5,0.5,-0.866,63.4,19730.0,25671.0,45401.0,10326.0,1,0.6491,0.8147,5162.0,0.1121
TX,0,Suburb,6663.0,20567.0,1,1,3.34,76.0,Regional Comprehensive,42734.0,395.6,4,0.866,-0.5,39.3,19087.0,15227.0,34314.0,8420.0,1,0.4094,0.803,1757.0,0.0594
CA,0,Suburb,30776.0,129580.0,0,0,3.56,93.0,Liberal Arts College,68570.0,66.8,12,-0.0,1.0,41.3,36700.0,6956.0,43656.0,24914.0,1,0.1923,0.6367,0.0,0.0345
OK,0,Suburb,42506.0,194902.0,0,0,3.74,68.0,Regional Comprehensive,47412.0,102.0,2,0.866,0.5,58.3,22644.0,830.0,23474.0,23938.0,1,0.1228,0.4951,0.0,0.1569
VA,0,Town,342.0,13589.0,0,1,2.48,40.0,Community College,21554.0,102.4,10,-0.866,0.5,67.3,2042.0,9312.0,11354.0,10200.0,0,0.7506,0.5268,9858.0,0.0962
PA,0,Town,22115.0,113223.0,0,0,2.65,59.0,R2 Doctoral,47891.0,224.9,6,0.0,-1.0,75.8,14289.0,6254.0,20543.0,27348.0,1,0.2415,0.429,5233.0,0.0769
IL,0,City,37947.0,204694.0,0,0,3.24,61.0,R1 Research,75512.0,291.2,11,-0.5,0.866,18.8,20620.0,9273.0,29893.0,45619.0,1,0.2229,0.3959,7672.0,0.0323
OH,1,City,6344.0,33829.0,1,1,2.33,29.0,Liberal Arts College,51329.0,41.8,9,-1.0,-0.0,31.0,12320.0,18276.0,30596.0,20733.0,0,0.6129,0.5961,14389.0,0.0575
AZ,0,City,43219.0,196292.0,1,0,2.04,37.0,Community College,15614.0,318.1,6,0.0,-1.0,75.2,0.0,0.0,0.0,15614.0,1,0.0795,0.0,0.0,0.0956
AR,0,Rural,15863.0,55373.0,1,0,2.84,44.0,R2 Doctoral,54668.0,70.1,1,0.5,0.866,68.7,13362.0,7987.0,21349.0,33319.0,1,0.6017,0.3905,17456.0,0.0952
MS,0,Rural,10415.0,78948.0,0,0,2.53,30.0,R1 Research,66029.0,321.0,5,0.5,-0.866,70.5,10536.0,11504.0,22040.0,43989.0,1,0.5572,0.3338,33574.0,0.1057
IL,0,Town,9900.0,37502.0,1,0,3.25,63.0,Regional Comprehensive,39198.0,368.1,2,0.866,0.5,54.7,15498.0,4161.0,19659.0,19539.0,0,0.521,0.5015,9639.0,0.0667
NY,0,City,35414.0,129410.0,0,0,3.6,99.0,Liberal Arts College,68488.0,258.1,2,0.866,0.5,51.7,34229.0,7117.0,41346.0,27142.0,1,0.2097,0.6037,0.0,0.0581
GA,0,Suburb,24827.0,114784.0,1,0,3.07,69.0,Regional Comprehensive,42661.0,145.9,3,1.0,0.0,51.7,16901.0,3969.0,20870.0,21791.0,0,0.1898,0.4892,0.0,0.1452
NJ,0,City,31671.0,217900.0,0,0,3.61,86.0,R2 Doctoral,59724.0,268.0,10,-0.866,0.5,6.5,25339.0,6605.0,31944.0,27780.0,1,0.1275,0.5349,0.0,0.0225
GA,0,Suburb,32885.0,177591.0,0,0,3.01,63.0,Regional Comprehensive,40582.0,49.6,11,-0.5,0.866,33.6,13742.0,1134.0,14876.0,25706.0,1,0.1447,0.3666,0.0,0.0294
MA,0,City,15031.0,62531.0,0,0,2.64,27.0,R2 Doctoral,56434.0,156.0,9,-1.0,-0.0,36.4,14538.0,7068.0,21606.0,34828.0,0,0.557,0.3829,19797.0,0.0296
NJ,0,Town,130471.0,590091.0,0,0,3.83,94.0,R2 Doctoral,44937.0,173.7,1,0.5,0.866,46.1,18566.0,0.0,18566.0,26371.0,1,0.0447,0.4132,0.0,0.04
NY,0,City,34490.0,166470.0,0,0,2.67,38.0,Regional Comprehensive,44012.0,31.4,3,1.0,0.0,43.5,13477.0,2390.0,15867.0,28145.0,0,0.1691,0.3605,0.0,0.0909
PA,0,Suburb,23330.0,92890.0,0,0,2.21,23.0,R1 Research,78606.0,208.5,1,0.5,0.866,46.3,10117.0,9053.0,19170.0,59436.0,0,0.6399,0.2439,36106.0,0.0413
IL,0,Rural,954.0,30701.0,0,1,3.14,58.0,Liberal Arts College,72218.0,34.1,10,-0.866,0.5,50.4,26444.0,27213.0,53657.0,18561.0,1,0.6046,0.743,17607.0,0.0667
CA,0,Suburb,-1500.0,20918.0,1,1,3.09,71.0,Liberal Arts College,82346.0,80.8,1,0.5,0.866,76.7,34478.0,35239.0,69717.0,12629.0,0,0.6037,0.8466,14129.0,0.0531
TX,0,City,5453.0,22238.0,0,1,3.08,83.0,Community College,14206.0,132.1,6,0.0,-1.0,6.6,3131.0,3659.0,6790.0,7416.0,0,0.3335,0.478,1963.0,0.0455
MD,0,Rural,-1500.0,32137.0,0,1,3.62,68.0,Community College,16210.0,58.8,4,0.866,-0.5,43.2,820.0,7874.0,8694.0,7516.0,0,0.2339,0.5363,9016.0,0.0216
IL,0,Suburb,50464.0,169678.0,0,0,3.19,77.0,R2 Doctoral,59371.0,138.2,2,0.866,0.5,45.6,22825.0,1843.0,24668.0,34703.0,1,0.2045,0.4155,0.0,0.042
FL,0,Suburb,26567.0,89385.0,0,0,3.32,66.0,R2 Doctoral,59789.0,135.9,5,0.5,-0.866,31.6,20989.0,7047.0,28036.0,31753.0,0,0.3552,0.4689,5186.0,0.0291
NJ,0,Suburb,13011.0,40472.0,1,0,3.18,73.0,Regional Comprehensive,53408.0,53.6,2,0.866,0.5,85.8,21121.0,6975.0,28096.0,25312.0,0,0.6254,0.5261,12301.0,0.1091
WI,0,Rural,9471.0,57078.0,1,0,2.84,54.0,Liberal Arts College,84050.0,230.0,2,0.866,0.5,45.9,29106.0,10731.0,39837.0,44213.0,0,0.7746,0.474,34742.0,0.0928
FL,0,Suburb,15312.0,52283.0,0,0,2.32,23.0,R1 Research,82430.0,56.8,1,0.5,0.866,70.2,16043.0,17158.0,33201.0,49229.0,1,0.9416,0.4028,33917.0,0.042
LA,0,Suburb,24164.0,111976.0,0,0,3.38,63.0,Community College,16603.0,1400.0,4,0.866,-0.5,45.8,3993.0,0.0,3993.0,12610.0,0,0.1126,0.2405,0.0,0.0727
MS,0,Suburb,4901.0,33432.0,0,1,2.42,32.0,Liberal Arts College,76949.0,112.9,11,-0.5,0.866,76.6,16772.0,25871.0,42643.0,34306.0,1,1.0261,0.5542,29405.0,0.0686
WA,0,City,26236.0,80965.0,0,0,3.36,75.0,Community College,15550.0,37.0,2,0.866,0.5,46.6,5188.0,0.0,5188.0,10362.0,1,0.128,0.3336,0.0,0.0673
TN,0,Town,13689.0,78125.0,0,0,3.54,83.0,Liberal Arts College,87859.0,45.1,5,0.5,-0.866,42.6,38715.0,14149.0,52864.0,34995.0,0,0.4479,0.6017,21306.0,0.0484
CA,0,City,5281.0,34160.0,1,1,3.74,99.0,Community College,18274.0,422.8,3,1.0,0.0,61.7,2339.0,5866.0,8205.0,10069.0,1,0.2948,0.449,4788.0,0.0776
NM,0,Suburb,33791.0,197474.0,0,0,3.31,75.0,Community College,20213.0,82.5,2,0.866,0.5,88.8,1568.0,0.0,1568.0,18645.0,1,0.0944,0.0776,0.0,0.0242
IL,0,Suburb,14766.0,50878.0,0,0,3.26,49.0,Regional Comprehensive,34659.0,30.3,4,0.866,-0.5,68.9,13109.0,3964.0,17073.0,17586.0,1,0.3457,0.4926,2820.0,0.087
AR,0,City,3407.0,30798.0,1,1,3.59,95.0,Liberal Arts College,51815.0,310.5,2,0.866,0.5,53.9,22086.0,14823.0,36909.0,14906.0,1,0.484,0.7123,11499.0,0.0451
VA,0,Suburb,27116.0,116317.0,1,0,2.91,61.0,Community College,23406.0,81.9,7,-0.5,-0.866,64.5,1165.0,0.0,1165.0,22241.0,0,0.1912,0.0498,0.0,0.1795
CA,0,Suburb,13922.0,65463.0,1,0,3.14,60.0,Community College,27641.0,251.6,11,-0.5,0.866,47.4,4965.0,3417.0,8382.0,19259.0,1,0.2942,0.3032,5337.0,0.2051
CA,0,Suburb,11512.0,84463.0,0,0,1.85,,Community College,19883.0,338.4,3,1.0,0.0,87.6,4677.0,1534.0,6211.0,13672.0,1,0.1619,0.3124,2160.0,0.0853
TN,0,City,8067.0,26823.0,0,1,3.56,74.0,Liberal Arts College,92485.0,169.0,6,0.0,-1.0,72.2,36289.0,44625.0,80914.0,11571.0,1,0.4314,0.8749,3504.0,0.1892
NJ,0,Rural,26184.0,112977.0,0,0,1.55,17.0,Regional Comprehensive,41689.0,1568.0,2,0.866,0.5,61.2,8129.0,4245.0,12374.0,29315.0,0,0.2595,0.2968,3131.0,0.0608
CA,0,Rural,57066.0,300784.0,0,0,3.25,73.0,Regional Comprehensive,37912.0,20.7,4,0.866,-0.5,63.5,14714.0,0.0,14714.0,23198.0,0,0.0771,0.3881,0.0,0.125
WI,0,Suburb,7761.0,25356.0,0,1,3.04,76.0,R2 Doctoral,65907.0,53.7,5,0.5,-0.866,47.7,23451.0,25231.0,48682.0,17225.0,0,0.6793,0.7386,9464.0,0.0886
OR,0,Suburb,18387.0,81229.0,1,0,3.21,81.0,Regional Comprehensive,44395.0,96.8,10,-0.866,0.5,58.7,18454.0,5183.0,23637.0,20758.0,1,0.2555,0.5324,2371.0,0.1
NC,0,City,5959.0,35760.0,0,1,1.53,3.0,R1 Research,70088.0,1361.2,6,0.0,-1.0,68.6,7011.0,32109.0,39120.0,30968.0,0,0.866,0.5582,25009.0,0.1134
GA,0,City,69049.0,436488.0,0,0,1.9,,R1 Research,86978.0,836.9,2,0.866,0.5,77.8,8833.0,2581.0,11414.0,75564.0,1,0.1731,0.1312,6515.0,0.2115
CA,0,Suburb,24059.0,153666.0,0,0,3.46,62.0,R1 Research,68890.0,490.3,9,-1.0,-0.0,47.8,19550.0,6513.0,26063.0,42827.0,0,0.2787,0.3783,18768.0,0.0698
MN,0,Rural,12424.0,77120.0,1,0,3.64,61.0,Regional Comprehensive,39698.0,55.0,10,-0.866,0.5,20.0,18248.0,7512.0,25760.0,13938.0,0,0.1807,0.6489,1514.0,0.0119
NY,0,Town,6549.0,26002.0,0,1,2.6,60.0,R1 Research,59518.0,62.2,4,0.866,-0.5,72.6,14971.0,22662.0,37633.0,21885.0,1,0.8417,0.6323,15336.0,0.1395
CT,0,Suburb,4913.0,30947.0,0,1,3.1,67.0,Community College,18991.0,53.1,4,0.866,-0.5,48.8,606.0,5293.0,5899.0,13092.0,0,0.423,0.3106,8179.0,0.0362
PA,0,Rural,17441.0,107723.0,1,0,2.19,23.0,Community College,21181.0,55.7,6,0.0,-1.0,77.4,1879.0,779.0,2658.0,18523.0,0,0.172,0.1255,1082.0,0.3409
NJ,0,Suburb,3034.0,23600.0,0,1,3.86,82.0,Liberal Arts College,74121.0,607.4,3,1.0,0.0,33.5,33858.0,35135.0,68993.0,5128.0,0,0.2173,0.9308,2094.0,0.1364
FL,0,City,8814.0,24139.0,1,1,3.21,79.0,Regional Comprehensive,44491.0,98.1,5,0.5,-0.866,69.0,18893.0,11613.0,30506.0,13985.0,1,0.5794,0.6857,5171.0,0.0656
TX,0,Suburb,18443.0,63345.0,0,0,3.68,71.0,Community College,17055.0,112.7,7,-0.5,-0.866,53.7,3095.0,0.0,3095.0,13960.0,0,0.2204,0.1815,0.0,0.0616
CO,0,City,20278.0,69290.0,1,0,3.77,69.0,Regional Comprehensive,42673.0,285.7,2,0.866,0.5,57.8,21743.0,5679.0,27422.0,15251.0,1,0.2201,0.6426,0.0,0.0727
NC,0,Rural,16608.0,82754.0,0,0,3.79,69.0,Regional Comprehensive,52070.0,22.1,1,0.5,0.866,88.9,24002.0,7089.0,31091.0,20979.0,1,0.2535,0.5971,4371.0,0.0741
MI,0,Suburb,6973.0,45869.0,0,1,3.4,73.0,Liberal Arts College,75620.0,133.9,2,0.866,0.5,48.8,33859.0,33764.0,67623.0,7997.0,1,0.1743,0.8942,1024.0,0.058
ID,0,Suburb,29407.0,122089.0,0,0,3.38,60.0,Liberal Arts College,69248.0,40.1,3,1.0,0.0,85.5,25834.0,9197.0,35031.0,34217.0,1,0.2803,0.5059,4810.0,0.1064
ID,0,Suburb,1061.0,33843.0,1,1,3.58,91.0,Community College,23108.0,93.0,11,-0.5,0.866,96.9,977.0,8126.0,9103.0,14005.0,1,0.4138,0.3939,12944.0,0.2174
OR,0,Rural,23197.0,98833.0,0,0,2.79,48.0,R2 Doctoral,54307.0,68.5,11,-0.5,0.866,31.1,13456.0,8456.0,21912.0,32395.0,1,0.3278,0.4035,9198.0,0.0333
TX,0,Suburb,15513.0,73436.0,1,0,3.55,59.0,Community College,18556.0,64.8,5,0.5,-0.866,46.8,0.0,671.0,671.0,17885.0,1,0.2435,0.0362,2372.0,0.2059
VA,0,Suburb,24897.0,97000.0,0,0,2.99,53.0,R1 Research,69662.0,160.6,1,0.5,0.866,59.9,17398.0,10143.0,27541.0,42121.0,1,0.4342,0.3954,17224.0,0.0159
CT,0,City,31856.0,147420.0,0,0,2.22,14.0,Regional Comprehensive,37661.0,159.8,1,0.5,0.866,58.7,10298.0,916.0,11214.0,26447.0,1,0.1794,0.2978,0.0,0.1111
IL,0,Rural,5045.0,45350.0,0,1,3.58,77.0,R1 Research,68156.0,100.6,1,0.5,0.866,82.7,23141.0,24235.0,47376.0,20780.0,1,0.4582,0.6951,15735.0,0.2286
CA,0,Suburb,1822.0,39106.0,0,1,2.59,55.0,Regional Comprehensive,45892.0,187.0,3,1.0,0.0,80.8,16905.0,16418.0,33323.0,12569.0,1,0.3214,0.7261,10747.0,0.1667
AL,0,City,5040.0,18664.0,1,1,1.77,7.0,Regional Comprehensive,43037.0,50.9,6,0.0,-1.0,53.5,8748.0,11555.0,20303.0,22734.0,0,1.2181,0.4718,17694.0,0.2063
NC,0,Rural,-1343.0,14711.0,0,1,2.42,25.0,Liberal Arts College,86727.0,259.2,11,-0.5,0.866,39.7,20552.0,30743.0,51295.0,35432.0,0,2.4085,0.5915,36775.0,0.1538
NJ,0,City,5088.0,55453.0,1,1,3.37,76.0,Regional Comprehensive,40445.0,102.0,2,0.866,0.5,59.9,20070.0,15344.0,35414.0,5031.0,0,0.0907,0.8756,0.0,0.1111
MT,0,Suburb,10522.0,58255.0,1,0,1.96,11.0,Community College,19679.0,76.2,1,0.5,0.866,70.7,1152.0,2375.0,3527.0,16152.0,1,0.2773,0.1792,5630.0,0.0933
WA,0,Suburb,1726.0,28797.0,0,1,1.87,20.0,Regional Comprehensive,42609.0,55.0,2,0.866,0.5,41.2,6734.0,22123.0,28857.0,13752.0,1,0.4775,0.6773,12026.0,0.1667
OH,1,Suburb,10336.0,33618.0,1,0,2.2,30.0,R1 Research,66302.0,28.5,4,0.866,-0.5,41.4,8763.0,14840.0,23603.0,42699.0,0,1.2701,0.356,32363.0,0.0338
PA,0,Suburb,46471.0,188506.0,0,0,2.71,31.0,R2 Doctoral,65097.0,903.3,1,0.5,0.866,49.2,14965.0,3543.0,18508.0,46589.0,1,0.2471,0.2843,118.0,0.1714
OH,1,City,24534.0,118256.0,0,0,2.12,5.0,Community College,22019.0,34.3,10,-0.866,0.5,46.5,0.0,0.0,0.0,22019.0,0,0.1862,0.0,0.0,0.0563
CA,0,City,870.0,25378.0,1,1,3.64,75.0,Community College,19147.0,38.1,5,0.5,-0.866,56.5,2155.0,9273.0,11428.0,7719.0,1,0.3042,0.5969,6849.0,0.0887
SC,0,City,14112.0,45776.0,0,0,2.65,48.0,Liberal Arts College,76511.0,332.5,8,-0.866,-0.5,20.4,22437.0,17215.0,39652.0,36859.0,0,0.8052,0.5183,22747.0,0.0351
LA,0,City,21045.0,84316.0,0,0,3.91,99.0,Liberal Arts College,75832.0,77.2,12,-0.0,1.0,45.2,40494.0,14454.0,54948.0,20884.0,0,0.2477,0.7246,0.0,0.175
NY,0,Rural,7841.0,40093.0,1,1,3.55,62.0,Regional Comprehensive,40092.0,170.7,7,-0.5,-0.866,37.9,16911.0,9842.0,26753.0,13339.0,0,0.3327,0.6673,5498.0,0.0268
NY,0,Suburb,12116.0,35163.0,0,0,3.49,61.0,Regional Comprehensive,48983.0,67.1,9,-1.0,-0.0,56.8,22538.0,9697.0,32235.0,16748.0,1,0.4763,0.6581,4632.0,0.1034
OK,0,Suburb,6565.0,49339.0,0,1,3.59,91.0,Community College,13650.0,486.2,6,0.0,-1.0,35.5,1390.0,1969.0,3359.0,10291.0,0,0.2086,0.2461,3726.0,0.0238
CA,0,Suburb,25169.0,138037.0,0,0,3.27,68.0,Regional Comprehensive,43142.0,68.1,2,0.866,0.5,67.7,16860.0,3794.0,20654.0,22488.0,1,0.1629,0.4787,0.0,0.0769
MI,0,Town,30242.0,147356.0,0,0,2.96,52.0,Liberal Arts College,92990.0,549.8,2,0.866,0.5,58.8,33410.0,15030.0,48440.0,44550.0,0,0.3023,0.5209,14308.0,0.0615
GA,0,City,10779.0,37067.0,0,0,2.67,52.0,Liberal Arts College,60510.0,42.1,12,-0.0,1.0,78.5,20586.0,10973.0,31559.0,28951.0,1,0.781,0.5216,18172.0,0.1444
IN,0,City,19449.0,87693.0,1,0,2.32,46.0,Regional Comprehensive,47083.0,93.2,3,1.0,0.0,70.1,14085.0,5506.0,19591.0,27492.0,1,0.3135,0.4161,8043.0,0.1818
TX,0,Suburb,16418.0,62654.0,1,0,1.68,19.0,Regional Comprehensive,48341.0,551.1,4,0.866,-0.5,60.5,7469.0,8187.0,15656.0,32685.0,0,0.5217,0.3239,16267.0,0.0667
TN,0,Suburb,5758.0,30457.0,1,1,3.59,69.0,Regional Comprehensive,42352.0,151.2,2,0.866,0.5,64.9,22486.0,15101.0,37587.0,4765.0,0,0.1565,0.8875,0.0,0.047
IL,0,Town,13000.0,50823.0,0,0,2.75,52.0,Community College,16340.0,1375.9,1,0.5,0.866,63.7,1719.0,844.0,2563.0,13777.0,0,0.2711,0.1569,777.0,0.1481
AZ,0,Rural,5123.0,25330.0,1,1,2.64,57.0,R1 Research,56691.0,95.5,3,1.0,0.0,54.3,14469.0,15176.0,29645.0,27046.0,1,1.0677,0.5229,21923.0,0.1364
CA,0,Town,40935.0,145423.0,0,0,2.89,48.0,R2 Doctoral,53059.0,166.0,5,0.5,-0.866,54.6,17639.0,1968.0,19607.0,33452.0,1,0.23,0.3695,0.0,0.0897
GA,0,City,36738.0,192486.0,0,0,3.62,84.0,Liberal Arts College,68939.0,936.6,10,-0.866,0.5,45.5,32270.0,7242.0,39512.0,29427.0,0,0.1529,0.5731,0.0,0.1
MI,0,City,3030.0,46835.0,0,1,1.5,,Regional Comprehensive,38403.0,25.8,2,0.866,0.5,55.4,2473.0,15299.0,17772.0,20631.0,1,0.4405,0.4628,17601.0,0.1111
FL,0,City,10206.0,39445.0,1,0,3.0,43.0,Liberal Arts College,86708.0,22.7,3,1.0,0.0,56.7,26651.0,12618.0,39269.0,47439.0,1,1.2027,0.4529,37233.0,0.0565
TX,0,Town,29889.0,134498.0,0,0,3.07,64.0,Liberal Arts College,68117.0,55.0,10,-0.866,0.5,48.0,24361.0,10096.0,34457.0,33660.0,1,0.2503,0.5059,3771.0,0.0376
TX,0,Rural,44873.0,151089.0,0,0,1.8,22.0,Regional Comprehensive,46947.0,297.6,7,-0.5,-0.866,56.5,8902.0,327.0,9229.0,37718.0,1,0.2496,0.1966,0.0,0.0403
PA,0,Rural,-1500.0,28215.0,0,1,2.74,56.0,Regional Comprehensive,40998.0,23.4,2,0.866,0.5,71.8,14941.0,13643.0,28584.0,12414.0,0,0.44,0.6972,13914.0,0.0824
CA,0,City,11277.0,56580.0,1,0,3.02,39.0,Liberal Arts College,82121.0,237.2,11,-0.5,0.866,74.2,24117.0,17459.0,41576.0,40545.0,0,0.7166,0.5063,29268.0,0.1161
NM,0,Town,9880.0,60329.0,0,0,3.42,89.0,R1 Research,73664.0,220.3,1,0.5,0.866,51.4,23721.0,12013.0,35734.0,37930.0,1,0.6287,0.4851,28050.0,0.06
IL,0,Suburb,5616.0,36136.0,1,1,3.52,83.0,Liberal Arts College,87141.0,1050.4,6,0.0,-1.0,36.8,39358.0,31411.0,70769.0,16372.0,1,0.4531,0.8121,10756.0,0.0476
SC,0,Town,17141.0,83109.0,0,0,2.65,57.0,Regional Comprehensive,37712.0,379.8,12,-0.0,1.0,66.9,10933.0,5751.0,16684.0,21028.0,0,0.253,0.4424,3887.0,0.0424
NH,0,Suburb,10919.0,38027.0,0,0,3.33,56.0,Community College,17033.0,185.7,1,0.5,0.866,100.0,1507.0,1235.0,2742.0,14291.0,0,0.3758,0.161,3372.0,0.1705
CA,0,City,4922.0,42660.0,0,1,1.57,12.0,Liberal Arts College,85999.0,527.9,4,0.866,-0.5,69.5,12078.0,24510.0,36588.0,49411.0,0,1.1583,0.4254,44489.0,0.1316
MA,0,City,8930.0,58515.0,1,0,1.8,18.0,Regional Comprehensive,41978.0,223.1,3,1.0,0.0,58.9,7835.0,8901.0,16736.0,25242.0,0,0.4314,0.3987,16312.0,0.0808
OK,0,Rural,4886.0,21544.0,1,1,2.38,16.0,Liberal Arts College,72871.0,78.2,3,1.0,0.0,68.9,13274.0,29439.0,42713.0,30158.0,0,1.3998,0.5861,25272.0,0.1731
AZ,0,Suburb,6066.0,14319.0,0,1,2.02,24.0,R1 Research,76718.0,38.1,2,0.866,0.5,64.6,10093.0,24175.0,34268.0,42450.0,0,2.9646,0.4467,36384.0,0.1538
OH,1,Suburb,24120.0,121924.0,0,0,2.7,31.0,Regional Comprehensive,29558.0,20.2,11,-0.5,0.866,53.0,5999.0,826.0,6825.0,22733.0,0,0.1865,0.2309,0.0,0.0075
OH,1,Suburb,7786.0,36937.0,0,1,3.11,60.0,Regional Comprehensive,31397.0,35.2,1,0.5,0.866,46.5,11115.0,9297.0,20412.0,10985.0,1,0.2974,0.6501,3199.0,0.031
CA,0,Suburb,110951.0,292758.0,0,0,3.92,99.0,Liberal Arts College,75572.0,152.3,1,0.5,0.866,80.5,36275.0,0.0,36275.0,39297.0,1,0.1342,0.48,0.0,0.1304
MI,0,Rural,57127.0,260335.0,0,0,2.32,34.0,R2 Doctoral,53843.0,15.0,1,0.5,0.866,48.4,11569.0,0.0,11569.0,42274.0,1,0.1624,0.2149,0.0,0.0472
ND,0,City,10537.0,43710.0,0,0,3.07,57.0,Liberal Arts College,63010.0,100.6,1,0.5,0.866,80.0,22811.0,10786.0,33597.0,29413.0,1,0.6729,0.5332,18876.0,0.102
WV,0,City,55778.0,339123.0,0,0,1.5,,R2 Doctoral,53067.0,130.6,4,0.866,-0.5,69.7,3835.0,0.0,3835.0,49232.0,1,0.1452,0.0723,0.0,0.0661
CA,0,Town,30873.0,123631.0,0,0,2.58,44.0,R2 Doctoral,59116.0,225.2,2,0.866,0.5,87.3,12042.0,5020.0,17062.0,42054.0,1,0.3402,0.2886,11181.0,0.0863
MO,0,Suburb,2336.0,39552.0,0,1,3.49,73.0,Regional Comprehensive,43466.0,699.2,11,-0.5,0.866,66.6,20976.0,16301.0,37277.0,6189.0,1,0.1565,0.8576,3853.0,0.0373
NY,0,City,256.0,9809.0,1,1,1.65,,R2 Doctoral,58824.0,154.0,9,-1.0,-0.0,17.7,6316.0,18561.0,24877.0,33947.0,0,3.4608,0.4229,33691.0,0.027
IA,0,City,25235.0,103308.0,0,0,3.11,46.0,Regional Comprehensive,43430.0,48.8,5,0.5,-0.866,33.7,13907.0,4757.0,18664.0,24766.0,1,0.2397,0.4297,0.0,0.06
CA,0,City,12524.0,64378.0,1,0,2.68,55.0,Regional Comprehensive,47082.0,18.8,2,0.866,0.5,67.0,14942.0,6093.0,21035.0,26047.0,1,0.4046,0.4468,13523.0,0.0787
MS,0,City,10643.0,85869.0,0,0,3.36,86.0,Regional Comprehensive,42127.0,260.7,12,-0.0,1.0,83.0,21686.0,5851.0,27537.0,14590.0,1,0.1699,0.6537,3947.0,0.2439
LA,0,City,7534.0,53382.0,1,1,3.31,69.0,Community College,16030.0,50.9,1,0.5,0.866,59.5,2691.0,3831.0,6522.0,9508.0,0,0.1781,0.4069,1974.0,0.0364
CA,0,City,3120.0,27624.0,0,1,3.7,96.0,Liberal Arts College,85456.0,314.8,11,-0.5,0.866,28.9,43253.0,33001.0,76254.0,9202.0,0,0.3331,0.8923,6082.0,0.0345
CA,0,Town,-1454.0,46283.0,0,1,3.44,73.0,Regional Comprehensive,39956.0,549.6,2,0.866,0.5,76.1,15741.0,21052.0,36793.0,3163.0,0,0.0683,0.9208,4617.0,0.0873
LA,0,Rural,16945.0,104692.0,0,0,3.68,72.0,Community College,17213.0,25.0,7,-0.5,-0.866,86.7,3184.0,39.0,3223.0,13990.0,1,0.1336,0.1872,0.0,0.2162
TX,0,Rural,14965.0,48769.0,0,0,3.0,84.0,R2 Doctoral,55927.0,226.7,7,-0.5,-0.866,43.0,19963.0,7386.0,27349.0,28578.0,0,0.586,0.489,13613.0,0.0469
MI,0,Suburb,12193.0,48557.0,0,0,2.45,17.0,Regional Comprehensive,36789.0,492.3,4,0.866,-0.5,50.4,5995.0,4923.0,10918.0,25871.0,1,0.5328,0.2968,13678.0,0.1224
NV,0,Suburb,-655.0,21079.0,0,1,2.14,29.0,Regional Comprehensive,42320.0,369.4,2,0.866,0.5,91.2,9815.0,17434.0,27249.0,15071.0,1,0.715,0.6439,15726.0,0.303
NJ,0,Rural,16003.0,67216.0,1,0,3.06,50.0,Community College,17299.0,15.0,2,0.866,0.5,42.8,2557.0,361.0,2918.0,14381.0,0,0.214,0.1687,0.0,0.1957
IL,0,Town,5003.0,28266.0,1,1,2.73,43.0,Regional Comprehensive,43679.0,51.7,3,1.0,0.0,45.7,13815.0,13768.0,27583.0,16096.0,0,0.5694,0.6315,11093.0,0.0598
OH,1,Suburb,19498.0,121947.0,0,0,2.0,39.0,R1 Research,55646.0,9.6,11,-0.5,0.866,34.2,9430.0,9381.0,18811.0,36835.0,1,0.3021,0.338,17337.0,0.0345
CA,0,City,7491.0,37103.0,1,1,3.47,74.0,R2 Doctoral,53021.0,219.5,2,0.866,0.5,68.8,18873.0,14484.0,33357.0,19664.0,0,0.53,0.6291,12173.0,0.3548
HI,0,Suburb,18020.0,50873.0,0,0,2.18,21.0,R2 Doctoral,54820.0,195.6,5,0.5,-0.866,54.0,6969.0,8802.0,15771.0,39049.0,1,0.7676,0.2877,21029.0,0.2105
NY,0,Suburb,63846.0,298961.0,0,0,2.85,43.0,Regional Comprehensive,51469.0,15.0,1,0.5,0.866,51.9,17355.0,0.0,17355.0,34114.0,1,0.1141,0.3372,0.0,0.0365
TX,0,Suburb,6524.0,50477.0,1,1,3.5,82.0,Liberal Arts College,100238.0,92.4,1,0.5,0.866,82.5,45007.0,31164.0,76171.0,24067.0,0,0.4768,0.7599,17543.0,0.0583
NY,0,City,8624.0,45834.0,0,1,2.25,15.0,Liberal Arts College,81801.0,293.7,1,0.5,0.866,77.5,14574.0,22401.0,36975.0,44826.0,1,0.978,0.452,36202.0,0.0308
ID,0,Rural,14833.0,95956.0,1,0,3.7,84.0,R1 Research,68869.0,148.0,11,-0.5,0.866,83.7,22255.0,11737.0,33992.0,34877.0,0,0.3635,0.4936,20044.0,0.0602
CA,0,Suburb,-69.0,17407.0,0,1,3.4,69.0,R1 Research,63665.0,147.7,5,0.5,-0.866,60.2,18710.0,29401.0,48111.0,15554.0,1,0.8935,0.7557,15623.0,0.1205
OK,0,Suburb,29032.0,154907.0,0,0,3.13,51.0,R2 Doctoral,51432.0,86.4,8,-0.866,-0.5,70.3,15378.0,6000.0,21378.0,30054.0,1,0.194,0.4157,1022.0,0.041
MO,0,City,20739.0,128751.0,0,0,2.24,8.0,Regional Comprehensive,43827.0,41.7,7,-0.5,-0.866,36.7,9054.0,5222.0,14276.0,29551.0,1,0.2295,0.3257,8812.0,0.037
LA,0,Town,27062.0,91822.0,1,0,2.9,53.0,Regional Comprehensive,49988.0,124.5,1,0.5,0.866,79.7,18836.0,4447.0,23283.0,26705.0,1,0.2908,0.4658,0.0,0.102
ME,0,Town,-1500.0,5533.0,1,1,2.61,36.0,Regional Comprehensive,40265.0,133.8,3,1.0,0.0,78.8,11448.0,21959.0,33407.0,6858.0,0,1.2395,0.8297,8358.0,0.1354
KY,0,City,15008.0,52220.0,0,0,2.8,51.0,Community College,19834.0,241.7,11,-0.5,0.866,39.5,1676.0,990.0,2666.0,17168.0,0,0.3288,0.1344,2160.0,0.0811
KS,0,Suburb,5967.0,25173.0,0,1,2.04,,Regional Comprehensive,42534.0,263.3,8,-0.866,-0.5,67.3,6667.0,11803.0,18470.0,24064.0,0,0.9559,0.4342,18097.0,0.0597
TX,0,Suburb,24959.0,141401.0,0,0,2.29,23.0,Liberal Arts College,86350.0,138.7,7,-0.5,-0.866,61.7,13849.0,16856.0,30705.0,55645.0,1,0.3935,0.3556,30686.0,0.2632
SC,0,Town,44719.0,134302.0,0,0,3.21,75.0,Community College,17993.0,400.0,5,0.5,-0.866,67.4,2246.0,0.0,2246.0,15747.0,1,0.1173,0.1248,0.0,0.0851
NJ,0,City,16903.0,83230.0,0,0,3.94,70.0,Regional Comprehensive,41462.0,85.5,2,0.866,0.5,78.9,17410.0,4647.0,22057.0,19405.0,1,0.2331,0.532,2502.0,0.0992
NJ,0,Rural,-1255.0,26470.0,1,1,3.67,99.0,Regional Comprehensive,41760.0,27.8,3,1.0,0.0,68.1,23214.0,21847.0,39672.0,2088.0,1,0.0789,0.95,3343.0,0.129
IA,0,Suburb,38958.0,184590.0,0,0,3.26,70.0,Liberal Arts College,94081.0,209.1,1,0.5,0.866,83.6,38885.0,15141.0,54026.0,40055.0,1,0.217,0.5742,1097.0,0.08
NH,0,City,14452.0,52113.0,1,0,2.02,17.0,Regional Comprehensive,44653.0,144.7,6,0.0,-1.0,42.2,4696.0,5459.0,10155.0,34498.0,0,0.662,0.2274,20046.0,0.0899
MO,0,City,66889.0,230929.0,0,0,2.76,48.0,Community College,21652.0,213.5,2,0.866,0.5,46.3,3142.0,0.0,3142.0,18510.0,0,0.0802,0.1451,0.0,0.0536
NC,0,City,12364.0,76197.0,0,0,2.58,29.0,Regional Comprehensive,46427.0,33.6,3,1.0,0.0,58.0,12123.0,7692.0,19815.0,26612.0,1,0.3493,0.4268,14248.0,0.0735
GA,0,City,22155.0,90663.0,0,0,3.05,76.0,Community College,20437.0,830.6,1,0.5,0.866,48.9,3362.0,0.0,3362.0,17075.0,0,0.1883,0.1645,0.0,0.1078
IL,0,Suburb,5219.0,45188.0,1,1,2.39,35.0,Regional Comprehensive,43168.0,267.2,10,-0.866,0.5,63.3,13087.0,18744.0,31831.0,11337.0,1,0.2509,0.7374,6118.0,0.2564
PA,0,Town,38725.0,173340.0,0,0,2.62,42.0,R2 Doctoral,55128.0,93.6,1,0.5,0.866,56.7,14679.0,4461.0,19140.0,35988.0,1,0.2076,0.3472,0.0,0.0411
IL,0,City,13010.0,97545.0,0,0,2.57,53.0,Community College,16269.0,47.4,3,1.0,0.0,55.6,1805.0,462.0,2267.0,14002.0,0,0.1435,0.1393,992.0,0.0556
CA,0,Rural,40146.0,177883.0,0,0,2.51,42.0,R2 Doctoral,49760.0,392.6,3,1.0,0.0,55.1,10877.0,1743.0,12620.0,37140.0,1,0.2088,0.2536,0.0,0.0857
CA,0,City,17528.0,71527.0,0,0,2.94,45.0,Community College,18322.0,39.8,2,0.866,0.5,66.2,511.0,123.0,634.0,17688.0,0,0.2473,0.0346,160.0,0.0479
MN,0,Suburb,10801.0,60848.0,0,0,2.85,50.0,Community College,18063.0,1361.4,10,-0.866,0.5,54.6,4840.0,1348.0,6188.0,11875.0,1,0.1952,0.3426,1074.0,0.0632
OH,1,Rural,18613.0,96615.0,0,0,3.66,88.0,Regional Comprehensive,30187.0,19.3,2,0.866,0.5,68.5,16880.0,2019.0,18899.0,11288.0,1,0.1168,0.6261,0.0,0.1294
MS,0,Town,36610.0,177838.0,0,0,3.32,69.0,Community College,20838.0,771.5,2,0.866,0.5,54.9,3351.0,0.0,3351.0,17487.0,1,0.0983,0.1608,0.0,0.1034
WA,0,Suburb,29000.0,130882.0,0,0,3.26,48.0,Community College,23546.0,104.4,10,-0.866,0.5,21.4,1129.0,0.0,1129.0,22417.0,1,0.1713,0.0479,0.0,0.0282
CA,0,Town,11857.0,69531.0,1,0,3.64,98.0,Regional Comprehensive,40376.0,666.2,3,1.0,0.0,78.3,22209.0,6725.0,28934.0,11442.0,0,0.1646,0.7166,0.0,0.1731
TX,0,City,-1084.0,16528.0,1,1,2.47,38.0,Community College,19854.0,58.6,4,0.866,-0.5,50.0,1008.0,9493.0,10501.0,9353.0,1,0.5659,0.5289,10437.0,0.0426
TX,0,City,30570.0,112812.0,0,0,3.5,70.0,Liberal Arts College,70726.0,129.2,9,-1.0,-0.0,60.6,32525.0,10043.0,42568.0,28158.0,1,0.2496,0.6019,0.0,0.0492
ME,0,Suburb,426.0,22340.0,0,1,2.59,49.0,R2 Doctoral,45826.0,295.0,2,0.866,0.5,61.8,14634.0,18342.0,32976.0,12850.0,0,0.5752,0.7196,12424.0,0.1186
FL,0,City,720.0,64551.0,0,1,2.01,12.0,Regional Comprehensive,55447.0,253.9,3,1.0,0.0,100.0,8501.0,17237.0,25738.0,29709.0,1,0.4602,0.4642,28989.0,0.0879
MI,0,Suburb,5667.0,57910.0,1,1,3.13,41.0,Community College,18721.0,402.5,2,0.866,0.5,17.6,773.0,5117.0,5890.0,12831.0,1,0.2216,0.3146,7164.0,0.0068
KS,0,City,2772.0,22679.0,1,1,2.76,47.0,Regional Comprehensive,43113.0,75.9,1,0.5,0.866,54.9,13795.0,14648.0,28443.0,14670.0,0,0.6469,0.6597,11898.0,0.069
ME,0,Rural,16782.0,82306.0,0,0,2.24,36.0,Regional Comprehensive,48832.0,138.5,6,0.0,-1.0,65.0,14620.0,4823.0,19443.0,29389.0,1,0.3571,0.3982,12607.0,0.1034
FL,0,Rural,74986.0,296888.0,1,0,2.42,30.0,Liberal Arts College,100657.0,470.0,3,1.0,0.0,36.1,25627.0,6238.0,31865.0,68792.0,1,0.2317,0.3166,0.0,0.0187
CA,0,Town,18144.0,50258.0,0,0,3.58,75.0,Liberal Arts College,79667.0,60.4,1,0.5,0.866,62.0,31095.0,13454.0,44549.0,35118.0,0,0.6988,0.5592,16974.0,0.137
TX,0,Town,17565.0,109254.0,1,0,2.35,29.0,Regional Comprehensive,56248.0,231.1,12,-0.0,1.0,26.7,14570.0,8605.0,23175.0,33073.0,0,0.3027,0.412,15508.0,0.0226
CA,0,City,66786.0,343210.0,0,0,3.22,63.0,Community College,18867.0,100.7,3,1.0,0.0,60.8,4016.0,0.0,4016.0,14851.0,1,0.0433,0.2129,0.0,0.0331
TX,0,City,31839.0,117135.0,1,0,3.86,90.0,Regional Comprehensive,49424.0,157.3,1,0.5,0.866,67.4,25864.0,4010.0,29874.0,19550.0,0,0.1669,0.6044,0.0,0.1296
VA,0,Suburb,5244.0,39566.0,1,1,3.03,67.0,Community College,16892.0,138.5,3,1.0,0.0,77.7,2858.0,5189.0,8047.0,8845.0,0,0.2236,0.4764,3601.0,0.078
NV,0,Suburb,10210.0,74656.0,0,0,3.4,81.0,Regional Comprehensive,41261.0,55.4,8,-0.866,-0.5,61.3,22211.0,5566.0,27777.0,13484.0,0,0.1806,0.6732,3274.0,0.2903
MI,0,Suburb,17273.0,88980.0,0,0,3.13,87.0,R2 Doctoral,57664.0,96.4,2,0.866,0.5,44.4,25123.0,6386.0,31509.0,26155.0,1,0.2939,0.5464,8882.0,0.0315
AZ,0,Suburb,56605.0,176724.0,0,0,2.42,56.0,R1 Research,83653.0,147.5,1,0.5,0.866,63.8,19217.0,5486.0,24703.0,58950.0,1,0.3336,0.2953,2345.0,0.1026
TX,0,Suburb,29888.0,150861.0,0,0,2.25,16.0,Liberal Arts College,71739.0,113.7,12,-0.0,1.0,58.5,14129.0,10023.0,24152.0,47587.0,1,0.3154,0.3367,17699.0,0.0431
SC,0,City,88.0,8567.0,1,1,2.1,19.0,Regional Comprehensive,49085.0,660.7,5,0.5,-0.866,46.7,9839.0,21681.0,31520.0,17565.0,0,2.0503,0.6422,17477.0,0.0581
WA,0,Suburb,2098.0,33980.0,0,1,3.07,68.0,Community College,19890.0,365.9,4,0.866,-0.5,77.5,3256.0,8171.0,11427.0,8463.0,0,0.2491,0.5745,6365.0,0.1905
OR,0,Suburb,13075.0,59849.0,0,0,2.93,30.0,Community College,18263.0,171.8,9,-1.0,-0.0,65.6,1288.0,1100.0,2388.0,15875.0,1,0.2653,0.1308,2800.0,0.1429
NM,0,Suburb,1822.0,30303.0,0,1,2.93,57.0,Regional Comprehensive,48185.0,56.9,2,0.866,0.5,32.5,19398.0,17370.0,36768.0,11417.0,1,0.3768,0.7631,9595.0,0.1556
PA,0,Rural,267.0,4385.0,0,1,3.46,62.0,Community College,16985.0,53.3,5,0.5,-0.866,59.5,581.0,5204.0,5785.0,11200.0,0,2.5542,0.3406,10933.0,0.0315
CA,0,Suburb,10183.0,37330.0,0,0,3.7,82.0,Community College,21542.0,1006.6,1,0.5,0.866,44.1,2231.0,2947.0,5178.0,16364.0,0,0.4384,0.2404,6181.0,0.0752
FL,0,Town,13594.0,62781.0,0,0,3.29,67.0,R1 Research,69851.0,43.9,2,0.866,0.5,26.1,19092.0,8786.0,27878.0,41973.0,1,0.6686,0.3991,28379.0,0.0278
OH,1,Town,10257.0,43122.0,0,0,2.62,18.0,Regional Comprehensive,34239.0,41.3,1,0.5,0.866,52.4,9981.0,4298.0,14279.0,19960.0,1,0.4629,0.417,9703.0,0.1038
NM,0,City,8393.0,30706.0,1,1,3.23,96.0,Regional Comprehensive,45931.0,185.1,2,0.866,0.5,59.0,24207.0,11257.0,35464.0,10467.0,1,0.3409,0.7721,2074.0,0.1099
IL,0,Suburb,8261.0,64851.0,0,1,3.43,65.0,R1 Research,72797.0,91.4,10,-0.866,0.5,92.9,21207.0,28211.0,49418.0,23379.0,1,0.3605,0.6788,15118.0,0.0625
CO,0,Suburb,18150.0,80581.0,0,0,3.01,75.0,R2 Doctoral,35676.0,44.2,3,1.0,0.0,51.1,13461.0,4868.0,18329.0,17347.0,1,0.2153,0.5138,0.0,0.1194
MI,0,Suburb,4185.0,44919.0,0,1,3.69,61.0,Regional Comprehensive,42443.0,55.6,1,0.5,0.866,63.4,15416.0,12985.0,28401.0,14042.0,0,0.3126,0.6692,9857.0,0.0598
TX,0,City,33476.0,169000.0,0,0,1.97,8.0,Community College,16511.0,71.4,12,-0.0,1.0,58.2,1775.0,0.0,1775.0,14736.0,0,0.0872,0.1075,0.0,0.0921
NY,0,Rural,19018.0,65615.0,1,0,2.37,42.0,Community College,20378.0,60.2,3,1.0,0.0,58.3,74.0,367.0,441.0,19937.0,1,0.3038,0.0216,919.0,0.2558
MA,0,Rural,4260.0,33608.0,0,1,2.0,14.0,R1 Research,69917.0,510.8,1,0.5,0.866,67.5,7484.0,29133.0,36617.0,33300.0,1,0.9908,0.5237,29040.0,0.1017
TN,0,City,-242.0,28010.0,0,1,2.24,37.0,Liberal Arts College,60277.0,125.5,2,0.866,0.5,48.8,19376.0,18126.0,37502.0,22775.0,1,0.8131,0.6222,23017.0,0.1875
OH,1,City,7071.0,53996.0,0,1,3.33,76.0,R1 Research,63088.0,21.2,1,0.5,0.866,42.7,19741.0,29505.0,49246.0,13842.0,0,0.2564,0.7806,6771.0,0.1207
FL,0,City,31743.0,140317.0,0,0,3.63,69.0,Community College,18586.0,141.8,3,1.0,0.0,50.2,2672.0,0.0,2672.0,15914.0,0,0.1134,0.1438,0.0,0.0588
MD,0,Town,-561.0,34785.0,0,1,3.32,84.0,Liberal Arts College,76407.0,255.5,3,1.0,0.0,37.6,33040.0,41486.0,72587.0,3820.0,0,0.1098,0.95,4381.0,0.0784
TX,0,Suburb,17179.0,96668.0,0,0,2.32,37.0,R1 Research,76142.0,88.2,11,-0.5,0.866,64.3,15525.0,9462.0,24987.0,51155.0,1,0.5292,0.3282,33976.0,0.0342
KS,0,City,17222.0,67378.0,1,0,3.72,64.0,Community College,19632.0,326.7,6,0.0,-1.0,60.6,919.0,644.0,1563.0,18069.0,1,0.2682,0.0796,847.0,0.3667
TX,0,Town,59336.0,264376.0,0,0,2.9,53.0,R1 Research,90119.0,33.4,5,0.5,-0.866,49.9,20496.0,8353.0,28849.0,61270.0,1,0.2318,0.3201,1934.0,0.0347
CA,0,Suburb,20066.0,83365.0,0,0,3.46,81.0,R2 Doctoral,61464.0,433.4,12,-0.0,1.0,62.8,26617.0,9978.0,36595.0,24869.0,0,0.2983,0.5954,4803.0,0.3103
NC,0,Suburb,11466.0,38074.0,1,0,2.6,39.0,R1 Research,72632.0,125.5,1,0.5,0.866,55.5,14231.0,14647.0,28878.0,43754.0,0,1.1492,0.3976,32288.0,0.0889
MI,0,Suburb,15860.0,106957.0,0,0,2.99,56.0,Regional Comprehensive,46485.0,120.5,4,0.866,-0.5,5.6,17739.0,8268.0,26007.0,20478.0,0,0.1915,0.5595,4618.0,0.0
NC,0,Suburb,34524.0,109581.0,0,0,3.32,74.0,R1 Research,70054.0,61.2,6,0.0,-1.0,48.0,19830.0,6999.0,26829.0,43225.0,1,0.3945,0.383,8701.0,0.0632
OH,1,Suburb,14899.0,47295.0,1,0,2.54,17.0,Community College,17785.0,10.1,3,1.0,0.0,78.0,2038.0,751.0,2789.0,14996.0,1,0.3171,0.1568,97.0,0.024
AK,0,City,3790.0,27226.0,1,1,3.14,58.0,Regional Comprehensive,48973.0,22.0,1,0.5,0.866,84.2,18132.0,20678.0,38810.0,10163.0,1,0.3733,0.7925,6373.0,0.2326
NC,0,Suburb,19194.0,92591.0,1,0,3.73,78.0,Liberal Arts College,93154.0,56.9,2,0.866,0.5,43.2,39494.0,13795.0,53289.0,39865.0,1,0.4305,0.5721,20671.0,0.1935
GA,0,Rural,13621.0,65889.0,0,0,2.95,63.0,R2 Doctoral,55008.0,234.8,1,0.5,0.866,51.5,19658.0,5913.0,25571.0,29437.0,0,0.4468,0.4649,15816.0,0.0
OH,1,Suburb,3891.0,21122.0,1,1,3.15,54.0,R2 Doctoral,45272.0,13.4,2,0.866,0.5,78.3,13098.0,19993.0,33091.0,12181.0,0,0.5767,0.7309,8290.0,0.1414
CA,0,Rural,9043.0,75603.0,1,0,2.41,58.0,Regional Comprehensive,40915.0,24.9,4,0.866,-0.5,36.6,11809.0,6607.0,18416.0,22499.0,1,0.2976,0.4501,13456.0,0.099
VA,0,Suburb,8587.0,39790.0,1,1,2.33,22.0,Liberal Arts College,83477.0,48.8,10,-0.866,0.5,52.4,16128.0,37179.0,53307.0,30170.0,0,0.7582,0.6386,21583.0,0.1471
FL,0,Town,2077.0,21137.0,1,1,3.4,56.0,Regional Comprehensive,40835.0,84.6,7,-0.5,-0.866,66.3,16360.0,15399.0,31759.0,9076.0,1,0.4294,0.7777,6999.0,0.1132
AZ,0,City,6538.0,48848.0,0,1,2.55,54.0,Regional Comprehensive,45924.0,88.2,12,-0.0,1.0,77.4,14200.0,11940.0,26140.0,19784.0,0,0.405,0.5692,13246.0,0.0978
CA,0,Town,27081.0,158530.0,0,0,3.38,78.0,R1 Research,76012.0,110.7,12,-0.0,1.0,43.8,26019.0,10690.0,36709.0,39303.0,1,0.2479,0.4829,12222.0,0.0544
MT,0,City,28934.0,150212.0,0,0,3.17,67.0,Regional Comprehensive,50944.0,374.7,2,0.866,0.5,35.8,22719.0,5025.0,27744.0,23200.0,1,0.1544,0.5446,0.0,0.0256
GA,0,City,28305.0,124450.0,1,0,2.21,22.0,Regional Comprehensive,35746.0,470.4,6,0.0,-1.0,47.4,7977.0,1519.0,9496.0,26250.0,0,0.2109,0.2657,0.0,0.15
UT,0,City,12709.0,76408.0,0,0,2.9,47.0,R1 Research,86455.0,1040.6,8,-0.866,-0.5,98.8,18084.0,12000.0,30084.0,56371.0,0,0.7378,0.348,43662.0,0.2321
GA,0,City,23828.0,96662.0,1,0,2.85,56.0,Regional Comprehensive,50472.0,23.0,1,0.5,0.866,71.6,19551.0,4120.0,23671.0,26801.0,1,0.2773,0.469,2973.0,0.0821
CA,0,Rural,15343.0,67577.0,0,0,2.57,32.0,Community College,20329.0,51.6,4,0.866,-0.5,81.3,2073.0,891.0,2964.0,17365.0,1,0.257,0.1458,2022.0,0.2632
AL,0,Rural,-252.0,28406.0,1,1,3.1,82.0,R2 Doctoral,54165.0,263.8,9,-1.0,-0.0,58.6,19814.0,25303.0,45117.0,9048.0,1,0.3185,0.833,9300.0,0.0544
MA,0,Town,5723.0,32795.0,1,1,3.55,79.0,R2 Doctoral,62420.0,78.7,3,1.0,0.0,49.9,25661.0,23256.0,48917.0,13503.0,1,0.4117,0.7837,7780.0,0.0204
MN,0,City,8342.0,40653.0,1,1,3.39,67.0,Regional Comprehensive,53506.0,312.8,3,1.0,0.0,45.0,23249.0,18843.0,42092.0,11414.0,0,0.2808,0.7867,3072.0,0.0685
OH,1,Rural,44938.0,172643.0,0,0,1.59,,Liberal Arts College,60358.0,45.6,4,0.866,-0.5,51.0,5288.0,3052.0,8340.0,52018.0,1,0.3013,0.1382,7080.0,0.1167
AZ,0,Town,30384.0,136655.0,1,0,2.91,36.0,Regional Comprehensive,51566.0,665.2,1,0.5,0.866,79.0,13784.0,5138.0,18922.0,32644.0,0,0.2389,0.3669,2260.0,0.0855
OR,0,Suburb,7796.0,28926.0,0,1,3.26,74.0,R1 Research,80935.0,378.7,1,0.5,0.866,38.5,25623.0,38132.0,63755.0,17180.0,1,0.5939,0.7877,9384.0,0.1053
AZ,0,Suburb,15045.0,65411.0,0,0,3.48,63.0,Liberal Arts College,89541.0,386.0,1,0.5,0.866,75.0,36379.0,15937.0,52316.0,37225.0,0,0.5691,0.5843,22180.0,0.1148
PA,0,Suburb,-1300.0,47104.0,1,1,3.04,55.0,Regional Comprehensive,48548.0,82.2,3,1.0,0.0,43.3,17781.0,26680.0,44461.0,4087.0,1,0.0868,0.9158,5387.0,0.0274
TN,0,City,18804.0,56293.0,0,0,2.83,82.0,Liberal Arts College,77253.0,114.4,3,1.0,0.0,54.7,31676.0,10233.0,41909.0,35344.0,0,0.6279,0.5425,16540.0,0.1286
TN,0,Suburb,2892.0,42790.0,0,1,1.93,,R2 Doctoral,48953.0,92.0,12,-0.0,1.0,51.0,7141.0,21431.0,28572.0,20381.0,0,0.4763,0.5837,17489.0,0.0357
WV,0,Town,43383.0,173182.0,0,0,3.54,74.0,Community College,17810.0,26.1,11,-0.5,0.866,63.9,1797.0,0.0,1797.0,16013.0,1,0.0925,0.1009,0.0,0.1316
PA,0,City,10778.0,62093.0,1,0,3.37,51.0,R1 Research,78233.0,594.2,3,1.0,0.0,58.9,19532.0,18512.0,38044.0,40189.0,0,0.6472,0.4863,29411.0,0.0992
OH,1,Suburb,8336.0,73544.0,1,1,3.9,82.0,Community College,18524.0,80.2,12,-0.0,1.0,65.5,5400.0,3039.0,8439.0,10085.0,1,0.1371,0.4556,1749.0,0.0483
AL,0,Suburb,21888.0,73974.0,0,0,2.84,47.0,R1 Research,54910.0,88.2,1,0.5,0.866,56.3,11258.0,7323.0,18581.0,36329.0,0,0.4911,0.3384,14441.0,0.1852
NC,0,Town,2726.0,30032.0,1,1,3.04,40.0,R2 Doctoral,52493.0,498.5,2,0.866,0.5,72.0,17459.0,15139.0,32598.0,19895.0,1,0.6625,0.621,17169.0,0.1538
MD,0,Rural,7419.0,68061.0,0,1,2.52,42.0,R1 Research,62075.0,65.4,4,0.866,-0.5,58.8,17346.0,19585.0,36931.0,25144.0,1,0.3694,0.5949,17725.0,0.0989
GA,0,Town,21191.0,135248.0,0,0,2.87,69.0,Community College,19661.0,18.4,3,1.0,0.0,63.7,2721.0,0.0,2721.0,16940.0,0,0.1253,0.1384,0.0,0.1222
FL,0,Suburb,35618.0,181741.0,0,0,3.74,87.0,Liberal Arts College,85706.0,364.9,4,0.866,-0.5,62.5,38129.0,13907.0,52036.0,33670.0,1,0.1853,0.6071,0.0,0.102
WI,0,Suburb,4221.0,27545.0,0,1,2.98,65.0,Regional Comprehensive,46023.0,33.1,1,0.5,0.866,60.1,18072.0,21598.0,39670.0,6353.0,1,0.2306,0.862,2132.0,0.1864
TX,0,Suburb,458.0,21091.0,1,1,2.62,62.0,Community College,15310.0,103.2,6,0.0,-1.0,82.4,1749.0,5696.0,7445.0,7865.0,0,0.3729,0.4863,7407.0,0.3421
TX,0,Suburb,6109.0,65824.0,0,1,3.4,78.0,R1 Research,68639.0,157.3,2,0.866,0.5,71.7,21033.0,22833.0,43866.0,24773.0,1,0.3764,0.6391,18664.0,0.12
AZ,0,City,27291.0,139890.0,0,0,3.52,44.0,Regional Comprehensive,40339.0,189.9,2,0.866,0.5,64.1,17066.0,2917.0,19983.0,20356.0,1,0.1455,0.4954,0.0,0.1064
WI,0,Suburb,18609.0,81545.0,0,0,2.96,56.0,R1 Research,70840.0,308.8,11,-0.5,0.866,43.2,16653.0,7480.0,24133.0,46707.0,0,0.5728,0.3407,28098.0,0.0769
UT,0,Town,24239.0,102725.0,1,0,3.0,22.0,Regional Comprehensive,48486.0,233.2,10,-0.866,0.5,100.0,14074.0,5738.0,19812.0,28674.0,1,0.2791,0.4086,4435.0,0.0661
FL,0,Suburb,1258.0,23638.0,1,1,2.11,12.0,R1 Research,73004.0,225.7,3,1.0,0.0,91.9,9503.0,21460.0,30963.0,42041.0,0,1.7785,0.4241,40783.0,0.0806
CA,0,Rural,6283.0,41696.0,1,1,1.84,,R2 Doctoral,56286.0,55.2,3,1.0,0.0,46.2,7036.0,14256.0,21292.0,34994.0,0,0.8393,0.3783,28711.0,0.0632
NE,0,Suburb,5238.0,12949.0,1,1,2.09,24.0,R2 Doctoral,65565.0,172.6,9,-1.0,-0.0,69.7,10658.0,20769.0,31427.0,34138.0,0,2.6363,0.4793,28900.0,0.0991
TX,0,Suburb,18429.0,56807.0,1,0,2.32,17.0,Regional Comprehensive,41051.0,26.1,7,-0.5,-0.866,83.1,10181.0,3977.0,14158.0,26893.0,0,0.4734,0.3449,8464.0,0.0811
TX,0,City,-1500.0,13250.0,1,1,2.88,54.0,R2 Doctoral,62819.0,653.3,1,0.5,0.866,75.0,17656.0,30995.0,48651.0,14168.0,0,1.0693,0.7745,15668.0,0.1279
NY,0,City,42628.0,164311.0,0,0,3.8,96.0,R1 Research,69480.0,29.1,3,1.0,0.0,60.1,25614.0,6401.0,32015.0,37465.0,0,0.228,0.4608,0.0,0.1429
MI,0,Suburb,49641.0,192812.0,0,0,3.12,47.0,Liberal Arts College,102266.0,88.1,4,0.866,-0.5,48.3,34341.0,7835.0,42176.0,60090.0,1,0.3117,0.4124,10449.0,0.0488
CT,0,Suburb,7719.0,69652.0,1,1,2.84,52.0,R1 Research,74678.0,31.7,3,1.0,0.0,72.8,15888.0,25675.0,41563.0,33115.0,0,0.4754,0.5566,25396.0,0.0723
CO,0,City,-1500.0,21183.0,1,1,3.23,30.0,R2 Doctoral,45297.0,58.9,1,0.5,0.866,49.8,10465.0,21374.0,31839.0,13458.0,1,0.6353,0.7029,14958.0,0.1159
MO,0,City,20602.0,82497.0,0,0,2.51,17.0,Regional Comprehensive,43376.0,128.5,5,0.5,-0.866,51.7,9273.0,3685.0,12958.0,30418.0,1,0.3687,0.2987,9816.0,0.25
TX,0,City,70358.0,240044.0,0,0,2.36,47.0,Community College,15860.0,72.7,5,0.5,-0.866,49.1,3087.0,0.0,3087.0,12773.0,1,0.0532,0.1946,0.0,0.0579
PA,0,Town,20157.0,88657.0,0,0,2.59,28.0,Community College,24371.0,421.3,9,-1.0,-0.0,64.1,2535.0,859.0,3394.0,20977.0,1,0.2366,0.1393,820.0,0.2381
GA,0,Town,32326.0,147737.0,0,0,2.81,41.0,Community College,17253.0,160.8,5,0.5,-0.866,83.0,3180.0,0.0,3180.0,14073.0,1,0.0953,0.1843,0.0,0.1064
TX,0,Suburb,5066.0,44386.0,1,1,2.25,16.0,Regional Comprehensive,50686.0,77.9,1,0.5,0.866,57.5,12049.0,24404.0,36453.0,14233.0,1,0.3207,0.7192,9167.0,0.0526
FL,0,City,7878.0,33615.0,0,1,3.64,57.0,R2 Doctoral,61790.0,110.1,2,0.866,0.5,54.3,23175.0,23532.0,46707.0,15083.0,0,0.4487,0.7559,7205.0,0.0702
NY,0,City,8682.0,59813.0,0,1,3.25,51.0,Regional Comprehensive,39809.0,456.0,4,0.866,-0.5,82.7,14879.0,16619.0,31498.0,8311.0,1,0.1389,0.7912,0.0,0.0811
TX,0,City,-1500.0,15721.0,1,1,2.77,46.0,Liberal Arts College,61889.0,329.0,3,1.0,0.0,54.7,13878.0,18626.0,32504.0,29385.0,0,1.8692,0.5252,30885.0,0.0488
NJ,0,Suburb,68648.0,321304.0,0,0,3.03,51.0,R1 Research,80978.0,38.3,5,0.5,-0.866,7.7,20445.0,3204.0,23649.0,57329.0,1,0.1784,0.292,0.0,0.0
MO,0,City,9931.0,69602.0,1,0,2.78,61.0,Community College,18168.0,62.0,1,0.5,0.866,99.5,5502.0,1486.0,6988.0,11180.0,0,0.1606,0.3846,1249.0,0.28
CA,0,Suburb,29302.0,117486.0,0,0,2.68,35.0,Community College,19048.0,208.6,2,0.866,0.5,79.3,517.0,0.0,517.0,18531.0,0,0.1577,0.0271,0.0,0.0789
NC,0,Rural,4015.0,45149.0,0,1,2.22,25.0,Regional Comprehensive,45765.0,183.6,2,0.866,0.5,75.7,10413.0,13289.0,23702.0,22063.0,1,0.4887,0.5179,18048.0,0.0928
MN,0,Suburb,4557.0,20723.0,0,1,2.89,44.0,Regional Comprehensive,31876.0,42.1,5,0.5,-0.866,65.3,13149.0,10303.0,23452.0,8424.0,1,0.4065,0.7357,3867.0,0.1351
WI,0,Town,41153.0,175709.0,0,0,3.27,77.0,Liberal Arts College,76306.0,278.2,1,0.5,0.866,60.7,32675.0,7561.0,40236.0,36070.0,0,0.2053,0.5273,0.0,0.0909
AL,0,City,-1380.0,28019.0,1,1,3.51,56.0,Community College,21870.0,49.7,2,0.866,0.5,31.6,3344.0,10625.0,13969.0,7901.0,0,0.282,0.6387,9281.0,0.0603
GA,0,City,19284.0,80916.0,0,0,3.12,66.0,R2 Doctoral,45451.0,498.1,10,-0.866,0.5,50.1,15156.0,5287.0,20443.0,25008.0,1,0.3091,0.4498,5724.0,0.0089
AL,0,Rural,17860.0,86597.0,1,0,3.06,63.0,R1 Research,79358.0,220.9,7,-0.5,-0.866,56.4,21280.0,16897.0,38177.0,41181.0,1,0.4755,0.4811,23321.0,0.0803
FL,0,Suburb,9329.0,66386.0,1,0,3.1,48.0,Regional Comprehensive,44024.0,38.6,3,1.0,0.0,61.9,15978.0,7828.0,23806.0,20218.0,1,0.3046,0.5408,10889.0,0.129
PA,0,Suburb,5365.0,35778.0,1,1,3.59,76.0,Regional Comprehensive,39883.0,72.7,4,0.866,-0.5,73.8,19373.0,12069.0,31442.0,8441.0,0,0.2359,0.7884,3076.0,0.3889
TX,0,Rural,13885.0,56515.0,0,0,2.4,37.0,R2 Doctoral,58079.0,71.4,1,0.5,0.866,89.2,11916.0,10199.0,22115.0,35964.0,0,0.6364,0.3808,22079.0,0.1209
GA,0,Suburb,5906.0,31760.0,0,1,2.15,14.0,Regional Comprehensive,44923.0,149.9,9,-1.0,-0.0,53.5,12212.0,18621.0,30833.0,14090.0,0,0.4436,0.6864,8184.0,0.06
IL,0,Suburb,35177.0,112714.0,0,0,2.07,10.0,Regional Comprehensive,51133.0,102.3,2,0.866,0.5,57.5,9035.0,2314.0,11349.0,39784.0,0,0.353,0.222,4607.0,0.0608
FL,0,Suburb,18190.0,94989.0,0,0,3.05,41.0,R2 Doctoral,52650.0,38.1,2,0.866,0.5,88.2,13393.0,8416.0,21809.0,30841.0,0,0.3247,0.4142,12651.0,0.0659
WI,0,City,7470.0,61981.0,0,1,3.69,99.0,Regional Comprehensive,50802.0,29.3,2,0.866,0.5,46.9,26489.0,12605.0,39094.0,11708.0,1,0.1889,0.7695,4238.0,0.0556
NY,0,City,8138.0,41806.0,1,1,2.8,41.0,Regional Comprehensive,44834.0,225.5,1,0.5,0.866,65.5,12490.0,15208.0,27698.0,17136.0,0,0.4099,0.6178,8998.0,0.1111
FL,0,City,45299.0,287009.0,0,0,2.81,32.0,R2 Doctoral,58596.0,171.1,9,-1.0,-0.0,55.4,14066.0,1865.0,15931.0,42665.0,1,0.1487,0.2719,0.0,0.2045
TX,0,Rural,549.0,24650.0,0,1,3.57,54.0,R1 Research,68833.0,141.6,1,0.5,0.866,47.8,18111.0,21731.0,39842.0,28991.0,0,1.1761,0.5788,28442.0,0.0227
OH,1,Suburb,7136.0,20700.0,0,1,2.81,37.0,R2 Doctoral,36234.0,48.7,3,1.0,0.0,54.1,10892.0,12840.0,23732.0,12502.0,0,0.604,0.655,5366.0,0.0725
NY,0,City,15699.0,59335.0,1,0,2.33,33.0,R1 Research,80499.0,66.2,6,0.0,-1.0,55.7,11969.0,12609.0,24578.0,55921.0,1,0.9425,0.3053,40222.0,0.0648
PA,0,City,3112.0,52271.0,1,1,3.38,66.0,R1 Research,71585.0,153.7,1,0.5,0.866,80.0,18299.0,23355.0,41654.0,29931.0,1,0.5726,0.5819,26819.0,0.0672
FL,0,Suburb,24914.0,138726.0,0,0,3.75,88.0,Regional Comprehensive,43518.0,1821.3,4,0.866,-0.5,54.1,19408.0,3150.0,22558.0,20960.0,0,0.1511,0.5184,0.0,0.141
CO,0,Rural,22799.0,100228.0,0,0,2.98,64.0,Community College,21488.0,434.9,3,1.0,0.0,55.5,3035.0,0.0,3035.0,18453.0,0,0.1841,0.1412,0.0,0.1842
MS,0,City,8192.0,64296.0,0,1,3.16,59.0,Regional Comprehensive,51742.0,93.6,7,-0.5,-0.866,65.2,21278.0,18882.0,40160.0,11582.0,0,0.1801,0.7762,3390.0,0.2121
NC,0,Suburb,17341.0,90241.0,1,0,2.73,43.0,Community College,17671.0,73.1,10,-0.866,0.5,49.2,0.0,84.0,84.0,17587.0,1,0.1949,0.0048,246.0,0.0351
MA,0,Rural,25964.0,89068.0,0,0,2.89,71.0,Regional Comprehensive,52391.0,15.0,1,0.5,0.866,45.7,21929.0,5952.0,27881.0,24510.0,1,0.2752,0.5322,0.0,0.102
OK,0,Rural,61871.0,286233.0,0,0,2.34,39.0,Regional Comprehensive,41482.0,389.2,2,0.866,0.5,100.0,10453.0,0.0,10453.0,31029.0,1,0.1084,0.252,0.0,0.3846
WY,0,Rural,22955.0,75540.0,0,0,2.32,34.0,Regional Comprehensive,45955.0,289.4,6,0.0,-1.0,56.6,13562.0,5221.0,18783.0,27172.0,1,0.3597,0.4087,4217.0,0.051
WA,0,City,16330.0,38547.0,1,0,2.85,45.0,Community College,21154.0,71.6,12,-0.0,1.0,60.3,4945.0,880.0,5825.0,15329.0,0,0.3977,0.2754,0.0,0.0667
UT,0,City,12913.0,72615.0,1,0,1.5,7.0,Regional Comprehensive,29514.0,28.2,12,-0.0,1.0,51.4,1135.0,3891.0,5026.0,24488.0,1,0.3372,0.1703,11575.0,0.0521
IA,0,Suburb,1930.0,9552.0,1,1,3.12,64.0,Regional Comprehensive,40603.0,37.7,12,-0.0,1.0,29.1,15494.0,16135.0,31629.0,8974.0,0,0.9395,0.779,7044.0,0.0068
MN,0,City,21326.0,61482.0,0,0,3.61,82.0,Regional Comprehensive,43067.0,202.0,10,-0.866,0.5,44.7,22609.0,5969.0,28578.0,14489.0,1,0.2357,0.6636,0.0,0.0405
GA,0,Rural,32736.0,138268.0,0,0,2.69,53.0,Community College,19666.0,115.4,1,0.5,0.866,42.0,3534.0,0.0,3534.0,16132.0,0,0.1167,0.1797,0.0,0.0368
CA,0,City,28420.0,97107.0,1,0,2.51,41.0,Community College,19000.0,261.9,9,-1.0,-0.0,68.7,1426.0,0.0,1426.0,17574.0,0,0.181,0.0751,0.0,0.0577
CA,0,Suburb,15478.0,78039.0,1,0,3.38,50.0,R2 Doctoral,41173.0,138.7,1,0.5,0.866,73.6,14731.0,3907.0,18638.0,22535.0,1,0.2888,0.4527,7057.0,0.0909
GA,0,Rural,20339.0,100454.0,0,0,1.58,2.0,R1 Research,68447.0,349.7,4,0.866,-0.5,69.8,6045.0,7626.0,13671.0,54776.0,1,0.5453,0.1997,34437.0,0.2941
NC,0,Rural,37902.0,139294.0,0,0,3.91,75.0,Community College,15074.0,186.8,5,0.5,-0.866,40.8,3663.0,0.0,3663.0,11411.0,0,0.0819,0.243,0.0,0.0631
IL,0,Suburb,28787.0,175636.0,0,0,3.15,69.0,Liberal Arts College,70763.0,302.5,5,0.5,-0.866,22.5,29010.0,11079.0,40089.0,30674.0,0,0.1746,0.5665,1887.0,0.0714
NJ,0,Rural,20128.0,86870.0,1,0,2.51,16.0,R1 Research,68826.0,15.0,1,0.5,0.866,25.2,10056.0,8020.0,18076.0,50750.0,1,0.5842,0.2626,30622.0,0.0
NJ,0,City,10319.0,50131.0,0,0,3.04,56.0,R2 Doctoral,57227.0,34.7,8,-0.866,-0.5,63.0,19513.0,12747.0,32260.0,24967.0,1,0.498,0.5637,14648.0,0.1765
LA,0,Suburb,272.0,11900.0,0,1,3.04,57.0,Liberal Arts College,72409.0,86.4,1,0.5,0.866,55.0,25164.0,34982.0,60146.0,12263.0,1,1.0305,0.8306,11991.0,0.1714
CA,0,City,30389.0,127298.0,0,0,3.6,63.0,Community College,19052.0,393.6,12,-0.0,1.0,29.2,3759.0,0.0,3759.0,15293.0,1,0.1201,0.1973,0.0,0.0268
FL,0,Rural,15350.0,91212.0,0,0,3.22,62.0,R1 Research,67020.0,912.7,4,0.866,-0.5,69.3,16975.0,12678.0,29653.0,37367.0,0,0.4097,0.4425,22017.0,0.0692
SC,0,Rural,7095.0,70257.0,1,1,1.92,24.0,R1 Research,74888.0,106.6,2,0.866,0.5,80.8,10852.0,27609.0,38461.0,36427.0,1,0.5185,0.5136,29332.0,0.115
KY,0,City,14676.0,38354.0,1,0,3.32,60.0,R1 Research,60149.0,66.7,1,0.5,0.866,65.0,16884.0,8972.0,25856.0,34293.0,1,0.8941,0.4299,19617.0,0.0726
AK,0,City,30694.0,126110.0,0,0,3.49,77.0,Community College,18798.0,16.3,11,-0.5,0.866,42.6,4023.0,0.0,4023.0,14775.0,0,0.1172,0.214,0.0,0.0732
OK,0,Suburb,10576.0,52302.0,0,0,3.58,84.0,Community College,16110.0,313.7,7,-0.5,-0.866,52.6,2175.0,879.0,3054.0,13056.0,0,0.2496,0.1896,2480.0,0.0414
UT,0,City,9943.0,61403.0,0,0,1.9,,Regional Comprehensive,43133.0,71.1,4,0.866,-0.5,80.4,4519.0,5374.0,9893.0,33240.0,0,0.5413,0.2294,23297.0,0.066
NY,0,Town,13936.0,60457.0,0,0,2.3,29.0,Regional Comprehensive,45873.0,2830.2,7,-0.5,-0.866,75.7,11128.0,5479.0,16607.0,29266.0,0,0.4841,0.362,15330.0,0.1795
IL,0,City,14497.0,87020.0,1,0,3.54,73.0,Regional Comprehensive,40894.0,58.3,10,-0.866,0.5,53.9,16525.0,6147.0,22672.0,18222.0,1,0.2094,0.5544,3725.0,0.0426
FL,0,Town,-1463.0,27529.0,0,1,3.47,73.0,Regional Comprehensive,44354.0,1155.6,3,1.0,0.0,62.7,19415.0,17038.0,36453.0,7901.0,0,0.287,0.8219,9364.0,0.1111
WA,0,Suburb,32596.0,94376.0,0,0,3.35,47.0,Community College,18071.0,278.0,12,-0.0,1.0,100.0,0.0,0.0,0.0,18071.0,0,0.1915,0.0,0.0,0.2903
KS,0,Suburb,9100.0,37457.0,1,0,3.3,48.0,Liberal Arts College,97391.0,43.0,2,0.866,0.5,100.0,33506.0,14552.0,48058.0,49333.0,1,1.3171,0.4935,40233.0,0.2031
PA,0,City,6991.0,38416.0,0,1,2.84,65.0,Liberal Arts College,80345.0,161.7,9,-1.0,-0.0,55.7,30283.0,34157.0,64440.0,15905.0,1,0.414,0.802,8914.0,0.1176
NJ,0,Rural,23801.0,119059.0,0,0,2.53,47.0,Community College,20203.0,284.8,5,0.5,-0.866,84.2,3285.0,0.0,3285.0,16918.0,0,0.1421,0.1626,0.0,0.0971
NY,0,Suburb,-43.0,30748.0,1,1,2.61,43.0,R1 Research,63950.0,100.0,12,-0.0,1.0,63.1,10545.0,34445.0,44990.0,18960.0,0,0.6166,0.7035,19003.0,0.1028
TX,0,Suburb,26627.0,118905.0,0,0,3.34,80.0,Liberal Arts College,51722.0,305.4,10,-0.866,0.5,80.7,22525.0,6284.0,28809.0,22913.0,1,0.1927,0.557,0.0,0.0828
TX,0,Suburb,20729.0,67710.0,0,0,2.09,3.0,Community College,17426.0,298.5,12,-0.0,1.0,39.4,4575.0,0.0,4575.0,12851.0,0,0.1898,0.2625,0.0,0.0244
CA,0,Rural,1848.0,19211.0,1,1,3.31,64.0,R2 Doctoral,46111.0,237.0,7,-0.5,-0.866,74.0,15485.0,12809.0,28294.0,17817.0,0,0.9274,0.6136,15969.0,0.062
NM,0,Town,27934.0,168118.0,1,0,3.96,87.0,Regional Comprehensive,45884.0,124.5,5,0.5,-0.866,80.9,24940.0,4174.0,29114.0,16770.0,1,0.0998,0.6345,0.0,0.1194
IL,0,Town,27279.0,78699.0,1,0,3.02,46.0,Regional Comprehensive,46118.0,36.9,3,1.0,0.0,64.0,17673.0,2646.0,20319.0,25799.0,1,0.3278,0.4406,0.0,0.0667
LA,0,Suburb,12531.0,83598.0,0,0,3.26,50.0,Community College,19450.0,116.9,3,1.0,0.0,52.7,0.0,1721.0,1721.0,17729.0,1,0.2121,0.0885,5198.0,0.0738
TN,0,Rural,25246.0,129990.0,0,0,2.85,66.0,Regional Comprehensive,44545.0,152.4,7,-0.5,-0.866,60.9,17939.0,3519.0,21458.0,23087.0,1,0.1776,0.4817,0.0,0.0204
TX,0,City,40765.0,185246.0,0,0,3.43,63.0,Regional Comprehensive,40878.0,17.7,1,0.5,0.866,37.8,18692.0,30.0,18722.0,22156.0,1,0.1196,0.458,0.0,0.06
TX,0,Town,15716.0,72747.0,0,0,3.51,80.0,Regional Comprehensive,41583.0,151.3,2,0.866,0.5,54.2,19309.0,4717.0,24026.0,17557.0,1,0.2413,0.5778,1841.0,0.0508
AL,0,Suburb,22805.0,98169.0,0,0,3.06,62.0,Regional Comprehensive,46734.0,114.5,3,1.0,0.0,50.5,16100.0,5366.0,21466.0,25268.0,0,0.2574,0.4593,2463.0,0.0738
FL,0,Suburb,22356.0,82228.0,0,0,3.26,78.0,R2 Doctoral,67773.0,32.5,10,-0.866,0.5,69.5,28077.0,6449.0,34526.0,33247.0,1,0.4043,0.5094,10891.0,0.1111
NV,0,Rural,9731.0,49175.0,0,0,3.07,67.0,R1 Research,73940.0,89.3,1,0.5,0.866,71.5,17459.0,16934.0,34393.0,39547.0,0,0.8042,0.4651,29816.0,0.0755
TX,0,Rural,2881.0,20129.0,1,1,2.44,30.0,R2 Doctoral,58031.0,91.3,1,0.5,0.866,77.8,9319.0,27438.0,36757.0,21274.0,0,1.0569,0.6334,18393.0,0.2909
TN,0,Suburb,16282.0,73478.0,0,0,2.87,34.0,Community College,23683.0,961.5,10,-0.866,0.5,75.3,0.0,1622.0,1622.0,22061.0,0,0.3002,0.0685,5779.0,0.0345
AL,0,Suburb,51214.0,169878.0,0,0,2.52,48.0,Community College,18891.0,159.6,4,0.866,-0.5,39.4,1141.0,0.0,1141.0,17750.0,0,0.1045,0.0604,0.0,0.0299
FL,0,Rural,15182.0,95798.0,1,0,1.98,32.0,R2 Doctoral,50211.0,376.0,3,1.0,0.0,93.5,7531.0,8244.0,15775.0,34436.0,0,0.3595,0.3142,19254.0,0.0604
NY,0,Rural,7752.0,29186.0,1,1,3.42,99.0,R2 Doctoral,58109.0,112.0,1,0.5,0.866,82.7,24082.0,25049.0,49131.0,8978.0,0,0.3076,0.8455,1226.0,0.1154
ID,0,Town,26460.0,138720.0,0,0,3.36,81.0,Regional Comprehensive,52341.0,17.7,5,0.5,-0.866,33.9,23481.0,6774.0,30255.0,22086.0,0,0.1592,0.578,0.0,0.0909
FL,0,City,6781.0,50372.0,1,1,1.5,,Liberal Arts College,85755.0,256.7,6,0.0,-1.0,75.7,10658.0,35393.0,46051.0,39704.0,0,0.7882,0.537,32923.0,0.0915
OH,1,Suburb,1727.0,13957.0,1,1,3.06,51.0,R1 Research,59754.0,18.4,1,0.5,0.866,76.5,15049.0,19725.0,34774.0,24980.0,0,1.7898,0.582,23253.0,0.1475
OH,1,Rural,29634.0,130992.0,0,0,3.54,49.0,R1 Research,40637.0,25.8,6,0.0,-1.0,65.2,10869.0,3021.0,13890.0,26747.0,0,0.2042,0.3418,0.0,0.0814
FL,0,Town,1463.0,31867.0,1,1,2.41,22.0,Regional Comprehensive,38031.0,41.9,12,-0.0,1.0,39.6,11357.0,15584.0,26941.0,11090.0,1,0.348,0.7084,9627.0,0.0738
MN,0,Town,43786.0,226868.0,0,0,3.28,49.0,Regional Comprehensive,46496.0,136.8,4,0.866,-0.5,59.4,19859.0,412.0,20271.0,26225.0,1,0.1156,0.436,0.0,0.0787
CO,0,Suburb,30682.0,143831.0,0,0,3.99,99.0,Regional Comprehensive,43411.0,387.7,2,0.866,0.5,73.3,23035.0,3490.0,26525.0,16886.0,0,0.1174,0.611,0.0,0.1429
IL,0,Suburb,9052.0,53422.0,1,0,3.79,97.0,R2 Doctoral,55422.0,337.4,9,-1.0,-0.0,59.8,24208.0,12475.0,36683.0,18739.0,1,0.3508,0.6619,9687.0,0.0753
LA,0,Suburb,13525.0,87618.0,1,0,3.16,90.0,Regional Comprehensive,49382.0,670.1,1,0.5,0.866,42.6,22750.0,6267.0,29017.0,20365.0,1,0.2324,0.5876,6840.0,0.0704
FL,0,Town,66050.0,360491.0,0,0,3.2,99.0,Liberal Arts College,64419.0,777.6,1,0.5,0.866,55.9,30655.0,0.0,30655.0,33764.0,0,0.0937,0.4759,0.0,0.0469
CA,0,City,34732.0,129315.0,0,0,3.72,86.0,R2 Doctoral,52249.0,15.0,8,-0.866,-0.5,62.5,24655.0,2936.0,27591.0,24658.0,0,0.1907,0.5281,0.0,0.0505
VA,0,Suburb,19780.0,74720.0,1,0,3.3,59.0,R1 Research,82804.0,36.2,10,-0.866,0.5,55.0,20492.0,13705.0,34197.0,48607.0,0,0.6505,0.413,28827.0,0.037
AK,0,Town,84676.0,503929.0,0,0,3.1,54.0,Regional Comprehensive,39360.0,19.0,2,0.866,0.5,95.4,14520.0,0.0,14520.0,24840.0,1,0.0493,0.3689,0.0,0.0714
CA,0,Town,12168.0,68505.0,0,0,3.39,61.0,Liberal Arts College,88612.0,246.0,4,0.866,-0.5,73.2,33657.0,21120.0,54777.0,33835.0,0,0.4939,0.6182,21667.0,0.0556
TX,0,Suburb,11290.0,95694.0,1,0,2.6,70.0,R2 Doctoral,58116.0,61.2,4,0.866,-0.5,76.5,21191.0,7649.0,28840.0,29276.0,1,0.3059,0.4962,17986.0,0.3636
MI,0,Town,12602.0,32078.0,1,0,2.81,12.0,Regional Comprehensive,44433.0,75.8,8,-0.866,-0.5,63.4,11694.0,8651.0,20345.0,24088.0,0,0.7509,0.4579,11486.0,0.0583
AL,0,City,5897.0,18849.0,0,1,3.66,99.0,Regional Comprehensive,45660.0,100.9,1,0.5,0.866,54.6,23063.0,19195.0,42258.0,3402.0,1,0.1805,0.9255,0.0,0.1404
CA,0,City,13583.0,51164.0,0,0,2.08,8.0,Community College,19922.0,189.3,1,0.5,0.866,93.1,2256.0,1760.0,4016.0,15906.0,1,0.3109,0.2016,2323.0,0.3333
IL,0,Suburb,14883.0,64709.0,1,0,2.47,30.0,Community College,20642.0,26.6,8,-0.866,-0.5,53.6,1142.0,861.0,2003.0,18639.0,1,0.288,0.097,3756.0,0.0476
WI,0,City,10910.0,79783.0,1,0,2.5,2.0,Regional Comprehensive,35834.0,33.8,12,-0.0,1.0,58.0,7017.0,3813.0,10830.0,25004.0,0,0.3134,0.3022,14094.0,0.3636
PA,0,Rural,-778.0,22647.0,0,1,3.15,74.0,Regional Comprehensive,50699.0,126.9,12,-0.0,1.0,51.2,20072.0,27561.0,47633.0,3066.0,0,0.1354,0.9395,3844.0,0.0522
TX,0,Rural,17077.0,101284.0,0,0,2.11,31.0,Regional Comprehensive,46103.0,446.1,10,-0.866,0.5,29.6,7925.0,4180.0,12105.0,33998.0,0,0.3357,0.2626,16921.0,0.0429
TX,0,City,1925.0,34618.0,0,1,3.27,51.0,Community College,21879.0,123.4,11,-0.5,0.866,61.6,1982.0,6640.0,8622.0,13257.0,1,0.383,0.3941,11332.0,0.0296
IL,0,Town,17498.0,97566.0,0,0,2.65,56.0,Liberal Arts College,81473.0,55.2,2,0.866,0.5,79.3,24657.0,10819.0,35476.0,45997.0,0,0.4714,0.4354,28499.0,0.102
NC,0,Suburb,28314.0,123395.0,0,0,3.22,75.0,R1 Research,91650.0,15.0,1,0.5,0.866,52.3,26683.0,13528.0,40211.0,51439.0,0,0.4169,0.4387,23125.0,0.1136
OR,0,Town,12006.0,47346.0,1,0,3.06,50.0,Regional Comprehensive,41791.0,344.5,1,0.5,0.866,61.3,14010.0,7676.0,21686.0,20105.0,1,0.4246,0.5189,8099.0,0.0463
MA,0,Rural,5053.0,31447.0,0,1,1.5,,R2 Doctoral,65702.0,58.5,5,0.5,-0.866,44.3,6181.0,28512.0,34693.0,31009.0,0,0.9861,0.528,25956.0,0.0952
IN,0,Suburb,41163.0,191267.0,0,0,2.24,23.0,R1 Research,64242.0,38.0,4,0.866,-0.5,92.3,9999.0,4124.0,14123.0,50119.0,1,0.262,0.2198,8956.0,0.375
RI,0,City,24113.0,118007.0,1,0,3.82,99.0,Liberal Arts College,82451.0,20.9,12,-0.0,1.0,64.6,43208.0,12322.0,55530.0,26921.0,0,0.2281,0.6735,2808.0,0.0661
OH,1,City,14071.0,70222.0,1,0,3.36,57.0,Liberal Arts College,73618.0,8.1,1,0.5,0.866,90.4,28303.0,14936.0,43239.0,30379.0,1,0.4326,0.5873,16308.0,0.163
IL,0,Suburb,32089.0,181184.0,0,0,2.61,54.0,Regional Comprehensive,45083.0,46.2,2,0.866,0.5,54.4,17275.0,2047.0,19322.0,25761.0,1,0.1422,0.4286,0.0,0.0811
AR,0,Rural,3813.0,66833.0,0,1,1.5,,Regional Comprehensive,36233.0,98.6,1,0.5,0.866,72.7,4105.0,10703.0,14808.0,21425.0,1,0.3206,0.4087,17612.0,0.1957
FL,0,Suburb,-1079.0,40265.0,0,1,3.44,71.0,Regional Comprehensive,45603.0,35.6,2,0.866,0.5,33.7,18346.0,16501.0,34847.0,10756.0,0,0.2671,0.7641,11835.0,0.0421
MD,0,Suburb,5529.0,30601.0,0,1,2.72,35.0,Community College,17822.0,154.0,3,1.0,0.0,50.1,3064.0,5135.0,8199.0,9623.0,0,0.3145,0.46,4094.0,0.0351
WI,0,City,12849.0,58243.0,1,0,2.49,38.0,R2 Doctoral,61416.0,97.8,3,1.0,0.0,100.0,15243.0,13432.0,28675.0,32741.0,0,0.5621,0.4669,19892.0,0.0845
CA,0,Rural,15701.0,109715.0,1,0,3.2,73.0,R2 Doctoral,50666.0,1306.3,1,0.5,0.866,74.1,19948.0,9667.0,29615.0,21051.0,0,0.1919,0.5845,5350.0,0.1111
GA,0,Suburb,31543.0,171207.0,0,0,2.81,69.0,Community College,17637.0,21.2,5,0.5,-0.866,53.2,3321.0,0.0,3321.0,14316.0,1,0.0836,0.1883,0.0,0.0559
TX,0,Town,7249.0,64018.0,0,1,2.67,45.0,Regional Comprehensive,41971.0,150.1,2,0.866,0.5,28.7,12903.0,11707.0,24610.0,17361.0,0,0.2712,0.5864,10112.0,0.0721
TX,0,Suburb,31085.0,150761.0,0,0,3.72,62.0,R1 Research,69188.0,152.1,1,0.5,0.866,66.1,19845.0,10640.0,30485.0,38703.0,1,0.2567,0.4406,7618.0,0.1
GA,0,City,12796.0,53945.0,0,0,3.05,65.0,Liberal Arts College,77852.0,42.9,3,1.0,0.0,53.4,31961.0,15614.0,47575.0,30277.0,0,0.5613,0.6111,17481.0,0.05
NY,0,City,6569.0,35855.0,1,1,2.77,42.0,Regional Comprehensive,47573.0,140.0,11,-0.5,0.866,73.1,13062.0,22459.0,35521.0,12052.0,1,0.3361,0.7467,5483.0,0.1263
SC,0,Suburb,2545.0,24574.0,0,1,2.75,41.0,Community College,20234.0,284.3,11,-0.5,0.866,27.6,1169.0,9593.0,10762.0,9472.0,0,0.3854,0.5319,6927.0,0.038
IA,0,Suburb,4938.0,43718.0,1,1,2.43,35.0,Regional Comprehensive,39246.0,140.2,2,0.866,0.5,81.9,11942.0,12745.0,24687.0,14559.0,1,0.333,0.629,9621.0,0.2162
SC,0,Town,-110.0,25250.0,1,1,3.17,69.0,Community College,16835.0,542.1,1,0.5,0.866,58.6,1797.0,4807.0,6604.0,10231.0,0,0.4052,0.3923,10341.0,0.1667
FL,0,Town,55884.0,267493.0,0,0,2.74,40.0,Liberal Arts College,71134.0,15.0,6,0.0,-1.0,39.6,19344.0,3476.0,22820.0,48314.0,1,0.1806,0.3208,0.0,0.0714
FL,0,City,13034.0,86361.0,1,0,2.92,60.0,Liberal Arts College,73501.0,52.3,11,-0.5,0.866,61.1,26798.0,16457.0,43255.0,30246.0,1,0.3502,0.5885,17212.0,0.2051
FL,0,Suburb,8152.0,58757.0,1,1,3.74,88.0,Community College,16834.0,596.3,4,0.866,-0.5,96.8,4660.0,2484.0,7144.0,9690.0,0,0.1649,0.4244,1538.0,0.0796
TX,0,City,46366.0,217475.0,0,0,3.74,91.0,R2 Doctoral,51501.0,330.1,5,0.5,-0.866,72.2,23177.0,1126.0,24303.0,27198.0,1,0.1251,0.4719,0.0,0.0704
KS,0,City,3142.0,24646.0,0,1,3.58,88.0,R1 Research,83674.0,223.5,5,0.5,-0.866,64.8,25779.0,25786.0,51565.0,32109.0,0,1.3028,0.6163,28967.0,0.0692
IL,0,Town,4347.0,57026.0,0,1,3.25,36.0,R1 Research,74774.0,462.5,6,0.0,-1.0,48.6,16729.0,27156.0,43885.0,30889.0,1,0.5417,0.5869,26542.0,0.1935
FL,0,Town,62707.0,265605.0,0,0,3.94,86.0,R2 Doctoral,49368.0,16.9,11,-0.5,0.866,79.3,22580.0,0.0,22580.0,26788.0,1,0.1009,0.4574,0.0,0.0515
KY,0,Town,6222.0,56743.0,0,1,2.28,26.0,Regional Comprehensive,46799.0,292.1,6,0.0,-1.0,64.6,9407.0,11920.0,21327.0,25472.0,0,0.4489,0.4557,19250.0,0.0932
IL,0,City,67843.0,366482.0,0,0,3.46,69.0,R1 Research,68292.0,387.4,1,0.5,0.866,27.3,22430.0,124.0,22554.0,45738.0,0,0.1248,0.3303,0.0,0.0273
CA,0,Suburb,14859.0,110817.0,0,0,3.09,47.0,Liberal Arts College,95472.0,63.4,11,-0.5,0.866,67.5,32015.0,12573.0,44588.0,50884.0,1,0.4592,0.467,36025.0,0.058
TX,0,Suburb,40083.0,161178.0,0,0,3.22,55.0,Community College,17424.0,2003.3,3,1.0,0.0,65.3,491.0,0.0,491.0,16933.0,0,0.1051,0.0282,0.0,0.1237
AZ,0,Rural,34383.0,164575.0,1,0,1.5,5.0,Regional Comprehensive,42775.0,155.7,1,0.5,0.866,64.6,5993.0,1684.0,7677.0,35098.0,0,0.2133,0.1795,715.0,0.1136
MN,0,Suburb,14115.0,63017.0,1,0,3.13,66.0,Regional Comprehensive,43667.0,15.0,5,0.5,-0.866,85.5,18686.0,4926.0,23612.0,20055.0,1,0.3182,0.5407,5940.0,0.0676
FL,0,Rural,11723.0,44289.0,0,0,2.75,46.0,Community College,16238.0,189.1,10,-0.866,0.5,41.4,625.0,742.0,1367.0,14871.0,1,0.3358,0.0842,3148.0,0.1935
NV,0,City,10491.0,57924.0,1,0,2.5,23.0,R1 Research,76170.0,59.5,6,0.0,-1.0,52.7,10374.0,10205.0,20579.0,55591.0,0,0.9597,0.2702,45100.0,0.0614
KY,0,Suburb,3196.0,30928.0,0,1,3.75,95.0,Regional Comprehensive,45209.0,430.6,1,0.5,0.866,59.5,23714.0,20043.0,42949.0,2260.0,1,0.0731,0.95,0.0,0.0541
KY,0,Town,10388.0,60024.0,1,0,3.1,69.0,Community College,19849.0,225.2,4,0.866,-0.5,71.4,1479.0,1471.0,2950.0,16899.0,0,0.2815,0.1486,6511.0,0.1333
FL,0,Suburb,8404.0,62745.0,0,1,2.12,36.0,R1 Research,72255.0,67.6,8,-0.866,-0.5,45.4,12562.0,30422.0,42984.0,29271.0,1,0.4665,0.5949,20867.0,0.1404
CA,0,Suburb,47553.0,212405.0,0,0,3.14,50.0,Community College,19460.0,613.7,3,1.0,0.0,43.0,1679.0,0.0,1679.0,17781.0,1,0.0837,0.0863,0.0,0.0076
OK,0,Suburb,20071.0,96487.0,1,0,3.76,99.0,Regional Comprehensive,52300.0,339.8,2,0.866,0.5,62.1,29377.0,8775.0,38152.0,14148.0,0,0.1466,0.7295,0.0,0.1077
NY,0,Rural,94503.0,344926.0,0,0,3.76,87.0,Regional Comprehensive,47474.0,53.1,12,-0.0,1.0,43.7,24686.0,0.0,24686.0,22788.0,0,0.0661,0.52,0.0,0.0641
AZ,0,City,-594.0,13295.0,0,1,1.5,,Community College,14511.0,108.0,1,0.5,0.866,92.3,1632.0,5468.0,7100.0,7411.0,0,0.5574,0.4893,8005.0,0.0833
CO,0,Rural,6370.0,26206.0,0,1,3.96,99.0,Community College,19781.0,218.0,1,0.5,0.866,25.6,4200.0,6032.0,10232.0,9549.0,1,0.3644,0.5173,3179.0,0.0972
TX,0,Suburb,21615.0,48735.0,0,0,2.97,64.0,R1 Research,82497.0,86.4,5,0.5,-0.866,74.9,23032.0,9623.0,32655.0,49842.0,0,1.0227,0.3958,28227.0,0.2857
MN,0,Suburb,49468.0,184351.0,0,0,3.55,79.0,Regional Comprehensive,34574.0,89.2,2,0.866,0.5,24.8,15065.0,0.0,15065.0,19509.0,0,0.1058,0.4357,0.0,0.0488
KS,0,Suburb,10796.0,58169.0,0,0,3.07,62.0,R2 Doctoral,49021.0,131.7,11,-0.5,0.866,52.1,18034.0,6423.0,24457.0,24564.0,1,0.4223,0.4989,13768.0,0.1714
MD,0,City,-673.0,21876.0,0,1,2.72,61.0,Regional Comprehensive,47704.0,41.4,9,-1.0,-0.0,35.8,20435.0,21784.0,42219.0,5485.0,1,0.2507,0.885,6158.0,0.0429
OH,1,Rural,8459.0,52760.0,1,1,2.9,54.0,R1 Research,66738.0,3.5,4,0.866,-0.5,35.8,17897.0,17072.0,34969.0,31769.0,1,0.6021,0.524,23310.0,0.0642
OK,0,Rural,3273.0,26575.0,0,1,3.23,41.0,R2 Doctoral,57037.0,162.9,3,1.0,0.0,84.4,14542.0,22243.0,36785.0,20252.0,1,0.7621,0.6449,16979.0,0.1057
MI,0,Rural,7107.0,23077.0,0,1,2.63,41.0,Regional Comprehensive,46967.0,15.7,9,-1.0,-0.0,68.3,16703.0,17595.0,34298.0,12669.0,0,0.549,0.7303,5562.0,0.0619
WI,0,Rural,58030.0,265443.0,0,0,1.5,10.0,Community College,22426.0,44.7,8,-0.866,-0.5,57.2,2075.0,0.0,2075.0,20351.0,1,0.0767,0.0925,0.0,0.1842
AL,0,Suburb,8669.0,48866.0,1,1,2.77,46.0,Community College,17715.0,19.7,5,0.5,-0.866,65.2,3275.0,2691.0,5966.0,11749.0,1,0.2404,0.3368,3080.0,0.0725
WI,0,Suburb,14442.0,71301.0,0,0,3.24,51.0,R2 Doctoral,50348.0,22.4,6,0.0,-1.0,44.1,14859.0,9882.0,24741.0,25607.0,0,0.3591,0.4914,11165.0,0.0805
NY,0,Rural,6552.0,58869.0,0,1,3.19,62.0,Community College,18370.0,198.2,11,-0.5,0.866,45.1,0.0,5202.0,5202.0,13168.0,1,0.2237,0.2832,6616.0,0.0367
CA,0,City,11575.0,52519.0,1,0,1.73,18.0,R2 Doctoral,57051.0,100.3,1,0.5,0.866,54.0,10694.0,7925.0,18619.0,38432.0,1,0.7318,0.3264,26857.0,0.0642
FL,0,Town,6763.0,34363.0,0,1,3.47,89.0,Community College,19787.0,96.6,2,0.866,0.5,52.0,2198.0,3880.0,6078.0,13709.0,1,0.3989,0.3072,6946.0,0.1579
NC,0,Suburb,9876.0,50329.0,1,0,3.29,52.0,Liberal Arts College,84722.0,31.8,2,0.866,0.5,61.7,28493.0,17213.0,45706.0,39016.0,0,0.7752,0.5395,29140.0,0.0543
NC,0,Suburb,10536.0,80243.0,1,0,3.79,70.0,Regional Comprehensive,52495.0,63.6,3,1.0,0.0,88.6,22080.0,9698.0,31778.0,20717.0,1,0.2582,0.6054,10181.0,0.093
VA,0,Suburb,31519.0,174803.0,0,0,3.06,57.0,Community College,19462.0,188.1,1,0.5,0.866,73.1,0.0,0.0,0.0,19462.0,0,0.1113,0.0,0.0,0.0476
IL,0,Suburb,21877.0,124512.0,1,0,3.44,63.0,R1 Research,60731.0,120.0,6,0.0,-1.0,67.5,17070.0,7136.0,24206.0,36525.0,0,0.2933,0.3986,14648.0,0.0403
MN,0,City,4549.0,26167.0,0,1,3.77,77.0,Liberal Arts College,69284.0,300.6,3,1.0,0.0,42.7,32489.0,19557.0,52046.0,17238.0,1,0.6588,0.7512,12689.0,0.041
NV,0,Suburb,27907.0,128251.0,0,0,2.44,30.0,Liberal Arts College,78375.0,349.0,2,0.866,0.5,69.6,19224.0,13195.0,32419.0,45956.0,1,0.3583,0.4136,18049.0,0.0421
FL,0,Suburb,16485.0,88638.0,0,0,3.62,89.0,R1 Research,85086.0,97.2,10,-0.866,0.5,9.5,28574.0,11928.0,40502.0,44584.0,1,0.503,0.476,28099.0,0.0
MD,0,City,7390.0,40143.0,0,1,3.38,58.0,R2 Doctoral,59925.0,18.1,4,0.866,-0.5,47.2,22739.0,21020.0,43759.0,16166.0,1,0.4027,0.7302,8776.0,0.0638
TN,0,City,12741.0,71762.0,0,0,3.12,44.0,Regional Comprehensive,40996.0,57.2,2,0.866,0.5,39.3,16485.0,6495.0,22980.0,18016.0,1,0.2511,0.5605,5275.0,0.0893
MI,0,Suburb,17691.0,95039.0,0,0,3.16,51.0,R2 Doctoral,52095.0,114.4,10,-0.866,0.5,47.6,15009.0,5747.0,20756.0,31339.0,1,0.3297,0.3984,13648.0,0.049
TX,0,Suburb,20487.0,65113.0,0,0,3.35,49.0,Community College,18268.0,56.1,3,1.0,0.0,55.4,2321.0,0.0,2321.0,15947.0,1,0.2449,0.1271,0.0,0.0851
SC,0,Town,14936.0,88945.0,1,0,2.33,30.0,R1 Research,72667.0,41.9,3,1.0,0.0,56.8,12343.0,12338.0,24681.0,47986.0,0,0.5395,0.3396,33050.0,0.1228
WV,0,City,9369.0,33816.0,0,0,2.65,43.0,Regional Comprehensive,43775.0,136.3,7,-0.5,-0.866,56.7,13104.0,8128.0,21232.0,22543.0,0,0.6666,0.485,13174.0,0.12
MD,0,Suburb,88952.0,264300.0,0,0,3.36,82.0,Regional Comprehensive,41065.0,1625.7,11,-0.5,0.866,56.1,20005.0,0.0,20005.0,21060.0,0,0.0797,0.4872,0.0,0.1892
AR,0,City,-1500.0,15692.0,0,1,3.0,41.0,Regional Comprehensive,41614.0,75.9,7,-0.5,-0.866,81.1,15950.0,14696.0,30646.0,10968.0,1,0.699,0.7364,12468.0,0.066
RI,0,Suburb,19502.0,95421.0,0,0,2.16,25.0,R1 Research,71335.0,126.3,11,-0.5,0.866,38.8,7577.0,7319.0,14896.0,56439.0,0,0.5915,0.2088,36937.0,0.0645
PA,0,Suburb,12555.0,81967.0,0,0,2.77,51.0,Regional Comprehensive,45943.0,32.0,12,-0.0,1.0,37.5,15964.0,5451.0,21415.0,24528.0,1,0.2992,0.4661,11973.0,0.1667
AZ,0,Suburb,18102.0,99999.0,0,0,2.03,,Community College,16569.0,467.5,10,-0.866,0.5,52.3,944.0,0.0,944.0,15625.0,1,0.1563,0.057,0.0,0.0606
GA,0,Suburb,-1500.0,37797.0,0,1,3.16,64.0,R2 Doctoral,57928.0,317.5,7,-0.5,-0.866,62.4,19628.0,25153.0,44781.0,13147.0,1,0.3478,0.773,14647.0,0.1083
DE,0,Suburb,43423.0,146067.0,0,0,2.2,28.0,R1 Research,88337.0,295.3,4,0.866,-0.5,60.4,14999.0,11513.0,26512.0,61825.0,1,0.4233,0.3001,18402.0,0.0476
CA,0,City,12689.0,58236.0,0,0,2.16,21.0,Community College,19517.0,528.3,3,1.0,0.0,93.5,836.0,1086.0,1922.0,17595.0,0,0.3021,0.0985,4906.0,0.234
OH,1,Suburb,3024.0,26794.0,1,1,3.74,66.0,Community College,19683.0,23.4,7,-0.5,-0.866,76.2,1552.0,4929.0,6481.0,13202.0,0,0.4927,0.3293,10178.0,0.0347
OK,0,Suburb,180.0,28616.0,1,1,3.18,61.0,Regional Comprehensive,38828.0,92.2,3,1.0,0.0,89.3,16644.0,17071.0,33715.0,5113.0,1,0.1787,0.8683,4933.0,0.0451
NY,0,Suburb,18939.0,68857.0,0,0,3.66,55.0,Community College,20842.0,763.0,4,0.866,-0.5,67.8,659.0,431.0,1090.0,19752.0,0,0.2869,0.0523,813.0,0.129
MN,0,Suburb,8973.0,19940.0,0,0,3.13,64.0,Community College,17552.0,246.2,9,-1.0,-0.0,56.7,1050.0,2151.0,3201.0,14351.0,0,0.7197,0.1824,5378.0,0.0746
IL,0,Town,57949.0,230122.0,0,0,2.89,60.0,R1 Research,81636.0,15.0,9,-1.0,-0.0,9.6,19211.0,4332.0,23543.0,58093.0,0,0.2524,0.2884,144.0,0.0136
MT,0,Suburb,20939.0,133950.0,0,0,2.67,40.0,R2 Doctoral,66809.0,204.3,2,0.866,0.5,62.3,19708.0,6571.0,26279.0,40530.0,1,0.3026,0.3933,19591.0,0.0947
CT,0,City,45598.0,234527.0,0,0,1.5,15.0,Regional Comprehensive,41953.0,68.8,5,0.5,-0.866,52.8,6422.0,0.0,6422.0,35531.0,0,0.1515,0.1531,0.0,0.092
NY,0,City,34014.0,217385.0,0,0,2.08,11.0,Liberal Arts College,70536.0,325.4,12,-0.0,1.0,47.0,9585.0,6877.0,16462.0,54074.0,0,0.2487,0.2334,20060.0,0.0682
CO,0,City,7369.0,48856.0,0,1,2.49,26.0,Community College,20333.0,194.5,11,-0.5,0.866,71.0,1891.0,5423.0,7314.0,13019.0,1,0.2665,0.3597,5650.0,0.0673
PA,0,Suburb,6311.0,33661.0,1,1,2.42,29.0,Regional Comprehensive,39284.0,20.4,1,0.5,0.866,42.3,8315.0,10655.0,18970.0,20314.0,0,0.6035,0.4829,14003.0,0.0609
WA,0,Town,4054.0,9155.0,1,1,2.6,69.0,R1 Research,72893.0,168.0,10,-0.866,0.5,77.7,18919.0,22951.0,41870.0,31023.0,0,3.3886,0.5744,26969.0,0.0603
MA,0,Town,6901.0,46982.0,0,1,3.86,84.0,R1 Research,69397.0,158.1,10,-0.866,0.5,65.4,21664.0,34290.0,55954.0,13443.0,0,0.2861,0.8063,6542.0,0.0238
LA,0,Suburb,46619.0,224419.0,0,0,1.85,39.0,Community College,18799.0,185.6,2,0.866,0.5,65.2,0.0,0.0,0.0,18799.0,1,0.0838,0.0,0.0,0.1207
CA,0,City,10046.0,34681.0,1,0,3.08,58.0,Regional Comprehensive,35909.0,231.9,12,-0.0,1.0,70.8,14767.0,6622.0,21389.0,14520.0,0,0.4187,0.5956,4474.0,0.1182
FL,0,Rural,8960.0,54114.0,1,0,2.95,43.0,R1 Research,76560.0,609.5,3,1.0,0.0,31.9,15894.0,16044.0,31938.0,44622.0,0,0.8246,0.4172,35662.0,0.0303
MO,0,City,8968.0,42223.0,0,0,3.54,99.0,Liberal Arts College,101577.0,195.7,8,-0.866,-0.5,62.5,51882.0,23104.0,74986.0,26591.0,0,0.6298,0.7382,17623.0,0.2308
NJ,0,Suburb,10793.0,82454.0,0,0,2.43,36.0,Regional Comprehensive,43135.0,129.8,1,0.5,0.866,35.2,8489.0,5230.0,13719.0,29416.0,0,0.3568,0.318,18623.0,0.1
NC,0,Rural,35589.0,158892.0,1,0,3.71,78.0,Regional Comprehensive,38523.0,422.9,1,0.5,0.866,72.3,19532.0,647.0,20179.0,18344.0,0,0.1154,0.5238,0.0,0.4
CA,0,Suburb,1919.0,20780.0,0,1,1.82,21.0,Community College,20999.0,1335.1,3,1.0,0.0,38.4,441.0,5333.0,5774.0,15225.0,0,0.7327,0.275,13306.0,0.0696
PA,0,City,3091.0,23851.0,0,1,2.91,68.0,R2 Doctoral,50789.0,331.2,1,0.5,0.866,47.4,18340.0,21536.0,39876.0,10913.0,1,0.4575,0.7851,7822.0,0.0779
OK,0,City,45887.0,183573.0,0,0,2.77,39.0,Liberal Arts College,77305.0,157.3,5,0.5,-0.866,50.0,21275.0,5328.0,26603.0,50702.0,0,0.2762,0.3441,4815.0,0.0606
CA,0,Suburb,23482.0,106703.0,1,0,3.48,85.0,Regional Comprehensive,41807.0,199.5,2,0.866,0.5,59.7,21298.0,2637.0,23935.0,17872.0,1,0.1675,0.5725,0.0,0.1286
IL,0,City,11975.0,52221.0,0,0,2.24,23.0,Regional Comprehensive,38569.0,165.8,2,0.866,0.5,64.2,8241.0,7432.0,15673.0,22896.0,0,0.4384,0.4064,10921.0,0.0645
KS,0,Suburb,42060.0,215152.0,0,0,3.5,61.0,Community College,19777.0,129.2,6,0.0,-1.0,69.9,2617.0,0.0,2617.0,17160.0,0,0.0798,0.1323,0.0,0.0909
CA,0,Suburb,9511.0,23557.0,0,0,3.51,65.0,Regional Comprehensive,41896.0,1230.6,4,0.866,-0.5,100.0,20132.0,5851.0,25983.0,15913.0,0,0.6755,0.6202,6402.0,0.0556
WI,0,Suburb,15333.0,123066.0,0,0,3.42,56.0,Regional Comprehensive,37805.0,57.7,2,0.866,0.5,48.5,15223.0,4348.0,19571.0,18234.0,0,0.1482,0.5177,2901.0,0.0947
FL,0,City,7025.0,59926.0,0,1,3.47,74.0,Regional Comprehensive,46315.0,426.0,2,0.866,0.5,63.0,20167.0,15811.0,35978.0,10337.0,1,0.1725,0.7768,3312.0,0.0769
OK,0,Town,21070.0,97413.0,0,0,3.48,74.0,Liberal Arts College,105723.0,111.0,2,0.866,0.5,59.0,43364.0,16165.0,59529.0,46194.0,0,0.4742,0.5631,25124.0,0.0476
WI,0,Suburb,1394.0,11285.0,0,1,3.53,90.0,Community College,21543.0,26.8,2,0.866,0.5,41.4,3958.0,9766.0,13724.0,7819.0,0,0.6929,0.6371,6425.0,0.0882
CT,0,Town,7019.0,52172.0,0,1,2.13,33.0,Liberal Arts College,76614.0,104.0,11,-0.5,0.866,17.1,19077.0,24023.0,43100.0,33514.0,0,0.6424,0.5626,26495.0,0.102
FL,0,Suburb,15772.0,106990.0,0,0,2.97,49.0,Liberal Arts College,107331.0,71.4,8,-0.866,-0.5,38.0,35618.0,15037.0,50655.0,56676.0,1,0.5297,0.472,40904.0,0.0211
MI,0,City,12485.0,60138.0,1,0,2.86,47.0,Regional Comprehensive,37090.0,232.4,2,0.866,0.5,54.5,15092.0,5330.0,20422.0,16668.0,0,0.2772,0.5506,4183.0,0.0762
MN,0,Suburb,30411.0,155409.0,0,0,2.04,10.0,R2 Doctoral,59452.0,139.5,12,-0.0,1.0,44.7,9213.0,5933.0,15146.0,44306.0,1,0.2851,0.2548,13895.0,0.0816
FL,0,Suburb,27828.0,151706.0,0,0,3.58,78.0,Regional Comprehensive,53246.0,43.3,11,-0.5,0.866,26.7,24513.0,4657.0,29170.0,24076.0,1,0.1587,0.5478,0.0,0.0938
FL,0,Suburb,4751.0,31566.0,0,1,3.1,56.0,Regional Comprehensive,40418.0,593.7,10,-0.866,0.5,47.8,17336.0,11948.0,29284.0,11134.0,0,0.3527,0.7245,6383.0,0.0349
CA,0,Town,25680.0,113923.0,1,0,3.19,63.0,Community College,19754.0,398.0,8,-0.866,-0.5,55.9,346.0,0.0,346.0,19408.0,1,0.1704,0.0175,0.0,0.0948
WV,0,Rural,7190.0,30800.0,0,1,3.65,99.0,Regional Comprehensive,42164.0,670.0,8,-0.866,-0.5,38.9,21498.0,18745.0,40056.0,2108.0,1,0.0684,0.95,0.0,0.2647
MO,0,Town,20125.0,65440.0,0,0,3.86,99.0,Regional Comprehensive,43472.0,162.5,3,1.0,0.0,73.2,24211.0,3529.0,27740.0,15732.0,1,0.2404,0.6381,0.0,0.1169
AZ,0,Suburb,24000.0,100953.0,0,0,1.72,,Regional Comprehensive,46846.0,122.0,2,0.866,0.5,29.7,4308.0,3864.0,8172.0,38674.0,1,0.3831,0.1744,14674.0,0.0333
WI,0,Suburb,13895.0,34496.0,0,0,3.12,70.0,R1 Research,56118.0,265.2,4,0.866,-0.5,63.7,16471.0,11153.0,27624.0,28494.0,1,0.826,0.4922,14599.0,0.1667
MI,0,Suburb,14639.0,110922.0,0,0,2.73,53.0,Regional Comprehensive,40472.0,69.1,8,-0.866,-0.5,51.0,13291.0,4418.0,17709.0,22763.0,1,0.2052,0.4376,8124.0,0.0192
GA,0,City,11606.0,43745.0,0,0,3.2,55.0,Regional Comprehensive,45172.0,145.2,3,1.0,0.0,61.2,18934.0,6360.0,25294.0,19878.0,0,0.4544,0.5599,8272.0,0.0902
GA,0,Town,6252.0,41436.0,0,1,2.5,54.0,Regional Comprehensive,37104.0,105.4,2,0.866,0.5,68.0,13025.0,13434.0,26459.0,10645.0,1,0.2569,0.7131,4393.0,0.0661
AZ,0,Rural,32745.0,104693.0,0,0,3.04,37.0,Community College,18079.0,27.3,1,0.5,0.866,66.7,4563.0,0.0,4563.0,13516.0,1,0.1291,0.2524,0.0,0.0588
TX,0,City,3927.0,34479.0,0,1,3.48,87.0,Regional Comprehensive,38153.0,144.8,8,-0.866,-0.5,19.9,16197.0,9697.0,25894.0,12259.0,1,0.3555,0.6787,8332.0,0.0566
CT,0,Rural,7303.0,33239.0,1,1,2.94,51.0,Regional Comprehensive,38411.0,79.7,6,0.0,-1.0,56.3,14288.0,10236.0,24524.0,13887.0,1,0.4178,0.6385,6584.0,0.0165
AL,0,Town,26596.0,133203.0,0,0,3.06,43.0,Liberal Arts College,86215.0,98.2,4,0.866,-0.5,67.1,27323.0,15205.0,42528.0,43687.0,1,0.328,0.4933,17091.0,0.0805
PA,0,Suburb,8895.0,68061.0,1,0,2.64,39.0,Community College,19248.0,185.6,2,0.866,0.5,73.5,1880.0,1512.0,3392.0,15856.0,0,0.233,0.1762,6961.0,0.1029
VA,0,Rural,4241.0,22093.0,0,1,2.49,60.0,Liberal Arts College,74819.0,482.0,4,0.866,-0.5,44.4,23391.0,32498.0,55889.0,18930.0,0,0.8568,0.747,14689.0,0.0735
TX,0,City,27779.0,116548.0,0,0,3.4,99.0,R2 Doctoral,53356.0,52.0,1,0.5,0.866,42.0,24199.0,5010.0,29209.0,24147.0,0,0.2072,0.5474,0.0,0.0854
NH,0,City,14689.0,46969.0,0,0,3.19,52.0,Regional Comprehensive,46415.0,89.0,1,0.5,0.866,71.7,14393.0,5268.0,19661.0,26754.0,1,0.5696,0.4236,12065.0,0.0957
IA,0,Suburb,8035.0,22921.0,1,1,2.71,43.0,R1 Research,67697.0,56.7,2,0.866,0.5,73.3,11224.0,20129.0,31353.0,36344.0,0,1.5856,0.4631,28309.0,0.0441
AR,0,Suburb,494.0,10350.0,0,1,3.64,77.0,R1 Research,65217.0,53.0,1,0.5,0.866,42.0,19448.0,23980.0,43428.0,21789.0,0,2.1052,0.6659,21295.0,0.0567
NY,0,Suburb,24470.0,120627.0,0,0,3.4,70.0,Community College,21616.0,67.9,1,0.5,0.866,38.3,0.0,0.0,0.0,21616.0,0,0.1792,0.0,0.0,0.0364
TX,0,Rural,3362.0,33889.0,1,1,3.28,87.0,Regional Comprehensive,42228.0,103.1,2,0.866,0.5,57.2,20779.0,19088.0,39867.0,2361.0,0,0.0697,0.9441,0.0,0.0412
FL,0,City,1769.0,25705.0,1,1,2.91,46.0,R2 Doctoral,64046.0,234.4,10,-0.866,0.5,43.0,16942.0,26410.0,43352.0,20694.0,1,0.8051,0.6769,18925.0,0.0286
CA,0,City,30485.0,99745.0,1,0,3.73,73.0,Regional Comprehensive,42504.0,177.4,1,0.5,0.866,67.3,19861.0,2238.0,22099.0,20405.0,1,0.2046,0.5199,0.0,0.2
TX,0,Suburb,28385.0,112439.0,0,0,2.89,45.0,R2 Doctoral,60502.0,41.8,9,-1.0,-0.0,78.1,17556.0,5912.0,23468.0,37034.0,0,0.3294,0.3879,8649.0,0.0978
CA,0,City,9633.0,35714.0,0,0,3.21,61.0,R1 Research,74309.0,493.1,4,0.866,-0.5,35.8,19511.0,16029.0,35540.0,38769.0,0,1.0855,0.4783,29136.0,0.0625
SD,0,Town,17624.0,121431.0,0,0,3.53,85.0,Liberal Arts College,82618.0,341.5,1,0.5,0.866,58.4,38570.0,9406.0,47976.0,34642.0,1,0.2853,0.5807,17018.0,0.0563
CA,0,Suburb,49587.0,276377.0,0,0,2.58,41.0,R2 Doctoral,57739.0,49.2,3,1.0,0.0,45.0,13923.0,1365.0,15288.0,42451.0,1,0.1536,0.2648,0.0,0.1333
TX,0,Rural,17935.0,165976.0,0,0,2.47,44.0,R1 Research,78423.0,458.1,5,0.5,-0.866,70.7,15471.0,13431.0,28902.0,49521.0,1,0.2984,0.3685,31586.0,0.0379
LA,0,Suburb,27842.0,148384.0,0,0,2.66,56.0,Liberal Arts College,91548.0,178.6,1,0.5,0.866,75.5,28599.0,14470.0,43069.0,48479.0,1,0.3267,0.4705,20637.0,0.1613
VA,0,City,17632.0,78919.0,1,0,3.15,57.0,Community College,16799.0,107.5,1,0.5,0.866,48.3,3281.0,0.0,3281.0,13518.0,0,0.1713,0.1953,0.0,0.0636
CO,0,City,9342.0,45731.0,0,0,3.87,87.0,R1 Research,85399.0,184.5,1,0.5,0.866,80.3,27637.0,12416.0,40053.0,45346.0,1,0.9916,0.469,36004.0,0.1186
AZ,0,City,12959.0,60461.0,1,0,2.39,38.0,Regional Comprehensive,43660.0,123.3,8,-0.866,-0.5,73.2,12647.0,8585.0,21232.0,22428.0,1,0.3709,0.4863,9469.0,0.1026
CT,0,Rural,17129.0,86451.0,0,0,3.07,50.0,R2 Doctoral,45130.0,224.6,1,0.5,0.866,57.5,16040.0,7473.0,23513.0,21617.0,1,0.25,0.521,4488.0,0.0855
AZ,0,Suburb,1723.0,25453.0,0,1,2.38,32.0,R1 Research,78155.0,154.2,5,0.5,-0.866,70.3,14189.0,34832.0,49021.0,29134.0,0,1.1446,0.6272,27411.0,0.0978
MI,0,Suburb,1496.0,36172.0,0,1,3.37,83.0,Regional Comprehensive,48733.0,88.9,2,0.866,0.5,35.0,22144.0,16614.0,38758.0,9975.0,0,0.2758,0.7953,8479.0,0.1389
MO,0,City,6992.0,22517.0,0,1,3.09,60.0,Community College,20256.0,15.1,5,0.5,-0.866,91.2,2797.0,6539.0,9336.0,10920.0,0,0.485,0.4609,3928.0,0.1486
GA,0,Rural,22310.0,74558.0,1,0,3.24,81.0,R2 Doctoral,53965.0,220.4,1,0.5,0.866,65.4,20050.0,6775.0,26825.0,27140.0,0,0.364,0.4971,4830.0,0.0496
PA,0,City,25030.0,66823.0,0,0,3.03,44.0,R1 Research,63551.0,85.6,4,0.866,-0.5,80.4,16011.0,9484.0,25495.0,38056.0,0,0.5695,0.4012,13026.0,0.0796
GA,0,Town,3515.0,39342.0,0,1,2.38,36.0,Regional Comprehensive,42618.0,286.8,10,-0.866,0.5,41.5,12162.0,14620.0,26782.0,15836.0,0,0.4025,0.6284,12321.0,0.1009
TX,0,Town,16331.0,113636.0,0,0,2.68,50.0,Community College,19415.0,210.1,9,-1.0,-0.0,24.7,2120.0,666.0,2786.0,16629.0,1,0.1463,0.1435,298.0,0.0656
SC,0,City,882.0,29670.0,1,1,2.66,46.0,Regional Comprehensive,43763.0,88.0,4,0.866,-0.5,70.1,16058.0,12707.0,28765.0,14998.0,0,0.5055,0.6573,14116.0,0.0744
FL,0,Suburb,1387.0,38304.0,0,1,3.47,69.0,Regional Comprehensive,40301.0,370.9,2,0.866,0.5,46.1,17875.0,16538.0,34413.0,5888.0,1,0.1537,0.8539,4501.0,0.1233
TX,0,City,17292.0,110413.0,1,0,1.98,,R1 Research,69664.0,157.1,8,-0.866,-0.5,46.7,4418.0,7619.0,12037.0,57627.0,0,0.5219,0.1728,40335.0,0.0959
FL,0,Suburb,22992.0,122853.0,0,0,3.84,99.0,Community College,16921.0,150.5,4,0.866,-0.5,62.0,2823.0,0.0,2823.0,14098.0,1,0.1148,0.1668,0.0,0.0544
KY,0,Rural,7605.0,35493.0,1,1,2.93,34.0,Community College,17321.0,109.6,2,0.866,0.5,78.5,1101.0,4953.0,6054.0,11267.0,1,0.3174,0.3495,3662.0,0.1
NY,0,Suburb,16140.0,74390.0,1,0,2.88,33.0,Community College,20820.0,742.2,11,-0.5,0.866,61.8,1755.0,1190.0,2945.0,17875.0,0,0.2403,0.1415,1735.0,0.0625
IN,0,Town,10471.0,35928.0,0,0,2.98,62.0,R1 Research,61303.0,59.9,4,0.866,-0.5,76.7,16495.0,10079.0,26574.0,34729.0,0,0.9666,0.4335,24258.0,0.0821
OR,0,Suburb,12171.0,54607.0,0,0,2.6,35.0,R2 Doctoral,57973.0,90.3,11,-0.5,0.866,47.7,15007.0,9054.0,24061.0,33912.0,0,0.621,0.415,21741.0,0.0633
CA,0,City,18240.0,69812.0,0,0,3.52,77.0,R2 Doctoral,52754.0,34.6,3,1.0,0.0,83.0,19305.0,5645.0,24950.0,27804.0,1,0.3983,0.4729,9564.0,0.1084
CO,0,Town,23361.0,94227.0,0,0,3.67,64.0,R1 Research,74431.0,271.8,3,1.0,0.0,73.4,21866.0,13082.0,34948.0,39483.0,1,0.419,0.4695,16122.0,0.1277
NY,0,Suburb,9065.0,79114.0,0,0,2.97,58.0,Regional Comprehensive,40834.0,68.8,2,0.866,0.5,39.9,14931.0,5320.0,20251.0,20583.0,1,0.2602,0.4959,11518.0,0.065
FL,0,City,12857.0,76625.0,1,0,3.42,82.0,Regional Comprehensive,44004.0,77.3,3,1.0,0.0,74.0,21152.0,4671.0,25823.0,18181.0,1,0.2373,0.5868,5324.0,0.2
IN,0,Suburb,4141.0,28955.0,0,1,2.51,16.0,Community College,16848.0,73.6,2,0.866,0.5,59.9,1700.0,5774.0,7474.0,9374.0,1,0.3237,0.4436,5233.0,0.0923
NV,0,Suburb,13350.0,83246.0,0,0,2.25,30.0,Liberal Arts College,79900.0,135.3,8,-0.866,-0.5,39.7,17899.0,17754.0,35653.0,44247.0,0,0.5315,0.4462,30897.0,0.0241
NY,0,Town,22157.0,93598.0,0,0,2.04,30.0,R1 Research,55538.0,34.1,2,0.866,0.5,69.7,6659.0,8832.0,15491.0,40047.0,0,0.4279,0.2789,17890.0,0.0536
VA,0,City,12893.0,103366.0,0,0,2.74,28.0,R1 Research,71114.0,15.0,2,0.866,0.5,67.0,12760.0,15655.0,28415.0,42699.0,1,0.4131,0.3996,29806.0,0.1333
NY,0,Rural,6225.0,37494.0,0,1,2.61,42.0,Community College,15686.0,204.9,10,-0.866,0.5,64.1,3121.0,3033.0,6154.0,9532.0,0,0.2542,0.3923,3307.0,0.0792
NJ,0,Suburb,25455.0,121689.0,0,0,3.3,67.0,Community College,17348.0,15.0,12,-0.0,1.0,30.6,467.0,0.0,467.0,16881.0,1,0.1387,0.0269,0.0,0.031
AZ,0,City,128.0,24382.0,1,1,2.39,36.0,R1 Research,68902.0,310.7,4,0.866,-0.5,22.1,14529.0,20509.0,35038.0,33864.0,0,1.3889,0.5085,33736.0,0.0732
WA,0,City,2074.0,46157.0,1,1,3.59,74.0,Community College,20764.0,650.9,1,0.5,0.866,58.0,278.0,9171.0,9449.0,11315.0,1,0.2451,0.4551,9241.0,0.1316
AZ,0,Town,11277.0,51618.0,0,0,2.2,6.0,Regional Comprehensive,37354.0,106.6,1,0.5,0.866,55.1,6681.0,6056.0,12737.0,24617.0,1,0.4769,0.341,13340.0,0.0625
TX,0,Suburb,2933.0,25363.0,1,1,3.46,67.0,Liberal Arts College,58166.0,495.9,5,0.5,-0.866,69.1,22519.0,20744.0,43263.0,14903.0,0,0.5876,0.7438,11970.0,0.0496
IN,0,Suburb,14230.0,51056.0,0,0,3.18,55.0,Regional Comprehensive,49993.0,123.5,9,-1.0,-0.0,4.3,18932.0,8760.0,27692.0,22301.0,0,0.4368,0.5539,8071.0,0.0
TN,0,City,9738.0,73826.0,0,0,3.22,62.0,Liberal Arts College,73424.0,679.3,7,-0.5,-0.866,66.1,28604.0,11721.0,40325.0,33099.0,1,0.4483,0.5492,23361.0,0.0787
TN,0,Suburb,4079.0,16906.0,0,1,1.7,21.0,Regional Comprehensive,37099.0,78.5,11,-0.5,0.866,65.9,8067.0,9081.0,17148.0,19951.0,0,1.1801,0.4622,15872.0,0.0667
CA,0,Town,10483.0,47374.0,0,0,3.45,53.0,Regional Comprehensive,43048.0,15.0,3,1.0,0.0,74.2,18840.0,5871.0,24711.0,18337.0,0,0.3871,0.574,7854.0,0.1458
GA,0,Suburb,312.0,17875.0,1,1,3.31,79.0,R2 Doctoral,53054.0,116.5,11,-0.5,0.866,70.2,18385.0,26612.0,44997.0,8057.0,1,0.4507,0.8481,7745.0,0.0761
IL,0,Rural,49212.0,273733.0,0,0,3.26,88.0,Regional Comprehensive,42337.0,761.4,6,0.0,-1.0,36.0,18960.0,0.0,18960.0,23377.0,0,0.0854,0.4478,0.0,0.0114
CA,0,City,14667.0,73350.0,0,0,3.39,92.0,R1 Research,73907.0,222.2,8,-0.866,-0.5,38.2,23779.0,11039.0,34818.0,39089.0,1,0.5329,0.4711,24422.0,0.03
FL,0,City,14857.0,68913.0,0,0,2.92,75.0,Liberal Arts College,59876.0,73.8,5,0.5,-0.866,53.0,22116.0,9120.0,31236.0,28640.0,1,0.4156,0.5217,13783.0,0.0685
OH,1,Suburb,22058.0,74391.0,0,0,3.82,89.0,R1 Research,58220.0,51.8,1,0.5,0.866,57.4,20849.0,7568.0,28417.0,29803.0,1,0.4006,0.4881,7745.0,0.0833
WI,0,Town,13908.0,97271.0,0,0,2.54,38.0,R2 Doctoral,53073.0,351.3,10,-0.866,0.5,35.0,14206.0,6025.0,20231.0,32842.0,1,0.3376,0.3812,18934.0,0.0222
FL,0,City,25773.0,127296.0,0,0,1.77,,R1 Research,71236.0,115.8,2,0.866,0.5,62.5,3252.0,11758.0,15010.0,56226.0,1,0.4417,0.2107,30453.0,0.0847
LA,0,Suburb,1087.0,20419.0,1,1,3.57,74.0,Liberal Arts College,85684.0,1997.3,1,0.5,0.866,72.6,34987.0,27576.0,62563.0,23121.0,0,1.1323,0.7302,22034.0,0.1489
NJ,0,Suburb,41498.0,161672.0,0,0,2.24,41.0,Regional Comprehensive,49427.0,73.6,11,-0.5,0.866,57.5,13263.0,1458.0,14721.0,34706.0,1,0.2147,0.2978,0.0,0.0677
CO,0,Suburb,23920.0,154352.0,0,0,3.36,50.0,Regional Comprehensive,52021.0,363.0,2,0.866,0.5,62.3,19721.0,5542.0,25263.0,26758.0,1,0.1734,0.4856,2838.0,0.2364
GA,0,Suburb,14045.0,60008.0,0,0,3.77,73.0,Regional Comprehensive,36292.0,282.0,12,-0.0,1.0,57.8,19528.0,3614.0,23142.0,13150.0,1,0.2191,0.6377,0.0,0.1343
NC,0,Rural,20948.0,57787.0,0,0,2.31,30.0,R1 Research,74975.0,60.8,10,-0.866,0.5,48.2,10554.0,13626.0,24180.0,50795.0,0,0.879,0.3225,29847.0,0.1136
AZ,0,Suburb,-1500.0,6741.0,0,1,2.8,26.0,Community College,20859.0,81.1,6,0.0,-1.0,66.0,801.0,9296.0,10097.0,10762.0,0,1.5965,0.4841,12262.0,0.1111
MS,0,Suburb,3424.0,25702.0,1,1,3.42,95.0,Regional Comprehensive,42224.0,369.0,10,-0.866,0.5,64.2,23459.0,17321.0,40113.0,2111.0,0,0.0821,0.95,0.0,0.1316
NC,0,Suburb,10852.0,91452.0,0,0,3.68,88.0,Liberal Arts College,76409.0,147.5,9,-1.0,-0.0,39.6,35351.0,12638.0,47989.0,28420.0,0,0.3108,0.6281,17568.0,0.0377
MI,0,Suburb,39244.0,149409.0,1,0,2.57,43.0,Community College,22245.0,180.7,6,0.0,-1.0,93.7,3030.0,0.0,3030.0,19215.0,1,0.1286,0.1362,0.0,0.1948
WA,0,City,19958.0,106379.0,0,0,2.75,56.0,R1 Research,69841.0,22.7,5,0.5,-0.866,84.9,15696.0,10141.0,25837.0,44004.0,0,0.4137,0.3699,24046.0,0.4
MD,0,Rural,8857.0,59604.0,1,1,3.01,51.0,Liberal Arts College,89636.0,252.3,8,-0.866,-0.5,71.3,29235.0,43815.0,73050.0,16586.0,1,0.2783,0.815,7729.0,0.1622
CA,0,City,52431.0,251860.0,0,0,3.84,91.0,R1 Research,71215.0,171.3,1,0.5,0.866,81.6,25892.0,4990.0,30882.0,40333.0,1,0.1601,0.4336,0.0,0.0537
MI,0,Town,31241.0,129797.0,1,0,2.73,32.0,Community College,20054.0,118.5,6,0.0,-1.0,66.4,1206.0,0.0,1206.0,18848.0,0,0.1452,0.0601,0.0,0.1071
NC,0,City,4529.0,47403.0,0,1,3.3,36.0,Regional Comprehensive,49005.0,185.1,1,0.5,0.866,55.1,15315.0,22169.0,37484.0,11521.0,1,0.243,0.7649,6992.0,0.1507
AR,0,Town,60263.0,302888.0,0,0,3.11,59.0,R2 Doctoral,49240.0,82.4,10,-0.866,0.5,73.5,17212.0,0.0,17212.0,32028.0,1,0.1057,0.3496,0.0,0.0833
NC,0,City,6163.0,28588.0,0,1,3.12,80.0,R2 Doctoral,58361.0,68.1,7,-0.5,-0.866,61.3,20859.0,26034.0,46893.0,11468.0,0,0.4011,0.8035,5305.0,0.0543
GA,0,Rural,6591.0,21813.0,1,1,2.61,62.0,Community College,17710.0,98.3,1,0.5,0.866,78.4,2949.0,3284.0,6233.0,11477.0,0,0.5262,0.3519,4886.0,0.2857
WV,0,Suburb,9268.0,46481.0,0,0,3.34,65.0,R2 Doctoral,63090.0,77.8,12,-0.0,1.0,79.5,22094.0,10029.0,32123.0,30967.0,0,0.6662,0.5092,21699.0,0.1642
GA,0,City,3541.0,36453.0,1,1,3.31,63.0,Community College,18154.0,1250.6,12,-0.0,1.0,27.9,778.0,5569.0,6347.0,11807.0,1,0.3239,0.3496,8266.0,0.0377
TX,0,Suburb,6924.0,48400.0,1,1,2.76,26.0,Community College,18121.0,330.1,4,0.866,-0.5,71.3,2631.0,3204.0,5835.0,12286.0,1,0.2538,0.322,5362.0,0.125
FL,0,Suburb,21720.0,111818.0,0,0,3.82,99.0,Community College,16841.0,45.8,1,0.5,0.866,45.6,2014.0,0.0,2014.0,14827.0,0,0.1326,0.1196,0.0,0.0667
CA,0,Suburb,12183.0,61423.0,0,0,2.84,54.0,R1 Research,71375.0,1074.9,10,-0.866,0.5,50.7,16548.0,12139.0,28687.0,42688.0,0,0.695,0.4019,30505.0,0.048
CA,0,City,10458.0,62569.0,1,0,3.65,77.0,Regional Comprehensive,47389.0,80.4,11,-0.5,0.866,43.0,19587.0,9120.0,28707.0,18682.0,0,0.2986,0.6058,8224.0,0.0761
OH,1,Town,17429.0,65667.0,1,0,3.17,36.0,Regional Comprehensive,31260.0,37.8,1,0.5,0.866,86.9,8362.0,2356.0,10718.0,20542.0,1,0.3128,0.3429,3113.0,0.0809
CO,0,Town,-1500.0,11910.0,0,1,2.45,11.0,Regional Comprehensive,54915.0,325.1,4,0.866,-0.5,67.6,12854.0,18031.0,30885.0,24030.0,0,2.0176,0.5624,25530.0,0.1471
MD,0,Suburb,542.0,21142.0,0,1,2.09,22.0,R1 Research,67912.0,16.0,11,-0.5,0.866,54.0,9751.0,32912.0,42663.0,25249.0,0,1.1943,0.6282,24707.0,0.1279
CA,0,Rural,7501.0,47695.0,1,1,3.85,67.0,Community College,16811.0,98.8,10,-0.866,0.5,30.0,3955.0,2736.0,6691.0,10120.0,0,0.2122,0.398,2619.0,0.0224
VA,0,City,2361.0,34307.0,1,1,3.84,94.0,R2 Doctoral,55203.0,69.4,12,-0.0,1.0,46.4,25100.0,23537.0,48637.0,6566.0,1,0.1914,0.8811,4205.0,0.0231
TX,0,City,7448.0,53269.0,1,1,1.5,6.0,Community College,19852.0,157.1,7,-0.5,-0.866,52.0,761.0,4948.0,5709.0,14143.0,1,0.2655,0.2876,6695.0,0.0617
KS,0,Suburb,31413.0,172987.0,0,0,2.47,18.0,R1 Research,60514.0,186.9,2,0.866,0.5,66.5,11518.0,6501.0,18019.0,42495.0,1,0.2457,0.2978,11082.0,0.0549
TX,0,City,13242.0,59659.0,0,0,3.33,68.0,Liberal Arts College,90094.0,116.8,7,-0.5,-0.866,48.8,36377.0,19915.0,56292.0,33802.0,1,0.5666,0.6248,20560.0,0.0841
AZ,0,City,12569.0,24295.0,1,0,2.69,31.0,Liberal Arts College,74434.0,111.3,3,1.0,0.0,58.4,21597.0,15183.0,36780.0,37654.0,0,1.5499,0.4941,25085.0,0.0889
NY,0,Suburb,5964.0,35560.0,0,1,3.34,80.0,R2 Doctoral,66176.0,387.7,7,-0.5,-0.866,12.6,25401.0,20607.0,46008.0,20168.0,0,0.5672,0.6952,14204.0,0.0517
MA,0,City,59917.0,215694.0,0,0,3.92,99.0,Regional Comprehensive,51002.0,173.9,3,1.0,0.0,76.8,28041.0,0.0,28041.0,22961.0,1,0.1065,0.5498,0.0,0.0986
OH,1,City,42938.0,189737.0,0,0,3.65,78.0,R2 Doctoral,45966.0,38.3,10,-0.866,0.5,32.5,17584.0,527.0,18111.0,27855.0,0,0.1468,0.394,0.0,0.0714
CO,0,Town,19541.0,96667.0,0,0,3.25,84.0,R2 Doctoral,55869.0,148.0,5,0.5,-0.866,45.7,23019.0,5120.0,28139.0,27730.0,0,0.2869,0.5037,8189.0,0.0707
FL,0,Suburb,5811.0,20435.0,1,1,2.49,49.0,Regional Comprehensive,40447.0,870.9,3,1.0,0.0,73.5,11337.0,12297.0,23634.0,16813.0,0,0.8228,0.5843,11002.0,0.1236
IA,0,Town,18504.0,78504.0,0,0,2.83,48.0,Liberal Arts College,70691.0,151.9,2,0.866,0.5,76.7,24416.0,7735.0,32151.0,38540.0,1,0.4909,0.4548,20036.0,0.0593
NC,0,Suburb,18864.0,82972.0,0,0,3.01,62.0,Liberal Arts College,66239.0,73.8,7,-0.5,-0.866,56.7,21409.0,12703.0,34112.0,32127.0,1,0.3872,0.515,13263.0,0.0588
WI,0,Suburb,7960.0,64112.0,0,1,3.58,61.0,Community College,16203.0,17.1,10,-0.866,0.5,60.3,1974.0,2467.0,4441.0,11762.0,1,0.1835,0.2741,3802.0,0.3438
KY,0,City,9473.0,41756.0,1,0,3.24,66.0,Liberal Arts College,79873.0,28.1,12,-0.0,1.0,73.1,29868.0,9924.0,39792.0,40081.0,1,0.9599,0.4982,30608.0,0.1356
WY,0,Town,5497.0,48480.0,1,1,2.65,38.0,Regional Comprehensive,46467.0,77.6,11,-0.5,0.866,9.7,14035.0,19026.0,33061.0,13406.0,0,0.2765,0.7115,7909.0,0.0
FL,0,City,5678.0,39712.0,0,1,2.72,62.0,Community College,15109.0,113.1,1,0.5,0.866,77.6,452.0,4398.0,4850.0,10259.0,1,0.2583,0.321,4581.0,0.061
NY,0,City,12021.0,27599.0,0,0,2.15,15.0,Community College,17780.0,70.7,5,0.5,-0.866,19.3,1294.0,1489.0,2783.0,14997.0,1,0.5434,0.1565,2976.0,0.0513
FL,0,Town,28066.0,168301.0,0,0,1.5,,Regional Comprehensive,41355.0,183.2,7,-0.5,-0.866,50.5,5063.0,3447.0,8510.0,32845.0,1,0.1952,0.2058,4779.0,0.0909
FL,0,Town,31484.0,118808.0,0,0,3.42,58.0,Community College,22643.0,69.8,2,0.866,0.5,68.3,3491.0,0.0,3491.0,19152.0,1,0.1612,0.1542,0.0,0.0738
VA,0,Suburb,13066.0,51269.0,1,0,3.3,78.0,Community College,13759.0,48.5,2,0.866,0.5,47.3,4442.0,128.0,4570.0,9189.0,1,0.1792,0.3321,0.0,0.0952
ND,0,City,15891.0,81111.0,0,0,3.07,55.0,Liberal Arts College,96183.0,241.1,7,-0.5,-0.866,52.7,33203.0,18305.0,51508.0,44675.0,0,0.5508,0.5355,28784.0,0.0909
SD,0,City,18195.0,83332.0,0,0,2.75,24.0,Community College,20451.0,533.6,11,-0.5,0.866,0.0,1115.0,529.0,1644.0,18807.0,0,0.2257,0.0804,612.0,0.0
MI,0,Suburb,74066.0,340060.0,0,0,2.38,45.0,R1 Research,48952.0,39.6,1,0.5,0.866,38.2,9297.0,0.0,9297.0,39655.0,1,0.1166,0.1899,0.0,0.0616
AZ,0,Town,15999.0,117978.0,1,0,3.38,50.0,R2 Doctoral,52153.0,163.7,8,-0.866,-0.5,44.8,14686.0,6773.0,21459.0,30694.0,1,0.2602,0.4115,14695.0,0.1613
OR,0,Suburb,16810.0,114810.0,0,0,2.71,37.0,R1 Research,76018.0,17.1,3,1.0,0.0,41.9,16420.0,9137.0,25557.0,50461.0,1,0.4395,0.3362,33651.0,0.0208
MS,0,City,22924.0,64689.0,0,0,3.83,84.0,R1 Research,65872.0,26.9,2,0.866,0.5,57.9,20838.0,6510.0,27348.0,38524.0,1,0.5955,0.4152,15600.0,0.0833
TX,0,City,4245.0,46038.0,0,1,3.29,52.0,Liberal Arts College,74269.0,68.3,2,0.866,0.5,91.6,27666.0,37575.0,65241.0,9028.0,1,0.1961,0.8784,4783.0,0.0758
MI,0,Suburb,29403.0,170340.0,1,0,1.96,,R2 Doctoral,69654.0,417.2,10,-0.866,0.5,72.8,7041.0,8983.0,16024.0,53630.0,1,0.3148,0.2301,24227.0,0.1023
LA,0,Suburb,16643.0,100673.0,0,0,3.63,90.0,Regional Comprehensive,43097.0,55.9,1,0.5,0.866,77.6,19480.0,5223.0,24703.0,18394.0,0,0.1827,0.5732,1751.0,0.1529
NY,0,City,278.0,34639.0,1,1,3.58,86.0,Regional Comprehensive,40132.0,53.8,8,-0.866,-0.5,67.5,16254.0,14761.0,31015.0,9117.0,1,0.2632,0.7728,8839.0,0.0769
OH,1,City,8508.0,87272.0,0,1,2.96,54.0,R1 Research,66243.0,38.1,2,0.866,0.5,35.0,17323.0,19521.0,36844.0,29399.0,1,0.3369,0.5562,20891.0,0.0577
RI,0,City,37653.0,115027.0,0,0,3.21,68.0,Community College,15494.0,131.7,2,0.866,0.5,82.0,3814.0,0.0,3814.0,11680.0,0,0.1015,0.2462,0.0,0.1
RI,0,City,2610.0,13919.0,0,1,2.99,33.0,Community College,20756.0,55.6,7,-0.5,-0.866,62.9,2391.0,9203.0,11594.0,9162.0,0,0.6582,0.5586,6552.0,0.0962
IA,0,Suburb,5557.0,32399.0,0,1,2.56,45.0,R1 Research,77257.0,1019.8,4,0.866,-0.5,68.3,14338.0,33127.0,47465.0,29792.0,0,0.9195,0.6144,24235.0,0.1111
SC,0,City,21375.0,81731.0,0,0,3.12,65.0,Regional Comprehensive,53217.0,95.9,1,0.5,0.866,76.1,19761.0,4678.0,24439.0,28778.0,1,0.3521,0.4592,7403.0,0.2027
FL,0,Suburb,3510.0,15747.0,1,1,2.48,41.0,Regional Comprehensive,46866.0,142.8,9,-1.0,-0.0,67.5,12956.0,20449.0,33405.0,13461.0,1,0.8548,0.7128,9951.0,0.2703
NY,0,Town,6539.0,17648.0,0,1,3.36,74.0,Regional Comprehensive,43947.0,83.1,3,1.0,0.0,66.4,21060.0,16208.0,37268.0,6679.0,0,0.3785,0.848,140.0,0.0667
NJ,0,Rural,9210.0,51806.0,1,0,3.3,79.0,R2 Doctoral,55825.0,201.1,3,1.0,0.0,49.1,21362.0,10011.0,31373.0,24452.0,0,0.472,0.562,15242.0,0.1613
NJ,0,Rural,20186.0,89672.0,0,0,2.71,42.0,R1 Research,91243.0,463.4,4,0.866,-0.5,40.5,16757.0,13313.0,30070.0,61173.0,1,0.6822,0.3296,40987.0,0.0678
NC,0,City,17886.0,92707.0,0,0,2.94,54.0,R1 Research,72566.0,726.8,6,0.0,-1.0,38.8,16048.0,15287.0,31335.0,41231.0,1,0.4447,0.4318,23345.0,0.0301
AZ,0,City,43316.0,196679.0,0,0,3.45,55.0,Liberal Arts College,74862.0,56.9,12,-0.0,1.0,0.0,27961.0,5711.0,33672.0,41190.0,0,0.2094,0.4498,0.0,0.0
IL,0,Suburb,21941.0,66785.0,0,0,3.53,84.0,Regional Comprehensive,44706.0,402.5,1,0.5,0.866,52.4,23613.0,6108.0,29721.0,14985.0,0,0.2244,0.6648,0.0,0.0708
WI,0,Town,3367.0,48131.0,1,1,2.94,44.0,Regional Comprehensive,47141.0,225.7,6,0.0,-1.0,70.8,16621.0,12974.0,29595.0,17546.0,0,0.3645,0.6278,14179.0,0.0769
NY,0,City,4119.0,24556.0,1,1,2.74,37.0,Regional Comprehensive,43306.0,352.5,1,0.5,0.866,85.8,11689.0,12696.0,24385.0,18921.0,1,0.7705,0.5631,14802.0,0.0833
NY,0,Suburb,2529.0,47718.0,1,1,3.69,76.0,Regional Comprehensive,40349.0,115.1,1,0.5,0.866,52.5,19155.0,16024.0,35179.0,5170.0,1,0.1083,0.8719,2641.0,0.0435
TX,0,City,17362.0,104759.0,1,0,3.46,59.0,Liberal Arts College,70286.0,104.1,10,-0.866,0.5,55.6,28249.0,8576.0,36825.0,33461.0,1,0.3194,0.5239,16099.0,0.1111
TX,0,City,20215.0,108224.0,0,0,2.93,51.0,R2 Doctoral,50690.0,338.4,12,-0.0,1.0,42.6,15095.0,8043.0,23138.0,27552.0,0,0.2546,0.4565,7337.0,0.0208
KY,0,Town,11204.0,76155.0,0,0,2.81,58.0,Liberal Arts College,75465.0,345.3,2,0.866,0.5,64.8,23056.0,14075.0,37131.0,38334.0,0,0.5034,0.492,27130.0,0.3636
OH,1,Suburb,15295.0,93332.0,0,0,3.45,58.0,R2 Doctoral,38318.0,189.8,3,1.0,0.0,35.2,12255.0,5327.0,17582.0,20736.0,0,0.2222,0.4588,5441.0,0.0326
FL,0,Suburb,33477.0,157786.0,0,0,3.58,77.0,R1 Research,70386.0,156.1,5,0.5,-0.866,48.5,17235.0,8503.0,25738.0,44648.0,1,0.283,0.3657,11171.0,0.1765
CO,0,Rural,8945.0,66449.0,0,0,3.52,83.0,Community College,18621.0,113.2,5,0.5,-0.866,43.7,3110.0,2161.0,5271.0,13350.0,0,0.2009,0.2831,4405.0,0.0612
NJ,0,City,51159.0,168463.0,0,0,3.4,38.0,Liberal Arts College,79633.0,15.0,10,-0.866,0.5,65.0,27645.0,6335.0,33980.0,45653.0,1,0.271,0.4267,0.0,0.1222
CA,0,City,8619.0,37302.0,1,1,3.73,99.0,Liberal Arts College,67369.0,23.3,2,0.866,0.5,34.1,36187.0,31419.0,64001.0,3368.0,0,0.0903,0.95,0.0,0.0566
NY,0,Suburb,6381.0,59709.0,0,1,3.0,49.0,Regional Comprehensive,52663.0,83.8,5,0.5,-0.866,64.9,18389.0,19977.0,38366.0,14297.0,0,0.2394,0.7285,7916.0,0.1714
TX,0,Suburb,12151.0,44525.0,0,0,2.44,22.0,Liberal Arts College,89454.0,39.9,1,0.5,0.866,78.4,18033.0,16477.0,34510.0,54944.0,0,1.234,0.3858,42793.0,0.062
MA,0,Suburb,29808.0,111385.0,1,0,2.27,28.0,R2 Doctoral,59237.0,297.9,10,-0.866,0.5,31.6,11820.0,4575.0,16395.0,42842.0,1,0.3846,0.2768,13034.0,0.022
FL,0,City,7417.0,30320.0,1,1,2.41,24.0,R2 Doctoral,60417.0,32.0,6,0.0,-1.0,50.0,12459.0,22144.0,34603.0,25814.0,0,0.8514,0.5727,18397.0,0.1613
CA,0,Rural,5369.0,49928.0,1,1,3.51,73.0,Regional Comprehensive,39890.0,74.8,5,0.5,-0.866,47.1,20072.0,14961.0,35033.0,4857.0,1,0.0973,0.8782,0.0,0.05
CA,0,Suburb,8929.0,16499.0,0,0,3.25,55.0,Liberal Arts College,71162.0,78.0,1,0.5,0.866,90.9,25932.0,11822.0,37754.0,33408.0,0,2.0248,0.5305,24479.0,0.1905
VA,0,Suburb,19777.0,96563.0,0,0,3.85,99.0,R2 Doctoral,53162.0,448.9,1,0.5,0.866,86.9,22529.0,7386.0,29915.0,23247.0,0,0.2407,0.5627,3470.0,0.0588
CA,0,Suburb,49710.0,154460.0,0,0,3.55,99.0,R1 Research,59211.0,66.9,1,0.5,0.866,79.1,22196.0,2390.0,24586.0,34625.0,0,0.2242,0.4152,0.0,0.0777
KY,0,Rural,22820.0,121262.0,0,0,3.42,80.0,R2 Doctoral,53732.0,203.7,2,0.866,0.5,69.0,18636.0,7547.0,26183.0,27549.0,0,0.2272,0.4873,4729.0,0.2143
TX,0,Suburb,24437.0,112994.0,0,0,3.37,72.0,Regional Comprehensive,55224.0,155.6,3,1.0,0.0,76.7,24677.0,8093.0,32770.0,22454.0,0,0.1987,0.5934,0.0,0.1069
WA,0,Rural,21436.0,115193.0,0,0,3.62,71.0,R2 Doctoral,56640.0,327.1,3,1.0,0.0,71.6,24644.0,8063.0,32707.0,23933.0,1,0.2078,0.5775,2497.0,0.15
OH,1,City,17573.0,104170.0,0,0,2.03,32.0,Liberal Arts College,78311.0,89.6,1,0.5,0.866,91.5,14538.0,9239.0,23777.0,54534.0,0,0.5235,0.3036,36961.0,0.0783
OH,1,Suburb,23892.0,97965.0,0,0,3.95,81.0,R1 Research,71174.0,35.4,3,1.0,0.0,61.7,23993.0,10590.0,34583.0,36591.0,1,0.3735,0.4859,12699.0,0.064
CA,0,Town,18162.0,102623.0,0,0,2.33,34.0,Regional Comprehensive,40754.0,21.3,4,0.866,-0.5,15.6,10505.0,3748.0,14253.0,26501.0,1,0.2582,0.3497,8339.0,0.0
SC,0,Suburb,6359.0,39258.0,0,1,3.52,68.0,R2 Doctoral,56218.0,99.3,1,0.5,0.866,53.9,21169.0,19904.0,41073.0,15145.0,0,0.3858,0.7306,8786.0,0.125
UT,0,Suburb,10916.0,54495.0,0,0,3.33,51.0,R2 Doctoral,53619.0,124.1,1,0.5,0.866,72.6,18628.0,11347.0,29975.0,23644.0,0,0.4339,0.559,12728.0,0.078
CA,0,Rural,13862.0,66209.0,1,0,3.49,71.0,R2 Doctoral,61591.0,171.1,8,-0.866,-0.5,54.6,22485.0,7233.0,29718.0,31873.0,0,0.4814,0.4825,18011.0,0.0429
TX,0,City,10818.0,49429.0,1,0,2.49,23.0,R2 Doctoral,58822.0,58.4,12,-0.0,1.0,78.3,13080.0,11858.0,24938.0,33884.0,1,0.6855,0.424,23066.0,0.1458
IA,0,Suburb,5032.0,20379.0,0,1,2.56,57.0,Community College,23164.0,419.8,1,0.5,0.866,47.7,1947.0,6733.0,8680.0,14484.0,1,0.7107,0.3747,9452.0,0.0441
NJ,0,Rural,-166.0,25869.0,0,1,3.03,46.0,R2 Doctoral,57238.0,128.5,3,1.0,0.0,77.2,17054.0,27624.0,44678.0,12560.0,1,0.4855,0.7806,12726.0,0.0792
TX,0,Rural,10727.0,74279.0,1,0,3.03,54.0,Community College,21066.0,48.2,1,0.5,0.866,40.5,189.0,1717.0,1906.0,19160.0,1,0.2579,0.0905,8433.0,0.092
TX,0,Rural,23907.0,120832.0,1,0,3.78,76.0,R2 Doctoral,52139.0,78.3,1,0.5,0.866,72.8,23090.0,4346.0,27436.0,24703.0,0,0.2044,0.5262,796.0,0.0672
MA,0,Rural,11404.0,63369.0,1,0,1.97,,R1 Research,58809.0,959.9,1,0.5,0.866,52.2,5817.0,11845.0,17662.0,41147.0,1,0.6493,0.3003,29743.0,0.055
MD,0,City,114220.0,460778.0,0,0,2.43,42.0,R1 Research,78040.0,254.5,2,0.866,0.5,37.8,16068.0,0.0,16068.0,61972.0,1,0.1345,0.2059,0.0,0.0412
WA,0,Rural,6593.0,32460.0,0,1,3.1,58.0,Regional Comprehensive,45668.0,381.0,4,0.866,-0.5,59.1,19165.0,20864.0,40029.0,5639.0,1,0.1737,0.8765,0.0,0.1404
NE,0,Suburb,17782.0,86713.0,1,0,2.97,84.0,Community College,20384.0,42.4,4,0.866,-0.5,42.2,2283.0,501.0,2784.0,17600.0,1,0.203,0.1366,0.0,0.0382
NC,0,Suburb,30603.0,159479.0,0,0,3.73,96.0,Regional Comprehensive,51370.0,61.5,3,1.0,0.0,74.9,27232.0,4248.0,31480.0,19890.0,1,0.1247,0.6128,0.0,0.1571
NY,0,Suburb,25327.0,135576.0,0,0,2.86,51.0,Liberal Arts College,80365.0,62.0,2,0.866,0.5,55.4,23072.0,12824.0,35896.0,44469.0,0,0.328,0.4467,19142.0,0.1111
GA,0,Town,11510.0,100876.0,1,0,3.27,70.0,Regional Comprehensive,48733.0,153.8,3,1.0,0.0,66.7,21228.0,6041.0,27269.0,21464.0,1,0.2128,0.5596,9954.0,0.1406
PA,0,Suburb,23929.0,136023.0,0,0,3.5,73.0,R2 Doctoral,62130.0,105.5,1,0.5,0.866,61.8,26108.0,5370.0,31478.0,30652.0,1,0.2253,0.5066,6723.0,0.1951
FL,0,Town,15509.0,65505.0,0,0,3.17,48.0,Regional Comprehensive,44336.0,75.8,2,0.866,0.5,72.1,15920.0,7292.0,23212.0,21124.0,1,0.3225,0.5235,5615.0,0.1961
CA,0,City,53906.0,208413.0,1,0,3.77,66.0,Regional Comprehensive,42301.0,86.5,1,0.5,0.866,54.3,17919.0,0.0,17919.0,24382.0,1,0.117,0.4236,0.0,0.1379
PA,0,City,36649.0,158558.0,0,0,2.96,40.0,R1 Research,89806.0,55.0,5,0.5,-0.866,79.4,20635.0,14524.0,35159.0,54647.0,1,0.3446,0.3915,17998.0,0.0902
MO,0,Suburb,3408.0,34078.0,0,1,3.6,95.0,Regional Comprehensive,46737.0,104.9,3,1.0,0.0,97.8,22381.0,13200.0,35581.0,11156.0,0,0.3274,0.7613,7748.0,0.086
CA,0,City,11141.0,79342.0,0,0,3.29,69.0,Regional Comprehensive,46292.0,407.8,2,0.866,0.5,42.0,18980.0,5847.0,24827.0,21465.0,0,0.2705,0.5363,10324.0,0.0227
OH,1,Suburb,2335.0,20660.0,1,1,3.7,89.0,Regional Comprehensive,26576.0,7.5,1,0.5,0.866,95.5,12634.0,7022.0,19656.0,6920.0,1,0.3349,0.7396,4585.0,0.069
MA,0,City,43690.0,188280.0,0,0,2.36,41.0,Regional Comprehensive,46112.0,182.3,6,0.0,-1.0,48.4,14394.0,659.0,15053.0,31059.0,1,0.165,0.3264,0.0,0.0891
WA,0,Suburb,15207.0,73972.0,0,0,3.97,89.0,Liberal Arts College,80223.0,539.7,11,-0.5,0.866,44.7,40038.0,16583.0,56621.0,23602.0,0,0.3191,0.7058,8395.0,0.0417
MN,0,City,29707.0,166228.0,0,0,1.99,9.0,Regional Comprehensive,40786.0,104.5,2,0.866,0.5,77.1,5879.0,3063.0,8942.0,31844.0,1,0.1916,0.2192,2137.0,0.2745
AL,0,City,19425.0,58178.0,0,0,3.4,96.0,R2 Doctoral,60432.0,72.7,5,0.5,-0.866,39.3,25714.0,11133.0,36847.0,23585.0,1,0.4054,0.6097,4160.0,0.0784
MO,0,Suburb,2982.0,16539.0,0,1,2.54,44.0,Liberal Arts College,74445.0,334.4,1,0.5,0.866,73.6,21346.0,23803.0,45149.0,29296.0,0,1.7713,0.6065,26314.0,0.1765
CA,0,Suburb,124661.0,420376.0,1,0,3.13,38.0,Community College,13475.0,45.1,2,0.866,0.5,75.8,1620.0,0.0,1620.0,11855.0,1,0.0282,0.1202,0.0,0.1023
GA,0,City,20480.0,69174.0,0,0,2.81,25.0,R2 Doctoral,52857.0,123.7,1,0.5,0.866,61.5,12377.0,7933.0,20310.0,32547.0,0,0.4705,0.3842,12067.0,0.1037
WA,0,City,6146.0,30634.0,1,1,2.76,56.0,Regional Comprehensive,49358.0,42.5,4,0.866,-0.5,62.1,16436.0,15476.0,31912.0,17446.0,0,0.5695,0.6465,11300.0,0.0373
FL,0,City,27640.0,143623.0,0,0,3.85,76.0,R1 Research,63919.0,17.8,1,0.5,0.866,53.2,22401.0,7594.0,29995.0,33924.0,0,0.2362,0.4693,6284.0,0.0909
CA,0,Suburb,70530.0,272615.0,0,0,3.72,81.0,Regional Comprehensive,55883.0,108.0,3,1.0,0.0,74.0,29909.0,0.0,29909.0,25974.0,1,0.0953,0.5352,0.0,0.0488
FL,0,City,17057.0,54407.0,0,0,1.97,,R2 Doctoral,58866.0,33.6,11,-0.5,0.866,46.8,9267.0,7425.0,16692.0,42174.0,1,0.7752,0.2836,25117.0,0.075
GA,0,Suburb,12391.0,58603.0,1,0,2.97,48.0,Community College,24591.0,125.2,1,0.5,0.866,86.8,4356.0,2228.0,6584.0,18007.0,0,0.3073,0.2677,5616.0,0.156
OH,1,Suburb,15339.0,74712.0,0,0,3.24,76.0,Community College,16244.0,118.3,5,0.5,-0.866,79.8,5709.0,227.0,5936.0,10308.0,0,0.138,0.3654,0.0,0.1818
TX,0,Suburb,-389.0,28285.0,0,1,2.9,44.0,R1 Research,61109.0,887.9,1,0.5,0.866,36.6,12435.0,22833.0,35268.0,25841.0,1,0.9136,0.5771,26230.0,0.0851
LA,0,Suburb,9667.0,38281.0,0,0,2.77,31.0,Community College,18402.0,139.8,4,0.866,-0.5,36.3,596.0,1694.0,2290.0,16112.0,0,0.4209,0.1244,6445.0,0.0603
AR,0,City,50926.0,227064.0,0,0,3.88,85.0,R2 Doctoral,48390.0,369.5,9,-1.0,-0.0,52.3,19214.0,0.0,19214.0,29176.0,1,0.1285,0.3971,0.0,0.0619
TX,0,Rural,3140.0,57229.0,0,1,3.13,60.0,R2 Doctoral,53262.0,192.6,1,0.5,0.866,45.9,17479.0,25618.0,43097.0,10165.0,1,0.1776,0.8092,7025.0,0.1471
MS,0,Suburb,6469.0,34439.0,0,1,3.63,74.0,Community College,22970.0,84.7,3,1.0,0.0,48.6,1328.0,5254.0,6582.0,16388.0,0,0.4759,0.2865,9919.0,0.0984
CA,0,City,10261.0,45457.0,0,0,2.6,19.0,Regional Comprehensive,43614.0,16.8,3,1.0,0.0,46.3,12408.0,5294.0,17702.0,25912.0,1,0.57,0.4059,15651.0,0.0526
AR,0,Rural,34691.0,136275.0,1,0,1.5,3.0,R1 Research,57676.0,699.0,10,-0.866,0.5,93.4,4762.0,4079.0,8841.0,48835.0,1,0.3584,0.1533,14144.0,0.1605
NE,0,Suburb,-954.0,15174.0,1,1,3.6,70.0,R1 Research,74714.0,42.1,1,0.5,0.866,87.4,22153.0,35098.0,57251.0,17463.0,0,1.1509,0.7663,18417.0,0.0753
CA,0,Suburb,21629.0,75610.0,1,0,3.6,80.0,Regional Comprehensive,50952.0,541.2,2,0.866,0.5,50.7,22938.0,5533.0,28471.0,22481.0,1,0.2973,0.5588,852.0,0.125
CO,0,Rural,93778.0,370570.0,0,0,1.5,,Community College,14323.0,222.6,1,0.5,0.866,28.1,0.0,0.0,0.0,14323.0,0,0.0387,0.0,0.0,0.023
HI,0,City,61848.0,271676.0,0,0,2.96,70.0,R1 Research,59845.0,45.5,6,0.0,-1.0,48.0,15474.0,0.0,15474.0,44371.0,0,0.1633,0.2586,0.0,0.0532
IA,0,Town,22480.0,95102.0,0,0,2.73,54.0,R2 Doctoral,56335.0,175.8,4,0.866,-0.5,37.0,19072.0,6827.0,25899.0,30436.0,1,0.32,0.4597,7956.0,0.025
HI,0,Suburb,18033.0,162403.0,1,0,1.5,,Community College,16007.0,1189.6,4,0.866,-0.5,76.9,2244.0,0.0,2244.0,13763.0,0,0.0847,0.1402,0.0,0.1556
NJ,0,Suburb,33007.0,161283.0,0,0,2.9,55.0,Regional Comprehensive,44246.0,635.4,1,0.5,0.866,63.9,17157.0,2123.0,19280.0,24966.0,0,0.1548,0.4357,0.0,0.0783
CA,0,City,12214.0,57491.0,1,0,3.53,96.0,Community College,22601.0,74.0,3,1.0,0.0,54.6,249.0,1534.0,1783.0,20818.0,0,0.3621,0.0789,8604.0,0.2
KY,0,City,32773.0,122498.0,0,0,3.24,79.0,Regional Comprehensive,43301.0,60.0,10,-0.866,0.5,53.2,19550.0,2204.0,21754.0,21547.0,1,0.1759,0.5024,0.0,0.3939
WA,0,Rural,45041.0,228155.0,0,0,3.72,99.0,Regional Comprehensive,47060.0,140.8,5,0.5,-0.866,38.4,25251.0,457.0,25708.0,21352.0,1,0.0936,0.5463,0.0,0.25
WA,0,City,6341.0,25339.0,0,1,3.65,88.0,Community College,20323.0,106.5,10,-0.866,0.5,50.5,2012.0,5406.0,7418.0,12905.0,0,0.5093,0.365,6564.0,0.0421
OH,1,City,13590.0,95338.0,0,0,3.54,68.0,Community College,17017.0,129.3,5,0.5,-0.866,88.6,2332.0,521.0,2853.0,14164.0,1,0.1486,0.1677,574.0,0.1481
VA,0,Suburb,10078.0,81655.0,0,0,1.5,6.0,R1 Research,62504.0,275.5,5,0.5,-0.866,46.8,3749.0,10220.0,13969.0,48535.0,0,0.5944,0.2235,38457.0,0.1333
TX,0,Town,5348.0,67797.0,0,1,2.44,56.0,Liberal Arts College,86949.0,21.4,11,-0.5,0.866,55.6,25858.0,29079.0,54937.0,32012.0,1,0.4722,0.6318,26664.0,0.1452
MD,0,City,7725.0,63611.0,0,1,2.88,58.0,Regional Comprehensive,45221.0,205.1,4,0.866,-0.5,46.0,15410.0,14380.0,29790.0,15431.0,1,0.2426,0.6588,7706.0,0.1429
CA,0,Town,8552.0,74370.0,0,1,3.26,54.0,R1 Research,73881.0,105.0,7,-0.5,-0.866,43.0,17985.0,31775.0,49760.0,24121.0,1,0.3243,0.6735,15569.0,0.0725
MD,0,Suburb,18307.0,79001.0,1,0,3.43,72.0,R1 Research,71680.0,131.7,1,0.5,0.866,81.7,16454.0,14628.0,31082.0,40598.0,0,0.5139,0.4336,22291.0,0.1644
KY,0,Town,42199.0,140843.0,1,0,3.94,99.0,Regional Comprehensive,44424.0,164.6,1,0.5,0.866,44.5,24989.0,502.0,25491.0,18933.0,0,0.1344,0.5738,0.0,0.0163
GA,0,City,13338.0,88707.0,1,0,2.23,28.0,R1 Research,73744.0,446.1,3,1.0,0.0,61.7,12612.0,11802.0,24414.0,49330.0,1,0.5561,0.3311,35992.0,0.1765
NC,0,City,8649.0,55378.0,1,1,2.43,43.0,Community College,16207.0,353.7,2,0.866,0.5,50.1,214.0,3106.0,3320.0,12887.0,1,0.2327,0.2048,4238.0,0.098
NY,0,Suburb,5752.0,34381.0,0,1,2.63,33.0,R2 Doctoral,58337.0,57.7,2,0.866,0.5,86.6,15578.0,26928.0,42506.0,15831.0,0,0.4605,0.7286,10079.0,0.2895
HI,0,City,12279.0,44795.0,0,0,2.42,30.0,Regional Comprehensive,40492.0,119.1,2,0.866,0.5,49.4,9106.0,7313.0,16419.0,24073.0,1,0.5374,0.4055,11794.0,0.16
MD,0,Suburb,15901.0,75966.0,0,0,3.25,69.0,Liberal Arts College,100260.0,79.1,6,0.0,-1.0,35.4,37697.0,21843.0,59540.0,40720.0,0,0.536,0.5939,24819.0,0.0
PA,0,City,9981.0,37859.0,0,0,2.81,53.0,Regional Comprehensive,47756.0,21.7,6,0.0,-1.0,55.4,18242.0,10211.0,28453.0,19303.0,0,0.5099,0.5958,9322.0,0.125
TX,0,Town,17768.0,124372.0,0,0,2.86,41.0,Regional Comprehensive,46270.0,113.0,1,0.5,0.866,59.9,14027.0,7526.0,21553.0,24717.0,0,0.1987,0.4658,6949.0,0.0833
FL,0,Rural,15207.0,85788.0,0,0,3.66,48.0,Regional Comprehensive,40205.0,879.1,12,-0.0,1.0,72.6,16280.0,4849.0,21129.0,19076.0,0,0.2224,0.5255,3869.0,0.084
GA,0,Town,37579.0,143392.0,1,0,3.11,22.0,R2 Doctoral,62625.0,21.0,7,-0.5,-0.866,51.5,12852.0,5548.0,18400.0,44225.0,1,0.3084,0.2938,6646.0,0.0565
KS,0,Rural,6203.0,39737.0,1,1,2.58,38.0,Regional Comprehensive,42867.0,123.5,2,0.866,0.5,73.5,12273.0,14719.0,26992.0,15875.0,0,0.3995,0.6297,9672.0,0.0612
MD,0,Rural,11978.0,34601.0,0,0,2.93,55.0,Community College,20512.0,119.5,1,0.5,0.866,44.8,1723.0,1844.0,3567.0,16945.0,0,0.4897,0.1739,4967.0,0.0169
FL,0,Suburb,22426.0,142623.0,0,0,2.23,23.0,Liberal Arts College,70316.0,171.4,10,-0.866,0.5,74.3,13976.0,10404.0,24380.0,45936.0,1,0.3221,0.3467,23510.0,0.0362
OR,0,Suburb,16837.0,69118.0,1,0,2.55,38.0,Regional Comprehensive,36384.0,46.1,3,1.0,0.0,80.9,9992.0,5020.0,15012.0,21372.0,1,0.3092,0.4126,4535.0,0.073
IL,0,Rural,7396.0,54404.0,0,1,3.26,86.0,Community College,22853.0,28.4,2,0.866,0.5,71.9,3489.0,7769.0,11258.0,11595.0,1,0.2131,0.4926,4199.0,0.042
KY,0,Rural,17588.0,104093.0,0,0,2.57,32.0,Community College,20448.0,29.8,2,0.866,0.5,76.9,1832.0,574.0,2406.0,18042.0,1,0.1733,0.1177,454.0,0.0816
FL,0,Rural,10633.0,101341.0,0,0,1.5,3.0,R2 Doctoral,53649.0,512.5,2,0.866,0.5,66.5,5990.0,9065.0,15055.0,38594.0,0,0.3808,0.2806,27961.0,0.1358
AZ,0,Town,2431.0,25485.0,1,1,2.21,47.0,Community College,23916.0,45.2,9,-1.0,-0.0,61.6,0.0,9141.0,9141.0,14775.0,1,0.5798,0.3822,12344.0,0.0493
AR,0,City,52836.0,170577.0,0,0,2.76,32.0,Regional Comprehensive,44916.0,75.0,6,0.0,-1.0,37.6,15163.0,0.0,15163.0,29753.0,1,0.1744,0.3376,0.0,0.125
FL,0,Rural,11553.0,46841.0,0,0,1.79,32.0,Community College,22023.0,1154.8,2,0.866,0.5,49.8,1092.0,2225.0,3317.0,18706.0,0,0.3994,0.1506,7153.0,0.06
IN,0,Rural,40247.0,214060.0,0,0,3.53,88.0,Regional Comprehensive,37649.0,58.6,2,0.866,0.5,77.1,18006.0,0.0,18006.0,19643.0,0,0.0918,0.4783,0.0,0.1103
DE,0,Suburb,1699.0,24097.0,0,1,3.53,71.0,R1 Research,69047.0,181.5,12,-0.0,1.0,67.4,21311.0,24853.0,46164.0,22883.0,0,0.9496,0.6686,21184.0,0.0657
TX,0,Rural,13143.0,79105.0,1,0,2.79,14.0,R1 Research,69373.0,387.2,6,0.0,-1.0,78.3,10717.0,12726.0,23443.0,45930.0,0,0.5806,0.3379,32787.0,0.0541
CA,0,Suburb,7149.0,55070.0,0,1,3.52,93.0,Regional Comprehensive,40559.0,368.1,7,-0.5,-0.866,49.7,20969.0,17895.0,38531.0,2028.0,1,0.0368,0.95,0.0,0.0714
TN,0,Rural,-1500.0,15181.0,1,1,2.73,68.0,R1 Research,64038.0,31.3,2,0.866,0.5,96.1,15898.0,24780.0,40678.0,23360.0,0,1.5388,0.6352,24860.0,0.1238
PA,0,City,9801.0,101104.0,0,0,2.53,28.0,Liberal Arts College,78485.0,59.9,12,-0.0,1.0,49.8,19680.0,10926.0,30606.0,47879.0,1,0.4736,0.39,38078.0,0.0532
CA,0,Rural,-1500.0,15753.0,1,1,2.84,73.0,R2 Doctoral,54954.0,174.0,8,-0.866,-0.5,68.8,16665.0,27090.0,43755.0,11199.0,1,0.7109,0.7962,12699.0,0.0526
GA,0,City,5997.0,51021.0,1,1,3.0,33.0,R1 Research,70235.0,960.4,2,0.866,0.5,100.0,14698.0,30844.0,45542.0,24693.0,1,0.484,0.6484,18696.0,0.2029
WI,0,Suburb,30732.0,139397.0,0,0,2.69,47.0,Regional Comprehensive,42702.0,57.0,11,-0.5,0.866,44.6,13068.0,2537.0,15605.0,27097.0,0,0.1944,0.3654,0.0,0.0854
NY,0,City,13465.0,42975.0,0,0,2.06,17.0,Regional Comprehensive,49592.0,75.5,3,1.0,0.0,73.9,6900.0,6048.0,12948.0,36644.0,1,0.8527,0.2611,23179.0,0.0816
PA,0,Suburb,8734.0,32837.0,1,1,3.25,47.0,R1 Research,60796.0,196.8,1,0.5,0.866,39.6,16407.0,19315.0,35722.0,25074.0,0,0.7636,0.5876,16340.0,0.0297
KY,0,City,21013.0,112000.0,1,0,3.37,66.0,R2 Doctoral,56323.0,242.9,3,1.0,0.0,58.3,19846.0,9031.0,28877.0,27446.0,1,0.2451,0.5127,6433.0,0.1139
MI,0,Rural,2022.0,52593.0,1,1,2.36,30.0,Liberal Arts College,72491.0,258.8,9,-1.0,-0.0,70.3,18509.0,33734.0,52243.0,20248.0,1,0.385,0.7207,18226.0,0.0926
KY,0,Suburb,11004.0,47021.0,0,0,3.04,41.0,R1 Research,67225.0,52.1,3,1.0,0.0,49.9,15963.0,10474.0,26437.0,40788.0,0,0.8674,0.3933,29784.0,0.0594
OH,1,Rural,30027.0,157628.0,0,0,2.83,57.0,R1 Research,38393.0,21.0,4,0.866,-0.5,60.8,8184.0,1430.0,9614.0,28779.0,0,0.1826,0.2504,0.0,0.0201
NE,0,City,5436.0,27162.0,0,1,2.69,34.0,Community College,18899.0,158.9,4,0.866,-0.5,64.2,3362.0,4435.0,7797.0,11102.0,0,0.4087,0.4126,5666.0,0.0544
MA,0,City,10797.0,45210.0,1,0,3.04,52.0,R2 Doctoral,52317.0,476.9,12,-0.0,1.0,59.8,15802.0,8008.0,23810.0,28507.0,0,0.6305,0.4551,17710.0,0.0822
CA,0,Town,25304.0,117459.0,0,0,3.82,99.0,Community College,19692.0,98.6,1,0.5,0.866,23.1,2210.0,0.0,2210.0,17482.0,0,0.1488,0.1122,0.0,0.0225
CT,0,Town,4637.0,25926.0,0,1,2.87,42.0,Regional Comprehensive,58829.0,123.8,2,0.866,0.5,100.0,17409.0,22239.0,39648.0,19181.0,1,0.7398,0.674,14544.0,0.09
NC,0,Suburb,34705.0,225991.0,0,0,3.09,29.0,Community College,19431.0,43.1,9,-1.0,-0.0,35.6,533.0,0.0,533.0,18898.0,1,0.0836,0.0274,0.0,0.0822
TX,0,Town,11107.0,53845.0,1,0,2.12,18.0,Regional Comprehensive,47093.0,896.3,1,0.5,0.866,52.3,10073.0,7457.0,17530.0,29563.0,0,0.549,0.3722,18456.0,0.1875
TX,0,Town,27763.0,118144.0,0,0,3.21,64.0,Liberal Arts College,69165.0,149.0,2,0.866,0.5,32.7,25157.0,9085.0,34242.0,34923.0,0,0.2956,0.4951,7160.0,0.0714
IN,0,Suburb,21593.0,117966.0,1,0,3.18,59.0,Community College,19435.0,392.9,10,-0.866,0.5,40.2,2899.0,0.0,2899.0,16536.0,0,0.1402,0.1492,0.0,0.0435
CA,0,Rural,5695.0,56407.0,0,1,1.8,21.0,R2 Doctoral,55325.0,130.7,1,0.5,0.866,61.5,7994.0,19090.0,27084.0,28241.0,1,0.5007,0.4895,22546.0,0.0536
NY,0,Town,1309.0,44583.0,0,1,3.47,78.0,R1 Research,64563.0,138.6,1,0.5,0.866,80.5,21537.0,31876.0,53413.0,11150.0,1,0.2501,0.8273,9841.0,0.0612
TX,0,Suburb,9554.0,61027.0,1,0,1.64,,Regional Comprehensive,40903.0,26.2,2,0.866,0.5,54.3,4293.0,5667.0,9960.0,30943.0,1,0.507,0.2435,21389.0,0.08
OH,1,Suburb,33194.0,105149.0,1,0,3.19,71.0,Liberal Arts College,67743.0,3.8,7,-0.5,-0.866,63.2,26575.0,9155.0,35730.0,32013.0,0,0.3045,0.5274,0.0,0.06
OH,1,City,3449.0,30939.0,0,1,2.46,41.0,Regional Comprehensive,27971.0,136.5,3,1.0,0.0,66.1,7882.0,7209.0,15091.0,12880.0,1,0.4163,0.5395,9431.0,0.1406
MI,0,City,3509.0,26467.0,0,1,3.98,98.0,Community College,16643.0,137.5,10,-0.866,0.5,33.7,3035.0,6065.0,9100.0,7543.0,0,0.285,0.5468,4034.0,0.0641
NY,0,Town,36545.0,183254.0,0,0,2.18,22.0,R2 Doctoral,63911.0,157.4,1,0.5,0.866,28.6,11826.0,5624.0,17450.0,46461.0,1,0.2535,0.273,9916.0,0.0283
CA,0,Town,10870.0,37083.0,0,0,2.78,50.0,R1 Research,85763.0,34.1,1,0.5,0.866,44.7,17991.0,18286.0,36277.0,49486.0,0,1.3345,0.423,38616.0,0.0315
WA,0,Suburb,14284.0,81222.0,0,0,3.42,72.0,R2 Doctoral,50424.0,49.1,10,-0.866,0.5,77.9,22081.0,7707.0,29788.0,20636.0,0,0.2541,0.5908,6352.0,0.058
IL,0,Suburb,12057.0,54416.0,0,0,3.45,68.0,R2 Doctoral,62344.0,386.6,3,1.0,0.0,45.6,24234.0,8357.0,32591.0,29753.0,0,0.5468,0.5228,17696.0,0.0811
MA,0,City,16242.0,56181.0,1,0,3.41,77.0,Regional Comprehensive,37622.0,787.6,4,0.866,-0.5,49.9,18674.0,5507.0,24181.0,13441.0,0,0.2392,0.6427,0.0,0.0507
CA,0,City,31032.0,176289.0,0,0,1.93,22.0,R2 Doctoral,50288.0,66.0,11,-0.5,0.866,58.8,10246.0,5104.0,15350.0,34938.0,1,0.1982,0.3052,3906.0,0.0588
CA,0,Rural,11899.0,59200.0,1,0,3.12,67.0,R2 Doctoral,48709.0,256.4,1,0.5,0.866,77.1,16714.0,8916.0,25630.0,23079.0,1,0.3898,0.5262,11180.0,0.2642
FL,0,Suburb,6499.0,48683.0,0,1,1.98,24.0,R1 Research,67484.0,154.7,5,0.5,-0.866,37.4,10647.0,23243.0,33890.0,33594.0,0,0.6901,0.5022,27095.0,0.0833
GA,0,City,13639.0,51834.0,0,0,2.65,12.0,Regional Comprehensive,44992.0,111.6,8,-0.866,-0.5,68.5,12064.0,5261.0,17325.0,27667.0,1,0.5338,0.3851,14028.0,0.0465
IL,0,Suburb,11881.0,43805.0,1,0,3.37,81.0,Liberal Arts College,64428.0,885.7,3,1.0,0.0,72.5,30056.0,8023.0,38079.0,26349.0,0,0.6015,0.591,14468.0,0.2075
AL,0,Suburb,8780.0,38853.0,1,1,3.17,49.0,Community College,17907.0,78.7,2,0.866,0.5,54.1,3332.0,4424.0,7756.0,10151.0,1,0.2613,0.4331,1371.0,0.0638
IL,0,Town,3477.0,43932.0,1,1,2.78,61.0,R2 Doctoral,50312.0,466.2,1,0.5,0.866,31.7,15551.0,16025.0,31576.0,18736.0,0,0.4265,0.6276,15259.0,0.087
MI,0,Rural,41970.0,208462.0,0,0,3.29,48.0,Liberal Arts College,79320.0,189.1,5,0.5,-0.866,72.1,29213.0,8460.0,37673.0,41647.0,0,0.1998,0.4749,0.0,0.0563
VA,0,Suburb,24790.0,105058.0,1,0,3.49,94.0,Regional Comprehensive,45523.0,124.5,1,0.5,0.866,71.7,21499.0,5281.0,26780.0,18743.0,0,0.1784,0.5883,0.0,0.0672
CA,0,Suburb,13187.0,49092.0,1,0,3.81,57.0,Community College,22468.0,535.1,2,0.866,0.5,67.7,1921.0,1930.0,3851.0,18617.0,1,0.3792,0.1714,5430.0,0.3256
MI,0,Suburb,29439.0,127617.0,0,0,3.55,80.0,Liberal Arts College,59492.0,171.8,2,0.866,0.5,35.5,22907.0,6886.0,29793.0,29699.0,0,0.2327,0.5008,260.0,0.0
PA,0,Suburb,-1500.0,20075.0,0,1,3.32,62.0,R2 Doctoral,62781.0,114.5,5,0.5,-0.866,98.6,21676.0,22632.0,44308.0,18473.0,0,0.9202,0.7058,19973.0,0.0403
OH,1,Suburb,36466.0,169480.0,0,0,3.65,86.0,R2 Doctoral,48808.0,156.1,10,-0.866,0.5,34.9,20237.0,2447.0,22684.0,26124.0,1,0.1541,0.4648,0.0,0.0357
CA,0,City,28896.0,159933.0,0,0,2.83,71.0,Regional Comprehensive,42564.0,470.4,8,-0.866,-0.5,45.1,16393.0,2736.0,19129.0,23435.0,1,0.1465,0.4494,0.0,0.2368
MN,0,Rural,57173.0,314947.0,1,0,2.63,44.0,Liberal Arts College,73279.0,447.6,4,0.866,-0.5,80.1,20787.0,3532.0,24319.0,48960.0,0,0.1555,0.3319,0.0,0.0825
KS,0,Suburb,23441.0,130394.0,0,0,3.73,95.0,R1 Research,74929.0,15.0,1,0.5,0.866,63.0,25007.0,11306.0,36313.0,38616.0,0,0.2961,0.4846,15175.0,0.1304
CA,0,Suburb,17331.0,86233.0,0,0,3.05,77.0,Regional Comprehensive,49517.0,201.1,1,0.5,0.866,64.9,22430.0,6477.0,28907.0,20610.0,0,0.239,0.5838,3279.0,0.1364
WA,0,City,44526.0,159472.0,0,0,2.98,46.0,R1 Research,53494.0,158.3,2,0.866,0.5,38.8,11869.0,1295.0,13164.0,40330.0,0,0.2529,0.2461,0.0,0.2308
CO,0,Town,7094.0,40111.0,0,1,2.46,39.0,Community College,17837.0,122.1,5,0.5,-0.866,34.7,1020.0,4485.0,5505.0,12332.0,1,0.3074,0.3086,5238.0,0.0411
NY,0,City,10772.0,47349.0,0,0,3.0,73.0,Community College,20081.0,240.4,6,0.0,-1.0,63.8,482.0,1874.0,2356.0,17725.0,1,0.3743,0.1173,6953.0,0.0909
MN,0,Suburb,10786.0,60099.0,0,0,2.78,51.0,Community College,19164.0,166.6,2,0.866,0.5,53.2,412.0,1953.0,2365.0,16799.0,0,0.2795,0.1234,6013.0,0.1429
AZ,0,Town,38664.0,168652.0,1,0,3.36,61.0,Community College,19055.0,258.2,4,0.866,-0.5,97.0,916.0,0.0,916.0,18139.0,0,0.1076,0.0481,0.0,0.2018
MS,0,Suburb,3196.0,33988.0,0,1,3.67,87.0,Community College,14919.0,95.6,8,-0.866,-0.5,34.2,2952.0,6431.0,9383.0,5536.0,0,0.1629,0.6289,2340.0,0.0824
MT,0,Rural,10775.0,31487.0,1,0,3.06,59.0,R2 Doctoral,52993.0,610.9,5,0.5,-0.866,54.8,21454.0,11420.0,32874.0,20119.0,0,0.639,0.6203,9344.0,0.1842
CA,0,City,18650.0,74631.0,1,0,2.9,58.0,Regional Comprehensive,43231.0,287.1,12,-0.0,1.0,59.2,16333.0,6013.0,22346.0,20885.0,0,0.2798,0.5169,2235.0,0.0494
OH,1,Town,12283.0,105516.0,0,0,4.0,86.0,R1 Research,49968.0,64.8,1,0.5,0.866,53.7,18752.0,7077.0,25829.0,24139.0,1,0.2288,0.5169,11856.0,0.0882
NJ,0,Rural,4311.0,37941.0,0,1,3.66,83.0,Regional Comprehensive,49985.0,212.8,6,0.0,-1.0,43.0,26044.0,19616.0,45660.0,4325.0,0,0.114,0.9135,14.0,0.122
TX,0,Suburb,12896.0,101997.0,1,0,3.44,70.0,R1 Research,68619.0,427.1,1,0.5,0.866,67.1,17778.0,11866.0,29644.0,38975.0,1,0.3821,0.432,26079.0,0.1324
PA,0,Suburb,51606.0,168594.0,0,0,3.52,68.0,Liberal Arts College,68420.0,370.4,1,0.5,0.866,98.3,29802.0,4115.0,33917.0,34503.0,1,0.2047,0.4957,0.0,0.0341
DE,0,Suburb,38129.0,149393.0,0,0,1.62,20.0,R1 Research,89627.0,112.6,1,0.5,0.866,50.2,10557.0,10354.0,20911.0,68716.0,0,0.46,0.2333,30587.0,0.0543
CA,0,Town,25380.0,81176.0,0,0,2.0,10.0,Community College,20117.0,358.4,2,0.866,0.5,31.9,2625.0,0.0,2625.0,17492.0,1,0.2155,0.1305,0.0,0.0275
GA,0,Rural,12300.0,58969.0,0,0,3.82,76.0,Community College,19399.0,152.1,1,0.5,0.866,71.8,1260.0,1741.0,3001.0,16398.0,0,0.2781,0.1547,4098.0,0.0762
KY,0,Town,41421.0,219619.0,0,0,3.05,41.0,Community College,18669.0,948.3,10,-0.866,0.5,47.3,2256.0,0.0,2256.0,16413.0,1,0.0747,0.1208,0.0,0.0625
NY,0,Rural,7904.0,63646.0,0,1,3.79,84.0,R1 Research,65926.0,401.2,4,0.866,-0.5,40.7,23335.0,28107.0,51442.0,14484.0,1,0.2276,0.7803,6580.0,0.0351
NC,0,Suburb,24730.0,123878.0,0,0,3.44,70.0,Community College,16902.0,65.7,7,-0.5,-0.866,67.8,2078.0,0.0,2078.0,14824.0,1,0.1197,0.1229,0.0,0.1818
ME,0,Suburb,47691.0,257806.0,0,0,3.15,70.0,R2 Doctoral,48958.0,1464.3,7,-0.5,-0.866,65.1,15867.0,283.0,16150.0,32808.0,0,0.1273,0.3299,0.0,0.1129
GA,0,Suburb,22862.0,114851.0,0,0,1.68,,R2 Doctoral,53988.0,15.0,11,-0.5,0.866,40.8,2989.0,5993.0,8982.0,45006.0,1,0.3919,0.1664,22144.0,0.0385
TX,0,Town,1919.0,30702.0,0,1,2.53,15.0,Liberal Arts College,61840.0,247.4,1,0.5,0.866,32.1,13801.0,28849.0,42650.0,19190.0,1,0.625,0.6897,17271.0,0.0507
CA,0,Rural,-1500.0,25794.0,1,1,3.24,40.0,R1 Research,80100.0,61.0,1,0.5,0.866,82.6,19184.0,37350.0,56534.0,23566.0,0,0.9136,0.7058,25066.0,0.0909
NM,0,Suburb,11301.0,50803.0,1,0,3.29,72.0,Community College,17315.0,914.3,7,-0.5,-0.866,48.4,1202.0,1521.0,2723.0,14592.0,0,0.2872,0.1573,3291.0,0.0917
FL,0,City,31525.0,104908.0,0,0,3.05,70.0,Community College,21141.0,165.2,10,-0.866,0.5,58.8,3821.0,0.0,3821.0,17320.0,0,0.1651,0.1807,0.0,0.055
NC,0,Suburb,17473.0,86703.0,1,0,2.98,67.0,Regional Comprehensive,41239.0,55.1,1,0.5,0.866,63.8,15659.0,4213.0,19872.0,21367.0,0,0.2464,0.4819,3894.0,0.2162
CA,0,Town,101383.0,308383.0,0,0,3.71,75.0,Regional Comprehensive,46738.0,95.8,4,0.866,-0.5,68.6,20803.0,0.0,20803.0,25935.0,0,0.0841,0.4451,0.0,0.0893
OH,1,Rural,10907.0,86098.0,0,0,2.7,45.0,Community College,15486.0,17.3,3,1.0,0.0,64.7,2097.0,989.0,3086.0,12400.0,0,0.144,0.1993,1493.0,0.1286
MS,0,City,5659.0,49724.0,0,1,3.0,26.0,Liberal Arts College,70605.0,91.9,11,-0.5,0.866,76.9,16066.0,31422.0,47488.0,23117.0,1,0.4649,0.6726,17458.0,0.0458
NC,0,City,1096.0,27833.0,1,1,3.68,99.0,R1 Research,67303.0,89.7,7,-0.5,-0.866,72.8,24599.0,29985.0,54584.0,12719.0,1,0.457,0.811,11623.0,0.122
HI,0,Suburb,30255.0,147254.0,0,0,3.22,78.0,Regional Comprehensive,46122.0,57.6,12,-0.0,1.0,17.1,18230.0,3749.0,21979.0,24143.0,1,0.164,0.4765,0.0,0.0244
FL,0,City,19347.0,62670.0,1,0,2.08,32.0,Regional Comprehensive,39340.0,168.2,2,0.866,0.5,59.1,7586.0,3676.0,11262.0,28078.0,1,0.448,0.2863,8731.0,0.0511
NC,0,Rural,7376.0,21281.0,0,1,2.45,22.0,Community College,22625.0,191.1,1,0.5,0.866,65.1,1005.0,8248.0,9253.0,13372.0,0,0.6284,0.409,5996.0,0.0504
OR,0,Suburb,10410.0,63961.0,0,0,3.01,51.0,Community College,18940.0,44.5,8,-0.866,-0.5,49.0,3049.0,1219.0,4268.0,14672.0,1,0.2294,0.2253,4262.0,0.0638
GA,0,Suburb,-1500.0,30732.0,1,1,3.09,56.0,Regional Comprehensive,44702.0,22.2,8,-0.866,-0.5,81.6,13804.0,13887.0,27691.0,17011.0,1,0.5535,0.6195,18511.0,0.1837
NY,0,City,2040.0,46330.0,1,1,3.41,93.0,R1 Research,58901.0,175.6,3,1.0,0.0,73.0,20897.0,27525.0,48422.0,10479.0,1,0.2262,0.8221,8439.0,0.1944
OR,0,Suburb,15959.0,63225.0,0,0,3.22,76.0,Regional Comprehensive,46368.0,221.5,1,0.5,0.866,28.4,22389.0,5393.0,27782.0,18586.0,0,0.294,0.5992,2627.0,0.0667
IL,0,Rural,7475.0,32803.0,0,1,2.35,28.0,Regional Comprehensive,49925.0,272.8,1,0.5,0.866,56.0,12617.0,13658.0,26275.0,23650.0,0,0.721,0.5263,16175.0,0.0135
MI,0,Suburb,9214.0,44308.0,1,0,1.76,15.0,Regional Comprehensive,40798.0,226.0,6,0.0,-1.0,62.6,6607.0,5985.0,12592.0,28206.0,1,0.6366,0.3086,18992.0,0.0784
ME,0,City,2918.0,36836.0,0,1,2.49,24.0,Community College,17486.0,660.6,1,0.5,0.866,48.3,1218.0,4054.0,5272.0,12214.0,1,0.3316,0.3015,9296.0,0.1321
TX,0,City,2013.0,37555.0,1,1,1.9,,Community College,18340.0,361.0,1,0.5,0.866,79.0,0.0,7095.0,7095.0,11245.0,0,0.2994,0.3869,9232.0,0.1111
NY,0,Rural,-235.0,30462.0,1,1,2.7,43.0,Regional Comprehensive,43545.0,2112.6,5,0.5,-0.866,73.1,13520.0,17386.0,30906.0,12639.0,0,0.4149,0.7097,12874.0,0.1261
CA,0,Rural,15130.0,44463.0,0,0,3.37,54.0,Community College,16609.0,3000.0,5,0.5,-0.866,66.1,2390.0,250.0,2640.0,13969.0,0,0.3142,0.1589,0.0,0.0365
IL,0,City,10556.0,33051.0,0,0,3.39,48.0,R2 Doctoral,58374.0,20.0,4,0.866,-0.5,73.2,24191.0,11952.0,36143.0,22231.0,1,0.6726,0.6192,11675.0,0.1795
TX,0,Suburb,12431.0,96023.0,1,0,3.24,65.0,R2 Doctoral,63027.0,15.0,8,-0.866,-0.5,84.5,24075.0,12259.0,36334.0,26693.0,1,0.278,0.5765,14262.0,0.2381
TN,0,City,10066.0,72735.0,0,0,2.4,29.0,Regional Comprehensive,44669.0,125.7,2,0.866,0.5,76.8,10985.0,8137.0,19122.0,25547.0,1,0.3512,0.4281,15481.0,0.25
TX,0,Suburb,31348.0,148776.0,0,0,3.24,51.0,Regional Comprehensive,40927.0,215.1,4,0.866,-0.5,74.6,13809.0,2592.0,16401.0,24526.0,0,0.1649,0.4007,0.0,0.1566
TN,0,City,64945.0,244856.0,0,0,2.96,48.0,Liberal Arts College,65804.0,117.0,12,-0.0,1.0,52.6,21625.0,156.0,21781.0,44023.0,1,0.1798,0.331,0.0,0.0323
FL,0,Town,23486.0,102506.0,0,0,3.68,86.0,R1 Research,93785.0,265.2,2,0.866,0.5,51.5,31417.0,12777.0,44194.0,49591.0,1,0.4838,0.4712,26105.0,0.0306
PA,0,Rural,16169.0,87003.0,0,0,1.91,11.0,Regional Comprehensive,43012.0,95.4,1,0.5,0.866,99.6,7661.0,6609.0,14270.0,28742.0,1,0.3304,0.3318,12573.0,0.1667
PA,0,City,13866.0,107263.0,0,0,2.84,51.0,Liberal Arts College,82013.0,61.1,3,1.0,0.0,68.4,24642.0,11487.0,36129.0,45884.0,0,0.4278,0.4405,32018.0,0.0882
MO,0,Suburb,21598.0,88075.0,0,0,3.56,74.0,Regional Comprehensive,37502.0,71.7,4,0.866,-0.5,42.7,14834.0,4349.0,19183.0,18319.0,0,0.208,0.5115,0.0,0.0299
GA,0,City,23068.0,65261.0,0,0,3.79,99.0,R2 Doctoral,51455.0,102.7,9,-1.0,-0.0,54.2,24651.0,4943.0,29594.0,21861.0,0,0.335,0.5751,0.0,0.125
PA,0,Suburb,15701.0,61629.0,0,0,3.61,95.0,Regional Comprehensive,49843.0,307.2,4,0.866,-0.5,53.8,25502.0,5567.0,31069.0,18774.0,0,0.3046,0.6233,3073.0,0.0229
OR,0,City,3801.0,30164.0,0,1,3.48,75.0,Regional Comprehensive,41028.0,76.0,6,0.0,-1.0,73.2,18781.0,14600.0,33381.0,7647.0,0,0.2535,0.8136,3846.0,0.0741
VA,0,City,27787.0,115154.0,1,0,2.73,34.0,Regional Comprehensive,41275.0,93.5,5,0.5,-0.866,57.6,10343.0,1943.0,12286.0,28989.0,1,0.2517,0.2977,1202.0,0.129
FL,0,Rural,3392.0,61542.0,0,1,2.28,20.0,Regional Comprehensive,46606.0,230.6,3,1.0,0.0,33.3,11855.0,19734.0,31589.0,15017.0,1,0.244,0.6778,11625.0,0.0308
IA,0,City,38460.0,178734.0,0,0,3.36,52.0,Regional Comprehensive,42025.0,102.8,9,-1.0,-0.0,66.1,14256.0,880.0,15136.0,26889.0,1,0.1504,0.3602,0.0,0.0642
PA,0,Rural,24895.0,121649.0,0,0,3.33,57.0,Regional Comprehensive,47439.0,409.3,1,0.5,0.866,53.2,20140.0,4293.0,24433.0,23006.0,0,0.1891,0.515,0.0,0.1622
CA,0,City,7293.0,40107.0,0,1,3.55,85.0,R1 Research,66027.0,48.2,8,-0.866,-0.5,15.0,21526.0,21407.0,42933.0,23094.0,1,0.5758,0.6502,15801.0,0.0
NC,0,Suburb,37475.0,154449.0,0,0,3.32,59.0,R1 Research,71064.0,38.4,5,0.5,-0.866,75.5,18768.0,7906.0,26674.0,44390.0,1,0.2874,0.3754,6915.0,0.0714
TX,0,Suburb,-1500.0,9959.0,0,1,2.16,21.0,Regional Comprehensive,47915.0,174.5,12,-0.0,1.0,29.3,10404.0,20451.0,30855.0,17060.0,0,1.713,0.644,18560.0,0.0337
FL,0,Rural,36558.0,252651.0,0,0,3.47,88.0,Community College,17847.0,193.7,2,0.866,0.5,44.1,2291.0,0.0,2291.0,15556.0,0,0.0616,0.1284,0.0,0.1087
WI,0,City,2676.0,24012.0,1,1,3.07,65.0,Liberal Arts College,64423.0,51.1,1,0.5,0.866,68.2,23471.0,24535.0,48006.0,16417.0,1,0.6837,0.7452,13741.0,0.1571
TX,0,City,29961.0,89902.0,0,0,3.98,93.0,Regional Comprehensive,43027.0,519.4,2,0.866,0.5,64.4,23439.0,3412.0,26851.0,16176.0,0,0.1799,0.6241,0.0,0.0696
SC,0,Town,8785.0,85626.0,1,1,3.02,54.0,Regional Comprehensive,40519.0,956.3,2,0.866,0.5,56.1,14150.0,8888.0,23038.0,17481.0,1,0.2042,0.5686,8696.0,0.1129
KS,0,Town,35260.0,141362.0,0,0,2.62,38.0,Community College,17759.0,65.5,10,-0.866,0.5,61.3,1996.0,0.0,1996.0,15763.0,1,0.1115,0.1124,0.0,0.0938
WA,0,Suburb,8159.0,49679.0,1,1,3.72,94.0,Community College,19013.0,604.0,6,0.0,-1.0,77.4,4921.0,4445.0,9366.0,9647.0,0,0.1942,0.4926,1488.0,0.1625
MO,0,City,3188.0,13430.0,0,1,2.52,41.0,Community College,19011.0,15.0,4,0.866,-0.5,43.5,5443.0,5551.0,10994.0,8017.0,0,0.5969,0.5783,4829.0,0.2895
MO,0,City,5255.0,49729.0,0,1,3.18,59.0,R1 Research,80129.0,392.2,8,-0.866,-0.5,57.8,22398.0,26180.0,48578.0,31551.0,1,0.6345,0.6062,26296.0,0.036
ND,0,Town,6826.0,53756.0,0,1,2.92,35.0,Regional Comprehensive,41470.0,51.5,1,0.5,0.866,65.1,13754.0,13865.0,27619.0,13851.0,1,0.2577,0.666,7025.0,0.0976
PA,0,Suburb,468.0,14394.0,0,1,3.36,75.0,Liberal Arts College,76787.0,353.1,3,1.0,0.0,82.5,28918.0,21365.0,50283.0,26504.0,0,1.8413,0.6548,26036.0,0.1208
TX,0,Suburb,12222.0,65034.0,1,0,3.8,90.0,R1 Research,84303.0,46.2,2,0.866,0.5,69.7,29219.0,14628.0,43847.0,40456.0,1,0.6221,0.5201,28234.0,0.0536
MI,0,City,4645.0,29010.0,0,1,2.79,26.0,Regional Comprehensive,46457.0,117.9,11,-0.5,0.866,20.6,11647.0,21708.0,33355.0,13102.0,1,0.4516,0.718,8457.0,0.0217
MI,0,City,16845.0,100443.0,0,0,2.08,18.0,R1 Research,80492.0,54.1,2,0.866,0.5,100.0,8353.0,15728.0,24081.0,56411.0,0,0.5616,0.2992,39566.0,0.1111
TX,0,Rural,11812.0,52724.0,0,0,2.37,35.0,Regional Comprehensive,44743.0,101.2,2,0.866,0.5,63.8,13551.0,5873.0,19424.0,25319.0,0,0.4802,0.4341,13507.0,0.1364
WA,0,Town,81968.0,258329.0,0,0,3.21,60.0,Regional Comprehensive,48615.0,865.5,12,-0.0,1.0,57.4,16784.0,0.0,16784.0,31831.0,0,0.1232,0.3452,0.0,0.0435
CA,0,City,10686.0,52342.0,0,0,1.85,35.0,R1 Research,70339.0,113.1,10,-0.866,0.5,52.6,9551.0,11651.0,21202.0,49137.0,1,0.9388,0.3014,38451.0,0.0155
MS,0,Rural,9577.0,85809.0,1,0,3.26,85.0,Regional Comprehensive,38654.0,1161.7,8,-0.866,-0.5,65.3,15592.0,5334.0,20926.0,17728.0,0,0.2066,0.5414,8151.0,0.0504
FL,0,Suburb,15755.0,53992.0,0,0,2.25,10.0,R2 Doctoral,59871.0,84.5,1,0.5,0.866,70.3,9381.0,6726.0,16107.0,43764.0,0,0.8106,0.269,28009.0,0.25
CA,0,Suburb,6473.0,19560.0,1,1,2.74,42.0,Community College,19920.0,606.8,2,0.866,0.5,79.6,3552.0,4737.0,8289.0,11631.0,0,0.5946,0.4161,5158.0,0.3333
CA,0,Suburb,6096.0,54318.0,0,1,3.72,95.0,R1 Research,72348.0,23.0,1,0.5,0.866,59.8,23865.0,35982.0,59847.0,12501.0,1,0.2301,0.8272,6405.0,0.0779
FL,0,Town,7734.0,108278.0,0,1,3.55,75.0,Regional Comprehensive,40735.0,93.8,10,-0.866,0.5,11.5,18090.0,17932.0,36022.0,4713.0,1,0.0435,0.8843,0.0,0.0351
FL,0,Suburb,22821.0,97094.0,0,0,3.36,78.0,Regional Comprehensive,51998.0,72.2,11,-0.5,0.866,45.7,25121.0,4977.0,30098.0,21900.0,0,0.2256,0.5788,0.0,0.0417
CA,0,Suburb,5182.0,50963.0,0,1,2.47,26.0,Regional Comprehensive,48573.0,636.8,6,0.0,-1.0,54.2,14031.0,14917.0,28948.0,19625.0,1,0.3851,0.596,14443.0,0.0947
NY,0,Town,-1500.0,22051.0,1,1,2.35,10.0,Regional Comprehensive,42144.0,153.9,10,-0.866,0.5,46.1,8226.0,22384.0,30610.0,11534.0,0,0.5231,0.7263,13034.0,0.1
TX,0,City,27071.0,100109.0,0,0,2.41,42.0,Community College,22554.0,15.0,3,1.0,0.0,41.2,69.0,0.0,69.0,22485.0,0,0.2246,0.0031,0.0,0.021
IL,0,Rural,21892.0,85138.0,1,0,2.5,32.0,Liberal Arts College,90679.0,32.0,1,0.5,0.866,57.9,21937.0,17017.0,38954.0,51725.0,1,0.6075,0.4296,29833.0,0.1633
IL,0,Suburb,26053.0,115527.0,1,0,1.95,49.0,R1 Research,70175.0,43.8,8,-0.866,-0.5,75.6,12274.0,9576.0,21850.0,48325.0,1,0.4183,0.3114,22272.0,0.0956
PA,0,Suburb,9239.0,51670.0,1,0,3.51,87.0,Community College,16859.0,337.9,10,-0.866,0.5,64.1,1559.0,1575.0,3134.0,13725.0,0,0.2656,0.1859,4486.0,0.072
NY,0,Suburb,4036.0,18718.0,0,1,3.17,48.0,Regional Comprehensive,47120.0,295.0,10,-0.866,0.5,30.0,14974.0,12947.0,27921.0,19199.0,0,1.0257,0.5926,15163.0,0.0
CA,0,Suburb,14139.0,92439.0,0,0,3.23,72.0,R1 Research,70240.0,92.4,2,0.866,0.5,30.0,21419.0,15076.0,36495.0,33745.0,0,0.3651,0.5196,19606.0,0.021
CA,0,Suburb,13877.0,62531.0,0,0,3.8,84.0,Regional Comprehensive,57114.0,71.2,12,-0.0,1.0,20.8,28540.0,11362.0,39902.0,17212.0,0,0.2753,0.6986,3335.0,0.0345
TX,0,Suburb,33172.0,171444.0,0,0,3.17,68.0,R1 Research,62712.0,268.8,3,1.0,0.0,65.0,14752.0,5634.0,20386.0,42326.0,1,0.2469,0.3251,9154.0,0.141
WI,0,Rural,11416.0,64260.0,1,0,3.58,68.0,Regional Comprehensive,52041.0,38.7,4,0.866,-0.5,36.6,24045.0,6765.0,30810.0,21231.0,0,0.3304,0.592,9815.0,0.0244
SD,0,Town,9764.0,60917.0,0,0,2.69,47.0,Regional Comprehensive,43166.0,204.9,4,0.866,-0.5,58.2,16523.0,6839.0,23362.0,19804.0,1,0.3251,0.5412,10040.0,0.0984
MS,0,Town,18474.0,85001.0,0,0,4.0,99.0,R1 Research,69895.0,187.4,2,0.866,0.5,73.2,26703.0,14259.0,40962.0,28933.0,0,0.3404,0.5861,10459.0,0.0435
NC,0,City,8286.0,40954.0,1,1,2.92,63.0,Regional Comprehensive,41212.0,95.0,4,0.866,-0.5,70.8,14310.0,13180.0,27490.0,13722.0,1,0.3351,0.667,5436.0,0.0875
MI,0,Suburb,2180.0,39557.0,0,1,2.93,67.0,R2 Doctoral,56712.0,192.4,5,0.5,-0.866,52.5,22317.0,27907.0,50224.0,6488.0,0,0.164,0.8856,4308.0,0.0541
NY,0,Suburb,16209.0,58660.0,0,0,3.55,99.0,Liberal Arts College,68267.0,141.0,11,-0.5,0.866,81.3,33602.0,11475.0,45077.0,23190.0,1,0.3953,0.6603,6981.0,0.2245
CO,0,City,11919.0,32445.0,1,0,2.08,14.0,Community College,18420.0,213.6,12,-0.0,1.0,45.4,2175.0,1366.0,3541.0,14879.0,1,0.4586,0.1922,2960.0,0.0779
CO,0,Town,6530.0,53373.0,0,1,3.9,99.0,R2 Doctoral,48424.0,31.2,2,0.866,0.5,63.8,22391.0,19766.0,42157.0,6267.0,0,0.1174,0.8706,0.0,0.0508
KY,0,Suburb,57548.0,254354.0,0,0,3.33,71.0,R2 Doctoral,44014.0,241.6,1,0.5,0.866,55.4,15455.0,0.0,15455.0,28559.0,1,0.1123,0.3511,0.0,0.0519
UT,0,City,22529.0,133345.0,0,0,2.45,29.0,R1 Research,69945.0,372.3,2,0.866,0.5,57.8,13033.0,11680.0,24713.0,45232.0,0,0.3392,0.3533,22703.0,0.0476
OH,1,City,20717.0,78573.0,1,0,3.3,66.0,Regional Comprehensive,36862.0,51.4,2,0.866,0.5,80.2,14096.0,4402.0,18498.0,18364.0,0,0.2337,0.5018,0.0,0.063
CO,0,City,48831.0,192376.0,0,0,3.05,69.0,Community College,19611.0,238.2,4,0.866,-0.5,71.2,1733.0,0.0,1733.0,17878.0,1,0.0929,0.0884,0.0,0.2195
SC,0,Suburb,6094.0,34755.0,0,1,3.08,53.0,R1 Research,70418.0,112.9,3,1.0,0.0,27.8,17154.0,19175.0,36329.0,34089.0,0,0.9808,0.5159,27995.0,0.0473
NY,0,Suburb,70427.0,378177.0,1,0,3.08,33.0,R1 Research,95471.0,323.0,1,0.5,0.866,47.8,21671.0,3948.0,25619.0,69852.0,1,0.1847,0.2683,0.0,0.044
MS,0,Suburb,12599.0,45181.0,0,0,3.44,83.0,Liberal Arts College,53723.0,135.7,1,0.5,0.866,77.2,21668.0,6909.0,28577.0,25146.0,1,0.5566,0.5319,12547.0,0.1039
CA,0,City,66002.0,266396.0,0,0,2.76,49.0,Regional Comprehensive,46239.0,38.0,7,-0.5,-0.866,33.3,17038.0,0.0,17038.0,29201.0,1,0.1096,0.3685,0.0,0.0263
AK,0,City,61657.0,265553.0,0,0,3.42,64.0,R2 Doctoral,50682.0,299.8,10,-0.866,0.5,35.9,19483.0,0.0,19483.0,31199.0,0,0.1175,0.3844,0.0,0.0545
CO,0,Town,1423.0,17813.0,0,1,1.5,,R1 Research,72326.0,22.8,9,-1.0,-0.0,61.3,6141.0,23752.0,29893.0,42433.0,0,2.3821,0.4133,41010.0,0.1333
CA,0,City,31552.0,181010.0,0,0,3.03,61.0,R1 Research,64868.0,170.5,1,0.5,0.866,79.7,17865.0,8823.0,26688.0,38180.0,0,0.2109,0.4114,6628.0,0.2222
MA,0,Suburb,12191.0,51307.0,0,0,3.73,99.0,R1 Research,65873.0,84.6,3,1.0,0.0,75.7,22239.0,14187.0,36426.0,29447.0,0,0.5739,0.553,17256.0,0.0408
CA,0,Suburb,6728.0,41817.0,0,1,1.98,5.0,Regional Comprehensive,46190.0,79.1,11,-0.5,0.866,24.3,4975.0,11333.0,16308.0,29882.0,0,0.7146,0.3531,23154.0,0.0187
CO,0,Suburb,17981.0,91834.0,0,0,3.69,85.0,R1 Research,70249.0,151.8,12,-0.0,1.0,47.5,20792.0,12044.0,32836.0,37413.0,1,0.4074,0.4674,19432.0,0.0504
SC,0,Rural,5664.0,30464.0,0,1,3.71,99.0,R2 Doctoral,51567.0,60.2,12,-0.0,1.0,45.5,23290.0,17456.0,40746.0,10821.0,0,0.3552,0.7902,5157.0,0.1667
WA,0,Suburb,17505.0,90349.0,1,0,2.73,57.0,Community College,15618.0,217.0,10,-0.866,0.5,47.3,2096.0,0.0,2096.0,13522.0,0,0.1497,0.1342,0.0,0.0207
OR,0,Rural,10066.0,31972.0,1,0,1.5,,R1 Research,78786.0,134.5,5,0.5,-0.866,34.3,4244.0,13600.0,17844.0,60942.0,0,1.9061,0.2265,50876.0,0.0508
CA,0,Rural,14163.0,71503.0,0,0,3.44,70.0,Liberal Arts College,74528.0,66.3,10,-0.866,0.5,78.8,31464.0,13445.0,44909.0,29619.0,1,0.4142,0.6026,15456.0,0.1047
FL,0,City,32316.0,164631.0,0,0,3.51,68.0,Regional Comprehensive,39411.0,516.4,11,-0.5,0.866,51.2,17174.0,1857.0,19031.0,20380.0,0,0.1238,0.4829,0.0,0.028
OH,1,City,12602.0,83141.0,0,0,3.13,61.0,Regional Comprehensive,23308.0,45.5,5,0.5,-0.866,41.1,9189.0,2337.0,11526.0,11782.0,1,0.1417,0.4945,0.0,0.0106
CA,0,Suburb,10081.0,48579.0,1,0,2.4,27.0,Community College,19661.0,245.7,1,0.5,0.866,72.7,2340.0,2467.0,4807.0,14854.0,0,0.3058,0.2445,4773.0,0.1818
GA,0,Suburb,17476.0,92950.0,1,0,2.75,42.0,Regional Comprehensive,43548.0,560.7,1,0.5,0.866,63.2,13690.0,4219.0,17909.0,25639.0,0,0.2758,0.4112,8163.0,0.1
FL,0,Suburb,8096.0,22864.0,1,1,2.52,35.0,R1 Research,73419.0,551.2,6,0.0,-1.0,76.8,11857.0,23169.0,35026.0,38393.0,0,1.6792,0.4771,30297.0,0.0667
IL,0,City,-1500.0,34407.0,1,1,2.3,8.0,Liberal Arts College,102249.0,232.9,5,0.5,-0.866,53.8,19819.0,52366.0,72185.0,30064.0,0,0.8738,0.706,31564.0,0.0614
OH,1,City,8677.0,46176.0,0,1,1.82,8.0,Regional Comprehensive,34585.0,26.7,3,1.0,0.0,52.6,6094.0,9662.0,15756.0,18829.0,1,0.4078,0.4556,10152.0,0.1404
CT,0,Suburb,19204.0,110916.0,0,0,3.07,93.0,Liberal Arts College,76538.0,28.2,1,0.5,0.866,62.7,32453.0,9580.0,42033.0,34505.0,1,0.3111,0.5492,15301.0,0.1277
FL,0,Suburb,10882.0,84303.0,0,0,2.38,14.0,R1 Research,56779.0,157.4,2,0.866,0.5,73.8,7536.0,11899.0,19435.0,37344.0,0,0.443,0.3423,26462.0,0.125
UT,0,Suburb,17944.0,92533.0,0,0,2.9,72.0,R2 Doctoral,65702.0,399.9,12,-0.0,1.0,34.8,23117.0,6828.0,29945.0,35757.0,0,0.3864,0.4558,17813.0,0.0085
OH,1,Rural,10065.0,61715.0,0,0,1.87,26.0,Community College,19165.0,53.2,1,0.5,0.866,37.1,0.0,2141.0,2141.0,17024.0,1,0.2758,0.1117,6959.0,0.0323
NY,0,City,4177.0,35688.0,0,1,2.77,55.0,Regional Comprehensive,55968.0,15.0,10,-0.866,0.5,63.4,20920.0,19535.0,40455.0,15513.0,1,0.4347,0.7228,11336.0,0.0667
NC,0,Suburb,38793.0,183771.0,0,0,2.98,48.0,Regional Comprehensive,41306.0,315.9,5,0.5,-0.866,63.8,12656.0,448.0,13104.0,28202.0,1,0.1535,0.3172,0.0,0.2121
OH,1,Rural,9653.0,38085.0,1,0,2.96,66.0,Regional Comprehensive,25162.0,97.5,1,0.5,0.866,67.3,12539.0,4270.0,16809.0,8353.0,1,0.2193,0.668,0.0,0.1205
FL,0,Suburb,16493.0,85111.0,0,0,2.4,57.0,Regional Comprehensive,51430.0,92.3,3,1.0,0.0,62.1,18443.0,7685.0,26128.0,25302.0,1,0.2973,0.508,8809.0,0.0547
NC,0,Suburb,17567.0,58063.0,1,0,3.44,87.0,Liberal Arts College,79425.0,357.7,9,-1.0,-0.0,59.7,34997.0,16361.0,51358.0,28067.0,1,0.4834,0.6466,10500.0,0.2
TX,0,Suburb,16088.0,94406.0,0,0,2.1,25.0,R2 Doctoral,63440.0,245.0,5,0.5,-0.866,83.1,10284.0,9866.0,20150.0,43290.0,0,0.4586,0.3176,27202.0,0.1406
PA,0,City,5889.0,40703.0,0,1,3.61,80.0,Community College,15930.0,61.7,11,-0.5,0.866,57.2,2471.0,4995.0,7466.0,8464.0,0,0.2079,0.4687,2575.0,0.0571
NJ,0,Rural,35608.0,134313.0,0,0,2.22,18.0,R1 Research,60835.0,481.4,12,-0.0,1.0,49.0,6366.0,4430.0,10796.0,50039.0,0,0.3726,0.1775,14431.0,0.0385
OH,1,Suburb,69538.0,169797.0,0,0,2.82,51.0,Regional Comprehensive,26365.0,9.7,10,-0.866,0.5,35.7,8788.0,0.0,8788.0,17577.0,1,0.1035,0.3333,0.0,0.0476
AL,0,Suburb,32287.0,128509.0,0,0,1.59,10.0,Community College,12049.0,119.3,7,-0.5,-0.866,50.1,455.0,0.0,455.0,11594.0,1,0.0902,0.0378,0.0,0.0441
FL,0,Suburb,6952.0,70509.0,0,1,3.44,74.0,Regional Comprehensive,42646.0,107.4,1,0.5,0.866,72.4,19838.0,13269.0,33107.0,9539.0,0,0.1353,0.7763,2587.0,0.065
HI,0,Suburb,10191.0,46014.0,0,0,3.7,82.0,Regional Comprehensive,36570.0,53.3,8,-0.866,-0.5,69.5,19538.0,5610.0,25148.0,11422.0,1,0.2482,0.6877,1231.0,0.0526
MN,0,City,114759.0,480182.0,0,0,3.03,57.0,Community College,19188.0,174.3,5,0.5,-0.866,32.5,3388.0,0.0,3388.0,15800.0,0,0.0329,0.1766,0.0,0.0154
HI,0,Town,7126.0,30823.0,0,1,2.48,60.0,R1 Research,71131.0,501.6,3,1.0,0.0,76.6,17890.0,28333.0,46223.0,24908.0,1,0.8081,0.6498,17782.0,0.0413
LA,0,Suburb,26058.0,118716.0,1,0,3.09,62.0,Regional Comprehensive,40968.0,469.6,9,-1.0,-0.0,57.1,16730.0,2329.0,19059.0,21909.0,0,0.1845,0.4652,0.0,0.032
TX,0,City,21152.0,79986.0,0,0,2.82,52.0,Community College,20275.0,270.9,3,1.0,0.0,100.0,2316.0,0.0,2316.0,17959.0,1,0.2245,0.1142,0.0,0.1846
MI,0,Suburb,7354.0,60173.0,0,1,3.24,34.0,Liberal Arts College,78589.0,21.4,7,-0.5,-0.866,79.0,22779.0,30826.0,53605.0,24984.0,1,0.4152,0.6821,17630.0,0.2195
TX,0,Rural,19430.0,71921.0,0,0,2.75,59.0,Regional Comprehensive,50980.0,31.2,7,-0.5,-0.866,53.7,15550.0,8598.0,24148.0,26832.0,0,0.3731,0.4737,7402.0,0.1562
AL,0,Suburb,7360.0,43593.0,0,1,3.57,86.0,Community College,23618.0,150.9,8,-0.866,-0.5,35.1,3669.0,8054.0,11723.0,11895.0,0,0.2729,0.4964,4535.0,0.1622
VA,0,Suburb,18275.0,85603.0,0,0,1.72,15.0,Liberal Arts College,78327.0,122.2,2,0.866,0.5,42.9,10031.0,10763.0,20794.0,57533.0,0,0.6721,0.2655,39258.0,0.0862
FL,0,Suburb,11202.0,79072.0,0,0,2.01,27.0,Community College,20081.0,75.1,1,0.5,0.866,52.7,1457.0,2475.0,3932.0,16149.0,0,0.2042,0.1958,4947.0,0.1091
MS,0,Town,101026.0,432748.0,0,0,2.93,41.0,Regional Comprehensive,47627.0,936.8,7,-0.5,-0.866,89.2,12075.0,0.0,12075.0,35552.0,0,0.0822,0.2535,0.0,0.0551
CA,0,Suburb,53362.0,136079.0,0,0,2.49,33.0,R1 Research,89341.0,141.6,3,1.0,0.0,54.9,14280.0,5146.0,19426.0,69915.0,1,0.5138,0.2174,16553.0,0.0741
NJ,0,Rural,14049.0,91257.0,1,0,2.96,78.0,Community College,15477.0,223.9,12,-0.0,1.0,60.2,820.0,239.0,1059.0,14418.0,0,0.158,0.0684,369.0,0.0865
MO,0,City,17484.0,95264.0,1,0,2.77,29.0,Community College,17577.0,357.5,12,-0.0,1.0,53.7,6190.0,18.0,6208.0,11369.0,1,0.1193,0.3532,0.0,0.0458
CA,0,Rural,44283.0,236681.0,0,0,2.83,32.0,Regional Comprehensive,38792.0,134.2,12,-0.0,1.0,48.7,10220.0,0.0,10220.0,28572.0,1,0.1207,0.2635,0.0,0.0769
WA,0,Rural,-1500.0,31297.0,0,1,2.95,35.0,R1 Research,66336.0,1924.6,3,1.0,0.0,52.8,13009.0,34348.0,47357.0,18979.0,0,0.6064,0.7139,20479.0,0.0575
AL,0,Suburb,11650.0,55184.0,0,0,3.09,57.0,Community College,18032.0,47.2,12,-0.0,1.0,78.5,2115.0,1378.0,3493.0,14539.0,1,0.2635,0.1937,2889.0,0.1087
CA,0,Suburb,2540.0,15944.0,1,1,2.95,75.0,Regional Comprehensive,41053.0,67.1,1,0.5,0.866,81.7,18503.0,15065.0,33568.0,7485.0,0,0.4695,0.8177,4945.0,0.0779
MI,0,City,20894.0,94119.0,0,0,3.17,66.0,R1 Research,75756.0,47.1,6,0.0,-1.0,31.9,19754.0,8266.0,28020.0,47736.0,0,0.5072,0.3699,26842.0,0.0962
FL,0,Suburb,25366.0,115923.0,0,0,3.32,83.0,Regional Comprehensive,47262.0,653.7,12,-0.0,1.0,22.4,19247.0,3853.0,23100.0,24162.0,0,0.2084,0.4888,0.0,0.0317
TN,0,City,5658.0,30735.0,1,1,2.19,,Community College,18981.0,294.1,1,0.5,0.866,80.8,0.0,5557.0,5557.0,13424.0,0,0.4368,0.2928,7766.0,0.1967
CA,0,City,56541.0,176885.0,0,0,2.96,44.0,Regional Comprehensive,46453.0,71.6,8,-0.866,-0.5,75.2,15006.0,0.0,15006.0,31447.0,1,0.1778,0.323,0.0,0.1562
KS,0,Rural,9721.0,37512.0,1,0,2.57,31.0,Liberal Arts College,94744.0,51.2,5,0.5,-0.866,45.9,25993.0,19519.0,45512.0,49232.0,0,1.3124,0.4804,39511.0,0.125
UT,0,City,11014.0,49189.0,1,0,3.12,82.0,Regional Comprehensive,46618.0,542.4,1,0.5,0.866,58.4,19582.0,9024.0,28606.0,18012.0,0,0.3662,0.6136,6998.0,0.0467
TX,0,Suburb,24486.0,68603.0,0,0,3.04,60.0,Regional Comprehensive,39002.0,185.2,2,0.866,0.5,81.1,16156.0,2295.0,18451.0,20551.0,1,0.2996,0.4731,0.0,0.0794
NY,0,Suburb,73010.0,198357.0,0,0,3.34,69.0,Liberal Arts College,69063.0,557.1,1,0.5,0.866,73.7,26804.0,0.0,26804.0,42259.0,0,0.213,0.3881,0.0,0.0753
VA,0,Suburb,3602.0,33931.0,0,1,3.57,81.0,R2 Doctoral,50782.0,118.9,8,-0.866,-0.5,56.0,20517.0,18600.0,39117.0,11665.0,1,0.3438,0.7703,8063.0,0.0328
MO,0,Suburb,14370.0,77629.0,0,0,3.09,57.0,Regional Comprehensive,51369.0,216.8,9,-1.0,-0.0,65.4,17758.0,7693.0,25451.0,25918.0,0,0.3339,0.4955,11548.0,0.1022
OH,1,Suburb,29763.0,109961.0,1,0,3.64,99.0,Community College,17739.0,50.3,12,-0.0,1.0,51.9,3389.0,0.0,3389.0,14350.0,0,0.1305,0.191,0.0,0.0488
TX,0,Suburb,34137.0,94779.0,1,0,3.28,92.0,R2 Doctoral,49820.0,65.8,9,-1.0,-0.0,51.8,21823.0,3669.0,25492.0,24328.0,1,0.2567,0.5117,0.0,0.0397
CA,0,Rural,18197.0,97333.0,0,0,3.65,96.0,Regional Comprehensive,39855.0,108.9,9,-1.0,-0.0,74.3,18575.0,5035.0,23610.0,16245.0,1,0.1669,0.5924,0.0,0.0841
WY,0,Suburb,30988.0,108910.0,0,0,3.02,70.0,R1 Research,66825.0,36.5,3,1.0,0.0,48.6,17140.0,6599.0,23739.0,43086.0,1,0.3956,0.3552,12098.0,0.075
GA,0,Rural,8295.0,42218.0,1,1,3.44,66.0,Community College,17462.0,212.9,1,0.5,0.866,57.9,2044.0,3608.0,5652.0,11810.0,1,0.2797,0.3237,3515.0,0.0825
OK,0,Suburb,62049.0,212182.0,0,0,3.78,92.0,R2 Doctoral,51415.0,281.8,3,1.0,0.0,91.2,23936.0,0.0,23936.0,27479.0,1,0.1295,0.4655,0.0,0.2361
NC,0,Suburb,10375.0,58103.0,1,0,2.19,,Regional Comprehensive,48935.0,358.4,1,0.5,0.866,50.9,11288.0,7705.0,18993.0,29942.0,0,0.5153,0.3881,19567.0,0.0413
AR,0,City,3630.0,52809.0,0,1,3.05,53.0,Regional Comprehensive,43682.0,255.1,10,-0.866,0.5,84.3,14963.0,21751.0,36714.0,6968.0,1,0.1319,0.8405,3338.0,0.096
CA,0,City,38750.0,166091.0,0,0,2.54,19.0,Regional Comprehensive,44636.0,110.7,3,1.0,0.0,63.8,6363.0,1589.0,7952.0,36684.0,0,0.2209,0.1782,0.0,0.0484
CA,0,Rural,4466.0,39974.0,0,1,2.52,45.0,R1 Research,78727.0,646.4,9,-1.0,-0.0,55.3,15126.0,39951.0,55077.0,23650.0,0,0.5916,0.6996,19184.0,0.2368
MS,0,Suburb,19542.0,79269.0,0,0,3.55,76.0,Community College,21057.0,323.4,12,-0.0,1.0,61.9,3426.0,213.0,3639.0,17418.0,1,0.2197,0.1728,0.0,0.1176
NM,0,Suburb,14947.0,37405.0,0,0,2.53,48.0,R2 Doctoral,52329.0,544.5,2,0.866,0.5,76.6,14829.0,9812.0,24641.0,27688.0,0,0.7402,0.4709,12741.0,0.2982
NY,0,Town,84253.0,386099.0,0,0,3.62,88.0,Regional Comprehensive,50424.0,581.6,2,0.866,0.5,86.0,25260.0,0.0,25260.0,25164.0,1,0.0652,0.501,0.0,0.115
PA,0,Suburb,80441.0,331781.0,0,0,3.24,80.0,R2 Doctoral,55858.0,111.0,2,0.866,0.5,57.5,20105.0,0.0,20105.0,35753.0,0,0.1078,0.3599,0.0,0.0986
GA,0,Town,8281.0,58141.0,1,1,2.35,22.0,Regional Comprehensive,42343.0,190.4,8,-0.866,-0.5,68.1,10203.0,14873.0,25076.0,17267.0,0,0.297,0.5922,8986.0,0.1282
OH,1,Suburb,17842.0,91519.0,0,0,3.35,46.0,R1 Research,66201.0,82.7,2,0.866,0.5,53.5,16407.0,12047.0,28454.0,37747.0,1,0.4124,0.4298,19905.0,0.0296
TX,0,Rural,10473.0,63180.0,1,0,3.65,99.0,Liberal Arts College,80922.0,37.9,2,0.866,0.5,55.7,40766.0,14353.0,55119.0,25803.0,1,0.4084,0.6811,15330.0,0.2195
UT,0,City,23497.0,48972.0,0,0,3.1,53.0,Regional Comprehensive,46322.0,38.8,5,0.5,-0.866,61.0,16041.0,5683.0,21724.0,24598.0,1,0.5023,0.469,1101.0,0.0439
FL,0,City,18175.0,68606.0,0,0,2.94,53.0,Regional Comprehensive,43370.0,32.4,3,1.0,0.0,73.8,16879.0,6514.0,23393.0,19977.0,1,0.2912,0.5394,1802.0,0.0424
MO,0,Suburb,17462.0,61131.0,0,0,3.06,73.0,R1 Research,71986.0,113.1,2,0.866,0.5,44.9,20563.0,11082.0,31645.0,40341.0,0,0.6599,0.4396,22879.0,0.0645
CA,0,City,6258.0,21060.0,1,1,3.47,70.0,Liberal Arts College,69693.0,89.3,4,0.866,-0.5,34.9,28591.0,27096.0,55687.0,14006.0,1,0.6651,0.799,7748.0,0.0305
CA,0,Rural,14024.0,76068.0,0,0,3.95,78.0,R1 Research,70091.0,28.1,3,1.0,0.0,42.2,24916.0,13678.0,38594.0,31497.0,0,0.4141,0.5506,17473.0,0.1935
MA,0,Suburb,9344.0,61056.0,0,0,3.31,96.0,Community College,17948.0,148.2,6,0.0,-1.0,49.3,2154.0,1205.0,3359.0,14589.0,1,0.2389,0.1872,5245.0,0.1429
PA,0,City,13064.0,78809.0,1,0,3.52,69.0,Liberal Arts College,79438.0,114.6,3,1.0,0.0,87.7,34062.0,16864.0,50926.0,28512.0,1,0.3618,0.6411,15448.0,0.1525
MA,0,City,9281.0,59527.0,0,0,3.2,88.0,R1 Research,85842.0,438.4,9,-1.0,-0.0,40.0,26387.0,11804.0,38191.0,47651.0,0,0.8005,0.4449,38370.0,0.0615
CA,0,Rural,9105.0,48560.0,1,0,3.27,71.0,Regional Comprehensive,44207.0,1048.9,2,0.866,0.5,74.4,17484.0,8277.0,25761.0,18446.0,1,0.3799,0.5827,9341.0,0.0488
NM,0,Suburb,18280.0,118177.0,0,0,2.6,54.0,Community College,20963.0,204.6,4,0.866,-0.5,80.1,2070.0,485.0,2555.0,18408.0,1,0.1558,0.1219,128.0,0.2338
WI,0,Rural,18446.0,92398.0,0,0,3.73,97.0,R2 Doctoral,56799.0,61.0,9,-1.0,-0.0,41.3,23010.0,10486.0,33496.0,23303.0,0,0.2522,0.5897,4857.0,0.0608
OK,0,City,35443.0,171984.0,0,0,3.23,60.0,R1 Research,82327.0,249.9,2,0.866,0.5,86.0,22389.0,13008.0,35397.0,46930.0,1,0.2729,0.43,11487.0,0.1842
TX,0,Rural,20673.0,89878.0,1,0,3.81,95.0,Regional Comprehensive,52664.0,127.9,2,0.866,0.5,75.9,29954.0,5179.0,35133.0,17531.0,0,0.1951,0.6671,0.0,0.1594
NY,0,Suburb,4405.0,54596.0,1,1,3.05,84.0,R1 Research,67391.0,98.5,5,0.5,-0.866,45.4,24035.0,27477.0,51512.0,15879.0,0,0.2908,0.7644,11474.0,0.0435
PA,0,Suburb,19282.0,98132.0,0,0,3.58,96.0,Liberal Arts College,59924.0,51.3,4,0.866,-0.5,52.6,30661.0,5814.0,36475.0,23449.0,1,0.239,0.6087,4167.0,0.0763
MI,0,Suburb,-448.0,15123.0,1,1,2.67,59.0,Community College,15884.0,77.8,12,-0.0,1.0,42.2,4383.0,8773.0,13156.0,2728.0,0,0.1804,0.8283,3176.0,0.05
NY,0,City,92351.0,286258.0,0,0,2.7,54.0,Regional Comprehensive,49434.0,105.1,9,-1.0,-0.0,50.5,17481.0,0.0,17481.0,31953.0,0,0.1116,0.3536,0.0,0.1905
CA,0,Rural,16399.0,76692.0,0,0,2.71,44.0,Community College,19796.0,294.8,2,0.866,0.5,68.6,3956.0,690.0,4646.0,15150.0,0,0.1975,0.2347,0.0,0.0743
PA,0,Rural,63067.0,303400.0,0,0,2.37,21.0,R2 Doctoral,50135.0,216.7,1,0.5,0.866,50.6,10054.0,0.0,10054.0,40081.0,1,0.1321,0.2005,0.0,0.1
FL,0,Suburb,6010.0,33660.0,0,1,2.82,70.0,Community College,23006.0,861.5,2,0.866,0.5,68.1,4850.0,7612.0,12462.0,10544.0,0,0.3133,0.5417,4534.0,0.1194
IL,0,Rural,3558.0,28150.0,0,1,2.01,12.0,Regional Comprehensive,43568.0,257.2,3,1.0,0.0,63.7,4387.0,19530.0,23917.0,19651.0,0,0.6981,0.549,16093.0,0.0365
TX,0,City,15020.0,81912.0,1,0,3.37,64.0,Community College,18103.0,197.8,1,0.5,0.866,47.2,586.0,834.0,1420.0,16683.0,0,0.2037,0.0784,1663.0,0.0833
FL,0,City,8406.0,81718.0,1,1,3.59,79.0,Community College,18268.0,91.9,2,0.866,0.5,72.1,2034.0,3849.0,5883.0,12385.0,1,0.1516,0.322,3979.0,0.1667
AZ,0,City,14452.0,80301.0,0,0,3.14,43.0,Regional Comprehensive,50694.0,42.6,9,-1.0,-0.0,74.5,18759.0,7125.0,25884.0,24810.0,0,0.309,0.5106,10358.0,0.2143
IL,0,Suburb,17379.0,71955.0,0,0,3.18,59.0,R1 Research,65111.0,69.6,5,0.5,-0.866,54.4,18072.0,10077.0,28149.0,36962.0,1,0.5137,0.4323,19583.0,0.1667
PA,0,City,1292.0,40045.0,0,1,2.81,40.0,R2 Doctoral,63685.0,60.8,1,0.5,0.866,75.6,15469.0,20615.0,36084.0,27601.0,1,0.6892,0.5666,26309.0,0.0568
MI,0,Suburb,1067.0,21602.0,0,1,3.42,54.0,Regional Comprehensive,47534.0,15.0,1,0.5,0.866,43.9,16649.0,12930.0,29579.0,17955.0,0,0.8312,0.6223,16888.0,0.063
CO,0,City,23803.0,77178.0,0,0,2.17,9.0,Community College,22414.0,43.9,3,1.0,0.0,88.3,987.0,0.0,987.0,21427.0,0,0.2776,0.044,0.0,0.0935
IL,0,Town,3105.0,24998.0,0,1,2.46,36.0,Liberal Arts College,84657.0,681.4,1,0.5,0.866,73.3,20863.0,32366.0,53229.0,31428.0,0,1.2572,0.6288,28323.0,0.2281
VA,0,Town,3386.0,23355.0,0,1,3.46,87.0,Regional Comprehensive,46583.0,186.6,2,0.866,0.5,74.2,22332.0,20079.0,42411.0,4172.0,0,0.1786,0.9104,786.0,0.0841
ID,0,Suburb,17555.0,47856.0,0,0,2.22,26.0,Regional Comprehensive,48133.0,85.3,2,0.866,0.5,49.6,10650.0,7604.0,18254.0,29879.0,1,0.6244,0.3792,12324.0,0.0312
MI,0,City,17616.0,85826.0,1,0,2.43,21.0,Regional Comprehensive,45421.0,192.5,4,0.866,-0.5,76.4,10117.0,5424.0,15541.0,29880.0,1,0.3481,0.3422,12264.0,0.1562
NV,0,Town,47736.0,263336.0,0,0,1.5,,Liberal Arts College,69949.0,16.3,4,0.866,-0.5,67.1,8520.0,4312.0,12832.0,57117.0,1,0.2169,0.1834,9381.0,0.0787
SC,0,City,26953.0,127397.0,0,0,3.16,67.0,R2 Doctoral,59970.0,170.4,6,0.0,-1.0,71.3,22481.0,9147.0,31628.0,28342.0,1,0.2225,0.5274,1389.0,0.0483
CA,0,Town,46031.0,176648.0,0,0,3.35,85.0,Liberal Arts College,76282.0,484.6,3,1.0,0.0,84.0,33054.0,7696.0,40750.0,35532.0,1,0.2011,0.5342,0.0,0.1212
OH,1,Suburb,15043.0,100774.0,1,0,3.62,92.0,Regional Comprehensive,36684.0,32.3,5,0.5,-0.866,54.1,18443.0,5310.0,23753.0,12931.0,1,0.1283,0.6475,0.0,0.0556
IN,0,Suburb,27517.0,81972.0,0,0,2.28,32.0,Liberal Arts College,89276.0,19.7,5,0.5,-0.866,82.2,22093.0,9862.0,31955.0,57321.0,1,0.6993,0.3579,29804.0,0.1591
DE,0,City,62697.0,382380.0,0,0,3.31,88.0,R1 Research,77254.0,82.0,2,0.866,0.5,75.3,25325.0,2525.0,27850.0,49404.0,1,0.1292,0.3605,0.0,0.0792
GA,0,Town,2300.0,24283.0,0,1,3.01,50.0,Regional Comprehensive,49463.0,485.5,2,0.866,0.5,40.5,18946.0,25359.0,44305.0,5158.0,1,0.2124,0.8957,2858.0,0.0918
CA,0,Rural,4012.0,46746.0,1,1,2.77,32.0,R2 Doctoral,58959.0,166.2,6,0.0,-1.0,91.7,15225.0,21828.0,37053.0,21906.0,1,0.4686,0.6285,17894.0,0.1165
NJ,0,Suburb,9312.0,49448.0,0,0,3.25,62.0,R2 Doctoral,59013.0,28.6,2,0.866,0.5,52.1,20398.0,7254.0,27652.0,31361.0,0,0.6342,0.4686,22049.0,0.1047
TX,0,Rural,21774.0,119774.0,1,0,2.19,42.0,Liberal Arts College,70670.0,1522.1,1,0.5,0.866,70.3,18261.0,12562.0,30823.0,39847.0,0,0.3327,0.4362,18073.0,0.087
WI,0,Rural,1589.0,31110.0,1,1,3.19,73.0,Regional Comprehensive,46141.0,34.0,1,0.5,0.866,71.1,17106.0,12704.0,29810.0,16331.0,0,0.5249,0.6461,14742.0,0.1277
NC,0,City,29447.0,109062.0,1,0,2.05,35.0,R1 Research,76008.0,98.2,2,0.866,0.5,48.6,11378.0,8912.0,20290.0,55718.0,0,0.5109,0.2669,26271.0,0.0744
MD,0,Town,18712.0,95545.0,1,0,3.81,86.0,Community College,19920.0,42.6,12,-0.0,1.0,72.4,5244.0,231.0,5475.0,14445.0,0,0.1512,0.2748,0.0,0.1443
OK,0,Suburb,34469.0,113053.0,0,0,2.91,55.0,R1 Research,74456.0,42.7,4,0.866,-0.5,52.1,19528.0,7364.0,26892.0,47564.0,1,0.4207,0.3612,13095.0,0.2097
AZ,0,Suburb,35058.0,111587.0,1,0,2.71,43.0,Regional Comprehensive,45950.0,78.8,2,0.866,0.5,42.9,14006.0,2687.0,16693.0,29257.0,0,0.2622,0.3633,0.0,0.042
WA,0,City,37530.0,190535.0,0,0,3.82,76.0,Regional Comprehensive,54366.0,247.1,6,0.0,-1.0,43.5,24837.0,2709.0,27546.0,26820.0,0,0.1408,0.5067,0.0,0.0862
WI,0,Rural,13048.0,60753.0,1,0,2.85,51.0,Regional Comprehensive,45611.0,491.2,1,0.5,0.866,34.1,16829.0,5254.0,22083.0,23528.0,0,0.3873,0.4842,10480.0,0.0536
KY,0,Town,9266.0,92200.0,0,0,2.73,43.0,R1 Research,78691.0,84.5,10,-0.866,0.5,30.6,13697.0,14132.0,27829.0,50862.0,0,0.5516,0.3536,41596.0,0.0275
OK,0,City,5178.0,37037.0,0,1,3.47,68.0,R2 Doctoral,56191.0,43.9,12,-0.0,1.0,70.6,21733.0,27505.0,49238.0,6953.0,1,0.1877,0.8763,1775.0,0.2222
CA,0,Suburb,5330.0,31425.0,0,1,3.43,81.0,R1 Research,75074.0,209.4,5,0.5,-0.866,31.6,23699.0,20244.0,43943.0,31131.0,0,0.9906,0.5853,25801.0,0.0404
NJ,0,Suburb,44865.0,224286.0,1,0,3.57,80.0,R1 Research,64413.0,216.0,1,0.5,0.866,72.9,20178.0,4949.0,25127.0,39286.0,1,0.1752,0.3901,0.0,0.0874
FL,0,Town,581.0,35076.0,0,1,3.08,77.0,R1 Research,66877.0,163.1,11,-0.5,0.866,43.2,21069.0,35791.0,56860.0,10017.0,0,0.2856,0.8502,9436.0,0.0254
OR,0,Rural,21120.0,99882.0,0,0,3.19,52.0,Community College,17819.0,169.3,1,0.5,0.866,82.2,3335.0,0.0,3335.0,14484.0,1,0.145,0.1872,0.0,0.1688
MA,0,Suburb,14619.0,92259.0,0,0,2.82,44.0,R1 Research,59575.0,112.6,1,0.5,0.866,62.4,14097.0,7693.0,21790.0,37785.0,1,0.4096,0.3658,23166.0,0.0778
OH,1,Suburb,32660.0,146677.0,0,0,2.85,28.0,Regional Comprehensive,31637.0,40.7,7,-0.5,-0.866,35.7,11223.0,0.0,11223.0,20414.0,0,0.1392,0.3547,0.0,0.0638
TX,0,Suburb,-1500.0,19074.0,0,1,3.19,51.0,Regional Comprehensive,41069.0,104.7,7,-0.5,-0.866,67.9,14377.0,18112.0,32489.0,8580.0,0,0.4498,0.7911,10080.0,0.1765
PA,0,Suburb,25468.0,119571.0,0,0,3.48,83.0,R1 Research,62498.0,389.8,2,0.866,0.5,54.9,19273.0,10127.0,29400.0,33098.0,0,0.2768,0.4704,7630.0,0.068
MO,0,Suburb,18666.0,60368.0,0,0,1.79,21.0,Regional Comprehensive,54785.0,1315.2,6,0.0,-1.0,70.3,10333.0,9287.0,19620.0,35165.0,0,0.5825,0.3581,16499.0,0.0933
TX,0,City,15654.0,40866.0,1,0,2.56,49.0,Regional Comprehensive,50298.0,153.0,11,-0.5,0.866,63.6,18796.0,7814.0,26610.0,23688.0,0,0.5797,0.529,8034.0,0.0432
CA,0,City,5005.0,52544.0,1,1,3.55,94.0,Community College,24203.0,125.8,10,-0.866,0.5,39.6,1255.0,10257.0,11512.0,12691.0,1,0.2415,0.4756,7686.0,0.0217
CT,0,Suburb,32450.0,132783.0,0,0,3.61,87.0,R1 Research,71699.0,165.8,2,0.866,0.5,59.5,23199.0,8033.0,31232.0,40467.0,0,0.3048,0.4356,8017.0,0.0588
CO,0,Rural,16664.0,106563.0,0,0,3.52,77.0,R1 Research,69643.0,63.5,2,0.866,0.5,51.5,20812.0,14714.0,35526.0,34117.0,1,0.3202,0.5101,17453.0,0.0429
TX,0,Suburb,17648.0,57405.0,1,0,3.18,72.0,R1 Research,75976.0,282.9,12,-0.0,1.0,52.1,22516.0,9829.0,32345.0,43631.0,0,0.7601,0.4257,25983.0,0.1587
NY,0,City,2519.0,27718.0,0,1,2.77,38.0,Regional Comprehensive,46943.0,201.4,3,1.0,0.0,58.4,12558.0,21971.0,34529.0,12414.0,1,0.4479,0.7356,9895.0,0.1282
NH,0,Town,7977.0,29163.0,1,1,3.42,51.0,R1 Research,69418.0,81.5,10,-0.866,0.5,29.9,18040.0,18087.0,36127.0,33291.0,0,1.1415,0.5204,25314.0,0.0421
MO,0,Rural,24996.0,108248.0,1,0,2.87,47.0,Regional Comprehensive,41840.0,326.7,1,0.5,0.866,72.1,16606.0,2367.0,18973.0,22867.0,1,0.2112,0.4535,0.0,0.1818
WA,0,Suburb,223.0,25085.0,0,1,2.69,41.0,Liberal Arts College,83544.0,129.3,1,0.5,0.866,56.7,21952.0,34321.0,56273.0,27271.0,0,1.0871,0.6736,27048.0,0.0672
NY,0,City,4302.0,57811.0,1,1,3.34,71.0,Regional Comprehensive,38145.0,45.8,1,0.5,0.866,43.7,15417.0,16654.0,32071.0,6074.0,1,0.1051,0.8408,1772.0,0.0357
NY,0,Suburb,82855.0,433814.0,0,0,3.16,52.0,Regional Comprehensive,47893.0,183.3,2,0.866,0.5,40.8,18028.0,0.0,18028.0,29865.0,1,0.0688,0.3764,0.0,0.0312
CA,0,Suburb,26476.0,87630.0,1,0,3.04,50.0,Regional Comprehensive,43925.0,162.5,10,-0.866,0.5,27.3,17112.0,4380.0,21492.0,22433.0,0,0.256,0.4893,0.0,0.0075
MD,0,Suburb,31236.0,107411.0,0,0,2.96,65.0,R2 Doctoral,61033.0,347.3,1,0.5,0.866,97.8,20833.0,8065.0,28898.0,32135.0,1,0.2992,0.4735,899.0,0.1519
CA,0,City,9331.0,29321.0,1,0,2.66,28.0,Community College,21835.0,303.4,10,-0.866,0.5,58.0,3170.0,1822.0,4992.0,16843.0,0,0.5744,0.2286,7512.0,0.1
CA,0,City,-1059.0,26013.0,0,1,3.29,66.0,Regional Comprehensive,47852.0,113.0,7,-0.5,-0.866,63.9,21591.0,14530.0,36121.0,11731.0,1,0.451,0.7548,12790.0,0.0824
MD,0,Suburb,18734.0,111635.0,0,0,2.47,29.0,Community College,16231.0,77.2,3,1.0,0.0,86.8,0.0,0.0,0.0,16231.0,1,0.1454,0.0,0.0,0.13
NM,0,Town,16352.0,51365.0,0,0,3.49,53.0,Community College,15390.0,126.9,4,0.866,-0.5,100.0,1606.0,0.0,1606.0,13784.0,1,0.2684,0.1044,0.0,0.4839
WI,0,Suburb,25150.0,146533.0,0,0,4.0,89.0,R2 Doctoral,46867.0,185.6,5,0.5,-0.866,46.3,18434.0,3525.0,21959.0,24908.0,0,0.17,0.4685,0.0,0.0483
GA,0,City,12739.0,69777.0,1,0,3.34,58.0,Community College,17881.0,210.6,2,0.866,0.5,56.4,2917.0,1100.0,4017.0,13864.0,1,0.1987,0.2247,1125.0,0.0714
NC,0,Suburb,150773.0,650000.0,0,0,2.49,32.0,Community College,15419.0,173.9,9,-1.0,-0.0,37.3,4415.0,0.0,4415.0,11004.0,1,0.0169,0.2863,0.0,0.125
OH,1,Town,12112.0,44798.0,1,0,3.31,70.0,Regional Comprehensive,30928.0,33.3,1,0.5,0.866,63.9,12472.0,3396.0,15868.0,15060.0,1,0.3362,0.5131,2948.0,0.0952
NY,0,City,20720.0,83298.0,0,0,2.59,13.0,Community College,16829.0,360.9,1,0.5,0.866,30.1,624.0,0.0,624.0,16205.0,1,0.1945,0.0371,0.0,0.0261
MI,0,Suburb,8216.0,35533.0,1,1,3.56,91.0,Regional Comprehensive,42534.0,62.4,5,0.5,-0.866,86.6,20706.0,11067.0,31773.0,10761.0,1,0.3028,0.747,2545.0,0.2048
OH,1,Suburb,27260.0,142215.0,0,0,3.02,97.0,Regional Comprehensive,31050.0,495.5,2,0.866,0.5,70.8,17385.0,545.0,17930.0,13120.0,1,0.0923,0.5775,0.0,0.1765
WA,0,Suburb,14214.0,92890.0,0,0,3.67,70.0,Regional Comprehensive,46839.0,282.3,1,0.5,0.866,59.0,22438.0,4897.0,27335.0,19504.0,1,0.21,0.5836,5290.0,0.1765
UT,0,Rural,11049.0,33858.0,0,0,3.12,54.0,Community College,17039.0,38.8,6,0.0,-1.0,31.9,1439.0,1179.0,2618.0,14421.0,1,0.4259,0.1536,3372.0,0.1515
AK,0,Rural,8390.0,53828.0,1,1,2.22,16.0,Regional Comprehensive,43133.0,153.9,9,-1.0,-0.0,85.4,6739.0,11296.0,18035.0,25098.0,0,0.4663,0.4181,16708.0,0.2
CA,0,Suburb,66419.0,181629.0,0,0,2.92,40.0,R2 Doctoral,58188.0,285.2,6,0.0,-1.0,50.2,15409.0,0.0,15409.0,42779.0,1,0.2355,0.2648,0.0,0.2444
IL,0,City,27243.0,166580.0,0,0,1.5,26.0,Liberal Arts College,75863.0,87.8,3,1.0,0.0,92.2,10984.0,10523.0,21507.0,54356.0,1,0.3263,0.2835,27113.0,0.0991
TX,0,Suburb,441.0,24432.0,0,1,3.09,56.0,Liberal Arts College,75568.0,26.4,7,-0.5,-0.866,51.9,26302.0,33129.0,59431.0,16137.0,1,0.6605,0.7865,15696.0,0.0889
PA,0,City,14600.0,48364.0,0,0,3.82,97.0,Community College,20728.0,42.6,3,1.0,0.0,62.3,3567.0,953.0,4520.0,16208.0,1,0.3351,0.2181,1608.0,0.0556
NY,0,Suburb,81748.0,251050.0,0,0,3.57,94.0,R1 Research,63995.0,223.9,6,0.0,-1.0,35.8,20839.0,0.0,20839.0,43156.0,1,0.1719,0.3256,0.0,0.1613
TX,0,Rural,16747.0,59972.0,1,0,1.84,26.0,Liberal Arts College,85363.0,20.1,3,1.0,0.0,86.7,15610.0,17914.0,33524.0,51839.0,1,0.8644,0.3927,35092.0,0.098
CO,0,Rural,11869.0,77193.0,1,0,3.35,85.0,Regional Comprehensive,55308.0,27.7,8,-0.866,-0.5,30.3,27877.0,8308.0,36185.0,19123.0,0,0.2477,0.6542,7254.0,0.03
NC,0,Suburb,38355.0,141689.0,1,0,3.49,58.0,Liberal Arts College,79874.0,222.6,12,-0.0,1.0,70.8,29562.0,8359.0,37921.0,41953.0,1,0.2961,0.4748,3598.0,0.0645
AR,0,Suburb,2806.0,25922.0,0,1,3.19,76.0,Regional Comprehensive,43010.0,100.3,8,-0.866,-0.5,81.3,21348.0,15984.0,37332.0,5678.0,1,0.219,0.868,2872.0,0.0789
CA,0,City,4767.0,34386.0,1,1,3.38,66.0,Regional Comprehensive,38510.0,61.0,5,0.5,-0.866,33.2,17232.0,13264.0,30496.0,8014.0,1,0.2331,0.7919,3247.0,0.0541
CA,0,Suburb,20222.0,53580.0,0,0,3.35,91.0,R1 Research,67569.0,75.4,1,0.5,0.866,79.5,22894.0,9354.0,32248.0,35321.0,1,0.6592,0.4773,15099.0,0.088
IL,0,City,36366.0,161027.0,1,0,3.04,47.0,Regional Comprehensive,46649.0,27.0,1,0.5,0.866,92.7,16955.0,2158.0,19113.0,27536.0,1,0.171,0.4097,0.0,0.2308
CA,0,Rural,38248.0,140960.0,0,0,2.86,36.0,Regional Comprehensive,44487.0,210.7,1,0.5,0.866,70.6,10207.0,1417.0,11624.0,32863.0,0,0.2331,0.2613,0.0,0.1607
FL,0,Rural,18458.0,113576.0,0,0,2.82,49.0,R1 Research,71534.0,54.3,4,0.866,-0.5,70.7,17596.0,10795.0,28391.0,43143.0,1,0.3799,0.3969,24685.0,0.2162
DE,0,City,13833.0,61194.0,0,0,3.06,67.0,Community College,18730.0,72.2,2,0.866,0.5,68.8,4012.0,856.0,4868.0,13862.0,1,0.2265,0.2599,29.0,0.0897
TX,0,Suburb,31517.0,152556.0,0,0,3.42,49.0,Regional Comprehensive,42773.0,182.4,1,0.5,0.866,64.0,17094.0,2527.0,19621.0,23152.0,1,0.1518,0.4587,0.0,0.3333
TX,0,Suburb,8631.0,60603.0,1,1,2.21,21.0,R1 Research,71494.0,96.8,2,0.866,0.5,47.5,8181.0,22776.0,30957.0,40537.0,1,0.6689,0.433,31906.0,0.1014
VA,0,Town,21887.0,102553.0,0,0,2.7,30.0,Community College,16981.0,60.5,12,-0.0,1.0,51.9,2082.0,0.0,2082.0,14899.0,1,0.1453,0.1226,0.0,0.0674
NC,0,Suburb,21512.0,130440.0,0,0,3.06,70.0,R2 Doctoral,56594.0,15.7,2,0.866,0.5,56.4,18511.0,6897.0,25408.0,31186.0,0,0.2391,0.449,9674.0,0.0769
VA,0,City,52243.0,229512.0,0,0,2.63,35.0,R1 Research,73408.0,186.4,4,0.866,-0.5,93.9,14988.0,4717.0,19705.0,53703.0,1,0.234,0.2684,1460.0,0.2391
IL,0,Suburb,6386.0,64955.0,0,1,2.56,54.0,R1 Research,84582.0,137.7,12,-0.0,1.0,51.7,19767.0,27071.0,46838.0,37744.0,1,0.5811,0.5538,31358.0,0.0414
LA,0,City,14585.0,52100.0,1,0,3.11,51.0,Regional Comprehensive,41543.0,73.6,1,0.5,0.866,66.2,14597.0,7487.0,22084.0,19459.0,0,0.3735,0.5316,4874.0,0.0849
TX,0,Suburb,25914.0,171863.0,0,0,2.38,36.0,R2 Doctoral,60403.0,42.6,2,0.866,0.5,65.3,14364.0,9137.0,23501.0,36902.0,1,0.2147,0.3891,10988.0,0.1139
OH,1,City,60472.0,181631.0,1,0,2.47,18.0,Community College,21118.0,37.2,5,0.5,-0.866,71.3,1873.0,0.0,1873.0,19245.0,1,0.106,0.0887,0.0,0.0763
IN,0,Suburb,5449.0,45742.0,0,1,3.29,66.0,Regional Comprehensive,43874.0,209.8,7,-0.5,-0.866,43.5,20309.0,20135.0,40444.0,3430.0,1,0.075,0.9218,0.0,0.0964
OK,0,Town,5285.0,30527.0,1,1,2.67,29.0,R2 Doctoral,51998.0,140.4,10,-0.866,0.5,75.8,12782.0,15711.0,28493.0,23505.0,1,0.77,0.548,18220.0,0.2034
PA,0,City,32390.0,162707.0,0,0,2.36,52.0,Regional Comprehensive,51014.0,707.6,6,0.0,-1.0,56.8,14534.0,4766.0,19300.0,31714.0,1,0.1949,0.3783,0.0,0.053
NJ,0,Suburb,2794.0,20743.0,1,1,3.32,82.0,Community College,15748.0,265.6,1,0.5,0.866,80.0,0.0,4309.0,4309.0,11439.0,0,0.5515,0.2736,8645.0,0.2
CA,0,Town,4437.0,19994.0,0,1,2.52,41.0,Community College,16968.0,113.2,2,0.866,0.5,45.7,3551.0,4641.0,8192.0,8776.0,0,0.4389,0.4828,4339.0,0.0652
TX,0,City,11358.0,55761.0,0,0,2.97,68.0,R1 Research,62351.0,275.1,4,0.866,-0.5,57.7,14814.0,12802.0,27616.0,34735.0,1,0.6229,0.4429,23377.0,0.09
CA,0,Suburb,9557.0,67762.0,0,0,2.33,24.0,Community College,17311.0,133.3,1,0.5,0.866,89.6,0.0,1657.0,1657.0,15654.0,1,0.231,0.0957,6097.0,0.2099
MD,0,Suburb,5716.0,29344.0,1,1,3.24,73.0,Regional Comprehensive,43940.0,132.9,1,0.5,0.866,100.0,18507.0,12215.0,30722.0,13218.0,1,0.4504,0.6992,7502.0,0.1348
NY,0,Suburb,20300.0,73846.0,1,0,2.61,40.0,Regional Comprehensive,51675.0,494.2,9,-1.0,-0.0,71.7,14781.0,8395.0,23176.0,28499.0,1,0.3859,0.4485,8199.0,0.1042
MD,0,Town,9196.0,76257.0,0,0,3.87,96.0,Regional Comprehensive,43105.0,49.3,8,-0.866,-0.5,36.4,21167.0,7084.0,28251.0,14854.0,1,0.1948,0.6554,5658.0,0.1951
CA,0,Suburb,8569.0,44539.0,0,1,3.03,59.0,Liberal Arts College,98034.0,129.8,2,0.866,0.5,28.8,34702.0,38654.0,73356.0,24678.0,1,0.5541,0.7483,16109.0,0.0261
OR,0,Suburb,55688.0,272146.0,0,0,2.32,29.0,Regional Comprehensive,49052.0,441.9,4,0.866,-0.5,72.2,10291.0,0.0,10291.0,38761.0,0,0.1424,0.2098,0.0,0.22
LA,0,City,13053.0,85770.0,0,0,3.7,59.0,Liberal Arts College,71961.0,175.3,12,-0.0,1.0,88.6,29220.0,11480.0,40700.0,31261.0,1,0.3645,0.5656,18208.0,0.0893
CA,0,City,38734.0,141848.0,1,0,2.64,34.0,R1 Research,67566.0,86.0,5,0.5,-0.866,56.2,13497.0,5223.0,18720.0,48846.0,1,0.3444,0.2771,10112.0,0.0882
CA,0,City,3616.0,22060.0,0,1,2.8,72.0,R2 Doctoral,57176.0,21.1,7,-0.5,-0.866,54.0,21259.0,28825.0,50084.0,7092.0,1,0.3215,0.876,3476.0,0.0438
CA,0,Rural,10231.0,21923.0,1,0,3.51,74.0,Community College,19191.0,15.0,6,0.0,-1.0,67.3,3294.0,1347.0,4641.0,14550.0,0,0.6637,0.2418,4319.0,0.1951
OR,0,Rural,18952.0,87662.0,0,0,3.41,62.0,Regional Comprehensive,39760.0,1120.9,3,1.0,0.0,100.0,17605.0,4535.0,22140.0,17620.0,0,0.201,0.5568,0.0,0.1753
FL,0,Town,46999.0,239306.0,0,0,3.81,87.0,Liberal Arts College,69696.0,175.2,9,-1.0,-0.0,59.1,31203.0,4437.0,35640.0,34056.0,0,0.1423,0.5114,0.0,0.0971
NJ,0,City,4537.0,30420.0,0,1,2.49,17.0,R1 Research,58077.0,68.6,1,0.5,0.866,66.6,7445.0,18720.0,26165.0,31912.0,0,1.049,0.4505,27375.0,0.1957
OH,1,Suburb,18097.0,69789.0,0,0,2.7,38.0,R1 Research,73827.0,52.9,5,0.5,-0.866,52.6,14556.0,8417.0,22973.0,50854.0,0,0.7287,0.3112,32757.0,0.045
SC,0,Town,5718.0,25867.0,0,1,3.38,73.0,R1 Research,73258.0,46.8,3,1.0,0.0,63.1,23080.0,34624.0,57704.0,15554.0,1,0.6013,0.7877,9836.0,0.0923
NC,0,Suburb,4895.0,37519.0,0,1,2.77,54.0,Liberal Arts College,73883.0,89.5,10,-0.866,0.5,75.2,23772.0,32726.0,56498.0,17385.0,1,0.4634,0.7647,12490.0,0.0552
NC,0,City,14131.0,72333.0,0,0,3.55,81.0,R1 Research,65974.0,47.2,5,0.5,-0.866,47.7,20810.0,10837.0,31647.0,34327.0,0,0.4746,0.4797,20196.0,0.25
SD,0,Rural,3484.0,44149.0,1,1,1.98,37.0,Regional Comprehensive,42490.0,28.7,2,0.866,0.5,83.3,11291.0,19606.0,30897.0,11593.0,0,0.2626,0.7272,8109.0,0.3265
TX,0,City,6701.0,24588.0,0,1,3.46,65.0,R2 Doctoral,47203.0,15.0,8,-0.866,-0.5,74.7,14367.0,16284.0,30651.0,16552.0,0,0.6732,0.6493,9851.0,0.194
LA,0,City,-1367.0,24195.0,0,1,1.79,,R1 Research,73467.0,23.7,3,1.0,0.0,46.9,4819.0,40510.0,45329.0,28138.0,1,1.163,0.617,29505.0,0.037
CA,0,Rural,2495.0,16189.0,1,1,3.18,58.0,Liberal Arts College,84762.0,370.3,9,-1.0,-0.0,74.1,30904.0,26009.0,56913.0,27849.0,0,1.7202,0.6714,25354.0,0.0693
GA,0,Suburb,11615.0,88711.0,1,0,2.6,33.0,Regional Comprehensive,52053.0,45.0,1,0.5,0.866,100.0,14584.0,11088.0,25672.0,26381.0,1,0.2974,0.4932,14766.0,0.4324
CT,0,Suburb,18491.0,96786.0,0,0,2.83,52.0,Community College,20982.0,222.2,3,1.0,0.0,39.2,2871.0,672.0,3543.0,17439.0,1,0.1802,0.1689,0.0,0.0109
TN,0,Suburb,20835.0,96436.0,0,0,2.47,32.0,Liberal Arts College,84484.0,346.0,4,0.866,-0.5,57.6,21215.0,17203.0,38418.0,46066.0,1,0.4777,0.4547,25231.0,0.0547
IN,0,Rural,1099.0,32709.0,1,1,3.78,88.0,Regional Comprehensive,50248.0,128.9,1,0.5,0.866,71.6,26524.0,14849.0,41373.0,8875.0,0,0.2713,0.8234,7776.0,0.1071
FL,0,City,30362.0,129869.0,0,0,3.11,62.0,R1 Research,70598.0,92.6,4,0.866,-0.5,67.2,17711.0,7541.0,25252.0,45346.0,1,0.3492,0.3577,14984.0,0.1064
OH,1,Town,10287.0,104703.0,0,0,3.0,68.0,Regional Comprehensive,24965.0,42.2,10,-0.866,0.5,37.8,12087.0,3641.0,15728.0,9237.0,0,0.0882,0.63,0.0,0.0404
PA,0,Suburb,11446.0,63275.0,0,0,3.11,60.0,Regional Comprehensive,48501.0,81.8,1,0.5,0.866,40.4,17355.0,7844.0,25199.0,23302.0,1,0.3683,0.5196,11856.0,0.036
MI,0,City,15331.0,56223.0,1,0,2.35,34.0,R1 Research,65571.0,448.5,3,1.0,0.0,51.8,11130.0,12699.0,23829.0,41742.0,0,0.7424,0.3634,26411.0,0.0102
GA,0,Suburb,9613.0,39444.0,0,0,2.74,69.0,Regional Comprehensive,44595.0,908.9,9,-1.0,-0.0,57.5,17466.0,7440.0,24906.0,19689.0,1,0.4992,0.5585,10076.0,0.0678
NY,0,Suburb,8755.0,72284.0,0,1,3.05,37.0,Liberal Arts College,66886.0,580.7,1,0.5,0.866,54.5,20770.0,18853.0,39623.0,27263.0,1,0.3772,0.5924,18508.0,0.0303
NY,0,City,39268.0,201676.0,1,0,3.2,66.0,R2 Doctoral,62921.0,15.0,1,0.5,0.866,82.6,20781.0,4069.0,24850.0,38071.0,1,0.1888,0.3949,0.0,0.0706
FL,0,Suburb,37661.0,142808.0,1,0,3.81,85.0,Liberal Arts College,85500.0,80.1,4,0.866,-0.5,86.0,40387.0,12695.0,53082.0,32418.0,1,0.227,0.6208,0.0,0.1014
PA,0,Suburb,11832.0,52341.0,0,0,3.16,63.0,R1 Research,59379.0,127.3,12,-0.0,1.0,37.5,17463.0,9170.0,26633.0,32746.0,1,0.6256,0.4485,20914.0,0.0216
TX,0,Suburb,21186.0,92763.0,0,0,3.82,95.0,Liberal Arts College,78016.0,206.0,6,0.0,-1.0,64.4,38940.0,11613.0,50553.0,27463.0,0,0.2961,0.648,6277.0,0.036
OK,0,Town,13095.0,28480.0,1,0,3.28,56.0,R1 Research,81368.0,20.7,10,-0.866,0.5,60.6,21435.0,17271.0,38706.0,42662.0,0,1.498,0.4757,29567.0,0.0566
WA,0,Town,25969.0,106473.0,1,0,3.59,71.0,Liberal Arts College,75733.0,20.3,11,-0.5,0.866,100.0,31378.0,12912.0,44290.0,31443.0,1,0.2953,0.5848,5474.0,0.2308
TX,0,Suburb,5864.0,34606.0,0,1,2.45,45.0,Regional Comprehensive,44933.0,499.7,4,0.866,-0.5,52.6,13489.0,14331.0,27820.0,17113.0,0,0.4945,0.6191,11249.0,0.0595
IN,0,Suburb,17022.0,103465.0,0,0,2.82,47.0,R1 Research,80700.0,70.4,1,0.5,0.866,70.3,17894.0,10144.0,28038.0,52662.0,1,0.509,0.3474,35640.0,0.0952
KY,0,Suburb,90578.0,533776.0,0,0,2.27,16.0,R1 Research,69618.0,26.6,1,0.5,0.866,98.8,10156.0,0.0,10156.0,59462.0,1,0.1114,0.1459,0.0,0.1905
FL,0,Suburb,7010.0,41756.0,1,1,3.19,73.0,Community College,18786.0,39.8,7,-0.5,-0.866,25.7,568.0,6118.0,6686.0,12100.0,1,0.2898,0.3559,5090.0,0.0435
TX,0,City,106354.0,516287.0,0,0,3.03,65.0,Community College,20964.0,190.9,6,0.0,-1.0,85.0,2278.0,0.0,2278.0,18686.0,1,0.0362,0.1087,0.0,0.0579
CA,0,Suburb,16760.0,89613.0,1,0,2.26,30.0,Regional Comprehensive,40469.0,53.4,2,0.866,0.5,54.9,10120.0,4579.0,14699.0,25770.0,1,0.2876,0.3632,9010.0,0.1463
CA,0,City,-1215.0,36690.0,1,1,2.98,61.0,Regional Comprehensive,41924.0,163.3,8,-0.866,-0.5,34.5,17246.0,16661.0,33907.0,8017.0,0,0.2185,0.8088,9232.0,0.0864
CO,0,Suburb,8391.0,35499.0,1,1,2.78,55.0,Community College,14723.0,45.3,2,0.866,0.5,71.7,2542.0,2984.0,5526.0,9197.0,1,0.2591,0.3753,806.0,0.0543
DE,0,Rural,92123.0,345507.0,0,0,3.96,91.0,R1 Research,90071.0,20.3,4,0.866,-0.5,63.9,34471.0,0.0,34471.0,55600.0,1,0.1609,0.3827,0.0,0.0755
CA,0,Suburb,13122.0,89765.0,0,0,2.39,37.0,Regional Comprehensive,45529.0,565.4,3,1.0,0.0,72.2,12487.0,7552.0,20039.0,25490.0,0,0.284,0.4401,12368.0,0.1111
WI,0,Suburb,11419.0,41872.0,1,0,2.7,29.0,Regional Comprehensive,49726.0,192.5,7,-0.5,-0.866,75.1,11647.0,7683.0,19330.0,30396.0,0,0.7259,0.3887,18977.0,0.1356
CA,0,Suburb,5837.0,54367.0,0,1,3.18,60.0,R2 Doctoral,48843.0,89.2,6,0.0,-1.0,56.5,16346.0,16227.0,32573.0,16270.0,0,0.2993,0.6669,10433.0,0.0246
VA,0,Suburb,21668.0,85833.0,0,0,3.67,94.0,R2 Doctoral,63435.0,73.3,10,-0.866,0.5,86.5,26006.0,9033.0,35039.0,28396.0,1,0.3308,0.5524,6728.0,0.1098
WI,0,Suburb,10085.0,62550.0,1,0,1.89,42.0,Community College,18264.0,589.9,2,0.866,0.5,91.1,0.0,1929.0,1929.0,16335.0,1,0.2612,0.1056,6250.0,0.0854
PA,0,Suburb,19397.0,80745.0,0,0,2.77,49.0,Liberal Arts College,90769.0,235.8,3,1.0,0.0,69.3,27156.0,15026.0,42182.0,48587.0,1,0.6017,0.4647,29190.0,0.1029
CA,0,Town,39574.0,225709.0,0,0,2.71,33.0,Regional Comprehensive,44094.0,422.4,2,0.866,0.5,68.5,12957.0,1096.0,14053.0,30041.0,1,0.1331,0.3187,0.0,0.0576
WA,0,City,1502.0,27941.0,0,1,3.66,76.0,Regional Comprehensive,40122.0,68.6,4,0.866,-0.5,81.6,17482.0,14246.0,31728.0,8394.0,1,0.3004,0.7908,6892.0,0.0762
SD,0,Suburb,8557.0,100121.0,0,1,3.25,46.0,Regional Comprehensive,49890.0,133.6,1,0.5,0.866,63.8,20064.0,14271.0,34335.0,15555.0,1,0.1554,0.6882,6998.0,0.1333
FL,0,Suburb,19357.0,59725.0,0,0,2.49,45.0,Liberal Arts College,77596.0,193.3,11,-0.5,0.866,31.9,22221.0,12491.0,34712.0,42884.0,1,0.718,0.4473,23527.0,0.1842
TX,0,Town,15164.0,43945.0,0,0,3.4,72.0,Liberal Arts College,65274.0,71.1,2,0.866,0.5,60.2,28703.0,9519.0,38222.0,27052.0,0,0.6156,0.5856,11888.0,0.0352
TX,0,Rural,29218.0,136212.0,0,0,2.87,39.0,Regional Comprehensive,37598.0,114.6,2,0.866,0.5,56.1,14361.0,2238.0,16599.0,20999.0,1,0.1542,0.4415,0.0,0.0522
NJ,0,Town,2152.0,21977.0,0,1,4.0,91.0,R1 Research,75736.0,68.7,3,1.0,0.0,63.8,28874.0,33004.0,61878.0,13858.0,1,0.6306,0.817,11706.0,0.125
WA,0,Suburb,87.0,11455.0,0,1,2.55,48.0,R1 Research,71751.0,192.6,2,0.866,0.5,40.9,14424.0,28405.0,42829.0,28922.0,0,2.5248,0.5969,28835.0,0.1064
MN,0,City,13447.0,73988.0,1,0,3.49,75.0,Liberal Arts College,79059.0,31.6,6,0.0,-1.0,43.7,32126.0,16964.0,49090.0,29969.0,0,0.4051,0.6209,16522.0,0.0403
WI,0,Suburb,7150.0,56983.0,0,1,2.42,25.0,Liberal Arts College,79338.0,231.0,11,-0.5,0.866,74.8,16361.0,38631.0,54992.0,24346.0,1,0.4273,0.6931,17196.0,0.047
UT,0,Town,-808.0,23765.0,1,1,3.39,84.0,Regional Comprehensive,44358.0,175.6,4,0.866,-0.5,65.8,21425.0,17943.0,39368.0,4990.0,0,0.21,0.8875,5798.0,0.2419
SC,0,Rural,8079.0,18369.0,0,1,3.29,71.0,R1 Research,75419.0,102.3,9,-1.0,-0.0,50.9,21232.0,30400.0,51632.0,23787.0,0,1.295,0.6846,15708.0,0.1111
FL,0,Town,43164.0,252725.0,0,0,3.59,68.0,Liberal Arts College,84209.0,203.1,2,0.866,0.5,54.6,33390.0,7736.0,41126.0,43083.0,1,0.1705,0.4884,0.0,0.0549
NJ,0,City,11526.0,87849.0,0,0,3.66,81.0,Regional Comprehensive,44331.0,86.4,3,1.0,0.0,58.6,22603.0,6808.0,29411.0,14920.0,0,0.1698,0.6634,3394.0,0.0472
NY,0,Town,15658.0,63841.0,0,0,3.09,32.0,Liberal Arts College,82192.0,62.7,11,-0.5,0.866,57.3,24292.0,14418.0,38710.0,43482.0,0,0.6811,0.471,27824.0,0.12
NY,0,Rural,61040.0,305766.0,0,0,3.55,80.0,Liberal Arts College,82725.0,224.3,1,0.5,0.866,33.5,35293.0,3882.0,39175.0,43550.0,1,0.1424,0.4736,0.0,0.0345
MS,0,Suburb,18478.0,131385.0,0,0,3.68,99.0,Community College,21674.0,234.7,4,0.866,-0.5,53.4,2639.0,810.0,3449.0,18225.0,0,0.1387,0.1591,0.0,0.0806
TN,0,Suburb,52755.0,225005.0,1,0,2.45,49.0,R1 Research,51908.0,74.4,10,-0.866,0.5,62.7,8619.0,0.0,8619.0,43289.0,1,0.1924,0.166,0.0,0.0672
NH,0,Suburb,2754.0,26915.0,1,1,2.86,48.0,Regional Comprehensive,43066.0,68.0,5,0.5,-0.866,61.0,14753.0,20406.0,35159.0,7907.0,0,0.2938,0.8164,5153.0,0.2381
OH,1,Suburb,4409.0,26199.0,1,1,2.51,40.0,Liberal Arts College,68510.0,30.3,1,0.5,0.866,35.9,17871.0,20007.0,37878.0,30632.0,0,1.1692,0.5529,26223.0,0.0204
MI,0,City,22184.0,98154.0,0,0,3.28,74.0,R2 Doctoral,68574.0,71.0,1,0.5,0.866,63.7,27226.0,11975.0,39201.0,29373.0,1,0.2993,0.5717,7189.0,0.113
NC,0,City,27872.0,84833.0,1,0,2.85,58.0,Liberal Arts College,88812.0,628.4,10,-0.866,0.5,58.6,30111.0,16040.0,46151.0,42661.0,0,0.5029,0.5196,14789.0,0.0427
CA,0,Town,29705.0,154779.0,0,0,3.51,74.0,R2 Doctoral,63215.0,176.6,3,1.0,0.0,49.0,23487.0,6212.0,29699.0,33516.0,0,0.2165,0.4698,3811.0,0.1081
FL,0,Rural,290.0,19454.0,0,1,2.73,17.0,Regional Comprehensive,56958.0,128.7,3,1.0,0.0,44.9,13809.0,28521.0,42330.0,14628.0,0,0.7519,0.7432,14338.0,0.0667
MI,0,Rural,21832.0,104463.0,0,0,2.39,28.0,Liberal Arts College,76148.0,47.6,1,0.5,0.866,66.9,17091.0,9263.0,26354.0,49794.0,1,0.4767,0.3461,27962.0,0.1316
CA,0,Suburb,27387.0,128319.0,0,0,3.1,52.0,Community College,24178.0,275.3,3,1.0,0.0,63.5,1460.0,0.0,1460.0,22718.0,1,0.177,0.0604,0.0,0.0476
MS,0,City,21136.0,123506.0,0,0,3.65,79.0,Community College,20708.0,66.7,3,1.0,0.0,69.9,2712.0,0.0,2712.0,17996.0,1,0.1457,0.131,0.0,0.1778
TX,0,City,7995.0,46966.0,1,1,1.91,5.0,Community College,16550.0,63.8,9,-1.0,-0.0,97.6,0.0,4686.0,4686.0,11864.0,1,0.2526,0.2831,3869.0,0.2368
TX,0,Town,16368.0,91437.0,0,0,2.44,42.0,Liberal Arts College,59899.0,285.2,1,0.5,0.866,73.7,16434.0,8497.0,24931.0,34968.0,1,0.3824,0.4162,18600.0,0.1154
CO,0,Suburb,6939.0,36009.0,0,1,3.93,99.0,Regional Comprehensive,43980.0,190.3,5,0.5,-0.866,46.7,24887.0,11981.0,36868.0,7112.0,0,0.1975,0.8383,173.0,0.0667
CA,0,Rural,15168.0,50974.0,1,0,2.42,46.0,Liberal Arts College,83613.0,15.0,12,-0.0,1.0,80.1,25023.0,18534.0,43557.0,40056.0,0,0.7858,0.5209,24888.0,0.1143
IA,0,Suburb,4091.0,29705.0,1,1,3.07,58.0,Liberal Arts College,74347.0,107.4,2,0.866,0.5,61.9,26409.0,25719.0,52128.0,22219.0,0,0.748,0.7011,18128.0,0.0472
MD,0,Suburb,9302.0,36452.0,0,0,3.01,76.0,Community College,19294.0,144.6,7,-0.5,-0.866,53.5,918.0,2521.0,3439.0,15855.0,0,0.435,0.1782,6553.0,0.2424
CA,0,Town,7424.0,52918.0,0,1,2.63,54.0,R2 Doctoral,67502.0,88.7,1,0.5,0.866,47.1,14867.0,32487.0,47354.0,20148.0,1,0.3807,0.7015,12724.0,0.0575
IN,0,City,7497.0,44202.0,1,1,3.13,70.0,Liberal Arts College,77457.0,149.9,4,0.866,-0.5,75.0,28483.0,35765.0,64248.0,13209.0,1,0.2988,0.8295,5712.0,0.4
AZ,0,Rural,1409.0,36449.0,1,1,3.54,69.0,R2 Doctoral,67786.0,18.9,3,1.0,0.0,60.2,26199.0,22414.0,48613.0,19173.0,1,0.526,0.7172,17764.0,0.1569
WI,0,Suburb,10759.0,24693.0,0,0,2.5,35.0,R1 Research,78963.0,15.0,7,-0.5,-0.866,73.9,16325.0,9783.0,26108.0,52855.0,0,2.1405,0.3306,42096.0,0.0504
LA,0,City,69295.0,258329.0,0,0,3.05,65.0,Liberal Arts College,87657.0,45.5,12,-0.0,1.0,64.2,32669.0,4926.0,37595.0,50062.0,1,0.1938,0.4289,0.0,0.0531
MO,0,City,9838.0,43897.0,1,0,2.64,70.0,Regional Comprehensive,43987.0,170.4,8,-0.866,-0.5,46.1,15705.0,9206.0,24911.0,19076.0,0,0.4346,0.5663,9238.0,0.2333
VA,0,Rural,14601.0,79824.0,0,0,3.16,81.0,Regional Comprehensive,44669.0,15.0,1,0.5,0.866,46.4,20529.0,5288.0,25817.0,18852.0,0,0.2362,0.578,4251.0,0.1081
NY,0,Suburb,1260.0,17739.0,1,1,2.75,54.0,Regional Comprehensive,45077.0,52.3,9,-1.0,-0.0,64.8,12025.0,19864.0,31889.0,13188.0,0,0.7434,0.7074,11928.0,0.1087
IN,0,Town,42225.0,167294.0,0,0,3.05,60.0,R2 Doctoral,55474.0,16.8,1,0.5,0.866,86.0,18249.0,1972.0,20221.0,35253.0,1,0.2107,0.3645,0.0,0.2564
NE,0,Town,14408.0,70994.0,0,0,2.99,65.0,Regional Comprehensive,47929.0,98.2,6,0.0,-1.0,78.2,19901.0,7416.0,27317.0,20612.0,1,0.2903,0.5699,6204.0,0.0899
VA,0,Suburb,9817.0,45725.0,1,0,3.42,79.0,R1 Research,83617.0,989.9,1,0.5,0.866,95.0,24738.0,17772.0,42510.0,41107.0,0,0.899,0.5084,31290.0,0.05
TN,0,Town,10154.0,46014.0,0,0,2.88,71.0,Liberal Arts College,101626.0,100.9,10,-0.866,0.5,58.5,39629.0,16309.0,55938.0,45688.0,0,0.9929,0.5504,35534.0,0.1607
OH,1,Rural,20622.0,117710.0,0,0,2.95,40.0,Regional Comprehensive,27855.0,32.8,11,-0.5,0.866,71.1,11058.0,1206.0,12264.0,15591.0,1,0.1325,0.4403,0.0,0.2105
WI,0,City,5462.0,7508.0,1,1,2.56,39.0,Regional Comprehensive,44994.0,305.8,6,0.0,-1.0,83.7,14038.0,14987.0,29025.0,15969.0,0,2.1269,0.6451,10507.0,0.0769
VT,0,Town,3527.0,34772.0,0,1,3.65,90.0,R1 Research,80953.0,129.6,2,0.866,0.5,99.1,28336.0,41866.0,70202.0,10751.0,1,0.3092,0.8672,7224.0,0.1683
TX,0,Suburb,7479.0,57772.0,1,1,3.12,79.0,Regional Comprehensive,45277.0,101.1,1,0.5,0.866,75.2,14913.0,11164.0,26077.0,19200.0,0,0.3323,0.5759,11721.0,0.1048
TX,0,Suburb,13252.0,57295.0,0,0,2.47,61.0,Regional Comprehensive,39169.0,335.2,2,0.866,0.5,56.2,14081.0,4615.0,18696.0,20473.0,0,0.3573,0.4773,7221.0,0.1951
MI,0,Suburb,74020.0,382248.0,0,0,3.34,50.0,Regional Comprehensive,48577.0,208.0,2,0.866,0.5,83.9,19795.0,0.0,19795.0,28782.0,1,0.0753,0.4075,0.0,0.2419
NC,0,Rural,1877.0,49362.0,0,1,2.52,28.0,Community College,16992.0,171.6,4,0.866,-0.5,37.6,1114.0,6218.0,7332.0,9660.0,0,0.1957,0.4315,7783.0,0.0168
VA,0,City,19741.0,128407.0,1,0,3.8,85.0,Liberal Arts College,78962.0,109.5,1,0.5,0.866,87.6,38590.0,16186.0,54776.0,24186.0,0,0.1884,0.6937,4445.0,0.093
CA,0,Suburb,35849.0,231977.0,0,0,2.87,35.0,Community College,23302.0,88.1,9,-1.0,-0.0,81.1,2293.0,0.0,2293.0,21009.0,0,0.0906,0.0984,0.0,0.0699
IL,0,Suburb,19177.0,102012.0,0,0,3.13,82.0,Liberal Arts College,84057.0,331.9,4,0.866,-0.5,79.8,35511.0,14819.0,50330.0,33727.0,0,0.3306,0.5988,14550.0,0.1837
VA,0,City,8239.0,38749.0,0,1,3.01,58.0,R2 Doctoral,59783.0,89.0,4,0.866,-0.5,44.6,19931.0,14277.0,34208.0,25575.0,0,0.66,0.5722,17336.0,0.0244
VA,0,Town,4554.0,24963.0,1,1,3.06,73.0,Regional Comprehensive,51718.0,461.6,6,0.0,-1.0,67.7,21687.0,13893.0,35580.0,16138.0,0,0.6465,0.688,11584.0,0.1136
MA,0,Rural,17755.0,107657.0,1,0,2.91,50.0,Liberal Arts College,75758.0,42.2,1,0.5,0.866,87.8,23279.0,10597.0,33876.0,41882.0,1,0.389,0.4472,24127.0,0.1264
MO,0,City,41123.0,205750.0,0,0,3.71,88.0,Regional Comprehensive,46540.0,571.0,5,0.5,-0.866,70.1,23479.0,1361.0,24840.0,21700.0,1,0.1055,0.5337,0.0,0.1
MA,0,City,40066.0,93255.0,0,0,3.38,53.0,Community College,18555.0,208.0,3,1.0,0.0,63.1,1605.0,0.0,1605.0,16950.0,1,0.1818,0.0865,0.0,0.0476
MN,0,Rural,35416.0,152983.0,0,0,2.18,11.0,Regional Comprehensive,48536.0,45.8,3,1.0,0.0,66.3,9567.0,3018.0,12585.0,35951.0,1,0.235,0.2593,535.0,0.2195
AZ,0,City,102065.0,406851.0,0,0,3.06,45.0,Regional Comprehensive,39008.0,216.2,5,0.5,-0.866,100.0,12046.0,0.0,12046.0,26962.0,0,0.0663,0.3088,0.0,0.1733
MI,0,City,24293.0,115026.0,0,0,3.77,63.0,R1 Research,64013.0,64.0,2,0.866,0.5,45.5,20743.0,5911.0,26654.0,37359.0,0,0.3248,0.4164,13066.0,0.0649
WA,0,Rural,4357.0,28497.0,0,1,3.59,92.0,R1 Research,72297.0,131.2,1,0.5,0.866,41.4,25259.0,25870.0,51129.0,21168.0,0,0.7428,0.7072,16811.0,0.0333
CA,0,Rural,7165.0,65301.0,0,1,3.14,61.0,R1 Research,77430.0,76.0,3,1.0,0.0,45.5,22202.0,29369.0,51571.0,25859.0,1,0.396,0.666,18694.0,0.0417
FL,0,Suburb,29853.0,168814.0,0,0,2.41,47.0,R1 Research,89134.0,110.2,1,0.5,0.866,100.0,17711.0,15713.0,33424.0,55710.0,1,0.33,0.375,25857.0,0.1026
MI,0,Suburb,-889.0,52621.0,1,1,2.85,49.0,Liberal Arts College,68064.0,340.5,1,0.5,0.866,81.2,19424.0,31436.0,50860.0,17204.0,0,0.3269,0.7472,18093.0,0.0541
OK,0,Rural,36739.0,186113.0,0,0,3.53,91.0,R1 Research,71421.0,218.4,7,-0.5,-0.866,48.8,22292.0,9570.0,31862.0,39559.0,1,0.2126,0.4461,2820.0,0.0583
TN,0,Suburb,7386.0,59982.0,0,1,3.11,72.0,R1 Research,74298.0,38.9,5,0.5,-0.866,100.0,20107.0,25445.0,45552.0,28746.0,1,0.4792,0.6131,21360.0,0.0909
CA,0,Suburb,18093.0,80076.0,1,0,3.43,71.0,Regional Comprehensive,39826.0,41.3,1,0.5,0.866,47.7,16058.0,4048.0,20106.0,19720.0,0,0.2463,0.5048,1627.0,0.1228
VA,0,Town,20049.0,48897.0,1,0,3.06,61.0,Community College,17128.0,168.4,4,0.866,-0.5,54.8,0.0,0.0,0.0,17128.0,1,0.3503,0.0,0.0,0.0484
FL,0,Suburb,15852.0,70606.0,0,0,2.73,50.0,R1 Research,55841.0,181.7,11,-0.5,0.866,34.0,12773.0,7663.0,20436.0,35405.0,0,0.5014,0.366,19553.0,0.0068
MD,0,Suburb,10471.0,73347.0,0,0,3.65,95.0,Regional Comprehensive,47493.0,62.4,11,-0.5,0.866,56.5,25584.0,6977.0,32561.0,14932.0,1,0.2036,0.6856,4461.0,0.0087
LA,0,Suburb,-1500.0,19769.0,0,1,3.42,71.0,R2 Doctoral,51171.0,673.7,3,1.0,0.0,70.8,19044.0,21001.0,40045.0,11126.0,1,0.5628,0.7826,12626.0,0.0753
VA,0,Suburb,12126.0,45801.0,1,0,3.23,69.0,Community College,22068.0,297.7,11,-0.5,0.866,61.8,4883.0,2340.0,7223.0,14845.0,0,0.3241,0.3273,2719.0,0.0699
VA,0,Suburb,-470.0,25902.0,0,1,3.32,49.0,Regional Comprehensive,46884.0,65.7,10,-0.866,0.5,77.6,17472.0,13519.0,30991.0,15893.0,1,0.6136,0.661,16363.0,0.0738
PA,0,Suburb,13985.0,46952.0,0,0,3.16,50.0,Regional Comprehensive,44134.0,59.4,1,0.5,0.866,56.9,15698.0,8256.0,23954.0,20180.0,0,0.4298,0.5428,6195.0,0.1167
OH,1,Suburb,15472.0,35507.0,0,0,2.7,35.0,Regional Comprehensive,27624.0,28.9,2,0.866,0.5,58.1,7570.0,1971.0,9541.0,18083.0,1,0.5093,0.3454,2611.0,0.1167
OR,0,Town,26863.0,130419.0,1,0,2.89,58.0,Community College,19960.0,89.4,2,0.866,0.5,72.7,3314.0,0.0,3314.0,16646.0,0,0.1276,0.166,0.0,0.0857
MD,0,Suburb,25815.0,131511.0,0,0,3.37,61.0,Regional Comprehensive,43855.0,473.8,1,0.5,0.866,97.2,15976.0,3283.0,19259.0,24596.0,0,0.187,0.4392,0.0,0.3667
MI,0,City,15933.0,94222.0,0,0,1.62,5.0,Community College,20348.0,356.2,4,0.866,-0.5,69.7,0.0,744.0,744.0,19604.0,1,0.2081,0.0366,3671.0,0.0706
PA,0,City,1429.0,25268.0,1,1,3.32,66.0,Regional Comprehensive,50197.0,131.5,5,0.5,-0.866,59.3,21495.0,23138.0,44633.0,5564.0,1,0.2202,0.8892,4135.0,0.2
CA,0,City,13861.0,58650.0,1,0,2.14,23.0,Liberal Arts College,69408.0,258.2,1,0.5,0.866,82.5,14280.0,9406.0,23686.0,45722.0,0,0.7796,0.3413,31861.0,0.2326
TX,0,Town,1541.0,23861.0,0,1,3.66,92.0,R1 Research,68099.0,300.7,5,0.5,-0.866,56.6,24523.0,29163.0,53686.0,14413.0,0,0.604,0.7884,12872.0,0.0805
TX,0,Suburb,17592.0,56610.0,0,0,2.43,36.0,R1 Research,83514.0,134.7,2,0.866,0.5,67.8,15272.0,16744.0,32016.0,51498.0,1,0.9097,0.3834,33906.0,0.1134
PA,0,City,20046.0,100322.0,0,0,3.1,56.0,Regional Comprehensive,51258.0,193.4,2,0.866,0.5,60.0,22086.0,7543.0,29629.0,21629.0,1,0.2156,0.578,1583.0,0.0083
KS,0,Town,52086.0,128581.0,0,0,3.28,72.0,R2 Doctoral,50209.0,236.5,1,0.5,0.866,42.0,19868.0,0.0,19868.0,30341.0,1,0.236,0.3957,0.0,0.0248
NC,0,City,24320.0,88473.0,0,0,3.53,97.0,R1 Research,64449.0,211.4,1,0.5,0.866,52.3,19104.0,7102.0,26206.0,38243.0,1,0.4323,0.4066,13923.0,0.0347
FL,0,City,26831.0,155764.0,0,0,3.83,88.0,R2 Doctoral,50902.0,55.9,6,0.0,-1.0,87.0,20529.0,5460.0,25989.0,24913.0,1,0.1599,0.5106,0.0,0.0763
CA,0,Town,12149.0,75889.0,1,0,3.43,55.0,R2 Doctoral,57427.0,62.2,2,0.866,0.5,72.5,16777.0,8931.0,25708.0,31719.0,0,0.418,0.4477,19570.0,0.0493
PA,0,Suburb,9882.0,53201.0,1,0,2.93,35.0,Regional Comprehensive,38739.0,93.6,12,-0.0,1.0,60.8,12032.0,5515.0,17547.0,21192.0,1,0.3983,0.453,11310.0,0.0759
AL,0,Town,31762.0,118070.0,1,0,2.92,48.0,R1 Research,72302.0,60.3,11,-0.5,0.866,59.6,16864.0,10403.0,27267.0,45035.0,1,0.3814,0.3771,13273.0,0.3077
IL,0,Town,21115.0,120893.0,0,0,1.5,,Community College,18900.0,27.0,1,0.5,0.866,58.7,3175.0,0.0,3175.0,15725.0,1,0.1301,0.168,0.0,0.0602
CO,0,Rural,3684.0,43157.0,0,1,2.82,17.0,R2 Doctoral,52314.0,257.7,10,-0.866,0.5,56.6,9953.0,15834.0,25787.0,26527.0,0,0.6147,0.4929,22843.0,0.0562
SC,0,City,13479.0,82691.0,0,0,2.47,31.0,Community College,19225.0,182.3,6,0.0,-1.0,52.6,152.0,1581.0,1733.0,17492.0,1,0.2115,0.0901,4013.0,0.0364
CA,0,Town,18677.0,50924.0,1,0,2.82,53.0,Regional Comprehensive,45397.0,31.0,3,1.0,0.0,70.7,16288.0,5131.0,21419.0,23978.0,1,0.4709,0.4718,5301.0,0.0593
WA,0,Town,3938.0,14821.0,1,1,2.74,63.0,Liberal Arts College,73429.0,98.4,2,0.866,0.5,48.0,23822.0,36317.0,60139.0,13290.0,0,0.8967,0.819,9352.0,0.0959
WV,0,City,14807.0,86412.0,0,0,3.45,72.0,Liberal Arts College,93811.0,104.4,4,0.866,-0.5,73.6,38556.0,15981.0,54537.0,39274.0,1,0.4545,0.5813,24467.0,0.0984
IL,0,Rural,-1500.0,24784.0,0,1,2.93,56.0,R2 Doctoral,53555.0,153.4,11,-0.5,0.866,53.5,18149.0,22312.0,40461.0,13094.0,0,0.5283,0.7555,14594.0,0.0547
CA,0,Suburb,19252.0,79724.0,0,0,3.05,64.0,Regional Comprehensive,45189.0,40.7,1,0.5,0.866,40.7,19082.0,6871.0,25953.0,19236.0,1,0.2413,0.5743,0.0,0.0455
AR,0,Rural,712.0,20839.0,0,1,2.56,39.0,R2 Doctoral,52387.0,30.6,11,-0.5,0.866,49.6,14673.0,25949.0,40622.0,11765.0,1,0.5646,0.7754,11053.0,0.0897
CT,0,Suburb,13442.0,37490.0,1,0,3.77,76.0,Community College,21425.0,218.7,6,0.0,-1.0,56.2,1098.0,1322.0,2420.0,19005.0,0,0.5069,0.113,5563.0,0.08
MI,0,Suburb,6810.0,46065.0,0,1,3.14,89.0,Community College,16165.0,25.3,1,0.5,0.866,81.8,3105.0,3403.0,6508.0,9657.0,1,0.2096,0.4026,2847.0,0.1636
NJ,0,City,37460.0,149528.0,0,0,2.65,29.0,Regional Comprehensive,45669.0,99.2,4,0.866,-0.5,58.0,12327.0,1611.0,13938.0,31731.0,1,0.2122,0.3052,0.0,0.0952
FL,0,Rural,8781.0,42867.0,0,1,3.14,66.0,Regional Comprehensive,40918.0,90.0,1,0.5,0.866,49.5,20284.0,14970.0,35254.0,5664.0,1,0.1321,0.8616,0.0,0.1282
AL,0,Suburb,4933.0,29028.0,0,1,3.79,75.0,R2 Doctoral,45711.0,111.3,6,0.0,-1.0,23.3,19805.0,17815.0,37620.0,8091.0,0,0.2787,0.823,3158.0,0.0678
NC,0,City,26400.0,81824.0,1,0,1.5,,R2 Doctoral,51984.0,165.2,1,0.5,0.866,57.2,4845.0,5608.0,10453.0,41531.0,1,0.5076,0.2011,15131.0,0.1429
CA,0,City,7811.0,53840.0,0,1,2.72,50.0,R1 Research,66285.0,678.8,3,1.0,0.0,83.1,16286.0,27006.0,43292.0,22993.0,1,0.4271,0.6531,15182.0,0.0294
TN,0,Town,26568.0,111213.0,0,0,2.14,20.0,Regional Comprehensive,47418.0,23.6,1,0.5,0.866,72.0,10713.0,3313.0,14026.0,33392.0,1,0.3003,0.2958,6824.0,0.1224
NM,0,City,5614.0,30377.0,0,1,2.45,18.0,Liberal Arts College,68541.0,318.1,12,-0.0,1.0,38.1,15459.0,27979.0,43438.0,25103.0,0,0.8264,0.6338,19489.0,0.102
LA,0,Suburb,17836.0,73263.0,0,0,2.49,31.0,Regional Comprehensive,35663.0,15.0,2,0.866,0.5,59.6,10207.0,3566.0,13773.0,21890.0,1,0.2988,0.3862,4054.0,0.2667
NY,0,Suburb,68158.0,372536.0,0,0,1.56,15.0,Regional Comprehensive,36053.0,547.4,4,0.866,-0.5,62.4,4946.0,0.0,4946.0,31107.0,1,0.0835,0.1372,0.0,0.1111
CA,0,City,15809.0,52983.0,0,0,3.38,50.0,R1 Research,73464.0,15.0,2,0.866,0.5,91.0,18087.0,13343.0,31430.0,42034.0,0,0.7933,0.4278,26225.0,0.1842
KS,0,Suburb,10175.0,72002.0,0,0,2.72,66.0,Regional Comprehensive,47105.0,1636.1,4,0.866,-0.5,61.1,18892.0,6603.0,25495.0,21610.0,1,0.3001,0.5412,11435.0,0.25
KS,0,City,2283.0,19035.0,1,1,3.91,91.0,Regional Comprehensive,45790.0,84.1,1,0.5,0.866,58.1,23549.0,23404.0,43500.0,2290.0,1,0.1203,0.95,7.0,0.1205
MI,0,Rural,6102.0,34059.0,1,1,3.33,77.0,R1 Research,68173.0,491.2,7,-0.5,-0.866,68.6,20898.0,17952.0,38850.0,29323.0,1,0.8609,0.5699,23221.0,0.0584
MA,0,Rural,23622.0,87641.0,0,0,3.6,64.0,R1 Research,74848.0,395.5,1,0.5,0.866,75.1,22566.0,11200.0,33766.0,41082.0,1,0.4688,0.4511,17460.0,0.1591
GA,0,City,4393.0,49636.0,1,1,3.15,59.0,Regional Comprehensive,36685.0,80.1,12,-0.0,1.0,71.5,13458.0,15479.0,28937.0,7748.0,1,0.1561,0.7888,3355.0,0.2619
OH,1,Suburb,17177.0,97968.0,1,0,3.65,71.0,Liberal Arts College,42866.0,25.1,5,0.5,-0.866,77.4,18947.0,5774.0,24721.0,18145.0,1,0.1852,0.5767,968.0,0.0899
CA,0,Suburb,22413.0,85473.0,0,0,3.44,76.0,R2 Doctoral,47254.0,52.6,11,-0.5,0.866,93.2,18495.0,6506.0,25001.0,22253.0,0,0.2604,0.5291,0.0,0.089
CA,0,Rural,1976.0,24368.0,1,1,2.86,35.0,R1 Research,70378.0,289.6,1,0.5,0.866,45.9,13674.0,26268.0,39942.0,30436.0,0,1.249,0.5675,28460.0,0.0336
FL,0,Suburb,24651.0,130747.0,0,0,3.64,71.0,Regional Comprehensive,48517.0,81.2,2,0.866,0.5,60.4,23490.0,6148.0,29638.0,18879.0,1,0.1444,0.6109,0.0,0.0421
LA,0,Suburb,1143.0,25726.0,0,1,3.21,90.0,Regional Comprehensive,40469.0,53.6,4,0.866,-0.5,60.7,17643.0,14690.0,32333.0,8136.0,1,0.3163,0.799,6993.0,0.0625
TX,0,Rural,11968.0,36289.0,1,0,3.04,65.0,R2 Doctoral,50637.0,222.7,5,0.5,-0.866,40.9,15352.0,9625.0,24977.0,25660.0,1,0.7071,0.4933,13692.0,0.0345
FL,0,City,22372.0,74253.0,1,0,3.19,67.0,Community College,20578.0,49.4,9,-1.0,-0.0,40.3,2624.0,0.0,2624.0,17954.0,0,0.2418,0.1275,0.0,0.2093
NJ,0,Suburb,38910.0,194513.0,0,0,3.55,81.0,Regional Comprehensive,43120.0,89.7,1,0.5,0.866,58.9,19038.0,614.0,19652.0,23468.0,1,0.1207,0.4558,0.0,0.0405
FL,0,City,3714.0,30553.0,0,1,2.58,58.0,Community College,19452.0,141.8,7,-0.5,-0.866,51.6,3951.0,7131.0,11082.0,8370.0,0,0.274,0.5697,4656.0,0.0519
TX,0,Suburb,10665.0,70006.0,0,0,3.64,78.0,Community College,19247.0,64.5,4,0.866,-0.5,51.6,2244.0,1883.0,4127.0,15120.0,0,0.216,0.2144,4455.0,0.0595
NJ,0,Suburb,18085.0,70427.0,0,0,2.42,45.0,Liberal Arts College,64538.0,75.6,12,-0.0,1.0,21.4,15819.0,8307.0,24126.0,40412.0,0,0.5738,0.3738,22327.0,0.0182
PA,0,Rural,22774.0,101043.0,1,0,3.35,38.0,R2 Doctoral,66763.0,635.0,9,-1.0,-0.0,40.2,19346.0,10242.0,29588.0,37175.0,1,0.3679,0.4432,14401.0,0.1915
AZ,0,Suburb,33883.0,147636.0,0,0,2.55,36.0,Liberal Arts College,68163.0,102.2,2,0.866,0.5,52.4,20596.0,8397.0,28993.0,39170.0,1,0.2653,0.4253,5287.0,0.3125
NV,0,City,7765.0,47055.0,1,1,3.26,61.0,Regional Comprehensive,53542.0,86.9,1,0.5,0.866,63.1,20300.0,15037.0,35337.0,18205.0,1,0.3869,0.66,10440.0,0.1071
TX,0,Town,22175.0,130422.0,1,0,3.28,59.0,R2 Doctoral,59278.0,105.4,4,0.866,-0.5,69.9,19245.0,9047.0,28292.0,30986.0,0,0.2376,0.4773,8811.0,0.1083
NV,0,Town,26084.0,164034.0,0,0,3.11,69.0,R1 Research,74454.0,204.2,4,0.866,-0.5,56.0,21469.0,12826.0,34295.0,40159.0,1,0.2448,0.4606,14075.0,0.1096
IA,0,Suburb,45031.0,227397.0,0,0,2.23,24.0,R1 Research,58588.0,42.8,10,-0.866,0.5,43.2,10951.0,3602.0,14553.0,44035.0,1,0.1936,0.2484,0.0,0.0775
LA,0,Town,16380.0,90344.0,0,0,2.19,22.0,Regional Comprehensive,46540.0,198.4,1,0.5,0.866,69.7,8661.0,4538.0,13199.0,33341.0,1,0.369,0.2836,16961.0,0.037
AZ,0,City,11867.0,70499.0,0,0,2.87,40.0,Regional Comprehensive,44637.0,165.7,5,0.5,-0.866,64.3,13000.0,8998.0,21998.0,22639.0,0,0.3211,0.4928,10772.0,0.1129
AZ,0,Suburb,8190.0,44726.0,0,1,1.84,6.0,Community College,18432.0,19.4,12,-0.0,1.0,36.7,0.0,3549.0,3549.0,14883.0,1,0.3328,0.1925,6693.0,0.0484
AZ,0,City,189.0,22016.0,0,1,2.89,25.0,Liberal Arts College,63977.0,833.7,1,0.5,0.866,98.6,16270.0,30471.0,46741.0,17236.0,1,0.7829,0.7306,17047.0,0.1864
IN,0,City,1971.0,51528.0,1,1,3.37,65.0,R2 Doctoral,61255.0,587.4,1,0.5,0.866,26.3,22452.0,23275.0,45727.0,15528.0,1,0.3014,0.7465,13557.0,0.0345
CA,0,Rural,14562.0,68247.0,0,0,2.97,35.0,Community College,21303.0,54.7,1,0.5,0.866,75.2,3339.0,1773.0,5112.0,16191.0,1,0.2372,0.24,1629.0,0.194
WV,0,Town,12052.0,58172.0,1,0,2.97,74.0,Community College,14721.0,39.0,1,0.5,0.866,83.6,2482.0,502.0,2984.0,11737.0,1,0.2018,0.2027,0.0,0.0839
VA,0,City,23966.0,96796.0,0,0,2.99,64.0,Regional Comprehensive,42300.0,161.0,2,0.866,0.5,81.1,16824.0,4978.0,21802.0,20498.0,1,0.2118,0.5154,0.0,0.1468
MN,0,City,1879.0,22093.0,1,1,2.74,57.0,Community College,18283.0,28.4,6,0.0,-1.0,68.7,2326.0,6875.0,9201.0,9082.0,1,0.4111,0.5033,7203.0,0.1263
IL,0,Rural,7950.0,55214.0,1,1,2.78,29.0,Liberal Arts College,80396.0,530.8,4,0.866,-0.5,40.0,21791.0,30529.0,52320.0,28076.0,0,0.5085,0.6508,20126.0,0.0276
CA,0,City,47775.0,264669.0,0,0,3.99,99.0,R2 Doctoral,56859.0,77.5,1,0.5,0.866,98.5,25527.0,2018.0,27545.0,29314.0,1,0.1108,0.4844,0.0,0.037
NC,0,City,31268.0,128905.0,0,0,3.21,54.0,R1 Research,71356.0,695.6,2,0.866,0.5,37.9,18537.0,7491.0,26028.0,45328.0,0,0.3516,0.3648,14060.0,0.068
NC,0,City,24845.0,98092.0,0,0,1.98,20.0,Liberal Arts College,81858.0,53.3,3,1.0,0.0,42.2,12416.0,14962.0,27378.0,54480.0,1,0.5554,0.3345,29635.0,0.0294
OH,1,City,14139.0,83391.0,1,0,2.54,35.0,Community College,23667.0,32.6,5,0.5,-0.866,54.0,3681.0,1542.0,5223.0,18444.0,1,0.2212,0.2207,4305.0,0.0336
PA,0,Suburb,11574.0,48382.0,1,0,2.98,36.0,R1 Research,69343.0,479.3,2,0.866,0.5,43.5,17238.0,12860.0,30098.0,39245.0,0,0.8111,0.434,27671.0,0.0426
FL,0,Rural,8272.0,17802.0,1,1,2.28,14.0,Community College,21581.0,90.2,1,0.5,0.866,44.6,423.0,5595.0,6018.0,15563.0,0,0.8742,0.2789,7291.0,0.04
MI,0,Suburb,23880.0,87477.0,0,0,3.5,83.0,R2 Doctoral,66520.0,168.6,1,0.5,0.866,47.2,27804.0,8826.0,36630.0,29890.0,1,0.3417,0.5507,6010.0,0.036
IL,0,Suburb,1940.0,10798.0,1,1,1.99,25.0,Regional Comprehensive,51874.0,399.1,1,0.5,0.866,32.1,12183.0,21861.0,34044.0,17830.0,0,1.6512,0.6563,15890.0,0.1
HI,0,Town,1736.0,49792.0,0,1,3.32,49.0,Regional Comprehensive,47962.0,70.7,10,-0.866,0.5,57.1,20337.0,17766.0,38103.0,9859.0,0,0.198,0.7944,8123.0,0.0652
TX,0,Suburb,17896.0,62778.0,0,0,2.1,36.0,R2 Doctoral,59926.0,33.7,1,0.5,0.866,55.2,12560.0,8334.0,20894.0,39032.0,1,0.6217,0.3487,21136.0,0.0583
NY,0,Town,8481.0,45616.0,1,1,3.59,72.0,R1 Research,75871.0,27.4,2,0.866,0.5,61.7,22214.0,35114.0,57328.0,18543.0,1,0.4065,0.7556,10062.0,0.0145
NY,0,Suburb,57455.0,300558.0,0,0,3.57,60.0,R1 Research,87222.0,233.8,2,0.866,0.5,67.2,25317.0,6693.0,32010.0,55212.0,1,0.1837,0.367,0.0,0.1642
NJ,0,Suburb,35385.0,234105.0,0,0,2.32,22.0,Regional Comprehensive,43259.0,190.6,9,-1.0,-0.0,53.6,11804.0,1892.0,13696.0,29563.0,1,0.1263,0.3166,0.0,0.0496
NC,0,Suburb,35009.0,132405.0,0,0,3.57,59.0,R2 Doctoral,53753.0,386.3,9,-1.0,-0.0,44.1,19377.0,3425.0,22802.0,30951.0,1,0.2338,0.4242,0.0,0.0744
MA,0,Town,-1500.0,32330.0,1,1,3.54,66.0,Liberal Arts College,70410.0,95.0,7,-0.5,-0.866,69.8,30608.0,35524.0,66132.0,4278.0,1,0.1323,0.9392,5778.0,0.0274
NM,0,Town,51136.0,251053.0,0,0,3.96,85.0,Regional Comprehensive,55978.0,28.2,6,0.0,-1.0,53.6,30767.0,1311.0,32078.0,23900.0,1,0.0952,0.573,0.0,0.1176
NY,0,Town,15272.0,98288.0,0,0,2.62,47.0,Regional Comprehensive,51905.0,15.0,5,0.5,-0.866,44.8,17707.0,6404.0,24111.0,27794.0,1,0.2828,0.4645,12522.0,0.0473
IN,0,City,405.0,31945.0,1,1,3.27,76.0,R2 Doctoral,52380.0,2574.0,12,-0.0,1.0,54.5,19897.0,17125.0,37022.0,15358.0,0,0.4808,0.7068,14953.0,0.0562
CA,0,Suburb,21445.0,64444.0,1,0,3.29,80.0,Liberal Arts College,64954.0,220.3,1,0.5,0.866,89.8,27279.0,7043.0,34322.0,30632.0,0,0.4753,0.5284,9187.0,0.3571
FL,0,Town,30381.0,125514.0,0,0,2.35,41.0,Community College,18504.0,146.3,4,0.866,-0.5,50.0,4129.0,0.0,4129.0,14375.0,1,0.1145,0.2231,0.0,0.1375
GA,0,City,-1500.0,40897.0,0,1,3.28,41.0,Regional Comprehensive,45319.0,169.8,6,0.0,-1.0,70.2,14489.0,15812.0,30301.0,15018.0,1,0.3672,0.6686,16518.0,0.0962
CA,0,Rural,12771.0,69646.0,0,0,2.83,30.0,Regional Comprehensive,46147.0,28.2,5,0.5,-0.866,41.6,13930.0,6346.0,20276.0,25871.0,0,0.3715,0.4394,13100.0,0.0252
WA,0,Suburb,16537.0,79052.0,0,0,3.57,91.0,R1 Research,58151.0,55.0,12,-0.0,1.0,53.5,20478.0,10780.0,31258.0,26893.0,0,0.3402,0.5375,10356.0,0.0603
TN,0,City,10330.0,28492.0,0,0,3.15,55.0,Liberal Arts College,69606.0,790.3,8,-0.866,-0.5,61.6,24898.0,9154.0,34052.0,35554.0,0,1.2479,0.4892,25224.0,0.0444
WI,0,Rural,8164.0,51820.0,0,1,2.23,24.0,Regional Comprehensive,50469.0,252.9,5,0.5,-0.866,43.7,9782.0,15510.0,25292.0,25177.0,0,0.4859,0.5011,17013.0,0.0781
MI,0,City,-1500.0,30082.0,0,1,3.15,69.0,R1 Research,77509.0,56.8,2,0.866,0.5,55.7,21753.0,37652.0,59405.0,18104.0,1,0.6018,0.7664,19604.0,0.1429
WA,0,Suburb,25141.0,117647.0,0,0,2.43,50.0,Liberal Arts College,70013.0,34.9,11,-0.5,0.866,36.9,19582.0,7023.0,26605.0,43408.0,0,0.369,0.38,18267.0,0.1667
IL,0,Suburb,8670.0,32735.0,1,1,2.64,47.0,R2 Doctoral,61804.0,73.7,2,0.866,0.5,50.7,18333.0,14930.0,33263.0,28541.0,0,0.8719,0.5382,19871.0,0.0671
CA,0,Rural,7940.0,77660.0,1,1,3.13,49.0,R2 Doctoral,61865.0,91.0,7,-0.5,-0.866,61.2,19362.0,23386.0,42748.0,19117.0,1,0.2462,0.691,11177.0,0.0635
CA,0,Suburb,5914.0,23135.0,0,1,3.09,43.0,Regional Comprehensive,55007.0,1089.5,2,0.866,0.5,90.9,20914.0,17087.0,38001.0,17006.0,0,0.7351,0.6908,11092.0,0.1495
MA,0,Suburb,5653.0,27832.0,0,1,2.19,10.0,R2 Doctoral,54704.0,104.0,5,0.5,-0.866,66.8,10754.0,17360.0,28114.0,26590.0,1,0.9554,0.5139,20937.0,0.0738
AK,0,Town,3192.0,26878.0,0,1,3.71,98.0,Regional Comprehensive,41968.0,36.3,3,1.0,0.0,61.7,22092.0,18260.0,39870.0,2098.0,1,0.0781,0.95,0.0,0.0484
CA,0,Suburb,4732.0,51098.0,0,1,2.42,44.0,Liberal Arts College,75511.0,119.1,3,1.0,0.0,86.7,22903.0,35026.0,57929.0,17582.0,1,0.3441,0.7672,12850.0,0.1111
NJ,0,Rural,11848.0,71673.0,0,0,2.7,44.0,R2 Doctoral,61557.0,167.2,3,1.0,0.0,37.6,15686.0,13472.0,29158.0,32399.0,1,0.452,0.4737,20551.0,0.0851
WI,0,Town,16631.0,81848.0,0,0,3.3,48.0,R1 Research,60716.0,33.0,9,-1.0,-0.0,80.0,16968.0,8153.0,25121.0,35595.0,1,0.4349,0.4137,18964.0,0.4688
LA,0,Suburb,3487.0,17571.0,1,1,3.2,74.0,R1 Research,72037.0,193.3,5,0.5,-0.866,56.7,19237.0,18915.0,38152.0,33885.0,1,1.9285,0.5296,30398.0,0.0923
NJ,0,Rural,10320.0,55747.0,1,0,2.71,46.0,Regional Comprehensive,45175.0,450.9,4,0.866,-0.5,69.5,16861.0,5766.0,22627.0,22548.0,1,0.4045,0.5009,12228.0,0.1507
AZ,0,Suburb,1927.0,36665.0,1,1,3.57,67.0,Community College,22322.0,146.6,4,0.866,-0.5,76.6,1871.0,8189.0,10060.0,12262.0,0,0.3344,0.4507,10335.0,0.0403
IN,0,City,22029.0,92467.0,0,0,3.19,62.0,Regional Comprehensive,42582.0,54.9,3,1.0,0.0,70.0,16551.0,3534.0,20085.0,22497.0,1,0.2433,0.4717,468.0,0.0889
OR,0,City,11255.0,51912.0,1,0,3.69,88.0,Community College,18633.0,72.7,9,-1.0,-0.0,53.5,2564.0,1648.0,4212.0,14421.0,0,0.2778,0.2261,3166.0,0.0864
TX,0,Suburb,13547.0,59385.0,0,0,3.79,79.0,Community College,20307.0,22.2,4,0.866,-0.5,75.5,2078.0,1633.0,3711.0,16596.0,0,0.2795,0.1827,3049.0,0.2857
AR,0,City,4225.0,36814.0,1,1,3.51,61.0,Community College,17462.0,110.1,4,0.866,-0.5,57.2,4229.0,7191.0,11420.0,6042.0,1,0.1641,0.654,1817.0,0.1556
CA,0,Suburb,51598.0,217890.0,0,0,2.96,56.0,Regional Comprehensive,41415.0,175.6,1,0.5,0.866,55.8,12701.0,0.0,12701.0,28714.0,1,0.1318,0.3067,0.0,0.1169
LA,0,Suburb,8159.0,24980.0,1,1,1.96,19.0,Regional Comprehensive,53427.0,49.4,2,0.866,0.5,65.4,11036.0,17993.0,29029.0,24398.0,0,0.9767,0.5433,16239.0,0.1364
CA,0,Suburb,7087.0,47202.0,0,1,3.97,67.0,Regional Comprehensive,47509.0,971.2,9,-1.0,-0.0,65.1,23332.0,12530.0,35862.0,11647.0,0,0.2467,0.7548,4560.0,0.1667
TX,0,City,13155.0,68014.0,0,0,3.24,63.0,R1 Research,82940.0,291.1,10,-0.866,0.5,37.2,21034.0,18433.0,39467.0,43473.0,0,0.6392,0.4759,30318.0,0.0139
CA,0,Town,15954.0,52524.0,0,0,2.47,24.0,R1 Research,78537.0,19.3,2,0.866,0.5,46.4,12041.0,10349.0,22390.0,56147.0,0,1.069,0.2851,40193.0,0.1935
OH,1,Suburb,10433.0,36314.0,0,0,3.37,75.0,Community College,18707.0,5.7,1,0.5,0.866,32.2,1014.0,1167.0,2181.0,16526.0,0,0.4551,0.1166,6093.0,0.098
NY,0,City,850.0,17079.0,1,1,3.86,66.0,Regional Comprehensive,42275.0,45.1,9,-1.0,-0.0,55.0,18940.0,13878.0,32818.0,9457.0,0,0.5537,0.7763,8607.0,0.0769
TX,0,Suburb,4113.0,38258.0,1,1,3.15,44.0,Community College,17589.0,661.0,11,-0.5,0.866,77.3,3180.0,6545.0,9725.0,7864.0,0,0.2056,0.5529,3751.0,0.0571
GA,0,Suburb,5538.0,31547.0,1,1,2.52,6.0,R1 Research,65388.0,322.9,7,-0.5,-0.866,100.0,7997.0,28594.0,36591.0,28797.0,1,0.9128,0.5596,23259.0,0.0854
IL,0,Suburb,32478.0,210879.0,1,0,2.24,32.0,R2 Doctoral,51621.0,697.0,3,1.0,0.0,69.9,11341.0,2846.0,14187.0,37434.0,1,0.1775,0.2748,4956.0,0.1215
CO,0,Suburb,41093.0,321445.0,0,0,3.63,59.0,R1 Research,64979.0,128.1,4,0.866,-0.5,90.2,18294.0,3538.0,21832.0,43147.0,1,0.1342,0.336,2054.0,0.0795
UT,0,City,9794.0,60684.0,1,0,2.55,21.0,Liberal Arts College,84805.0,101.7,10,-0.866,0.5,59.8,21803.0,19418.0,41221.0,43584.0,0,0.7182,0.4861,33790.0,0.0649
MA,0,Rural,5625.0,22893.0,1,1,2.93,51.0,R2 Doctoral,50237.0,34.2,1,0.5,0.866,69.3,15289.0,20862.0,36151.0,14086.0,0,0.6153,0.7196,8461.0,0.0515
TX,0,Suburb,25172.0,107086.0,0,0,3.74,81.0,Liberal Arts College,90930.0,182.9,1,0.5,0.866,61.1,40378.0,13841.0,54219.0,36711.0,0,0.3428,0.5963,11539.0,0.0874
NY,0,City,831.0,31058.0,0,1,3.22,72.0,Liberal Arts College,84539.0,103.1,11,-0.5,0.866,53.5,34123.0,30307.0,64430.0,20109.0,1,0.6475,0.7621,19278.0,0.0652
NV,0,Town,5074.0,42387.0,0,1,3.87,98.0,R1 Research,78056.0,99.0,5,0.5,-0.866,59.0,29726.0,24815.0,54541.0,23515.0,1,0.5548,0.6987,18441.0,0.0333
CA,0,Suburb,9566.0,40024.0,1,0,2.71,59.0,R2 Doctoral,57429.0,692.8,5,0.5,-0.866,57.9,16724.0,6829.0,23553.0,33876.0,0,0.8464,0.4101,24310.0,0.0392
IL,0,Suburb,5838.0,43899.0,1,1,3.58,98.0,Regional Comprehensive,46875.0,111.0,1,0.5,0.866,99.2,26856.0,21045.0,44531.0,2344.0,1,0.0534,0.95,0.0,0.069
KS,0,Suburb,4958.0,48757.0,0,1,2.56,52.0,Community College,17943.0,512.5,7,-0.5,-0.866,67.9,0.0,6157.0,6157.0,11786.0,1,0.2417,0.3431,6828.0,0.084
NM,0,Suburb,3987.0,24447.0,1,1,2.96,58.0,Liberal Arts College,68567.0,23.9,4,0.866,-0.5,51.8,23084.0,20100.0,43184.0,25383.0,0,1.0383,0.6298,21396.0,0.0413
OH,1,Suburb,1558.0,37970.0,1,1,2.7,46.0,Regional Comprehensive,28998.0,600.0,2,0.866,0.5,78.0,9397.0,12192.0,21589.0,7409.0,1,0.1951,0.7445,5851.0,0.1698
TN,0,City,26911.0,131184.0,0,0,3.25,73.0,Liberal Arts College,63883.0,85.6,6,0.0,-1.0,76.8,27254.0,5725.0,32979.0,30904.0,0,0.2356,0.5162,3993.0,0.0992
GA,0,City,9724.0,61441.0,1,0,3.66,54.0,Community College,20146.0,266.2,11,-0.5,0.866,36.2,4578.0,1808.0,6386.0,13760.0,1,0.224,0.317,4036.0,0.0698
WI,0,Rural,12312.0,68887.0,1,0,3.23,62.0,Regional Comprehensive,40506.0,314.6,11,-0.5,0.866,77.0,18445.0,7520.0,25965.0,14541.0,1,0.2111,0.641,2229.0,0.3158
CA,0,Suburb,-1500.0,12617.0,0,1,2.85,26.0,R1 Research,77866.0,75.2,1,0.5,0.866,79.6,14487.0,37361.0,51848.0,26018.0,0,2.0621,0.6659,27518.0,0.0493
TX,0,Suburb,19848.0,124543.0,0,0,3.86,78.0,R1 Research,78120.0,299.4,1,0.5,0.866,70.1,27483.0,9797.0,37280.0,40840.0,1,0.3279,0.4772,20992.0,0.1013
WA,0,City,855.0,38424.0,1,1,3.33,48.0,Regional Comprehensive,46169.0,316.2,4,0.866,-0.5,93.2,18224.0,17123.0,35347.0,10822.0,0,0.2816,0.7656,9967.0,0.1098
FL,0,Town,31705.0,141387.0,0,0,2.94,58.0,R1 Research,67442.0,59.9,5,0.5,-0.866,77.9,16929.0,9065.0,25994.0,41448.0,1,0.2932,0.3854,9743.0,0.1053
TN,0,City,14226.0,70339.0,0,0,3.71,90.0,Community College,16885.0,60.7,11,-0.5,0.866,47.1,1841.0,574.0,2415.0,14470.0,1,0.2057,0.143,244.0,0.0272
PA,0,City,6001.0,41996.0,1,1,3.79,99.0,Regional Comprehensive,41734.0,132.9,5,0.5,-0.866,66.4,23276.0,11261.0,34537.0,7197.0,1,0.1714,0.8276,1196.0,0.1264
CT,0,City,7630.0,18807.0,0,1,2.39,19.0,Liberal Arts College,67758.0,112.2,9,-1.0,-0.0,81.8,15950.0,22441.0,38391.0,29367.0,0,1.5615,0.5666,21737.0,0.4062
AL,0,Town,49586.0,301308.0,0,0,3.73,74.0,Community College,18971.0,547.1,7,-0.5,-0.866,49.8,2800.0,0.0,2800.0,16171.0,0,0.0537,0.1476,0.0,0.0375
NC,0,Suburb,26326.0,112234.0,1,0,1.57,15.0,Regional Comprehensive,44506.0,265.0,3,1.0,0.0,58.8,6243.0,3054.0,9297.0,35209.0,1,0.3137,0.2089,8883.0,0.0595
CO,0,City,25308.0,117174.0,0,0,3.11,53.0,Community College,23766.0,117.7,2,0.866,0.5,68.0,4337.0,0.0,4337.0,19429.0,0,0.1658,0.1825,0.0,0.0559
FL,0,City,91425.0,233178.0,0,0,3.16,52.0,Liberal Arts College,95579.0,239.4,5,0.5,-0.866,56.2,32143.0,743.0,32886.0,62693.0,1,0.2689,0.3441,0.0,0.1321
NC,0,Suburb,7146.0,73965.0,0,1,3.71,91.0,R2 Doctoral,65162.0,15.0,6,0.0,-1.0,100.0,29792.0,28933.0,58725.0,6437.0,1,0.087,0.9012,0.0,0.1171
TX,0,Suburb,28812.0,166663.0,0,0,2.2,31.0,R1 Research,70206.0,66.4,2,0.866,0.5,87.5,12042.0,10321.0,22363.0,47843.0,1,0.2871,0.3185,19031.0,0.05
OR,0,Suburb,4222.0,44597.0,0,1,2.83,61.0,R1 Research,59267.0,171.4,2,0.866,0.5,100.0,16114.0,23343.0,39457.0,19810.0,1,0.4442,0.6657,15588.0,0.1322
AL,0,City,24527.0,107051.0,1,0,3.73,89.0,Community College,19461.0,408.7,1,0.5,0.866,89.9,4190.0,0.0,4190.0,15271.0,1,0.1427,0.2153,0.0,0.2647
IA,0,Town,6244.0,39988.0,0,1,2.93,47.0,Community College,18382.0,156.3,1,0.5,0.866,67.7,2858.0,5604.0,8462.0,9920.0,0,0.2481,0.4603,3676.0,0.1053
CT,0,Rural,1268.0,43793.0,0,1,1.85,29.0,Regional Comprehensive,45173.0,585.8,1,0.5,0.866,28.0,9173.0,18663.0,27836.0,17337.0,0,0.3959,0.6162,16069.0,0.0417
WV,0,Suburb,11962.0,67497.0,1,0,3.25,76.0,Regional Comprehensive,46943.0,315.2,7,-0.5,-0.866,68.7,20153.0,7438.0,27591.0,19352.0,0,0.2867,0.5878,7390.0,0.0971
FL,0,City,-670.0,25273.0,1,1,3.62,78.0,R2 Doctoral,60221.0,75.9,4,0.866,-0.5,44.8,25043.0,22586.0,47629.0,12592.0,1,0.4982,0.7909,13262.0,0.0303
MS,0,Suburb,13514.0,79793.0,1,0,3.12,71.0,Liberal Arts College,59219.0,109.4,10,-0.866,0.5,31.4,23533.0,7578.0,31111.0,28108.0,1,0.3523,0.5254,14594.0,0.029
VA,0,Suburb,11442.0,50281.0,0,0,3.29,66.0,R1 Research,83659.0,194.6,1,0.5,0.866,84.9,27130.0,10271.0,37401.0,46258.0,0,0.92,0.4471,34816.0,0.096
OH,1,City,-1263.0,15047.0,0,1,3.26,53.0,R1 Research,66619.0,22.9,12,-0.0,1.0,33.9,17450.0,28455.0,45905.0,20714.0,0,1.3766,0.6891,21977.0,0.0303
NJ,0,Suburb,10230.0,45274.0,1,0,3.12,61.0,Community College,17566.0,632.5,3,1.0,0.0,52.9,2192.0,1058.0,3250.0,14316.0,1,0.3162,0.185,4086.0,0.0217
PA,0,Rural,12107.0,49097.0,1,0,3.26,90.0,R2 Doctoral,61337.0,39.6,9,-1.0,-0.0,51.7,24550.0,11615.0,36165.0,25172.0,1,0.5127,0.5896,13065.0,0.1837
NY,0,Suburb,22222.0,116313.0,1,0,3.57,90.0,Regional Comprehensive,43867.0,176.6,2,0.866,0.5,69.2,20794.0,3372.0,24166.0,19701.0,1,0.1694,0.5509,0.0,0.086
FL,0,Rural,11502.0,77292.0,0,0,2.66,47.0,Regional Comprehensive,45157.0,274.3,2,0.866,0.5,61.4,12338.0,8837.0,21175.0,23982.0,0,0.3103,0.4689,12480.0,0.0561
CA,0,Suburb,26644.0,178471.0,0,0,3.25,53.0,R1 Research,70675.0,91.2,1,0.5,0.866,76.9,16309.0,7918.0,24227.0,46448.0,1,0.2603,0.3428,19804.0,0.0805
NC,0,Suburb,24843.0,91535.0,1,0,3.84,72.0,Liberal Arts College,69761.0,72.0,2,0.866,0.5,77.0,30254.0,6827.0,37081.0,32680.0,0,0.357,0.5315,7837.0,0.1071
CT,0,City,3910.0,42241.0,0,1,3.88,85.0,Community College,15862.0,117.0,3,1.0,0.0,33.3,3885.0,5331.0,9216.0,6646.0,1,0.1573,0.581,2736.0,0.0403
AZ,0,Suburb,2991.0,60354.0,0,1,3.44,64.0,Regional Comprehensive,57301.0,297.2,2,0.866,0.5,90.2,24976.0,25478.0,50454.0,6847.0,1,0.1134,0.8805,3856.0,0.3529
MI,0,City,8502.0,48992.0,0,1,1.5,,R2 Doctoral,59771.0,75.0,11,-0.5,0.866,33.8,4094.0,15536.0,19630.0,40141.0,0,0.8193,0.3284,31639.0,0.0233
OH,1,Suburb,19135.0,89442.0,1,0,3.39,72.0,Community College,19346.0,11.9,10,-0.866,0.5,41.1,1641.0,37.0,1678.0,17668.0,1,0.1975,0.0867,0.0,0.0588
GA,0,City,13012.0,65714.0,0,0,3.2,44.0,R2 Doctoral,66875.0,424.1,1,0.5,0.866,95.0,19884.0,9655.0,29539.0,37336.0,0,0.5682,0.4417,24324.0,0.4324
TX,0,Suburb,6923.0,40032.0,0,1,2.52,26.0,Community College,14796.0,192.7,3,1.0,0.0,60.0,594.0,3525.0,4119.0,10677.0,0,0.2667,0.2784,3754.0,0.062
AL,0,Suburb,12591.0,63335.0,0,0,2.69,39.0,Community College,18387.0,365.1,2,0.866,0.5,82.6,360.0,1057.0,1417.0,16970.0,1,0.2679,0.0771,4379.0,0.0548
TX,0,City,16303.0,87733.0,1,0,3.11,65.0,Community College,17459.0,281.2,11,-0.5,0.866,71.0,0.0,190.0,190.0,17269.0,1,0.1968,0.0109,966.0,0.1724
MO,0,City,4950.0,30497.0,0,1,2.75,52.0,Liberal Arts College,72068.0,1249.8,5,0.5,-0.866,67.6,21188.0,36323.0,57511.0,14557.0,1,0.4773,0.798,9607.0,0.065
CO,0,Rural,20743.0,79082.0,1,0,2.57,25.0,Community College,19077.0,408.5,11,-0.5,0.866,45.3,0.0,0.0,0.0,19077.0,0,0.2412,0.0,0.0,0.1212
VA,0,City,-1500.0,20198.0,0,1,2.71,28.0,Community College,17905.0,59.2,3,1.0,0.0,57.6,3156.0,5580.0,8736.0,9169.0,1,0.454,0.4879,10669.0,0.0483
OR,0,Suburb,37727.0,139527.0,0,0,3.57,64.0,Community College,14549.0,207.6,5,0.5,-0.866,89.5,3977.0,0.0,3977.0,10572.0,1,0.0758,0.2734,0.0,0.0752
NY,0,Suburb,13261.0,92002.0,0,0,3.51,85.0,Regional Comprehensive,40432.0,70.6,1,0.5,0.866,50.5,16960.0,4766.0,21726.0,18706.0,1,0.2033,0.5373,5445.0,0.08
CT,0,Suburb,28856.0,203431.0,0,0,2.72,38.0,R2 Doctoral,50477.0,78.7,1,0.5,0.866,64.1,14079.0,3870.0,17949.0,32528.0,1,0.1599,0.3556,3672.0,0.0865
MD,0,Suburb,2135.0,28171.0,1,1,2.03,20.0,Community College,17889.0,28.8,5,0.5,-0.866,72.6,2887.0,6604.0,9491.0,8398.0,1,0.2981,0.5305,6263.0,0.0734
SC,0,City,19294.0,142356.0,0,0,1.5,3.0,R1 Research,63418.0,93.8,4,0.866,-0.5,53.1,3753.0,6522.0,10275.0,53143.0,1,0.3733,0.162,33849.0,0.0345
TN,0,Suburb,24849.0,123471.0,1,0,2.93,68.0,Regional Comprehensive,44200.0,224.6,11,-0.5,0.866,45.4,15300.0,3878.0,19178.0,25022.0,0,0.2027,0.4339,173.0,0.0388
KY,0,Suburb,9251.0,55204.0,1,0,2.83,33.0,Liberal Arts College,75531.0,118.2,6,0.0,-1.0,59.1,22969.0,16090.0,39059.0,36472.0,0,0.6607,0.5171,27221.0,0.0571
ND,0,Suburb,8981.0,47993.0,1,0,2.31,45.0,Regional Comprehensive,35305.0,39.9,2,0.866,0.5,62.3,9958.0,6123.0,16081.0,19224.0,1,0.4006,0.4555,10243.0,0.075
OH,1,Rural,2782.0,28816.0,1,1,3.68,88.0,R2 Doctoral,35562.0,7.4,4,0.866,-0.5,37.1,17404.0,16525.0,33784.0,1778.0,1,0.0617,0.95,0.0,0.0606
AL,0,Rural,-802.0,23885.0,0,1,3.34,90.0,R1 Research,73948.0,1163.6,1,0.5,0.866,67.8,24321.0,21425.0,45746.0,28202.0,0,1.1807,0.6186,29004.0,0.088
WI,0,City,9375.0,36648.0,1,0,3.75,99.0,R1 Research,71001.0,178.3,6,0.0,-1.0,86.2,28077.0,12546.0,40623.0,30378.0,0,0.8289,0.5721,21003.0,0.1587
GA,0,Suburb,8907.0,25485.0,0,0,2.79,48.0,Community College,14606.0,53.3,1,0.5,0.866,2.6,2145.0,1387.0,3532.0,11074.0,1,0.4345,0.2418,2167.0,0.01
MS,0,City,49734.0,198575.0,0,0,2.67,33.0,Regional Comprehensive,48622.0,205.8,3,1.0,0.0,64.3,13174.0,0.0,13174.0,35448.0,1,0.1785,0.2709,0.0,0.1538
IL,0,City,8414.0,21344.0,0,1,3.53,84.0,R2 Doctoral,59642.0,1262.1,1,0.5,0.866,8.8,24050.0,17237.0,41287.0,18355.0,0,0.86,0.6922,9941.0,0.0227
NJ,0,Suburb,16866.0,70067.0,0,0,3.04,42.0,R2 Doctoral,69978.0,243.1,6,0.0,-1.0,84.9,19067.0,7496.0,26563.0,43415.0,1,0.6196,0.3796,26549.0,0.2778
CA,0,Suburb,16274.0,86138.0,1,0,3.33,70.0,R2 Doctoral,66580.0,15.0,6,0.0,-1.0,51.7,24396.0,7241.0,31637.0,34943.0,0,0.4057,0.4752,18669.0,0.0741
FL,0,Suburb,31712.0,81422.0,0,0,2.64,32.0,Regional Comprehensive,41161.0,2052.4,1,0.5,0.866,63.0,11295.0,1556.0,12851.0,28310.0,0,0.3477,0.3122,0.0,0.0769
KY,0,City,16761.0,86735.0,0,0,3.42,68.0,R2 Doctoral,55235.0,18.2,1,0.5,0.866,44.6,21005.0,10271.0,31276.0,23959.0,0,0.2762,0.5662,7198.0,0.1562
IL,0,City,20615.0,124419.0,0,0,2.9,23.0,R2 Doctoral,56190.0,102.1,2,0.866,0.5,97.5,12347.0,7844.0,20191.0,35999.0,1,0.2893,0.3593,15384.0,0.1048
IL,0,Rural,6892.0,45658.0,0,1,2.87,49.0,Community College,22188.0,38.5,12,-0.0,1.0,90.4,4889.0,5471.0,10360.0,11828.0,1,0.2591,0.4669,4936.0,0.1538
FL,0,Rural,13395.0,67039.0,1,0,3.54,77.0,Regional Comprehensive,43714.0,58.3,10,-0.866,0.5,38.7,22946.0,7181.0,30127.0,13587.0,1,0.2027,0.6892,192.0,0.0642
NC,0,City,5040.0,50952.0,0,1,3.77,77.0,R1 Research,84112.0,170.8,3,1.0,0.0,38.9,27710.0,32795.0,60505.0,23607.0,0,0.4633,0.7193,18567.0,0.0426
SC,0,Suburb,30520.0,160784.0,0,0,3.59,76.0,Liberal Arts College,79837.0,15.0,9,-1.0,-0.0,70.7,37586.0,11763.0,49349.0,30488.0,1,0.1896,0.6181,0.0,0.0472
UT,0,Suburb,68239.0,285473.0,0,0,2.72,30.0,R1 Research,64814.0,115.2,1,0.5,0.866,78.3,14234.0,0.0,14234.0,50580.0,1,0.1772,0.2196,0.0,0.1111
CA,0,Suburb,-224.0,26645.0,1,1,3.07,68.0,R2 Doctoral,48926.0,422.7,1,0.5,0.866,59.8,16644.0,22145.0,38789.0,10137.0,0,0.3804,0.7928,10361.0,0.2222
VA,0,Suburb,-492.0,14583.0,0,1,3.88,89.0,Regional Comprehensive,49579.0,52.3,7,-0.5,-0.866,38.4,26835.0,26543.0,47100.0,2479.0,1,0.17,0.95,2971.0,0.0446
GA,0,Rural,23193.0,94824.0,1,0,2.69,72.0,Liberal Arts College,86677.0,29.4,11,-0.5,0.866,84.8,31684.0,15446.0,47130.0,39547.0,1,0.4171,0.5437,16354.0,0.1408
WA,0,City,27288.0,136035.0,0,0,3.49,77.0,R1 Research,81845.0,109.5,1,0.5,0.866,57.9,27655.0,9388.0,37043.0,44802.0,0,0.3293,0.4526,17514.0,0.0506
GA,0,Suburb,52284.0,257564.0,0,0,2.5,41.0,Regional Comprehensive,33384.0,88.8,9,-1.0,-0.0,49.7,8513.0,0.0,8513.0,24871.0,1,0.0966,0.255,0.0,0.1096
IL,0,Rural,18142.0,107075.0,0,0,2.21,19.0,Regional Comprehensive,44414.0,67.8,1,0.5,0.866,64.9,7225.0,4411.0,11636.0,32778.0,1,0.3061,0.262,14636.0,0.0808
GA,0,City,30921.0,171951.0,0,0,2.49,51.0,Regional Comprehensive,50640.0,36.4,2,0.866,0.5,35.2,16265.0,3658.0,19923.0,30717.0,1,0.1786,0.3934,0.0,0.0909
VA,0,City,44923.0,207990.0,0,0,2.8,42.0,Regional Comprehensive,38563.0,218.5,8,-0.866,-0.5,45.1,10965.0,0.0,10965.0,27598.0,1,0.1327,0.2843,0.0,0.0896
NC,0,Town,45757.0,180708.0,0,0,3.89,99.0,Regional Comprehensive,47558.0,236.7,3,1.0,0.0,42.8,25240.0,493.0,25733.0,21825.0,1,0.1208,0.5411,0.0,0.0385
GA,0,Town,32725.0,118710.0,0,0,3.36,91.0,Community College,17616.0,41.4,8,-0.866,-0.5,20.7,2334.0,0.0,2334.0,15282.0,0,0.1287,0.1325,0.0,0.0609
AL,0,Suburb,3904.0,25004.0,0,1,2.02,11.0,Liberal Arts College,67587.0,47.9,2,0.866,0.5,46.3,10283.0,28657.0,38940.0,28647.0,0,1.1457,0.5761,24743.0,0.0462
WI,0,Town,9114.0,62566.0,1,0,3.43,68.0,R2 Doctoral,51638.0,146.2,6,0.0,-1.0,61.1,18721.0,9876.0,28597.0,23041.0,1,0.3683,0.5538,13927.0,0.0943
PA,0,Suburb,18901.0,78122.0,1,0,2.64,32.0,Liberal Arts College,92800.0,46.0,9,-1.0,-0.0,45.0,23548.0,10350.0,33898.0,58902.0,0,0.754,0.3653,40001.0,0.0161
SC,0,City,12593.0,58579.0,1,0,2.56,21.0,Regional Comprehensive,49030.0,152.8,1,0.5,0.866,64.0,12234.0,6842.0,19076.0,29954.0,0,0.5113,0.3891,17361.0,0.0541
OR,0,Suburb,9876.0,61240.0,0,0,3.16,65.0,R1 Research,70944.0,591.9,1,0.5,0.866,43.3,18332.0,11300.0,29632.0,41312.0,1,0.6746,0.4177,31436.0,0.1087
TX,0,Town,74133.0,194542.0,0,0,2.75,46.0,R1 Research,91807.0,119.0,1,0.5,0.866,73.5,19013.0,3762.0,22775.0,69032.0,1,0.3548,0.2481,0.0,0.0615
VA,0,Rural,859.0,36500.0,0,1,3.31,75.0,Regional Comprehensive,36938.0,35.4,3,1.0,0.0,78.5,17890.0,11223.0,29113.0,7825.0,0,0.2144,0.7882,6966.0,0.0746
NY,0,City,26273.0,111895.0,0,0,3.29,65.0,R1 Research,66241.0,191.2,1,0.5,0.866,74.5,20270.0,6241.0,26511.0,39730.0,1,0.3551,0.4002,13457.0,0.1607
MD,0,City,11762.0,79050.0,0,0,2.41,44.0,Community College,23000.0,105.1,4,0.866,-0.5,62.7,4716.0,1776.0,6492.0,16508.0,1,0.2088,0.2823,4746.0,0.2456
FL,0,Town,4689.0,33948.0,1,1,3.49,73.0,R1 Research,70382.0,108.2,2,0.866,0.5,80.4,21392.0,23664.0,45056.0,25326.0,0,0.746,0.6402,20637.0,0.1509
TN,0,City,7778.0,28994.0,0,1,2.38,29.0,Regional Comprehensive,44067.0,208.7,12,-0.0,1.0,41.6,12756.0,11892.0,24648.0,19419.0,0,0.6698,0.5593,11641.0,0.058
FL,0,City,-1500.0,18491.0,0,1,2.48,36.0,Regional Comprehensive,44455.0,261.8,10,-0.866,0.5,40.2,11954.0,14234.0,26188.0,18267.0,0,0.9879,0.5891,19767.0,0.0508
MI,0,Town,20887.0,89287.0,0,0,2.75,55.0,Community College,17856.0,131.5,4,0.866,-0.5,58.6,2575.0,0.0,2575.0,15281.0,1,0.1711,0.1442,0.0,0.1183
NM,0,Suburb,4899.0,60142.0,0,1,2.07,15.0,R1 Research,80356.0,118.9,11,-0.5,0.866,43.8,10285.0,25885.0,36170.0,44186.0,1,0.7347,0.4501,39287.0,0.0326
IL,0,Suburb,5134.0,34733.0,0,1,3.84,99.0,Regional Comprehensive,41284.0,1106.1,12,-0.0,1.0,77.4,25420.0,10528.0,35948.0,5336.0,0,0.1536,0.8707,202.0,0.24
OK,0,City,-1246.0,16305.0,0,1,2.7,34.0,Regional Comprehensive,57100.0,446.9,5,0.5,-0.866,95.4,15516.0,28316.0,43832.0,13268.0,0,0.8137,0.7676,14514.0,0.1034
DE,0,City,15225.0,85953.0,0,0,3.13,56.0,Regional Comprehensive,38635.0,304.0,2,0.866,0.5,100.0,13473.0,3547.0,17020.0,21615.0,0,0.2515,0.4405,6390.0,0.1698
OK,0,Town,6858.0,55543.0,0,1,3.61,54.0,R2 Doctoral,66152.0,145.4,10,-0.866,0.5,71.2,23117.0,30392.0,53509.0,12643.0,1,0.2276,0.8089,5785.0,0.0656
TX,0,Suburb,7355.0,37652.0,0,1,2.62,36.0,R1 Research,79428.0,44.1,2,0.866,0.5,68.4,12372.0,25084.0,37456.0,41972.0,0,1.1147,0.4716,34617.0,0.129
AL,0,City,7474.0,31442.0,1,1,2.4,18.0,Community College,17294.0,413.9,2,0.866,0.5,30.5,1243.0,5388.0,6631.0,10663.0,0,0.3391,0.3834,3189.0,0.0435
CA,0,Suburb,8474.0,53009.0,1,1,3.15,68.0,Liberal Arts College,79571.0,147.4,6,0.0,-1.0,54.7,26967.0,28270.0,55237.0,24334.0,0,0.4591,0.6942,15860.0,0.0702
IL,0,City,19107.0,88291.0,0,0,2.52,43.0,R1 Research,79602.0,69.1,1,0.5,0.866,49.5,14699.0,13735.0,28434.0,51168.0,1,0.5795,0.3572,32061.0,0.0353
OK,0,City,12165.0,49633.0,0,0,3.6,94.0,Regional Comprehensive,47817.0,98.2,1,0.5,0.866,50.8,24888.0,6555.0,31443.0,16374.0,0,0.3299,0.6576,4209.0,0.0968
IN,0,City,1975.0,26749.0,1,1,3.26,86.0,Regional Comprehensive,36444.0,45.9,4,0.866,-0.5,88.4,14887.0,9878.0,24765.0,11679.0,1,0.4366,0.6795,9704.0,0.0476
MI,0,Suburb,22220.0,60364.0,1,0,2.83,46.0,R1 Research,75477.0,384.5,1,0.5,0.866,92.9,17102.0,13605.0,30707.0,44770.0,1,0.7417,0.4068,22550.0,0.0476
IL,0,City,30229.0,133625.0,1,0,3.41,61.0,Regional Comprehensive,38752.0,259.6,10,-0.866,0.5,51.1,12796.0,1561.0,14357.0,24395.0,0,0.1826,0.3705,0.0,0.0493
AL,0,Suburb,6366.0,64796.0,0,1,2.86,56.0,R1 Research,81433.0,153.3,10,-0.866,0.5,43.6,19483.0,32376.0,51859.0,29574.0,0,0.4564,0.6368,23208.0,0.03
MO,0,Suburb,15757.0,66123.0,1,0,3.55,71.0,Regional Comprehensive,49815.0,121.1,4,0.866,-0.5,60.1,23647.0,8474.0,32121.0,17694.0,1,0.2676,0.6448,1937.0,0.0778
GA,0,Suburb,8054.0,49787.0,1,1,3.1,51.0,R1 Research,59676.0,62.0,1,0.5,0.866,33.9,16239.0,15553.0,31792.0,27884.0,1,0.5601,0.5327,19830.0,0.0581
UT,0,City,-110.0,33171.0,0,1,2.9,51.0,Regional Comprehensive,36107.0,15.0,2,0.866,0.5,85.1,14936.0,11368.0,26304.0,9803.0,0,0.2955,0.7285,9913.0,0.1026
FL,0,City,1171.0,32387.0,0,1,1.5,,Regional Comprehensive,43628.0,28.7,5,0.5,-0.866,74.1,3442.0,15903.0,19345.0,24283.0,1,0.7498,0.4434,23112.0,0.102
TX,0,City,9366.0,19024.0,1,0,2.47,62.0,R1 Research,69828.0,58.1,1,0.5,0.866,44.5,15675.0,12453.0,28128.0,41700.0,0,2.192,0.4028,32334.0,0.0822
MA,0,Suburb,29706.0,147338.0,1,0,3.66,77.0,Regional Comprehensive,45035.0,49.6,2,0.866,0.5,44.0,20430.0,4153.0,24583.0,20452.0,1,0.1388,0.5459,0.0,0.0465
NH,0,Town,24291.0,87813.0,0,0,2.63,41.0,Regional Comprehensive,46895.0,171.7,1,0.5,0.866,92.7,15415.0,4281.0,19696.0,27199.0,1,0.3097,0.42,2908.0,0.122
FL,0,City,7989.0,66795.0,1,1,3.31,77.0,Liberal Arts College,75451.0,297.1,5,0.5,-0.866,78.4,32012.0,33374.0,65386.0,10065.0,0,0.1507,0.8666,2076.0,0.0614
FL,0,Town,9616.0,77872.0,0,0,2.28,56.0,Community College,19259.0,110.7,10,-0.866,0.5,88.1,1814.0,1722.0,3536.0,15723.0,1,0.2019,0.1836,6107.0,0.1057
TX,0,Town,11312.0,80375.0,1,0,2.0,14.0,Regional Comprehensive,41249.0,556.2,11,-0.5,0.866,44.3,7398.0,6439.0,13837.0,27412.0,0,0.3411,0.3355,16100.0,0.0682
OR,0,City,7780.0,37091.0,0,1,2.46,10.0,Regional Comprehensive,40376.0,55.7,1,0.5,0.866,95.7,9053.0,12202.0,21255.0,19121.0,0,0.5155,0.5264,11341.0,0.1339
FL,0,City,9955.0,49802.0,0,0,3.85,86.0,Liberal Arts College,83036.0,109.9,1,0.5,0.866,46.3,38509.0,19249.0,57758.0,25278.0,0,0.5076,0.6956,15323.0,0.0323
NC,0,City,10852.0,44738.0,0,0,2.93,30.0,Regional Comprehensive,47339.0,120.1,7,-0.5,-0.866,60.9,15068.0,7239.0,22307.0,25032.0,0,0.5595,0.4712,14180.0,0.0763
SD,0,City,81099.0,383934.0,0,0,3.13,53.0,Regional Comprehensive,43390.0,398.9,1,0.5,0.866,32.3,16668.0,0.0,16668.0,26722.0,1,0.0696,0.3841,0.0,0.0444
CA,0,Suburb,24446.0,131209.0,1,0,2.62,60.0,Regional Comprehensive,40262.0,141.6,4,0.866,-0.5,55.7,15897.0,4119.0,20016.0,20246.0,0,0.1543,0.4971,0.0,0.0647
NJ,0,City,15912.0,71031.0,1,0,2.26,16.0,R2 Doctoral,65314.0,145.8,6,0.0,-1.0,66.5,10970.0,13200.0,24170.0,41144.0,0,0.5792,0.3701,25232.0,0.0667
MI,0,Town,35104.0,168301.0,0,0,2.78,33.0,Regional Comprehensive,52698.0,22.3,3,1.0,0.0,54.4,15397.0,4057.0,19454.0,33244.0,0,0.1975,0.3692,0.0,0.0473
SC,0,Suburb,40862.0,153672.0,0,0,3.31,78.0,R2 Doctoral,62836.0,49.3,3,1.0,0.0,73.3,26028.0,4267.0,30295.0,32541.0,1,0.2118,0.4821,0.0,0.0833
PA,0,Town,3313.0,23296.0,0,1,1.94,12.0,R1 Research,77697.0,400.5,3,1.0,0.0,47.3,7140.0,39944.0,47084.0,30613.0,0,1.3141,0.606,27300.0,0.0617
IL,0,Town,14004.0,53613.0,0,0,3.84,99.0,Liberal Arts College,66103.0,15.0,2,0.866,0.5,62.8,35661.0,13855.0,49516.0,16587.0,1,0.3094,0.7491,2583.0,0.036
TX,0,Suburb,10809.0,62208.0,0,0,3.32,64.0,Community College,22203.0,519.0,3,1.0,0.0,55.9,2345.0,2144.0,4489.0,17714.0,0,0.2848,0.2022,6905.0,0.1194
WI,0,Rural,22684.0,97763.0,0,0,3.54,84.0,Community College,20447.0,214.1,9,-1.0,-0.0,50.3,4136.0,0.0,4136.0,16311.0,1,0.1668,0.2023,0.0,0.0877
MN,0,Rural,10521.0,53569.0,0,0,3.21,43.0,Regional Comprehensive,40390.0,57.8,10,-0.866,0.5,70.1,15325.0,5385.0,20710.0,19680.0,0,0.3674,0.5128,9159.0,0.0616
TX,0,Suburb,10887.0,58633.0,1,0,3.4,58.0,R1 Research,78350.0,52.9,5,0.5,-0.866,51.5,20916.0,12847.0,33763.0,44587.0,1,0.7604,0.4309,33700.0,0.0339
IL,0,City,10593.0,45154.0,1,0,3.55,73.0,Regional Comprehensive,42703.0,927.6,2,0.866,0.5,63.5,19693.0,7302.0,26995.0,15708.0,1,0.3479,0.6322,5115.0,0.0471
UT,0,Suburb,27522.0,133952.0,0,0,2.86,44.0,Community College,21072.0,557.7,3,1.0,0.0,53.1,24.0,0.0,24.0,21048.0,0,0.1571,0.0011,0.0,0.0588
CA,0,City,7482.0,22266.0,1,1,3.05,89.0,Community College,21861.0,111.8,7,-0.5,-0.866,91.0,355.0,4991.0,5346.0,16515.0,1,0.7417,0.2445,9033.0,0.1414
NY,0,Suburb,8292.0,46273.0,0,1,2.08,33.0,Community College,20300.0,145.9,3,1.0,0.0,61.0,1614.0,5053.0,6667.0,13633.0,1,0.2946,0.3284,5341.0,0.0777
NJ,0,Suburb,1303.0,16690.0,1,1,3.16,74.0,Liberal Arts College,68651.0,64.3,1,0.5,0.866,66.9,29325.0,23476.0,52801.0,15850.0,1,0.9497,0.7691,14547.0,0.2115
NY,0,Suburb,6859.0,29991.0,0,1,3.2,60.0,Regional Comprehensive,47781.0,146.0,6,0.0,-1.0,53.8,18748.0,19013.0,37761.0,10020.0,1,0.3341,0.7903,3161.0,0.0517
FL,0,Town,12010.0,79092.0,0,0,3.69,63.0,Regional Comprehensive,47527.0,62.4,1,0.5,0.866,71.0,17816.0,8846.0,26662.0,20865.0,1,0.2638,0.561,8855.0,0.08
GA,0,City,9988.0,80180.0,0,0,2.69,65.0,Regional Comprehensive,41843.0,116.7,12,-0.0,1.0,45.7,14975.0,6635.0,21610.0,20233.0,1,0.2523,0.5165,10245.0,0.0795
TX,0,Suburb,11204.0,50237.0,1,0,3.07,37.0,Regional Comprehensive,43465.0,847.8,2,0.866,0.5,57.9,13221.0,6333.0,19554.0,23911.0,0,0.476,0.4499,12707.0,0.1688
MI,0,Suburb,40344.0,141389.0,0,0,3.07,51.0,Regional Comprehensive,53572.0,114.6,1,0.5,0.866,54.8,18797.0,3096.0,21893.0,31679.0,1,0.2241,0.4087,0.0,0.0486
MO,0,Town,35319.0,166860.0,0,0,3.54,83.0,Regional Comprehensive,52453.0,42.2,5,0.5,-0.866,60.6,23966.0,3341.0,27307.0,25146.0,1,0.1507,0.5206,0.0,0.1522
VA,0,Suburb,16494.0,59884.0,1,0,3.39,99.0,Community College,17631.0,30.2,8,-0.866,-0.5,80.2,1634.0,317.0,1951.0,15680.0,1,0.2618,0.1107,0.0,0.0865
CA,0,City,13779.0,75381.0,1,0,3.14,83.0,R2 Doctoral,43870.0,144.8,7,-0.5,-0.866,55.8,14860.0,7700.0,22560.0,21310.0,0,0.2827,0.5142,7531.0,0.2391
KY,0,Suburb,15125.0,45441.0,1,0,2.68,51.0,R1 Research,85342.0,57.0,2,0.866,0.5,42.4,22109.0,14861.0,36970.0,48372.0,0,1.0645,0.4332,33247.0,0.2105
TX,0,City,18682.0,98850.0,0,0,3.16,89.0,R1 Research,91081.0,164.2,4,0.866,-0.5,33.4,31434.0,15111.0,46545.0,44536.0,1,0.4505,0.511,25854.0,0.0408
CO,0,Town,4078.0,26643.0,0,1,3.41,64.0,Liberal Arts College,92737.0,23.1,7,-0.5,-0.866,100.0,34933.0,36959.0,71892.0,20845.0,0,0.7824,0.7752,16767.0,0.4324
PA,0,Suburb,34852.0,229349.0,0,0,3.71,88.0,Community College,18113.0,261.5,9,-1.0,-0.0,40.9,2822.0,0.0,2822.0,15291.0,0,0.0667,0.1558,0.0,0.0463
MN,0,Suburb,33717.0,143027.0,1,0,2.62,60.0,Liberal Arts College,83707.0,41.6,4,0.866,-0.5,98.4,26578.0,7688.0,34266.0,49441.0,1,0.3457,0.4094,15724.0,0.1048
TX,0,Suburb,7729.0,26550.0,1,1,2.73,27.0,Regional Comprehensive,40839.0,133.0,1,0.5,0.866,62.5,10735.0,12791.0,23526.0,17313.0,1,0.6521,0.5761,9584.0,0.0429
TX,0,Rural,2826.0,35664.0,1,1,2.54,42.0,Regional Comprehensive,49865.0,88.8,3,1.0,0.0,47.8,15570.0,16233.0,31803.0,18062.0,1,0.5064,0.6378,15236.0,0.0959
NC,0,Town,26240.0,85246.0,0,0,2.92,58.0,R1 Research,66760.0,769.8,5,0.5,-0.866,57.8,16779.0,8001.0,24780.0,41980.0,0,0.4925,0.3712,15740.0,0.0496
CA,0,Suburb,5004.0,49338.0,0,1,3.39,75.0,Regional Comprehensive,42141.0,151.7,1,0.5,0.866,74.1,20578.0,13241.0,33819.0,8322.0,1,0.1687,0.8025,3318.0,0.2
FL,0,Town,19333.0,93164.0,1,0,3.2,49.0,Liberal Arts College,76146.0,977.1,11,-0.5,0.866,53.8,25027.0,15223.0,40250.0,35896.0,1,0.3853,0.5286,16563.0,0.1029
MD,0,Suburb,6449.0,48593.0,1,1,1.99,22.0,Liberal Arts College,71398.0,228.3,1,0.5,0.866,56.0,13521.0,20476.0,33997.0,37401.0,0,0.7697,0.4762,30952.0,0.0441
LA,0,Town,35749.0,188691.0,0,0,2.26,31.0,Regional Comprehensive,48307.0,566.0,1,0.5,0.866,34.7,8235.0,3271.0,11506.0,36801.0,1,0.195,0.2382,1052.0,0.0423
CA,0,Town,12311.0,63322.0,1,0,2.31,22.0,Community College,16865.0,101.8,1,0.5,0.866,55.5,1365.0,971.0,2336.0,14529.0,1,0.2294,0.1385,2218.0,0.0685
CT,0,City,71133.0,359619.0,0,0,3.68,91.0,Regional Comprehensive,56643.0,182.1,2,0.866,0.5,69.2,26253.0,0.0,26253.0,30390.0,1,0.0845,0.4635,0.0,0.062
SC,0,City,19679.0,97142.0,0,0,3.08,76.0,R1 Research,76955.0,455.5,10,-0.866,0.5,26.9,20297.0,14851.0,35148.0,41807.0,0,0.4304,0.4567,22128.0,0.1452
OK,0,City,3278.0,23824.0,0,1,3.5,65.0,Regional Comprehensive,43426.0,327.7,7,-0.5,-0.866,49.5,20664.0,14468.0,35132.0,8294.0,0,0.3481,0.809,5016.0,0.0594
IN,0,City,62747.0,282738.0,0,0,3.81,92.0,Community College,16558.0,221.3,1,0.5,0.866,67.6,4533.0,0.0,4533.0,12025.0,1,0.0425,0.2738,0.0,0.1094
TN,0,Suburb,14690.0,138836.0,0,0,3.06,75.0,Community College,18224.0,89.8,11,-0.5,0.866,75.3,813.0,940.0,1753.0,16471.0,1,0.1186,0.0962,1781.0,0.0968
MI,0,City,12926.0,82761.0,0,0,3.31,85.0,Community College,18479.0,107.2,5,0.5,-0.866,39.2,5177.0,965.0,6142.0,12337.0,1,0.1491,0.3324,0.0,0.0571
MA,0,Suburb,25146.0,100265.0,0,0,2.08,18.0,Regional Comprehensive,43779.0,418.4,4,0.866,-0.5,96.8,9778.0,3242.0,13020.0,30759.0,1,0.3068,0.2974,5613.0,0.5312
AR,0,City,5913.0,26739.0,0,1,3.65,94.0,Community College,17762.0,520.6,1,0.5,0.866,71.1,3479.0,4756.0,8235.0,9527.0,0,0.3563,0.4636,3614.0,0.186
CA,0,City,-483.0,17169.0,1,1,3.09,55.0,Regional Comprehensive,41297.0,68.0,10,-0.866,0.5,37.7,13773.0,12998.0,26771.0,14526.0,0,0.8461,0.6483,15009.0,0.0348
NY,0,Suburb,19118.0,61080.0,0,0,3.06,68.0,Regional Comprehensive,49081.0,58.0,5,0.5,-0.866,61.9,22824.0,5623.0,28447.0,20634.0,1,0.3378,0.5796,1516.0,0.1475
CA,0,Suburb,45256.0,169857.0,0,0,3.35,59.0,Regional Comprehensive,51359.0,49.0,1,0.5,0.866,49.8,21835.0,1313.0,23148.0,28211.0,1,0.1661,0.4507,0.0,0.0408
KS,0,Suburb,18229.0,83693.0,0,0,2.94,33.0,Regional Comprehensive,41120.0,302.8,4,0.866,-0.5,31.9,11218.0,5957.0,17175.0,23945.0,0,0.2861,0.4177,5716.0,0.0656
OH,1,Town,50694.0,215476.0,0,0,2.95,60.0,Liberal Arts College,62506.0,13.8,1,0.5,0.866,59.9,18468.0,1767.0,20235.0,42271.0,1,0.1962,0.3237,0.0,0.0379
TN,0,Rural,34916.0,162963.0,0,0,1.65,15.0,Regional Comprehensive,36904.0,299.0,1,0.5,0.866,60.4,4153.0,532.0,4685.0,32219.0,1,0.1977,0.127,0.0,0.0563
KY,0,Suburb,6096.0,63885.0,1,1,3.06,66.0,Community College,17636.0,224.7,1,0.5,0.866,71.8,2354.0,4681.0,7035.0,10601.0,0,0.1659,0.3989,4505.0,0.1562
SD,0,City,47989.0,147606.0,0,0,1.82,,Community College,23923.0,71.5,3,1.0,0.0,43.9,614.0,0.0,614.0,23309.0,1,0.1579,0.0257,0.0,0.1087
TX,0,City,26061.0,188390.0,0,0,2.18,,Community College,22000.0,654.5,9,-1.0,-0.0,39.8,3270.0,0.0,3270.0,18730.0,0,0.0994,0.1486,0.0,0.0154
SC,0,Rural,20899.0,59413.0,1,0,3.16,72.0,R1 Research,77570.0,27.3,6,0.0,-1.0,79.2,20599.0,12060.0,32659.0,44911.0,1,0.7559,0.421,24012.0,0.127
CT,0,Suburb,12210.0,53964.0,0,0,2.53,56.0,R2 Doctoral,49062.0,723.7,6,0.0,-1.0,72.0,14602.0,9679.0,24281.0,24781.0,1,0.4592,0.4949,12571.0,0.1818
CA,0,Town,21199.0,69642.0,1,0,2.13,,Community College,17258.0,177.1,1,0.5,0.866,44.4,2357.0,0.0,2357.0,14901.0,1,0.214,0.1366,0.0,0.0761
WI,0,Suburb,1652.0,11086.0,1,1,1.78,5.0,Community College,17710.0,15.0,1,0.5,0.866,36.7,0.0,8296.0,8296.0,9414.0,0,0.8492,0.4684,7762.0,0.0222
PA,0,City,18205.0,77027.0,1,0,3.05,45.0,R2 Doctoral,62130.0,674.1,3,1.0,0.0,44.8,19069.0,11400.0,30469.0,31661.0,1,0.411,0.4904,13456.0,0.1296
MA,0,Suburb,17288.0,105738.0,1,0,2.96,57.0,Regional Comprehensive,50855.0,351.7,11,-0.5,0.866,77.9,18817.0,7337.0,26154.0,24701.0,1,0.2336,0.5143,7413.0,0.2051
MI,0,Town,20554.0,69846.0,1,0,2.62,58.0,R1 Research,72078.0,80.8,5,0.5,-0.866,11.2,15990.0,11836.0,27826.0,44252.0,0,0.6336,0.3861,23698.0,0.0
FL,0,Rural,19343.0,80674.0,1,0,3.12,57.0,Community College,21272.0,46.0,2,0.866,0.5,55.4,0.0,470.0,470.0,20802.0,0,0.2579,0.0221,1459.0,0.0625
TX,0,City,24363.0,61004.0,0,0,3.61,72.0,Regional Comprehensive,41730.0,24.4,1,0.5,0.866,79.4,19830.0,4848.0,24678.0,17052.0,1,0.2795,0.5914,0.0,0.3125
CA,0,Suburb,3991.0,14945.0,1,1,2.32,34.0,Regional Comprehensive,46488.0,1600.5,1,0.5,0.866,70.3,11145.0,16569.0,27714.0,18774.0,0,1.2562,0.5962,14783.0,0.0694
CA,0,City,38847.0,208370.0,0,0,1.99,,R1 Research,81536.0,48.1,1,0.5,0.866,60.1,7250.0,8740.0,15990.0,65546.0,0,0.3146,0.1961,26699.0,0.08
AZ,0,Rural,5563.0,48299.0,0,1,3.35,79.0,R1 Research,86454.0,33.6,5,0.5,-0.866,75.8,28726.0,29655.0,58381.0,28073.0,0,0.5812,0.6753,22510.0,0.1094
PA,0,City,14640.0,40344.0,1,0,1.58,15.0,Community College,16129.0,167.9,1,0.5,0.866,62.8,689.0,249.0,938.0,15191.0,0,0.3765,0.0582,551.0,0.1143
FL,0,Town,36103.0,167334.0,0,0,3.06,57.0,Liberal Arts College,91633.0,22.7,1,0.5,0.866,53.0,32558.0,9934.0,42492.0,49141.0,0,0.2937,0.4637,13038.0,0.0676
IN,0,City,29634.0,127346.0,1,0,3.19,57.0,R2 Doctoral,70547.0,45.2,5,0.5,-0.866,76.7,26140.0,9597.0,35737.0,34810.0,1,0.2733,0.5066,5176.0,0.1616
IN,0,Suburb,27620.0,76620.0,1,0,2.67,39.0,R1 Research,59359.0,360.2,1,0.5,0.866,100.0,12095.0,4621.0,16716.0,42643.0,1,0.5566,0.2816,15023.0,0.1667
MI,0,Suburb,22622.0,109529.0,0,0,2.99,51.0,Regional Comprehensive,37945.0,206.3,2,0.866,0.5,20.9,12334.0,3660.0,15994.0,21951.0,0,0.2004,0.4215,0.0,0.0408
MS,0,Suburb,5089.0,27403.0,1,1,2.57,38.0,Community College,23119.0,84.5,12,-0.0,1.0,42.8,3885.0,9658.0,13543.0,9576.0,1,0.3495,0.5858,4487.0,0.0748
IL,0,Town,7116.0,59383.0,1,1,2.99,34.0,Regional Comprehensive,43410.0,129.2,9,-1.0,-0.0,54.1,13530.0,12400.0,25930.0,17480.0,1,0.2944,0.5973,10364.0,0.0543
LA,0,Rural,45897.0,159891.0,0,0,2.86,55.0,Liberal Arts College,75478.0,79.6,10,-0.866,0.5,44.5,24304.0,5255.0,29559.0,45919.0,0,0.2872,0.3916,22.0,0.0286
CA,0,Rural,5302.0,38656.0,0,1,3.91,85.0,Community College,22143.0,118.7,1,0.5,0.866,63.9,2050.0,8789.0,10839.0,11304.0,1,0.2924,0.4895,6002.0,0.1188
MD,0,Suburb,3351.0,30675.0,0,1,3.87,88.0,Regional Comprehensive,41340.0,56.9,12,-0.0,1.0,52.5,21261.0,20479.0,39273.0,2067.0,1,0.0674,0.95,0.0,0.1023
DE,0,Town,10307.0,66609.0,0,0,3.88,81.0,Community College,19861.0,68.9,4,0.866,-0.5,38.1,4392.0,2337.0,6729.0,13132.0,0,0.1972,0.3388,2825.0,0.1163
KY,0,Suburb,15526.0,67743.0,0,0,2.08,25.0,Regional Comprehensive,39215.0,66.7,1,0.5,0.866,73.1,7721.0,4052.0,11773.0,27442.0,1,0.4051,0.3002,11916.0,0.1138
VA,0,Suburb,18504.0,100333.0,0,0,3.63,96.0,R1 Research,80569.0,59.1,2,0.866,0.5,59.7,28723.0,13038.0,41761.0,38808.0,1,0.3868,0.5183,20304.0,0.0714
AZ,0,Suburb,240.0,23335.0,0,1,3.57,79.0,Community College,21367.0,379.2,1,0.5,0.866,85.3,1766.0,10699.0,12465.0,8902.0,0,0.3815,0.5834,8662.0,0.119
PA,0,Suburb,-1500.0,10041.0,0,1,2.29,7.0,Community College,19652.0,284.4,2,0.866,0.5,81.1,3193.0,9309.0,12502.0,7150.0,0,0.7121,0.6362,8650.0,0.0493
TN,0,City,36066.0,122184.0,0,0,2.38,31.0,R1 Research,72924.0,47.6,1,0.5,0.866,59.0,10475.0,6310.0,16785.0,56139.0,1,0.4595,0.2302,20073.0,0.1571
CO,0,Suburb,2179.0,28861.0,0,1,3.48,76.0,Regional Comprehensive,45341.0,36.2,2,0.866,0.5,71.5,19477.0,12278.0,31755.0,13586.0,1,0.4707,0.7004,11407.0,0.1169
WY,0,City,11110.0,40571.0,1,0,3.43,71.0,Liberal Arts College,76189.0,107.4,1,0.5,0.866,25.5,30286.0,12712.0,42998.0,33191.0,0,0.8181,0.5644,22081.0,0.087
NC,0,City,5549.0,13070.0,0,1,2.99,45.0,Community College,19041.0,1217.9,2,0.866,0.5,23.6,0.0,6675.0,6675.0,12366.0,0,0.9461,0.3506,6817.0,0.0157
CA,0,City,9450.0,131465.0,0,0,3.5,73.0,Liberal Arts College,86622.0,43.1,2,0.866,0.5,81.5,37376.0,11144.0,48520.0,38102.0,1,0.2898,0.5601,28652.0,0.1429
WA,0,City,23058.0,81003.0,0,0,2.01,28.0,Community College,14762.0,107.0,11,-0.5,0.866,51.3,1996.0,0.0,1996.0,12766.0,1,0.1576,0.1352,0.0,0.1194
CA,0,Town,12173.0,78695.0,0,0,3.11,55.0,Liberal Arts College,96247.0,139.1,1,0.5,0.866,85.6,34592.0,21126.0,55718.0,40529.0,1,0.515,0.5789,28356.0,0.3214
FL,0,Suburb,18092.0,78314.0,0,0,2.49,54.0,Regional Comprehensive,46250.0,113.0,10,-0.866,0.5,74.4,16217.0,6782.0,22999.0,23251.0,1,0.2969,0.4973,5159.0,0.3023
NY,0,City,5792.0,14281.0,1,1,3.24,56.0,R1 Research,93079.0,78.3,9,-1.0,-0.0,32.0,21811.0,24372.0,46183.0,46896.0,0,3.2838,0.4962,41104.0,0.0625
MD,0,Town,8395.0,30967.0,0,1,2.6,26.0,Community College,19853.0,426.1,4,0.866,-0.5,71.9,1910.0,5216.0,7126.0,12727.0,1,0.411,0.3589,4332.0,0.0538
TX,0,Rural,7749.0,45468.0,0,1,3.12,57.0,Community College,19251.0,204.2,3,1.0,0.0,46.9,4242.0,3285.0,7527.0,11724.0,1,0.2579,0.391,3975.0,0.053
TX,0,Rural,8700.0,36714.0,0,1,3.36,42.0,R1 Research,78446.0,308.0,3,1.0,0.0,55.5,18208.0,34972.0,53180.0,25266.0,1,0.6882,0.6779,16566.0,0.1471
CA,0,Town,11303.0,51767.0,0,0,3.55,76.0,Liberal Arts College,65404.0,235.3,11,-0.5,0.866,30.8,29865.0,7620.0,37485.0,27919.0,0,0.5393,0.5731,16616.0,0.0619
OK,0,Rural,19898.0,75152.0,1,0,3.04,52.0,R1 Research,63194.0,323.9,12,-0.0,1.0,74.8,15074.0,6497.0,21571.0,41623.0,1,0.5539,0.3413,21725.0,0.0493
IN,0,Suburb,27429.0,129915.0,0,0,2.1,30.0,Liberal Arts College,75888.0,668.8,7,-0.5,-0.866,66.2,16195.0,9793.0,25988.0,49900.0,1,0.3841,0.3425,22471.0,0.1429
CA,0,Rural,3728.0,21682.0,0,1,2.42,11.0,R2 Doctoral,56989.0,512.6,10,-0.866,0.5,43.9,7992.0,15803.0,23795.0,33194.0,0,1.5309,0.4175,29466.0,0.0365
CA,0,Rural,6325.0,62545.0,1,1,2.3,38.0,Community College,21802.0,1455.2,9,-1.0,-0.0,45.6,1040.0,7443.0,8483.0,13319.0,0,0.213,0.3891,6994.0,0.0323
NJ,0,Suburb,22512.0,105063.0,0,0,2.5,38.0,Liberal Arts College,78669.0,454.9,7,-0.5,-0.866,71.3,22681.0,13728.0,36409.0,42260.0,1,0.4022,0.4628,19748.0,0.0476
NY,0,Rural,6239.0,32359.0,0,1,3.03,77.0,Liberal Arts College,92413.0,62.7,2,0.866,0.5,47.7,36038.0,24140.0,60178.0,32235.0,0,0.9962,0.6512,25996.0,0.0789
WA,0,Town,11172.0,54784.0,1,0,3.36,66.0,R2 Doctoral,40475.0,308.4,3,1.0,0.0,54.0,17551.0,6068.0,23619.0,16856.0,1,0.3077,0.5835,5684.0,0.1304
OH,1,Town,13385.0,88073.0,0,0,2.47,39.0,R2 Doctoral,53380.0,77.3,2,0.866,0.5,48.7,12780.0,6966.0,19746.0,33634.0,1,0.3819,0.3699,20249.0,0.2903
AR,0,Rural,14737.0,63454.0,0,0,2.66,50.0,Regional Comprehensive,43554.0,951.6,8,-0.866,-0.5,43.1,16449.0,6509.0,22958.0,20596.0,0,0.3246,0.5271,5859.0,0.0787
NY,0,Suburb,13399.0,102275.0,1,0,3.21,37.0,R1 Research,78945.0,45.9,2,0.866,0.5,78.1,17441.0,10144.0,27585.0,51360.0,1,0.5022,0.3494,37961.0,0.0621
TN,0,Suburb,14729.0,67385.0,1,0,2.92,66.0,R2 Doctoral,63732.0,227.6,7,-0.5,-0.866,65.5,17985.0,12968.0,30953.0,32779.0,0,0.4864,0.4857,18050.0,0.0929
CA,0,Suburb,8407.0,50285.0,0,1,2.85,48.0,Community College,15932.0,62.0,2,0.866,0.5,51.8,501.0,3345.0,3846.0,12086.0,0,0.2404,0.2414,3679.0,0.1489
NE,0,Town,3278.0,27056.0,0,1,3.75,67.0,Regional Comprehensive,51903.0,217.0,1,0.5,0.866,43.8,22567.0,26606.0,49173.0,2730.0,1,0.1009,0.9474,0.0,0.2222
MT,0,Rural,17496.0,75204.0,0,0,2.21,24.0,Regional Comprehensive,48790.0,101.1,11,-0.5,0.866,53.5,9927.0,4949.0,14876.0,33914.0,0,0.451,0.3049,16418.0,0.0964
MD,0,Rural,11350.0,67642.0,1,0,2.81,63.0,Community College,23659.0,209.6,3,1.0,0.0,60.1,765.0,1828.0,2593.0,21066.0,1,0.3114,0.1096,9716.0,0.0451
GA,0,Town,11612.0,30797.0,0,0,3.0,51.0,Liberal Arts College,78656.0,28.8,2,0.866,0.5,75.9,24442.0,11323.0,35765.0,42891.0,0,1.3927,0.4547,31279.0,0.115
FL,0,Rural,11592.0,95710.0,1,0,2.76,47.0,Regional Comprehensive,45384.0,291.4,4,0.866,-0.5,51.0,15870.0,9309.0,25179.0,20205.0,0,0.2111,0.5548,8613.0,0.0815
AL,0,City,34064.0,156828.0,0,0,3.02,30.0,Liberal Arts College,70470.0,157.3,1,0.5,0.866,70.5,23409.0,8480.0,31889.0,38581.0,1,0.246,0.4525,4517.0,0.2143
MD,0,Rural,11236.0,39133.0,1,0,3.13,49.0,R2 Doctoral,52303.0,148.7,1,0.5,0.866,62.2,16356.0,5874.0,22230.0,30073.0,0,0.7685,0.425,18837.0,0.0488
FL,0,City,8184.0,37276.0,1,1,2.91,61.0,R1 Research,72217.0,982.0,1,0.5,0.866,72.0,17702.0,33111.0,50813.0,21404.0,0,0.5742,0.7036,13220.0,0.1556
GA,0,Suburb,2736.0,36309.0,0,1,1.5,12.0,R2 Doctoral,60033.0,84.8,12,-0.0,1.0,82.1,3434.0,25111.0,28545.0,31488.0,1,0.8672,0.4755,28752.0,0.0962
GA,0,City,-951.0,18795.0,0,1,3.49,76.0,R2 Doctoral,61037.0,181.5,9,-1.0,-0.0,50.9,27087.0,20260.0,47347.0,13690.0,1,0.7284,0.7757,14641.0,0.0286
LA,0,Suburb,95183.0,266526.0,0,0,2.64,49.0,Community College,16695.0,140.8,10,-0.866,0.5,93.8,3210.0,0.0,3210.0,13485.0,1,0.0506,0.1923,0.0,0.1172
IN,0,Suburb,1147.0,45561.0,1,1,2.84,44.0,Community College,18967.0,156.0,4,0.866,-0.5,60.2,1142.0,8456.0,9598.0,9369.0,1,0.2056,0.506,8222.0,0.1364
MA,0,City,8250.0,33925.0,0,1,2.05,19.0,R1 Research,74822.0,1306.0,4,0.866,-0.5,41.3,10423.0,29197.0,39620.0,35202.0,0,1.0376,0.5295,26952.0,0.0645
MA,0,Suburb,1205.0,27965.0,1,1,3.06,43.0,Community College,13834.0,135.5,1,0.5,0.866,95.0,686.0,4067.0,4753.0,9081.0,1,0.3247,0.3436,7876.0,0.1143
FL,0,Town,4673.0,47604.0,0,1,3.48,67.0,Community College,21368.0,69.8,4,0.866,-0.5,92.8,997.0,4807.0,5804.0,15564.0,0,0.3269,0.2716,10891.0,0.1667
PA,0,City,11925.0,38156.0,0,0,2.48,35.0,R2 Doctoral,54953.0,903.5,5,0.5,-0.866,42.3,12260.0,7529.0,19789.0,35164.0,0,0.9216,0.3601,23239.0,0.0448
CA,0,Suburb,30881.0,177267.0,0,0,2.52,16.0,Regional Comprehensive,45441.0,91.7,10,-0.866,0.5,40.5,11521.0,3397.0,14918.0,30523.0,1,0.1722,0.3283,0.0,0.0
MN,0,City,7315.0,25614.0,0,1,3.44,99.0,Regional Comprehensive,51929.0,23.5,10,-0.866,0.5,69.4,27783.0,15114.0,42897.0,9032.0,0,0.3526,0.8261,1717.0,0.1475
OH,1,City,182.0,20791.0,1,1,2.84,40.0,R2 Doctoral,36526.0,16.8,9,-1.0,-0.0,69.9,9444.0,12786.0,22230.0,14296.0,0,0.6876,0.6086,14114.0,0.1607
OH,1,City,22881.0,93647.0,1,0,2.95,56.0,Regional Comprehensive,27452.0,9.9,12,-0.0,1.0,42.3,11063.0,1147.0,12210.0,15242.0,0,0.1628,0.4448,0.0,0.0571
FL,0,Suburb,12960.0,58268.0,1,0,3.1,43.0,R1 Research,52134.0,19.1,11,-0.5,0.866,41.7,11345.0,10860.0,22205.0,29929.0,1,0.5136,0.4259,16969.0,0.1429
TX,0,Town,7054.0,53609.0,0,1,2.82,9.0,Regional Comprehensive,45013.0,86.5,2,0.866,0.5,67.0,11992.0,11312.0,23304.0,21709.0,0,0.405,0.5177,14655.0,0.102
VA,0,Suburb,15979.0,94178.0,1,0,3.38,92.0,Regional Comprehensive,50249.0,117.7,1,0.5,0.866,64.4,23527.0,8650.0,32177.0,18072.0,1,0.1919,0.6404,2093.0,0.0811
FL,0,Town,18521.0,69455.0,0,0,3.12,60.0,Regional Comprehensive,35827.0,437.6,3,1.0,0.0,71.4,13506.0,3729.0,17235.0,18592.0,0,0.2677,0.4811,71.0,0.069
CA,0,Suburb,2925.0,60858.0,1,1,3.47,45.0,Regional Comprehensive,40658.0,245.4,1,0.5,0.866,77.1,16331.0,15378.0,31709.0,8949.0,1,0.147,0.7799,6024.0,0.1525
CO,0,Town,6099.0,22878.0,0,1,2.31,15.0,Regional Comprehensive,46045.0,233.9,10,-0.866,0.5,71.2,10633.0,13612.0,24245.0,21800.0,0,0.9529,0.5266,15701.0,0.0526
IL,0,Rural,-1500.0,18939.0,0,1,2.62,67.0,R2 Doctoral,53634.0,49.6,3,1.0,0.0,24.2,16209.0,30319.0,46528.0,7106.0,1,0.3752,0.8675,8606.0,0.055
IL,0,Suburb,8877.0,38013.0,1,1,3.58,83.0,R1 Research,68536.0,320.9,1,0.5,0.866,100.0,21073.0,20058.0,41131.0,27405.0,1,0.7209,0.6001,18528.0,0.0877
OH,1,City,6563.0,28832.0,0,1,3.87,55.0,Regional Comprehensive,31993.0,158.1,3,1.0,0.0,70.3,14489.0,13895.0,28384.0,3609.0,0,0.1252,0.8872,0.0,0.082
AL,0,City,15344.0,76407.0,1,0,2.81,41.0,R2 Doctoral,67421.0,191.7,4,0.866,-0.5,56.3,20284.0,12451.0,32735.0,34686.0,0,0.454,0.4855,19342.0,0.0946
NY,0,Suburb,9187.0,17239.0,1,0,1.5,,R1 Research,72977.0,197.5,3,1.0,0.0,63.1,6663.0,16465.0,23128.0,49849.0,0,2.8916,0.3169,40662.0,0.3333
WI,0,Suburb,11890.0,45617.0,0,0,2.28,34.0,Regional Comprehensive,46383.0,33.6,2,0.866,0.5,73.6,10254.0,6478.0,16732.0,29651.0,0,0.65,0.3607,17761.0,0.359
KS,0,City,7033.0,55569.0,0,1,2.4,32.0,Community College,20372.0,383.4,3,1.0,0.0,65.2,566.0,5332.0,5898.0,14474.0,0,0.2605,0.2895,7441.0,0.0753
MA,0,Rural,18772.0,61172.0,0,0,2.06,,Regional Comprehensive,36536.0,822.0,2,0.866,0.5,66.4,3809.0,4568.0,8377.0,28159.0,0,0.4603,0.2293,9387.0,0.2188
OH,1,Rural,12331.0,83889.0,0,0,3.89,81.0,Liberal Arts College,66918.0,51.5,3,1.0,0.0,59.3,33362.0,14622.0,47984.0,18934.0,1,0.2257,0.7171,6603.0,0.0556
WI,0,City,2027.0,49756.0,0,1,3.14,49.0,Community College,15313.0,67.9,7,-0.5,-0.866,87.4,1542.0,4846.0,6388.0,8925.0,1,0.1794,0.4172,6898.0,0.1507
GA,0,City,13973.0,38926.0,0,0,2.74,55.0,Liberal Arts College,77947.0,106.9,11,-0.5,0.866,59.9,24779.0,12624.0,37403.0,40544.0,0,1.0416,0.4799,26571.0,0.0368
OH,1,City,32978.0,154203.0,0,0,3.24,57.0,Regional Comprehensive,36226.0,23.6,1,0.5,0.866,83.3,14590.0,483.0,15073.0,21153.0,0,0.1372,0.4161,0.0,0.0667
MI,0,Suburb,3733.0,49990.0,0,1,2.77,39.0,Community College,18125.0,86.8,12,-0.0,1.0,92.2,2358.0,6830.0,9188.0,8937.0,1,0.1788,0.5069,5204.0,0.3019
NY,0,Rural,51861.0,174866.0,0,0,2.9,48.0,R2 Doctoral,62846.0,250.2,3,1.0,0.0,78.3,17670.0,2691.0,20361.0,42485.0,0,0.243,0.324,0.0,0.0652
CA,0,Suburb,9221.0,49807.0,0,0,3.47,62.0,R2 Doctoral,46039.0,169.9,10,-0.866,0.5,60.1,16923.0,8954.0,25877.0,20162.0,1,0.4048,0.5621,10941.0,0.0635
OH,1,City,10392.0,62211.0,0,0,3.4,90.0,R2 Doctoral,44061.0,105.2,6,0.0,-1.0,25.2,18752.0,5231.0,23983.0,20078.0,0,0.3227,0.5443,9686.0,0.0229
TX,0,Suburb,7879.0,56960.0,1,1,3.44,86.0,Regional Comprehensive,46617.0,187.0,10,-0.866,0.5,51.3,25234.0,10915.0,36149.0,10468.0,0,0.1838,0.7754,2589.0,0.2903
IL,0,City,24032.0,74345.0,0,0,2.46,50.0,Liberal Arts College,50701.0,51.1,1,0.5,0.866,100.0,14850.0,6417.0,21267.0,29434.0,1,0.3959,0.4195,5402.0,0.1692
NJ,0,Suburb,17503.0,46523.0,0,0,2.28,12.0,R1 Research,77214.0,74.9,1,0.5,0.866,68.8,10617.0,9902.0,20519.0,56695.0,1,1.2186,0.2657,39192.0,0.1316
MS,0,Suburb,16968.0,67455.0,1,0,3.15,65.0,Regional Comprehensive,31859.0,70.2,1,0.5,0.866,42.8,12063.0,3215.0,15278.0,16581.0,1,0.2458,0.4796,0.0,0.0833
CA,0,Suburb,33286.0,189508.0,0,0,3.11,69.0,Regional Comprehensive,46058.0,104.2,2,0.866,0.5,58.1,18291.0,2532.0,20823.0,25235.0,1,0.1332,0.4521,0.0,0.0222
AZ,0,Suburb,25629.0,133943.0,0,0,2.13,9.0,Community College,20275.0,834.1,6,0.0,-1.0,37.1,1745.0,0.0,1745.0,18530.0,0,0.1383,0.0861,0.0,0.0385
GA,0,Rural,25711.0,134609.0,0,0,3.21,48.0,Regional Comprehensive,43362.0,986.8,4,0.866,-0.5,51.9,14365.0,4189.0,18554.0,24808.0,0,0.1843,0.4279,0.0,0.0493
CA,0,City,-1500.0,23952.0,0,1,3.05,44.0,Regional Comprehensive,46033.0,305.0,6,0.0,-1.0,51.1,16194.0,24773.0,40967.0,5066.0,0,0.2115,0.8899,6566.0,0.1569
FL,0,Town,-1500.0,26912.0,1,1,3.1,40.0,Liberal Arts College,100266.0,143.5,12,-0.0,1.0,46.4,30512.0,44347.0,74859.0,25407.0,0,0.9441,0.7466,26907.0,0.084
CA,0,City,12112.0,73628.0,0,0,3.23,77.0,R1 Research,67621.0,30.3,1,0.5,0.866,64.2,21128.0,13499.0,34627.0,32994.0,1,0.4481,0.5121,20882.0,0.0492
FL,0,Suburb,28751.0,109637.0,0,0,3.16,73.0,Regional Comprehensive,40009.0,159.6,2,0.866,0.5,25.1,14362.0,3126.0,17488.0,22521.0,1,0.2054,0.4371,0.0,0.0515
FL,0,Rural,10184.0,43314.0,0,0,3.54,71.0,R1 Research,90923.0,55.3,2,0.866,0.5,73.8,29629.0,15840.0,45469.0,45454.0,0,1.0494,0.5001,35270.0,0.2927
IL,0,Suburb,9371.0,38091.0,0,0,2.86,49.0,R1 Research,74275.0,702.0,7,-0.5,-0.866,83.2,14420.0,15424.0,29844.0,44431.0,0,1.1664,0.4018,35060.0,0.0811
MI,0,City,41578.0,171711.0,0,0,2.26,18.0,Regional Comprehensive,50465.0,23.5,1,0.5,0.866,29.7,13350.0,1971.0,15321.0,35144.0,1,0.2047,0.3036,0.0,0.0297
CA,0,Suburb,34273.0,103139.0,0,0,3.03,86.0,Community College,15034.0,189.7,2,0.866,0.5,81.0,2161.0,0.0,2161.0,12873.0,1,0.1248,0.1437,0.0,0.1053
TX,0,Town,38324.0,134827.0,0,0,2.88,45.0,Regional Comprehensive,34086.0,50.6,4,0.866,-0.5,71.9,12056.0,0.0,12056.0,22030.0,0,0.1634,0.3537,0.0,0.0476
CA,0,Rural,8667.0,45805.0,0,1,2.28,21.0,Regional Comprehensive,41249.0,125.4,1,0.5,0.866,69.4,9027.0,13106.0,22133.0,19116.0,1,0.4173,0.5366,10449.0,0.1333
NJ,0,Suburb,8868.0,43286.0,0,1,3.14,59.0,Regional Comprehensive,44348.0,255.0,11,-0.5,0.866,54.7,17365.0,13653.0,31018.0,13330.0,0,0.308,0.6994,4462.0,0.093
NY,0,City,22410.0,124642.0,1,0,3.47,56.0,Regional Comprehensive,42789.0,370.5,12,-0.0,1.0,61.0,15859.0,3024.0,18883.0,23906.0,1,0.1918,0.4413,1496.0,0.0725
NJ,0,Suburb,3864.0,52096.0,1,1,3.45,76.0,Regional Comprehensive,42781.0,118.9,10,-0.866,0.5,74.3,20562.0,19482.0,40044.0,2737.0,1,0.0525,0.936,0.0,0.1111
FL,0,City,9807.0,40546.0,1,0,3.85,99.0,Community College,14394.0,281.8,3,1.0,0.0,68.9,3028.0,771.0,3799.0,10595.0,0,0.2613,0.2639,788.0,0.2778
CA,0,City,5296.0,32614.0,1,1,3.75,81.0,Regional Comprehensive,46121.0,63.2,5,0.5,-0.866,100.0,23517.0,14579.0,38096.0,8025.0,1,0.2461,0.826,2729.0,0.3519
KS,0,Suburb,5854.0,43559.0,0,1,3.43,82.0,Community College,18413.0,164.0,1,0.5,0.866,51.4,4836.0,5268.0,10104.0,8309.0,0,0.1908,0.5487,2455.0,0.0566
CA,0,Town,19627.0,118191.0,1,0,2.55,12.0,Regional Comprehensive,35213.0,362.9,9,-1.0,-0.0,89.2,5502.0,2240.0,7742.0,27471.0,1,0.2324,0.2199,7844.0,0.1
TX,0,City,-1228.0,21227.0,1,1,3.44,59.0,R2 Doctoral,54295.0,179.6,1,0.5,0.866,64.5,19180.0,16461.0,35641.0,18654.0,0,0.8788,0.6564,19882.0,0.1143
TX,0,Town,16008.0,99004.0,0,0,3.39,71.0,R1 Research,71024.0,72.7,5,0.5,-0.866,52.1,18686.0,13217.0,31903.0,39121.0,1,0.3951,0.4492,23113.0,0.1132
MT,0,Town,11887.0,37801.0,1,0,3.43,47.0,Regional Comprehensive,49878.0,94.5,1,0.5,0.866,84.9,20568.0,7360.0,27928.0,21950.0,0,0.5807,0.5599,10063.0,0.2143
WA,0,Town,9733.0,54100.0,0,0,2.81,52.0,Liberal Arts College,71865.0,368.1,9,-1.0,-0.0,50.1,24169.0,13900.0,38069.0,33796.0,0,0.6247,0.5297,24063.0,0.1143
WA,0,City,19808.0,56653.0,0,0,2.49,32.0,Regional Comprehensive,49481.0,40.3,4,0.866,-0.5,91.4,12814.0,6144.0,18958.0,30523.0,1,0.5388,0.3831,10715.0,0.0702
DE,0,Suburb,10527.0,53694.0,0,0,3.3,70.0,Community College,21209.0,47.0,1,0.5,0.866,49.4,4055.0,2414.0,6469.0,14740.0,0,0.2745,0.305,4213.0,0.1875
CA,0,City,4419.0,51188.0,0,1,1.9,10.0,R2 Doctoral,51196.0,238.3,1,0.5,0.866,85.7,7881.0,22230.0,30111.0,21085.0,0,0.4119,0.5882,16666.0,0.1765
NH,0,City,11755.0,45710.0,0,0,2.85,47.0,Liberal Arts College,83961.0,79.9,2,0.866,0.5,72.7,23871.0,10320.0,34191.0,49770.0,0,1.0888,0.4072,38015.0,0.0561
TX,0,Suburb,8335.0,41713.0,1,1,3.6,44.0,Regional Comprehensive,50238.0,27.6,12,-0.0,1.0,53.9,20061.0,20322.0,40383.0,9855.0,0,0.2363,0.8038,1520.0,0.08
AZ,0,Suburb,41335.0,162793.0,0,0,2.84,35.0,R2 Doctoral,62683.0,523.3,1,0.5,0.866,45.1,14722.0,5591.0,20313.0,42370.0,0,0.2603,0.3241,1035.0,0.0312
OH,1,City,20856.0,64089.0,0,0,2.18,30.0,Regional Comprehensive,32666.0,11.6,3,1.0,0.0,43.2,8103.0,2875.0,10978.0,21688.0,1,0.3384,0.3361,832.0,0.3333
IL,0,City,11073.0,57487.0,0,0,3.13,42.0,Liberal Arts College,76094.0,102.8,2,0.866,0.5,46.6,25337.0,12554.0,37891.0,38203.0,1,0.6646,0.4979,27130.0,0.0532
MS,0,Rural,4619.0,39571.0,1,1,2.23,13.0,Community College,15621.0,66.1,6,0.0,-1.0,82.2,975.0,3544.0,4519.0,11102.0,1,0.2806,0.2893,6483.0,0.0685
TX,0,Town,10730.0,46924.0,1,0,3.48,68.0,Regional Comprehensive,50403.0,92.7,8,-0.866,-0.5,61.3,21988.0,10673.0,32661.0,17742.0,0,0.3781,0.648,7012.0,0.1111
VT,0,Suburb,14063.0,39670.0,0,0,2.81,43.0,Liberal Arts College,62496.0,50.0,11,-0.5,0.866,68.0,20760.0,9339.0,30099.0,32397.0,0,0.8167,0.4816,18334.0,0.099
IL,0,Rural,18148.0,109212.0,1,0,3.03,65.0,Community College,18615.0,268.2,3,1.0,0.0,67.8,2473.0,106.0,2579.0,16036.0,0,0.1468,0.1385,0.0,0.0797
MA,0,City,5714.0,36586.0,1,1,2.43,36.0,Liberal Arts College,87962.0,142.3,3,1.0,0.0,45.2,22028.0,42774.0,64802.0,23160.0,1,0.633,0.7367,17446.0,0.0851
HI,0,Suburb,7044.0,12490.0,1,1,3.19,54.0,R2 Doctoral,50060.0,355.9,2,0.866,0.5,72.3,13751.0,13868.0,27619.0,22441.0,0,1.7967,0.5517,15397.0,0.0805
CA,0,Town,11290.0,65643.0,1,0,2.51,14.0,Liberal Arts College,77005.0,66.8,8,-0.866,-0.5,71.5,15571.0,10662.0,26233.0,50772.0,1,0.7735,0.3407,39482.0,0.0643
AR,0,Suburb,8231.0,51474.0,0,1,2.52,77.0,R1 Research,57863.0,1189.8,12,-0.0,1.0,21.4,16305.0,13910.0,30215.0,27648.0,0,0.5371,0.5222,19417.0,0.0161
NJ,0,City,5572.0,41284.0,0,1,1.81,10.0,R1 Research,68790.0,17.1,2,0.866,0.5,51.2,9460.0,34293.0,43753.0,25037.0,1,0.6065,0.636,19465.0,0.0875
MO,0,Suburb,38613.0,121336.0,1,0,2.56,50.0,Community College,16517.0,24.0,7,-0.5,-0.866,46.8,0.0,0.0,0.0,16517.0,1,0.1361,0.0,0.0,0.0275
TX,0,Suburb,-1500.0,8794.0,0,1,3.2,32.0,R1 Research,64966.0,798.4,9,-1.0,-0.0,33.0,14378.0,33953.0,48331.0,16635.0,0,1.8916,0.7439,18135.0,0.0168
MI,0,Suburb,29223.0,195809.0,0,0,3.12,55.0,Community College,20442.0,208.4,9,-1.0,-0.0,58.2,3313.0,0.0,3313.0,17129.0,0,0.0875,0.1621,0.0,0.1429
TN,0,Suburb,26989.0,134507.0,0,0,2.98,49.0,Liberal Arts College,83660.0,181.3,5,0.5,-0.866,64.2,26469.0,13884.0,40353.0,43307.0,1,0.322,0.4823,16318.0,0.1053
GA,0,Suburb,11025.0,40047.0,0,0,3.81,80.0,Liberal Arts College,71315.0,199.3,3,1.0,0.0,84.6,35248.0,14742.0,49990.0,21325.0,1,0.5325,0.701,10300.0,0.0952
TX,0,City,7433.0,45499.0,0,1,2.67,53.0,Regional Comprehensive,46262.0,230.8,5,0.5,-0.866,73.7,14392.0,11821.0,26213.0,20049.0,0,0.4406,0.5666,12616.0,0.0654
FL,0,Suburb,15991.0,90505.0,0,0,3.44,68.0,Liberal Arts College,72469.0,173.6,1,0.5,0.866,57.3,32096.0,8884.0,40980.0,31489.0,0,0.3479,0.5655,15498.0,0.0684
OR,0,City,12919.0,92270.0,0,0,3.88,83.0,Community College,18131.0,46.0,12,-0.0,1.0,47.4,2948.0,871.0,3819.0,14312.0,1,0.1551,0.2106,1393.0,0.0352
CA,0,Rural,9865.0,39879.0,0,0,3.45,72.0,Liberal Arts College,65513.0,299.2,1,0.5,0.866,94.7,28358.0,8677.0,37035.0,28478.0,0,0.7141,0.5653,18613.0,0.0887
MO,0,Town,4194.0,19652.0,0,1,3.32,67.0,R2 Doctoral,52915.0,253.6,2,0.866,0.5,71.0,18621.0,15584.0,34205.0,18710.0,0,0.9521,0.6464,14516.0,0.1579
WY,0,Suburb,60336.0,288329.0,0,0,3.17,46.0,Community College,14091.0,567.8,5,0.5,-0.866,79.9,0.0,0.0,0.0,14091.0,1,0.0489,0.0,0.0,0.0814
CA,0,Town,26423.0,125293.0,0,0,3.04,69.0,Regional Comprehensive,54512.0,807.8,4,0.866,-0.5,34.7,22314.0,5887.0,28201.0,26311.0,0,0.21,0.5173,0.0,0.0625
TX,0,City,11896.0,70469.0,0,0,3.28,58.0,R1 Research,82886.0,179.3,1,0.5,0.866,34.3,22922.0,11650.0,34572.0,48314.0,0,0.6856,0.4171,36418.0,0.0645
TN,0,Suburb,9920.0,71436.0,0,0,2.7,42.0,Community College,25143.0,34.9,4,0.866,-0.5,52.6,1506.0,4085.0,5591.0,19552.0,1,0.2737,0.2224,9632.0,0.0661
CA,0,Suburb,18897.0,98454.0,0,0,3.1,78.0,Regional Comprehensive,50129.0,814.8,6,0.0,-1.0,75.9,21715.0,6384.0,28099.0,22030.0,1,0.2238,0.5605,3133.0,0.15
VA,0,Suburb,33899.0,107319.0,0,0,2.91,89.0,R2 Doctoral,57901.0,43.5,3,1.0,0.0,89.7,22792.0,6486.0,29278.0,28623.0,0,0.2667,0.5057,0.0,0.0909
IN,0,Town,-1500.0,14014.0,0,1,2.13,28.0,Regional Comprehensive,35200.0,180.7,5,0.5,-0.866,45.5,5833.0,11534.0,17367.0,17833.0,0,1.2725,0.4934,19333.0,0.0333
VA,0,Rural,8726.0,48892.0,0,1,3.09,36.0,Community College,21623.0,96.8,1,0.5,0.866,72.3,1627.0,3627.0,5254.0,16369.0,1,0.3348,0.243,7643.0,0.1273
PA,0,Suburb,8678.0,45366.0,1,1,2.56,35.0,Community College,22401.0,80.6,11,-0.5,0.866,65.2,2170.0,7040.0,9210.0,13191.0,0,0.2908,0.4111,4513.0,0.122
IN,0,Suburb,7925.0,56037.0,1,1,2.79,69.0,R2 Doctoral,49247.0,282.7,12,-0.0,1.0,36.0,15746.0,14786.0,30532.0,18715.0,1,0.334,0.62,10790.0,0.0217
VA,0,Suburb,33943.0,109642.0,0,0,3.48,70.0,Liberal Arts College,82723.0,163.8,5,0.5,-0.866,43.9,36006.0,10532.0,46538.0,36185.0,0,0.33,0.5626,2242.0,0.0381
TX,0,City,3541.0,17346.0,1,1,3.28,76.0,R2 Doctoral,56998.0,217.2,4,0.866,-0.5,62.1,22153.0,20102.0,42255.0,14743.0,0,0.8499,0.7413,11202.0,0.0778
NJ,0,City,819.0,23828.0,0,1,3.3,77.0,Regional Comprehensive,44746.0,53.8,7,-0.5,-0.866,34.4,17040.0,23537.0,40577.0,4169.0,1,0.175,0.9068,3350.0,0.045
CT,0,Rural,3127.0,38528.0,0,1,2.72,35.0,R1 Research,77075.0,105.5,10,-0.866,0.5,100.0,14268.0,21442.0,35710.0,41365.0,1,1.0736,0.4633,38238.0,0.121
TN,0,Town,6821.0,70342.0,0,1,2.6,64.0,R2 Doctoral,58886.0,56.5,1,0.5,0.866,43.7,17362.0,19274.0,36636.0,22250.0,0,0.3163,0.6222,15429.0,0.0938
GA,0,Rural,25097.0,114592.0,1,0,1.7,11.0,Community College,16548.0,102.8,4,0.866,-0.5,55.9,0.0,0.0,0.0,16548.0,1,0.1444,0.0,0.0,0.037
NY,0,City,40634.0,203730.0,0,0,2.56,38.0,Regional Comprehensive,49426.0,111.8,3,1.0,0.0,67.6,16589.0,2445.0,19034.0,30392.0,0,0.1492,0.3851,0.0,0.0458
CA,0,City,9569.0,51217.0,1,0,2.24,24.0,Liberal Arts College,62548.0,878.6,1,0.5,0.866,71.2,14070.0,8109.0,22179.0,40369.0,0,0.7882,0.3546,30800.0,0.0737
FL,0,Suburb,21914.0,114456.0,1,0,2.14,7.0,Regional Comprehensive,47253.0,96.5,3,1.0,0.0,76.1,7545.0,3626.0,11171.0,36082.0,1,0.3152,0.2364,14168.0,0.0648
CA,0,Rural,29978.0,104958.0,0,0,3.51,64.0,R1 Research,74774.0,15.0,10,-0.866,0.5,36.5,20757.0,11126.0,31883.0,42891.0,0,0.4086,0.4264,12913.0,0.0435
DE,0,City,8230.0,92967.0,1,1,2.85,36.0,Regional Comprehensive,41676.0,548.2,1,0.5,0.866,42.4,12195.0,11959.0,24154.0,17522.0,0,0.1885,0.5796,9292.0,0.0426
FL,0,City,8848.0,61853.0,1,1,3.24,94.0,Regional Comprehensive,50674.0,203.1,1,0.5,0.866,68.6,24218.0,15719.0,39937.0,10737.0,1,0.1736,0.7881,1889.0,0.0667
AL,0,City,9915.0,47209.0,0,0,3.31,80.0,R2 Doctoral,44720.0,110.4,6,0.0,-1.0,42.0,16559.0,8878.0,25437.0,19283.0,1,0.4085,0.5688,9368.0,0.0635
TX,0,Town,1668.0,29229.0,0,1,3.73,70.0,R2 Doctoral,57690.0,80.1,2,0.866,0.5,48.8,23449.0,21220.0,44669.0,13021.0,1,0.4455,0.7743,11353.0,0.0833
NY,0,Town,6247.0,27869.0,0,1,2.74,69.0,Regional Comprehensive,45934.0,46.9,1,0.5,0.866,48.4,14821.0,18329.0,33150.0,12784.0,0,0.4587,0.7217,6537.0,0.0759
OH,1,Suburb,18069.0,80813.0,0,0,3.18,80.0,Community College,22984.0,280.7,11,-0.5,0.866,39.3,3850.0,850.0,4700.0,18284.0,1,0.2263,0.2045,215.0,0.082
NY,0,City,5495.0,60525.0,0,1,3.39,61.0,Regional Comprehensive,48012.0,133.8,3,1.0,0.0,34.9,17614.0,20115.0,37729.0,10283.0,1,0.1699,0.7858,4788.0,0.1613
SC,0,Town,12796.0,46669.0,0,0,3.18,69.0,Regional Comprehensive,35040.0,20.4,2,0.866,0.5,42.7,15494.0,5129.0,20623.0,14417.0,1,0.3089,0.5886,1621.0,0.0833
WV,0,Suburb,33015.0,101586.0,0,0,1.62,,R1 Research,67903.0,178.7,4,0.866,-0.5,53.5,6925.0,7969.0,14894.0,53009.0,1,0.5218,0.2193,19994.0,0.12
OK,0,City,9897.0,54483.0,0,0,2.94,66.0,Liberal Arts College,93252.0,449.6,1,0.5,0.866,83.2,32597.0,20149.0,52746.0,40506.0,1,0.7435,0.5656,30609.0,0.1077
TX,0,City,13730.0,32614.0,0,0,3.34,74.0,Liberal Arts College,75463.0,149.3,2,0.866,0.5,98.5,30166.0,12807.0,42973.0,32490.0,0,0.9962,0.5695,18760.0,0.2209
MN,0,Suburb,6982.0,51954.0,1,1,3.78,79.0,Regional Comprehensive,40009.0,49.2,4,0.866,-0.5,80.7,21157.0,10899.0,32056.0,7953.0,1,0.1531,0.8012,971.0,0.0984
TX,0,Suburb,28408.0,113647.0,0,0,3.42,55.0,Regional Comprehensive,44774.0,44.8,1,0.5,0.866,67.1,17348.0,3454.0,20802.0,23972.0,1,0.2109,0.4646,0.0,0.25
NV,0,Rural,4581.0,30124.0,1,1,3.22,63.0,R1 Research,87102.0,48.4,11,-0.5,0.866,76.2,22372.0,23856.0,46228.0,40874.0,1,1.3569,0.5307,36293.0,0.2105
MI,0,Suburb,16629.0,73180.0,0,0,3.06,64.0,Community College,16880.0,626.2,2,0.866,0.5,59.1,901.0,64.0,965.0,15915.0,0,0.2175,0.0572,0.0,0.0698
PA,0,Suburb,14406.0,60482.0,0,0,3.22,80.0,Regional Comprehensive,40285.0,117.5,2,0.866,0.5,66.5,21985.0,6737.0,28722.0,11563.0,1,0.1912,0.713,0.0,0.1961
TX,0,Suburb,7718.0,36396.0,0,1,3.24,72.0,R1 Research,69951.0,21.7,7,-0.5,-0.866,70.3,19523.0,18659.0,38182.0,31769.0,0,0.8729,0.5458,24051.0,0.0303
CA,0,Suburb,9762.0,50959.0,0,0,2.85,61.0,Liberal Arts College,70508.0,189.7,10,-0.866,0.5,64.5,25301.0,13294.0,38595.0,31913.0,0,0.6262,0.5474,22151.0,0.0571
FL,0,City,884.0,20300.0,0,1,3.42,61.0,Liberal Arts College,84372.0,146.9,1,0.5,0.866,80.0,33464.0,30193.0,63657.0,20715.0,0,1.0204,0.7545,19831.0,0.0991
NV,0,Suburb,9129.0,68114.0,0,0,2.08,,R2 Doctoral,53886.0,79.1,4,0.866,-0.5,72.3,9244.0,8411.0,17655.0,36231.0,1,0.5319,0.3276,27102.0,0.0431
SC,0,City,1645.0,23562.0,1,1,3.04,35.0,Regional Comprehensive,46583.0,43.4,8,-0.866,-0.5,47.3,17494.0,15050.0,32544.0,14039.0,1,0.5958,0.6986,12394.0,0.0267
HI,0,Suburb,28198.0,136237.0,0,0,3.27,61.0,Regional Comprehensive,52332.0,41.5,10,-0.866,0.5,66.3,18427.0,4719.0,23146.0,29186.0,1,0.2142,0.4423,988.0,0.1529
CA,0,Town,14624.0,58911.0,0,0,2.55,28.0,Regional Comprehensive,40733.0,396.6,1,0.5,0.866,49.3,12755.0,6828.0,19583.0,21150.0,1,0.359,0.4808,6526.0,0.087
VA,0,Suburb,5510.0,41702.0,0,1,3.17,60.0,Community College,21592.0,164.3,12,-0.0,1.0,66.1,2734.0,7187.0,9921.0,11671.0,0,0.2799,0.4595,6161.0,0.0971
FL,0,Suburb,38792.0,145162.0,0,0,3.93,99.0,Liberal Arts College,86052.0,209.4,1,0.5,0.866,55.4,43015.0,13217.0,56232.0,29820.0,1,0.2054,0.6535,0.0,0.0777
NJ,0,City,4976.0,29944.0,1,1,2.62,49.0,Community College,15897.0,163.8,9,-1.0,-0.0,36.3,2993.0,4197.0,7190.0,8707.0,0,0.2908,0.4523,3731.0,0.0451
NY,0,Suburb,5153.0,36742.0,0,1,3.25,34.0,Regional Comprehensive,51195.0,178.7,1,0.5,0.866,37.6,15375.0,22095.0,37470.0,13725.0,0,0.3736,0.7319,8572.0,0.019
NY,0,Suburb,6161.0,16864.0,0,1,2.59,73.0,Community College,15925.0,77.5,5,0.5,-0.866,98.1,3784.0,3055.0,6839.0,9086.0,1,0.5388,0.4295,2925.0,0.129
VA,0,Rural,36431.0,161594.0,1,0,3.73,88.0,R2 Doctoral,47265.0,102.1,2,0.866,0.5,47.0,20097.0,2038.0,22135.0,25130.0,1,0.1555,0.4683,0.0,0.1316
TX,0,Suburb,46448.0,242429.0,1,0,2.89,55.0,R2 Doctoral,50957.0,430.5,2,0.866,0.5,83.0,17223.0,992.0,18215.0,32742.0,1,0.1351,0.3575,0.0,0.2364
GA,0,Rural,2398.0,18864.0,1,1,3.31,65.0,Regional Comprehensive,41381.0,559.6,3,1.0,0.0,77.2,18429.0,16626.0,35055.0,6326.0,0,0.3353,0.8471,3928.0,0.0938
MA,0,Suburb,7500.0,34984.0,1,1,2.4,29.0,Regional Comprehensive,43442.0,35.1,7,-0.5,-0.866,78.0,9095.0,14690.0,23785.0,19657.0,1,0.5619,0.5475,12157.0,0.11
TX,0,Town,6369.0,66189.0,0,1,3.57,91.0,R1 Research,62025.0,101.8,3,1.0,0.0,42.9,19012.0,29174.0,48186.0,13839.0,1,0.2091,0.7769,7470.0,0.0429
MS,0,City,5797.0,43421.0,0,1,3.19,50.0,Regional Comprehensive,47560.0,305.9,11,-0.5,0.866,46.3,17689.0,17665.0,35354.0,12206.0,0,0.2811,0.7434,6409.0,0.1017
NC,0,City,10542.0,61541.0,0,0,3.5,78.0,R1 Research,70831.0,914.2,1,0.5,0.866,45.3,21425.0,16059.0,37484.0,33347.0,0,0.5419,0.5292,22805.0,0.0977
AL,0,City,5230.0,57834.0,0,1,1.85,31.0,R2 Doctoral,57104.0,823.0,1,0.5,0.866,80.5,11648.0,14300.0,25948.0,31156.0,0,0.5387,0.4544,25926.0,0.1935
MA,0,City,20253.0,84410.0,1,0,2.21,27.0,R2 Doctoral,60070.0,54.9,1,0.5,0.866,93.5,11647.0,10338.0,21985.0,38085.0,1,0.4512,0.366,17832.0,0.2549
MO,0,Rural,4575.0,31511.0,0,1,2.19,31.0,Community College,22809.0,483.3,12,-0.0,1.0,52.0,339.0,5706.0,6045.0,16764.0,0,0.532,0.265,12189.0,0.0593
MO,0,Town,27760.0,72310.0,0,0,3.09,40.0,R2 Doctoral,53397.0,134.8,6,0.0,-1.0,96.9,15660.0,5709.0,21369.0,32028.0,1,0.4429,0.4002,4268.0,0.4595
OK,0,Suburb,5754.0,28181.0,1,1,3.11,70.0,Regional Comprehensive,42234.0,379.4,5,0.5,-0.866,67.9,14571.0,16656.0,31227.0,11007.0,1,0.3906,0.7394,5253.0,0.125
WA,0,Suburb,11077.0,46792.0,0,0,2.82,53.0,Regional Comprehensive,48600.0,289.9,12,-0.0,1.0,49.1,15018.0,10027.0,25045.0,23555.0,0,0.5034,0.5153,12478.0,0.1667
NY,0,Suburb,-608.0,18025.0,1,1,3.52,73.0,R1 Research,83293.0,33.6,3,1.0,0.0,66.7,23862.0,30086.0,53948.0,29345.0,0,1.628,0.6477,29953.0,0.129
CA,0,Suburb,9302.0,47039.0,1,0,3.64,89.0,R1 Research,72717.0,225.7,2,0.866,0.5,74.6,21103.0,11061.0,32164.0,40553.0,0,0.8621,0.4423,31251.0,0.0536
WA,0,Town,1355.0,41674.0,0,1,3.4,55.0,R1 Research,72634.0,364.2,1,0.5,0.866,36.1,19809.0,36944.0,56753.0,15881.0,0,0.3811,0.7814,14526.0,0.0133
CA,0,Suburb,20696.0,124166.0,0,0,2.62,64.0,Community College,18476.0,124.1,2,0.866,0.5,66.6,728.0,0.0,728.0,17748.0,1,0.1429,0.0394,0.0,0.066
FL,0,Town,12103.0,60315.0,0,0,3.7,99.0,R1 Research,66451.0,97.8,3,1.0,0.0,58.1,24404.0,13215.0,37619.0,28832.0,0,0.478,0.5661,16729.0,0.0777
CA,0,City,6671.0,68748.0,0,1,2.65,34.0,Regional Comprehensive,43226.0,24.3,1,0.5,0.866,58.0,13391.0,10640.0,24031.0,19195.0,1,0.2792,0.5559,12524.0,0.0721
NJ,0,Rural,13689.0,61935.0,0,0,2.77,62.0,R1 Research,71274.0,259.7,10,-0.866,0.5,52.3,19520.0,8426.0,27946.0,43328.0,0,0.6996,0.3921,29639.0,0.1837
TX,0,City,3239.0,13589.0,1,1,3.44,70.0,Community College,20655.0,157.8,4,0.866,-0.5,81.6,3901.0,8538.0,12439.0,8216.0,1,0.6046,0.6022,4977.0,0.0355
WA,0,Suburb,-972.0,14946.0,0,1,2.25,11.0,Liberal Arts College,85380.0,48.1,10,-0.866,0.5,54.7,12558.0,24236.0,36794.0,48586.0,0,3.2508,0.4309,49558.0,0.05
MN,0,Rural,3884.0,50039.0,1,1,2.93,69.0,Community College,16710.0,90.0,7,-0.5,-0.866,40.9,646.0,4696.0,5342.0,11368.0,0,0.2272,0.3197,7484.0,0.0779
AL,0,City,9810.0,76923.0,0,0,2.61,36.0,Community College,19159.0,149.0,5,0.5,-0.866,60.4,0.0,1544.0,1544.0,17615.0,0,0.229,0.0806,7805.0,0.0678
NY,0,City,6088.0,53151.0,1,1,3.13,68.0,Community College,17206.0,70.5,7,-0.5,-0.866,56.9,736.0,5001.0,5737.0,11469.0,1,0.2158,0.3334,5381.0,0.0909
NJ,0,Suburb,4314.0,33789.0,0,1,2.47,60.0,R1 Research,69688.0,127.1,8,-0.866,-0.5,56.5,18194.0,23503.0,41697.0,27991.0,0,0.8284,0.5983,23677.0,0.0519
NJ,0,Suburb,14095.0,52943.0,1,0,2.39,39.0,Regional Comprehensive,45584.0,20.2,3,1.0,0.0,63.5,13167.0,5613.0,18780.0,26804.0,0,0.5063,0.412,12709.0,0.1692
GA,0,Rural,9334.0,49737.0,0,0,3.35,71.0,Liberal Arts College,86595.0,522.6,7,-0.5,-0.866,63.6,36672.0,20155.0,56827.0,29768.0,0,0.5985,0.6562,20434.0,0.1607
MA,0,Town,23245.0,110292.0,1,0,2.09,8.0,R1 Research,70739.0,128.8,10,-0.866,0.5,33.5,6043.0,6786.0,12829.0,57910.0,0,0.5251,0.1814,34665.0,0.0938
TX,0,Suburb,38836.0,105934.0,0,0,3.07,45.0,R2 Doctoral,58666.0,39.9,8,-0.866,-0.5,32.0,16972.0,3352.0,20324.0,38342.0,0,0.3619,0.3464,0.0,0.0481
ME,0,Rural,6342.0,42258.0,1,1,2.71,42.0,Regional Comprehensive,40191.0,15.0,6,0.0,-1.0,60.5,13425.0,15004.0,28429.0,11762.0,0,0.2783,0.7073,5420.0,0.1489
CA,0,Suburb,12559.0,60722.0,0,0,3.35,63.0,Community College,16162.0,373.3,10,-0.866,0.5,49.8,486.0,548.0,1034.0,15128.0,1,0.2491,0.064,2569.0,0.0486
LA,0,Rural,8883.0,76793.0,1,0,2.18,33.0,Community College,18353.0,227.7,2,0.866,0.5,48.5,1008.0,2302.0,3310.0,15043.0,0,0.1959,0.1804,6160.0,0.0179
VA,0,City,18351.0,85455.0,0,0,3.49,59.0,Community College,27342.0,158.1,2,0.866,0.5,25.0,4788.0,2288.0,7076.0,20266.0,0,0.2372,0.2588,1915.0,0.0201
FL,0,Suburb,40195.0,206875.0,0,0,3.09,48.0,R2 Doctoral,51281.0,313.8,5,0.5,-0.866,63.5,17055.0,3028.0,20083.0,31198.0,1,0.1508,0.3916,0.0,0.2364
WI,0,City,6990.0,61681.0,1,1,1.56,,Liberal Arts College,78532.0,312.9,2,0.866,0.5,57.6,9039.0,35960.0,44999.0,33533.0,0,0.5437,0.573,26543.0,0.1364
CA,0,City,30978.0,146020.0,0,0,3.18,63.0,R1 Research,75673.0,155.4,7,-0.5,-0.866,63.2,20335.0,11147.0,31482.0,44191.0,0,0.3026,0.416,13213.0,0.1698
CO,0,Town,5841.0,27303.0,1,1,3.45,73.0,Community College,19081.0,97.0,8,-0.866,-0.5,65.2,2715.0,4191.0,6906.0,12175.0,0,0.4459,0.3619,6334.0,0.1935
VA,0,City,8442.0,39770.0,0,1,1.5,,Regional Comprehensive,42310.0,81.8,1,0.5,0.866,75.5,2943.0,9598.0,12541.0,29769.0,0,0.7485,0.2964,21327.0,0.2381
CA,0,Suburb,-173.0,13524.0,1,1,2.71,34.0,Liberal Arts College,82558.0,197.1,6,0.0,-1.0,43.0,24822.0,33939.0,58761.0,23797.0,0,1.7596,0.7118,23970.0,0.04
CA,0,Suburb,15012.0,70189.0,0,0,2.27,35.0,Community College,16723.0,549.4,1,0.5,0.866,63.1,0.0,418.0,418.0,16305.0,1,0.2323,0.025,1293.0,0.2889
WI,0,City,20603.0,100330.0,0,0,3.41,86.0,Regional Comprehensive,46710.0,113.7,1,0.5,0.866,100.0,24615.0,3955.0,28570.0,18140.0,0,0.1808,0.6116,0.0,0.1846
NY,0,Suburb,-1500.0,9998.0,0,1,3.7,86.0,R2 Doctoral,52504.0,597.1,1,0.5,0.866,67.1,19698.0,28636.0,48334.0,4170.0,0,0.4171,0.9206,5670.0,0.2037
UT,0,Suburb,14665.0,72082.0,0,0,3.23,56.0,R2 Doctoral,61977.0,187.5,2,0.866,0.5,88.7,20088.0,10324.0,30412.0,31565.0,0,0.4379,0.4907,16900.0,0.0565
CO,0,Rural,15981.0,97249.0,0,0,3.02,31.0,R1 Research,55905.0,189.0,10,-0.866,0.5,67.2,11803.0,6983.0,18786.0,37119.0,0,0.3817,0.336,21138.0,0.0714
IN,0,City,20118.0,93341.0,0,0,3.14,82.0,Liberal Arts College,75900.0,1583.2,4,0.866,-0.5,44.0,30863.0,14002.0,44865.0,31035.0,0,0.3325,0.5911,10917.0,0.0534
NY,0,Rural,7890.0,26608.0,1,1,3.55,74.0,Community College,16204.0,718.5,1,0.5,0.866,100.0,0.0,2625.0,2625.0,13579.0,1,0.5103,0.162,5689.0,0.1111
MO,0,Town,16108.0,109825.0,1,0,2.07,37.0,Community College,21067.0,738.3,12,-0.0,1.0,81.8,330.0,706.0,1036.0,20031.0,1,0.1824,0.0492,3923.0,0.1286
NM,0,Suburb,23377.0,63367.0,0,0,3.47,94.0,Community College,21100.0,54.8,3,1.0,0.0,37.8,2831.0,0.0,2831.0,18269.0,1,0.2883,0.1342,0.0,0.0352
CA,0,Suburb,16118.0,96331.0,0,0,3.23,74.0,R2 Doctoral,40241.0,1266.0,4,0.866,-0.5,57.2,15306.0,5498.0,20804.0,19437.0,0,0.2018,0.517,3319.0,0.0685
NY,0,Town,9722.0,57491.0,1,0,3.5,86.0,R1 Research,60815.0,116.2,7,-0.5,-0.866,93.5,19806.0,12187.0,31993.0,28822.0,1,0.5013,0.5261,19100.0,0.1226
FL,0,Town,19842.0,82814.0,0,0,2.62,52.0,R2 Doctoral,61590.0,99.8,10,-0.866,0.5,66.2,17653.0,7634.0,25287.0,36303.0,0,0.4384,0.4106,16461.0,0.1045
IL,0,Suburb,20709.0,139895.0,1,0,2.38,29.0,Regional Comprehensive,44398.0,15.0,5,0.5,-0.866,30.0,11583.0,3317.0,14900.0,29498.0,1,0.2109,0.3356,8789.0,0.0336
WI,0,Rural,14410.0,54345.0,1,0,3.62,64.0,Liberal Arts College,83102.0,178.5,5,0.5,-0.866,50.6,34627.0,15330.0,49957.0,33145.0,1,0.6099,0.6012,18735.0,0.1304
GA,0,Rural,14658.0,77231.0,1,0,2.29,38.0,Liberal Arts College,76826.0,40.6,1,0.5,0.866,52.6,18595.0,13096.0,31691.0,45135.0,1,0.5844,0.4125,30477.0,0.14
VA,0,Suburb,39018.0,154791.0,0,0,3.87,68.0,R1 Research,73442.0,194.5,1,0.5,0.866,89.5,23401.0,7048.0,30449.0,42993.0,1,0.2777,0.4146,3975.0,0.137
NY,0,Town,12953.0,57187.0,1,0,3.0,50.0,Regional Comprehensive,49449.0,37.4,2,0.866,0.5,75.2,15744.0,8083.0,23827.0,25622.0,0,0.448,0.4818,12669.0,0.1124
TX,0,Suburb,6000.0,27993.0,0,1,2.63,33.0,R2 Doctoral,48850.0,836.7,4,0.866,-0.5,54.6,9190.0,16157.0,25347.0,23503.0,1,0.8396,0.5189,17503.0,0.0645
FL,0,Town,14211.0,102411.0,0,0,2.92,59.0,R2 Doctoral,53346.0,226.1,11,-0.5,0.866,39.8,16359.0,10493.0,26852.0,26494.0,0,0.2587,0.5034,12283.0,0.0265
OR,0,Town,36751.0,176860.0,0,0,2.79,50.0,Liberal Arts College,66643.0,1388.1,1,0.5,0.866,74.8,25615.0,7903.0,33518.0,33125.0,1,0.1873,0.5029,0.0,0.0504
WA,0,City,32485.0,159201.0,0,0,3.4,62.0,Community College,19679.0,43.3,11,-0.5,0.866,51.6,2407.0,0.0,2407.0,17272.0,0,0.1085,0.1223,0.0,0.0488
IL,0,City,30318.0,105323.0,0,0,3.53,70.0,Regional Comprehensive,39117.0,644.5,2,0.866,0.5,65.1,18772.0,1615.0,20387.0,18730.0,1,0.1778,0.5212,0.0,0.0873
MN,0,Suburb,-1500.0,11640.0,0,1,3.18,87.0,R1 Research,80308.0,19.1,9,-1.0,-0.0,66.5,27096.0,27156.0,54252.0,26056.0,0,2.2385,0.6755,27556.0,0.0194
CA,0,Rural,12311.0,39823.0,1,0,3.32,57.0,Regional Comprehensive,42593.0,157.6,2,0.866,0.5,69.0,16433.0,6522.0,22955.0,19638.0,0,0.4931,0.5389,7327.0,0.037
FL,0,Suburb,9959.0,41319.0,0,0,2.58,37.0,Community College,20279.0,65.3,3,1.0,0.0,36.6,3952.0,2496.0,6448.0,13831.0,0,0.3347,0.318,3872.0,0.175
FL,0,Rural,11652.0,65011.0,0,0,2.32,37.0,Regional Comprehensive,41666.0,79.2,7,-0.5,-0.866,72.8,11927.0,6323.0,18250.0,23416.0,0,0.3602,0.438,11764.0,0.087
RI,0,Suburb,60247.0,212256.0,0,0,3.9,90.0,Community College,21019.0,73.7,10,-0.866,0.5,73.3,4950.0,0.0,4950.0,16069.0,0,0.0757,0.2355,0.0,0.0678
MO,0,City,11170.0,28912.0,0,0,2.63,49.0,Regional Comprehensive,50343.0,48.5,2,0.866,0.5,99.8,16652.0,7129.0,23781.0,26562.0,0,0.9187,0.4724,15392.0,0.0827
WA,0,Rural,55894.0,316281.0,0,0,3.54,90.0,Regional Comprehensive,48427.0,33.8,9,-1.0,-0.0,44.4,24858.0,0.0,24858.0,23569.0,1,0.0745,0.5133,0.0,0.225
CA,0,Suburb,14613.0,47797.0,0,0,2.94,71.0,Regional Comprehensive,41029.0,79.6,12,-0.0,1.0,76.0,18996.0,6053.0,25049.0,15980.0,1,0.3343,0.6105,1367.0,0.0615
TX,0,Suburb,4185.0,36237.0,1,1,2.63,42.0,Community College,22649.0,143.1,3,1.0,0.0,88.0,1310.0,6815.0,8125.0,14524.0,1,0.4008,0.3587,10339.0,0.1348
AZ,0,City,46415.0,115676.0,1,0,3.12,65.0,Community College,20728.0,430.0,1,0.5,0.866,86.0,2985.0,0.0,2985.0,17743.0,0,0.1534,0.144,0.0,0.1491
IL,0,City,30910.0,122455.0,0,0,2.49,38.0,Regional Comprehensive,42141.0,172.8,5,0.5,-0.866,62.1,12163.0,2851.0,15014.0,27127.0,1,0.2215,0.3563,0.0,0.1167
AR,0,City,31288.0,100505.0,1,0,3.66,68.0,Community College,19697.0,431.3,2,0.866,0.5,49.4,2856.0,0.0,2856.0,16841.0,0,0.1676,0.145,0.0,0.0365
CO,0,Suburb,5091.0,36170.0,1,1,3.63,81.0,Liberal Arts College,92367.0,26.8,1,0.5,0.866,61.6,42811.0,37867.0,80678.0,11689.0,1,0.3232,0.8735,6598.0,0.0388
GA,0,Suburb,19248.0,90351.0,0,0,3.35,47.0,Liberal Arts College,68042.0,80.4,5,0.5,-0.866,39.0,23842.0,12973.0,36815.0,31227.0,0,0.3456,0.5411,11979.0,0.0735
WI,0,Suburb,11883.0,29907.0,0,0,2.77,51.0,Community College,16690.0,267.3,2,0.866,0.5,34.7,1601.0,824.0,2425.0,14265.0,0,0.477,0.1453,2382.0,0.0667
NH,0,City,4734.0,35454.0,0,1,2.61,12.0,R1 Research,70840.0,181.7,2,0.866,0.5,75.5,12952.0,31064.0,44016.0,26824.0,0,0.7566,0.6213,22090.0,0.0843
GA,0,City,4238.0,58788.0,0,1,2.51,24.0,R1 Research,59393.0,51.3,11,-0.5,0.866,38.7,10290.0,22274.0,32564.0,26829.0,0,0.4564,0.5483,22591.0,0.0104
MA,0,Suburb,10119.0,34879.0,0,0,3.6,89.0,R1 Research,72979.0,337.9,1,0.5,0.866,27.2,23748.0,12123.0,35871.0,37108.0,0,1.0639,0.4915,26989.0,0.0508
AR,0,Rural,35875.0,134320.0,0,0,3.5,80.0,Regional Comprehensive,48287.0,72.5,3,1.0,0.0,63.2,22978.0,2256.0,25234.0,23053.0,1,0.1716,0.5226,0.0,0.2903
FL,0,Suburb,14761.0,41511.0,0,0,3.18,62.0,Community College,19427.0,56.0,7,-0.5,-0.866,72.0,2338.0,859.0,3197.0,16230.0,1,0.391,0.1646,1469.0,0.125
CT,0,City,18569.0,53706.0,0,0,2.48,29.0,R1 Research,65471.0,211.3,5,0.5,-0.866,70.6,10506.0,11181.0,21687.0,43784.0,1,0.8153,0.3312,25215.0,0.1026
CA,0,Suburb,5804.0,33398.0,0,1,3.43,60.0,Regional Comprehensive,49086.0,127.5,6,0.0,-1.0,40.6,19651.0,19437.0,39088.0,9998.0,1,0.2994,0.7963,4194.0,0.1389
MA,0,Rural,16233.0,132864.0,0,0,3.08,51.0,Regional Comprehensive,44232.0,73.2,9,-1.0,-0.0,44.8,15855.0,3954.0,19809.0,24423.0,0,0.1838,0.4478,8190.0,0.0312
MN,0,Town,2264.0,38964.0,0,1,3.29,75.0,Regional Comprehensive,41445.0,70.6,2,0.866,0.5,69.3,19245.0,17078.0,36323.0,5122.0,1,0.1315,0.8764,2858.0,0.1818
WA,0,Town,28950.0,143236.0,0,0,2.71,41.0,R2 Doctoral,57551.0,41.2,3,1.0,0.0,77.3,13394.0,6634.0,20028.0,37523.0,1,0.262,0.348,8573.0,0.0687
NC,0,Rural,19089.0,135856.0,1,0,2.48,8.0,R2 Doctoral,63228.0,83.6,2,0.866,0.5,73.8,11584.0,10060.0,21644.0,41584.0,1,0.3061,0.3423,22495.0,0.325
WA,0,Suburb,5929.0,45657.0,1,1,3.14,44.0,R1 Research,66785.0,402.2,2,0.866,0.5,81.6,15212.0,25767.0,40979.0,25806.0,0,0.5652,0.6136,19877.0,0.0929
TX,0,Rural,14334.0,64303.0,0,0,3.77,74.0,R1 Research,86403.0,163.8,3,1.0,0.0,58.0,25816.0,11731.0,37547.0,48856.0,1,0.7598,0.4346,34522.0,0.1228
FL,0,City,7887.0,44754.0,1,1,2.63,38.0,R1 Research,72699.0,346.7,2,0.866,0.5,73.1,14983.0,25916.0,40899.0,31800.0,0,0.7106,0.5626,23913.0,0.0901
FL,0,Town,18587.0,93239.0,0,0,2.65,38.0,Regional Comprehensive,45573.0,217.8,3,1.0,0.0,64.9,13939.0,4754.0,18693.0,26880.0,0,0.2883,0.4102,8293.0,0.0816
WA,0,Rural,8478.0,54720.0,0,1,2.34,16.0,Liberal Arts College,78148.0,66.6,10,-0.866,0.5,34.9,16202.0,23807.0,40009.0,38139.0,1,0.697,0.512,29661.0,0.1176
OH,1,Rural,4666.0,46603.0,0,1,3.57,85.0,Regional Comprehensive,28509.0,6.5,2,0.866,0.5,30.2,15737.0,10446.0,26183.0,2326.0,0,0.0499,0.9184,0.0,0.0376
FL,0,Suburb,16648.0,65072.0,0,0,3.62,53.0,Liberal Arts College,64329.0,47.9,3,1.0,0.0,45.6,26971.0,7776.0,34747.0,29582.0,1,0.4546,0.5401,12934.0,0.0559
CT,0,Town,7398.0,20147.0,0,1,2.44,24.0,R1 Research,89603.0,62.6,3,1.0,0.0,47.8,14544.0,30865.0,45409.0,44194.0,0,2.1936,0.5068,36796.0,0.0444
IL,0,City,13065.0,59599.0,0,0,1.91,24.0,Regional Comprehensive,39690.0,57.7,2,0.866,0.5,85.9,7664.0,6451.0,14115.0,25575.0,1,0.4291,0.3556,12510.0,0.102
OH,1,Suburb,22468.0,100481.0,0,0,2.2,32.0,R2 Doctoral,49457.0,102.7,4,0.866,-0.5,58.0,10189.0,6673.0,16862.0,32595.0,1,0.3244,0.3409,10127.0,0.0515
IL,0,Suburb,18063.0,69522.0,0,0,3.53,72.0,Regional Comprehensive,52782.0,351.1,10,-0.866,0.5,39.6,23420.0,9169.0,32589.0,20193.0,0,0.2905,0.6174,2130.0,0.0642
TX,0,Suburb,32802.0,124891.0,0,0,3.77,96.0,Community College,17216.0,1292.5,2,0.866,0.5,58.4,1964.0,0.0,1964.0,15252.0,0,0.1221,0.1141,0.0,0.0882
MD,0,Suburb,7750.0,47971.0,0,1,3.55,79.0,Regional Comprehensive,47784.0,56.8,4,0.866,-0.5,63.8,22817.0,12683.0,35500.0,12284.0,0,0.2561,0.7429,4534.0,0.0404
GA,0,Suburb,11569.0,45221.0,1,0,2.77,47.0,Regional Comprehensive,48107.0,678.0,4,0.866,-0.5,56.2,13615.0,6442.0,20057.0,28050.0,1,0.6203,0.4169,16481.0,0.1167
CA,0,City,620.0,28156.0,0,1,2.54,45.0,Regional Comprehensive,48117.0,673.6,7,-0.5,-0.866,46.9,16130.0,18672.0,34802.0,13315.0,1,0.4729,0.7233,12695.0,0.0483
ID,0,Suburb,11346.0,46998.0,1,0,3.3,72.0,Regional Comprehensive,42161.0,99.3,4,0.866,-0.5,56.9,18992.0,7953.0,26945.0,15216.0,0,0.3238,0.6391,3870.0,0.0706
AL,0,Suburb,46168.0,259223.0,0,0,2.55,55.0,Community College,18031.0,208.3,2,0.866,0.5,65.6,4106.0,0.0,4106.0,13925.0,0,0.0537,0.2277,0.0,0.0458
MD,0,Suburb,15347.0,76756.0,1,0,3.15,57.0,Regional Comprehensive,48619.0,466.2,3,1.0,0.0,61.8,17466.0,8275.0,25741.0,22878.0,0,0.2981,0.5294,7531.0,0.0714
OK,0,Town,6709.0,41292.0,1,1,3.59,74.0,R1 Research,57244.0,119.1,1,0.5,0.866,58.3,19930.0,25663.0,45593.0,11651.0,1,0.2822,0.7965,4942.0,0.0923
IA,0,City,3794.0,30503.0,1,1,3.01,58.0,Liberal Arts College,56988.0,109.8,1,0.5,0.866,53.0,21377.0,22935.0,44312.0,12676.0,0,0.4156,0.7776,8882.0,0.0278
PA,0,Town,5340.0,19912.0,1,1,3.77,85.0,R1 Research,72937.0,65.6,1,0.5,0.866,72.7,23252.0,19558.0,42810.0,30127.0,0,1.513,0.5869,24787.0,0.2162
WA,0,Suburb,11270.0,34618.0,1,0,3.29,90.0,Regional Comprehensive,44419.0,15.0,1,0.5,0.866,59.7,20102.0,7223.0,27325.0,17094.0,1,0.4938,0.6152,5824.0,0.0438
WA,0,City,22631.0,108730.0,0,0,3.38,76.0,Regional Comprehensive,45708.0,136.4,1,0.5,0.866,73.0,21365.0,4221.0,25586.0,20122.0,1,0.1851,0.5598,0.0,0.2439
FL,0,Suburb,16119.0,46283.0,0,0,2.89,41.0,Regional Comprehensive,41750.0,60.1,1,0.5,0.866,91.0,14359.0,4708.0,19067.0,22683.0,0,0.4901,0.4567,6564.0,0.1132
FL,0,Suburb,7037.0,31575.0,0,1,2.63,22.0,Community College,20962.0,41.0,3,1.0,0.0,40.8,2751.0,5263.0,8014.0,12948.0,0,0.4101,0.3823,5911.0,0.0526
CA,0,Suburb,10361.0,34177.0,1,0,3.29,86.0,R2 Doctoral,61091.0,197.4,1,0.5,0.866,62.3,23977.0,7473.0,31450.0,29641.0,0,0.8673,0.5148,19280.0,0.125
MA,0,City,19991.0,100471.0,0,0,1.5,,Regional Comprehensive,45737.0,27.6,4,0.866,-0.5,31.3,8622.0,4428.0,13050.0,32687.0,0,0.3253,0.2853,12696.0,0.0153
MN,0,City,11788.0,59367.0,0,0,3.18,66.0,Regional Comprehensive,39049.0,295.4,2,0.866,0.5,57.5,14472.0,5767.0,20239.0,18810.0,0,0.3168,0.5183,7022.0,0.2264
CO,0,City,5477.0,40071.0,1,1,3.71,82.0,Regional Comprehensive,49687.0,210.5,10,-0.866,0.5,92.7,26363.0,16328.0,42691.0,6996.0,1,0.1746,0.8592,1519.0,0.4194
NY,0,City,14188.0,50411.0,1,0,2.68,53.0,R1 Research,56189.0,83.2,1,0.5,0.866,77.5,10204.0,10633.0,20837.0,35352.0,0,0.7013,0.3708,21164.0,0.0541
TX,0,City,56495.0,308117.0,0,0,3.32,60.0,Regional Comprehensive,39321.0,118.6,7,-0.5,-0.866,45.4,14795.0,0.0,14795.0,24526.0,0,0.0796,0.3763,0.0,0.0448
GA,0,Town,27715.0,151468.0,0,0,2.31,30.0,Community College,20898.0,36.3,1,0.5,0.866,71.1,2906.0,0.0,2906.0,17992.0,0,0.1188,0.1391,0.0,0.0206
NJ,0,Suburb,38914.0,181210.0,0,0,3.27,58.0,R2 Doctoral,49244.0,278.6,12,-0.0,1.0,32.6,19294.0,2644.0,21938.0,27306.0,1,0.1507,0.4455,0.0,0.0301
AR,0,Suburb,2082.0,17827.0,0,1,3.01,92.0,Liberal Arts College,69635.0,154.3,7,-0.5,-0.866,37.1,32201.0,36032.0,66153.0,3482.0,1,0.1953,0.95,1400.0,0.0714
OK,0,Suburb,3243.0,56455.0,1,1,2.02,8.0,Liberal Arts College,78334.0,166.8,10,-0.866,0.5,70.5,11813.0,27610.0,39423.0,38911.0,1,0.6892,0.5033,35668.0,0.0825
NV,0,Suburb,4668.0,39567.0,0,1,2.9,58.0,Community College,21303.0,214.6,1,0.5,0.866,57.2,647.0,6251.0,6898.0,14405.0,1,0.3641,0.3238,9737.0,0.1935
KY,0,City,21657.0,93113.0,0,0,3.25,99.0,R2 Doctoral,59485.0,64.5,5,0.5,-0.866,55.2,27836.0,8365.0,36201.0,23284.0,0,0.2501,0.6086,1627.0,0.0411
ID,0,City,26319.0,135004.0,1,0,1.5,12.0,Community College,22303.0,25.7,1,0.5,0.866,65.9,701.0,0.0,701.0,21602.0,0,0.16,0.0314,0.0,0.0588
GA,0,City,18236.0,79620.0,0,0,3.77,84.0,R2 Doctoral,53300.0,346.2,3,1.0,0.0,56.4,25150.0,9727.0,34877.0,18423.0,0,0.2314,0.6544,187.0,0.0872
CA,0,Suburb,4665.0,33585.0,1,1,3.28,68.0,Regional Comprehensive,41101.0,261.1,12,-0.0,1.0,80.4,19210.0,17104.0,36314.0,4787.0,1,0.1425,0.8835,122.0,0.0588
CA,0,Suburb,6856.0,39108.0,0,1,2.1,10.0,Regional Comprehensive,39231.0,72.2,3,1.0,0.0,34.7,7806.0,9107.0,16913.0,22318.0,0,0.5707,0.4311,15462.0,0.0492
IL,0,Suburb,37545.0,98401.0,0,0,3.51,96.0,Liberal Arts College,78118.0,194.7,5,0.5,-0.866,44.8,36545.0,8612.0,45157.0,32961.0,1,0.335,0.5781,0.0,0.0476
FL,0,Suburb,26054.0,105710.0,1,0,2.63,38.0,R2 Doctoral,57646.0,474.7,4,0.866,-0.5,68.2,13355.0,5206.0,18561.0,39085.0,0,0.3697,0.322,13031.0,0.0576
TX,0,Rural,16528.0,69667.0,0,0,2.86,49.0,Regional Comprehensive,56018.0,418.8,2,0.866,0.5,40.9,20035.0,8633.0,28668.0,27350.0,0,0.3926,0.5118,10822.0,0.0333
NE,0,Suburb,23273.0,69110.0,1,0,2.75,34.0,Community College,20533.0,70.0,1,0.5,0.866,53.1,2053.0,0.0,2053.0,18480.0,1,0.2674,0.1,0.0,0.0545
TX,0,Suburb,13043.0,65257.0,0,0,3.36,65.0,Regional Comprehensive,37289.0,26.5,10,-0.866,0.5,70.2,18590.0,4837.0,23427.0,13862.0,1,0.2124,0.6283,819.0,0.1075
WV,0,Suburb,10398.0,76401.0,1,0,3.27,66.0,Regional Comprehensive,50175.0,31.8,6,0.0,-1.0,47.1,22008.0,5784.0,27792.0,22383.0,1,0.293,0.5539,11985.0,0.1064
CO,0,Town,27816.0,105397.0,0,0,2.39,46.0,R1 Research,64395.0,91.3,12,-0.0,1.0,67.6,13718.0,7184.0,20902.0,43493.0,0,0.4127,0.3246,15677.0,0.0734
MA,0,Town,25169.0,99084.0,1,0,3.0,58.0,Community College,15718.0,588.3,5,0.5,-0.866,39.0,4151.0,0.0,4151.0,11567.0,0,0.1167,0.2641,0.0,0.1268
TN,0,Town,9810.0,64022.0,1,0,3.12,74.0,Liberal Arts College,87348.0,59.0,1,0.5,0.866,100.0,33915.0,13507.0,47422.0,39926.0,0,0.6236,0.5429,30116.0,0.0833
NY,0,City,19015.0,60760.0,0,0,3.13,30.0,Community College,21102.0,67.7,3,1.0,0.0,73.2,2775.0,374.0,3149.0,17953.0,1,0.2955,0.1492,0.0,0.0889
MA,0,Suburb,13951.0,59109.0,0,0,2.93,71.0,Regional Comprehensive,49904.0,66.3,2,0.866,0.5,74.6,19134.0,5877.0,25011.0,24893.0,1,0.4211,0.5012,10942.0,0.0839
TX,0,Town,6476.0,35888.0,1,1,2.92,35.0,R1 Research,66382.0,72.5,11,-0.5,0.866,50.8,14908.0,32566.0,47474.0,18908.0,0,0.5269,0.7152,12432.0,0.1395
KS,0,Suburb,6509.0,35562.0,1,1,2.77,56.0,Liberal Arts College,99234.0,125.2,2,0.866,0.5,66.1,35142.0,41502.0,76644.0,22590.0,0,0.6352,0.7724,16081.0,0.4333
NY,0,Rural,13669.0,93120.0,0,0,3.75,43.0,Liberal Arts College,86162.0,33.0,3,1.0,0.0,100.0,31314.0,10884.0,42198.0,43964.0,1,0.4721,0.4898,30295.0,0.125
FL,0,Suburb,824.0,37674.0,1,1,2.3,29.0,Community College,16624.0,395.6,12,-0.0,1.0,37.2,0.0,7582.0,7582.0,9042.0,0,0.24,0.4561,8218.0,0.0556
MO,0,Suburb,19731.0,113101.0,1,0,2.9,64.0,R1 Research,91963.0,108.8,1,0.5,0.866,56.6,25240.0,13120.0,38360.0,53603.0,1,0.4739,0.4171,33872.0,0.1364
MA,0,Suburb,11045.0,60660.0,1,0,2.65,31.0,Regional Comprehensive,47600.0,1711.2,8,-0.866,-0.5,54.5,15440.0,7964.0,23404.0,24196.0,0,0.3989,0.4917,13151.0,0.1067
GA,0,Suburb,24630.0,113562.0,0,0,2.05,19.0,R1 Research,71848.0,37.0,6,0.0,-1.0,61.4,8556.0,12024.0,20580.0,51268.0,0,0.4515,0.2864,26638.0,0.0345
AZ,0,Town,25867.0,99569.0,0,0,3.01,67.0,Regional Comprehensive,42486.0,672.6,3,1.0,0.0,73.4,16265.0,3625.0,19890.0,22596.0,0,0.2269,0.4682,0.0,0.0784
TX,0,City,25760.0,115487.0,0,0,2.5,46.0,Community College,10964.0,546.1,1,0.5,0.866,71.7,2548.0,0.0,2548.0,8416.0,1,0.0729,0.2324,0.0,0.0682
TN,0,Suburb,-505.0,44668.0,1,1,1.66,,Liberal Arts College,84648.0,82.2,10,-0.866,0.5,39.3,8142.0,45432.0,53574.0,31074.0,1,0.6957,0.6329,31579.0,0.0323
FL,0,Suburb,17362.0,84492.0,0,0,2.24,39.0,R2 Doctoral,52279.0,83.7,1,0.5,0.866,76.7,10419.0,7898.0,18317.0,33962.0,1,0.402,0.3504,16600.0,0.0647
FL,0,Rural,22388.0,107074.0,0,0,2.43,56.0,Regional Comprehensive,43940.0,48.2,9,-1.0,-0.0,69.3,13222.0,5727.0,18949.0,24991.0,1,0.2334,0.4312,2603.0,0.0677
TX,0,Suburb,95.0,20600.0,1,1,2.82,64.0,Regional Comprehensive,44558.0,48.7,5,0.5,-0.866,64.5,16397.0,16294.0,32691.0,11867.0,1,0.5761,0.7337,11772.0,0.0984
NY,0,Rural,33689.0,214319.0,0,0,2.59,23.0,Regional Comprehensive,41117.0,126.6,1,0.5,0.866,51.5,11484.0,1487.0,12971.0,28146.0,0,0.1313,0.3155,0.0,0.0
NY,0,Rural,66123.0,321736.0,0,0,3.36,55.0,R1 Research,76658.0,129.5,4,0.866,-0.5,65.3,20400.0,2268.0,22668.0,53990.0,1,0.1678,0.2957,0.0,0.1375
GA,0,Suburb,22207.0,124498.0,0,0,3.61,79.0,Regional Comprehensive,41214.0,23.6,7,-0.5,-0.866,52.4,21313.0,2742.0,24055.0,17159.0,1,0.1378,0.5837,0.0,0.0093
TX,0,Rural,18960.0,112447.0,0,0,2.34,38.0,Regional Comprehensive,37789.0,1408.2,3,1.0,0.0,60.2,11234.0,4090.0,15324.0,22465.0,1,0.1998,0.4055,3505.0,0.1194
TX,0,Rural,23326.0,96173.0,0,0,3.61,90.0,R1 Research,72586.0,96.5,9,-1.0,-0.0,56.0,26773.0,11543.0,38316.0,34270.0,1,0.3563,0.5279,10944.0,0.042
NJ,0,City,8092.0,49868.0,0,1,3.01,45.0,R1 Research,66774.0,135.7,12,-0.0,1.0,37.2,16848.0,22272.0,39120.0,27654.0,0,0.5545,0.5859,19562.0,0.0204
TX,0,Suburb,13468.0,58144.0,1,0,2.05,18.0,Regional Comprehensive,36185.0,65.6,8,-0.866,-0.5,61.2,5522.0,4842.0,10364.0,25821.0,0,0.4441,0.2864,12353.0,0.1268
IN,0,City,27370.0,126042.0,0,0,2.88,40.0,Regional Comprehensive,39471.0,95.7,1,0.5,0.866,82.1,12079.0,2960.0,15039.0,24432.0,1,0.1938,0.381,0.0,0.1026
KS,0,Suburb,4724.0,31235.0,0,1,3.26,52.0,R2 Doctoral,57004.0,87.0,2,0.866,0.5,74.1,20355.0,28393.0,48748.0,8256.0,1,0.2643,0.8552,3532.0,0.1121
OH,1,City,8430.0,29328.0,0,1,3.6,83.0,Community College,19349.0,36.6,11,-0.5,0.866,50.4,3509.0,3400.0,6909.0,12440.0,0,0.4242,0.3571,4010.0,0.037
IA,0,Town,1545.0,47284.0,1,1,3.63,78.0,Liberal Arts College,90913.0,124.8,2,0.866,0.5,61.5,39567.0,47602.0,86367.0,4546.0,1,0.0961,0.95,3001.0,0.2373
CA,0,Suburb,17004.0,100962.0,0,0,3.36,75.0,R2 Doctoral,63047.0,295.0,1,0.5,0.866,94.5,23673.0,9166.0,32839.0,30208.0,1,0.2992,0.5209,13204.0,0.3721
CA,0,Suburb,8780.0,33743.0,1,1,3.53,68.0,Community College,20098.0,160.8,1,0.5,0.866,51.2,4023.0,4034.0,8057.0,12041.0,0,0.3568,0.4009,3261.0,0.1207
MO,0,City,13768.0,53514.0,1,0,2.89,60.0,Regional Comprehensive,41826.0,265.4,9,-1.0,-0.0,71.3,15158.0,6350.0,21508.0,20318.0,0,0.3797,0.5142,6550.0,0.0882
CO,0,Suburb,7196.0,58290.0,1,1,3.76,69.0,R2 Doctoral,52724.0,125.4,2,0.866,0.5,87.9,22569.0,17656.0,40225.0,12499.0,1,0.2144,0.7629,5303.0,0.1053
KY,0,Suburb,3244.0,30377.0,1,1,2.4,26.0,Community College,20095.0,161.5,3,1.0,0.0,45.2,1226.0,8862.0,10088.0,10007.0,0,0.3294,0.502,6763.0,0.0544
CA,0,Suburb,815.0,10866.0,0,1,3.34,54.0,Regional Comprehensive,49470.0,98.3,4,0.866,-0.5,57.1,21527.0,24172.0,45699.0,3771.0,0,0.347,0.9238,2956.0,0.1698
MN,0,Suburb,2089.0,30059.0,1,1,1.5,2.0,Regional Comprehensive,47449.0,363.3,12,-0.0,1.0,76.9,7097.0,24723.0,31820.0,15629.0,1,0.5199,0.6706,13540.0,0.0541
IL,0,City,10656.0,75951.0,0,0,3.03,80.0,R1 Research,67779.0,177.8,6,0.0,-1.0,45.2,19127.0,9916.0,29043.0,38736.0,0,0.51,0.4285,28080.0,0.0379
NY,0,Suburb,23416.0,89324.0,1,0,2.62,45.0,Community College,19520.0,107.3,12,-0.0,1.0,59.6,3042.0,0.0,3042.0,16478.0,0,0.1845,0.1558,0.0,0.0556
TX,0,Rural,18848.0,89854.0,0,0,3.29,65.0,R2 Doctoral,54458.0,104.0,2,0.866,0.5,36.8,17324.0,9157.0,26481.0,27977.0,1,0.3114,0.4863,9129.0,0.0682
VT,0,City,36632.0,97625.0,0,0,3.27,63.0,R2 Doctoral,43320.0,113.0,10,-0.866,0.5,47.5,15250.0,1742.0,16992.0,26328.0,0,0.2697,0.3922,0.0,0.1429
CA,0,Suburb,11645.0,40095.0,0,0,3.5,66.0,Community College,18468.0,130.8,2,0.866,0.5,87.1,2405.0,1705.0,4110.0,14358.0,1,0.3581,0.2225,2713.0,0.2821
LA,0,City,4472.0,34364.0,1,1,3.1,73.0,R1 Research,68303.0,119.4,2,0.866,0.5,43.6,16936.0,18127.0,35063.0,33240.0,1,0.9673,0.5133,28768.0,0.0268
AZ,0,Town,12003.0,82458.0,1,0,2.95,58.0,Community College,20988.0,70.5,12,-0.0,1.0,27.5,0.0,1664.0,1664.0,19324.0,1,0.2343,0.0793,7321.0,0.0638
MD,0,City,8110.0,54043.0,1,1,2.73,23.0,Regional Comprehensive,40033.0,282.9,4,0.866,-0.5,63.5,12172.0,8958.0,21130.0,18903.0,1,0.3498,0.5278,10793.0,0.0595
MO,0,Suburb,27530.0,120946.0,0,0,2.76,60.0,Regional Comprehensive,40552.0,302.3,3,1.0,0.0,70.6,14793.0,2570.0,17363.0,23189.0,1,0.1917,0.4282,0.0,0.1385
OR,0,Suburb,14635.0,82834.0,1,0,3.7,70.0,Liberal Arts College,87572.0,824.6,6,0.0,-1.0,53.5,37665.0,11238.0,48903.0,38669.0,0,0.4668,0.5584,24034.0,0.0611
TX,0,City,23917.0,158633.0,0,0,3.22,55.0,Regional Comprehensive,40857.0,67.2,9,-1.0,-0.0,50.1,15244.0,4727.0,19971.0,20886.0,1,0.1317,0.4888,0.0,0.0571
CA,0,Suburb,3591.0,45018.0,0,1,3.22,69.0,R2 Doctoral,51864.0,255.1,3,1.0,0.0,74.4,20575.0,18293.0,38868.0,12996.0,1,0.2887,0.7494,9405.0,0.15
WA,0,Suburb,24681.0,135757.0,0,0,3.34,60.0,R1 Research,76471.0,17.1,10,-0.866,0.5,76.8,18516.0,10017.0,28533.0,47938.0,0,0.3531,0.3731,23257.0,0.129
PA,0,Suburb,78672.0,272384.0,0,0,2.0,46.0,Regional Comprehensive,48210.0,302.6,6,0.0,-1.0,67.7,14412.0,0.0,14412.0,33798.0,0,0.1241,0.2989,0.0,0.2105
TX,0,Rural,12209.0,65427.0,0,0,2.68,40.0,Community College,22491.0,27.5,10,-0.866,0.5,71.8,4986.0,2748.0,7734.0,14757.0,1,0.2255,0.3439,2548.0,0.0743
TX,0,Suburb,23885.0,90174.0,0,0,1.98,24.0,R1 Research,68811.0,45.1,12,-0.0,1.0,52.4,8417.0,6369.0,14786.0,54025.0,0,0.5991,0.2149,30140.0,0.0825
NY,0,Rural,8532.0,32210.0,0,1,2.84,29.0,Community College,18256.0,179.6,6,0.0,-1.0,47.1,82.0,4498.0,4580.0,13676.0,1,0.4246,0.2509,5144.0,0.0405
CA,0,Suburb,22163.0,119817.0,0,0,3.2,55.0,Regional Comprehensive,44265.0,66.0,7,-0.5,-0.866,30.6,17472.0,4326.0,21798.0,22467.0,0,0.1875,0.4924,304.0,0.0571
CA,0,City,22979.0,141906.0,0,0,2.63,39.0,Liberal Arts College,70971.0,57.1,1,0.5,0.866,38.0,20537.0,7919.0,28456.0,42515.0,0,0.2996,0.401,19536.0,0.0606
NV,0,City,7817.0,44090.0,0,1,2.85,62.0,Liberal Arts College,81340.0,76.2,9,-1.0,-0.0,53.4,26585.0,21672.0,48257.0,33083.0,0,0.7504,0.5933,25266.0,0.0597
NY,0,Suburb,20665.0,95993.0,1,0,3.63,65.0,R1 Research,69038.0,272.6,12,-0.0,1.0,80.3,19782.0,12207.0,31989.0,37049.0,0,0.386,0.4634,16384.0,0.1333
MT,0,Suburb,13872.0,77029.0,0,0,1.5,14.0,Community College,15945.0,47.6,3,1.0,0.0,44.1,2964.0,540.0,3504.0,12441.0,0,0.1615,0.2198,0.0,0.0667
ID,0,Rural,9365.0,83397.0,0,0,1.67,6.0,Liberal Arts College,59332.0,119.7,3,1.0,0.0,100.0,10327.0,11554.0,21881.0,37451.0,1,0.4491,0.3688,28086.0,0.5484
TX,0,Suburb,20469.0,112945.0,1,0,3.34,72.0,Community College,18685.0,85.1,7,-0.5,-0.866,58.3,2200.0,0.0,2200.0,16485.0,0,0.146,0.1177,0.0,0.0286
MO,0,Suburb,17051.0,91455.0,0,0,2.78,37.0,Regional Comprehensive,47793.0,299.7,2,0.866,0.5,43.9,14623.0,6046.0,20669.0,27124.0,1,0.2966,0.4325,10073.0,0.0842
WA,0,Suburb,10961.0,56950.0,0,0,2.73,32.0,Regional Comprehensive,41912.0,308.6,1,0.5,0.866,52.9,12415.0,4436.0,16851.0,25061.0,0,0.4401,0.4021,14100.0,0.0556
IN,0,Suburb,8568.0,114688.0,1,1,3.25,36.0,Regional Comprehensive,39122.0,18.4,11,-0.5,0.866,56.5,8852.0,15851.0,24703.0,14419.0,0,0.1257,0.6314,5851.0,0.0625
CA,0,Suburb,26491.0,140160.0,0,0,3.03,60.0,R1 Research,85810.0,379.6,1,0.5,0.866,87.4,20894.0,15399.0,36293.0,49517.0,1,0.3533,0.4229,23026.0,0.1101
TX,0,City,6106.0,42234.0,1,1,3.49,82.0,R2 Doctoral,53874.0,66.7,7,-0.5,-0.866,63.5,21917.0,18848.0,40765.0,13109.0,0,0.3104,0.7567,7003.0,0.0897
CA,0,City,10146.0,62862.0,1,0,3.16,56.0,Liberal Arts College,85997.0,162.4,2,0.866,0.5,43.5,34078.0,12808.0,46886.0,39111.0,0,0.6222,0.5452,28965.0,0.1778
WA,0,Suburb,-183.0,17616.0,0,1,3.48,53.0,Regional Comprehensive,49737.0,47.3,1,0.5,0.866,94.5,20329.0,17948.0,38277.0,11460.0,1,0.6505,0.7696,11643.0,0.1875
DE,0,City,17851.0,95817.0,1,0,2.6,33.0,R2 Doctoral,65062.0,187.1,2,0.866,0.5,54.8,17520.0,9249.0,26769.0,38293.0,0,0.3996,0.4114,20442.0,0.129
TN,0,Suburb,37916.0,151849.0,0,0,2.0,22.0,Community College,18857.0,1846.0,10,-0.866,0.5,40.1,855.0,0.0,855.0,18002.0,0,0.1186,0.0453,0.0,0.0198
MO,0,City,4878.0,52300.0,1,1,3.05,59.0,R1 Research,59134.0,144.8,1,0.5,0.866,75.2,15824.0,16224.0,32048.0,27086.0,1,0.5179,0.542,22208.0,0.1236
RI,0,City,13781.0,69291.0,0,0,2.67,51.0,Community College,14220.0,78.2,2,0.866,0.5,79.8,0.0,121.0,121.0,14099.0,1,0.2035,0.0085,318.0,0.1379
TN,0,Rural,9117.0,53716.0,1,0,3.2,42.0,Liberal Arts College,74348.0,99.3,8,-0.866,-0.5,77.9,21506.0,17213.0,38719.0,35629.0,1,0.6633,0.5208,26512.0,0.2
CA,0,Rural,17513.0,47743.0,0,0,2.81,43.0,Community College,23242.0,27.1,12,-0.0,1.0,21.4,501.0,1441.0,1942.0,21300.0,1,0.4461,0.0836,3787.0,0.0366
OK,0,Suburb,12020.0,74396.0,0,0,2.9,50.0,Regional Comprehensive,45333.0,580.1,6,0.0,-1.0,87.6,15059.0,8691.0,23750.0,21583.0,1,0.2901,0.5239,9563.0,0.125
PA,0,Suburb,5871.0,35787.0,1,1,3.71,90.0,Regional Comprehensive,51109.0,176.0,4,0.866,-0.5,45.2,26354.0,18096.0,44450.0,6659.0,1,0.1861,0.8697,788.0,0.0909
CA,0,Town,8308.0,53136.0,1,1,3.15,53.0,R1 Research,63257.0,42.1,3,1.0,0.0,76.4,14761.0,25281.0,40042.0,23215.0,1,0.4369,0.633,14907.0,0.1724
NC,0,City,3241.0,32818.0,0,1,3.08,65.0,Community College,22632.0,43.6,8,-0.866,-0.5,64.8,0.0,6279.0,6279.0,16353.0,0,0.4983,0.2774,13112.0,0.0824
KS,0,Suburb,23000.0,96195.0,0,0,3.38,57.0,Regional Comprehensive,48036.0,128.8,2,0.866,0.5,72.7,20253.0,4392.0,24645.0,23391.0,0,0.2432,0.5131,391.0,0.1795
FL,0,City,19165.0,74776.0,1,0,3.39,73.0,Regional Comprehensive,45587.0,337.1,1,0.5,0.866,62.9,18977.0,5953.0,24930.0,20657.0,0,0.2763,0.5469,1492.0,0.0833
NC,0,Suburb,2600.0,46143.0,1,1,3.0,51.0,R1 Research,80450.0,37.8,7,-0.5,-0.866,82.2,19113.0,30689.0,49802.0,30648.0,1,0.6642,0.619,28048.0,0.0549
TX,0,Rural,9926.0,64647.0,0,0,3.79,80.0,R2 Doctoral,52587.0,407.9,11,-0.5,0.866,54.4,21011.0,11471.0,32482.0,20105.0,0,0.311,0.6177,10179.0,0.1389
CA,0,Town,8997.0,53695.0,0,0,3.97,99.0,Community College,20157.0,115.1,10,-0.866,0.5,79.9,4723.0,2025.0,6748.0,13409.0,1,0.2497,0.3348,4412.0,0.1897
CA,0,Rural,30765.0,143430.0,1,0,2.92,48.0,Regional Comprehensive,41196.0,47.7,3,1.0,0.0,44.8,11312.0,1631.0,12943.0,28253.0,1,0.197,0.3142,0.0,0.0725
MD,0,Town,2268.0,45820.0,1,1,3.84,81.0,Regional Comprehensive,42252.0,77.5,11,-0.5,0.866,90.0,22457.0,18938.0,40139.0,2113.0,1,0.0461,0.95,0.0,0.084
OR,0,Suburb,19005.0,99432.0,0,0,2.51,18.0,R2 Doctoral,50495.0,794.6,1,0.5,0.866,31.6,8986.0,5217.0,14203.0,36292.0,1,0.365,0.2813,17287.0,0.0455
TX,0,Town,-336.0,37883.0,1,1,2.4,45.0,Community College,16766.0,29.5,1,0.5,0.866,97.8,803.0,5956.0,6759.0,10007.0,1,0.2642,0.4031,10343.0,0.2258
NY,0,Suburb,22573.0,113125.0,0,0,3.19,55.0,Liberal Arts College,59630.0,58.8,4,0.866,-0.5,51.1,20987.0,8971.0,29958.0,29672.0,1,0.2623,0.5024,7099.0,0.0588
TX,0,Suburb,33295.0,132835.0,0,0,3.6,77.0,Regional Comprehensive,55238.0,344.5,7,-0.5,-0.866,65.2,25913.0,3690.0,29603.0,25635.0,1,0.193,0.5359,0.0,0.0556
CA,0,City,33105.0,137427.0,0,0,3.75,73.0,Community College,15995.0,159.0,2,0.866,0.5,54.0,4132.0,0.0,4132.0,11863.0,0,0.0863,0.2583,0.0,0.0714
NJ,0,Suburb,54803.0,181522.0,0,0,3.78,90.0,Regional Comprehensive,49650.0,55.2,5,0.5,-0.866,42.9,26752.0,0.0,26752.0,22898.0,0,0.1261,0.5388,0.0,0.0342
IN,0,City,20958.0,77696.0,0,0,2.4,44.0,Community College,14780.0,348.9,1,0.5,0.866,55.3,3096.0,0.0,3096.0,11684.0,0,0.1504,0.2095,0.0,0.1122
MA,0,Suburb,40410.0,153479.0,0,0,3.81,99.0,R1 Research,66802.0,366.8,11,-0.5,0.866,68.6,25072.0,7005.0,32077.0,34725.0,0,0.2263,0.4802,0.0,0.1311
IL,0,City,44964.0,202685.0,0,0,3.58,76.0,Regional Comprehensive,43389.0,179.4,4,0.866,-0.5,67.6,19894.0,0.0,19894.0,23495.0,1,0.1159,0.4585,0.0,0.0388
NJ,0,Suburb,2708.0,28061.0,0,1,2.31,21.0,Regional Comprehensive,51399.0,66.6,12,-0.0,1.0,75.9,11104.0,23776.0,34880.0,16519.0,1,0.5887,0.6786,13811.0,0.1266
CA,0,City,17743.0,40769.0,1,0,3.18,53.0,R1 Research,74979.0,78.3,5,0.5,-0.866,73.5,16214.0,15686.0,31900.0,43079.0,0,1.0567,0.4255,25336.0,0.1644
TX,0,City,1546.0,21442.0,0,1,2.57,39.0,Regional Comprehensive,40175.0,170.8,10,-0.866,0.5,61.8,14391.0,12472.0,26863.0,13312.0,0,0.6208,0.6686,11766.0,0.0909
MS,0,Suburb,34740.0,135134.0,0,0,2.38,35.0,Liberal Arts College,74555.0,32.0,12,-0.0,1.0,83.6,18040.0,7407.0,25447.0,49108.0,1,0.3634,0.3413,14368.0,0.1622
CO,0,City,6662.0,21245.0,0,1,3.24,71.0,R2 Doctoral,63118.0,510.8,3,1.0,0.0,70.1,20323.0,26553.0,46876.0,16242.0,0,0.7645,0.7427,9580.0,0.0673
AR,0,Rural,3349.0,17475.0,1,1,2.99,44.0,Regional Comprehensive,49726.0,755.3,2,0.866,0.5,48.7,14935.0,21606.0,36541.0,13185.0,1,0.7545,0.7348,9836.0,0.0513
NV,0,Suburb,4433.0,28563.0,1,1,2.3,30.0,Community College,17329.0,98.9,2,0.866,0.5,44.3,0.0,6704.0,6704.0,10625.0,1,0.372,0.3869,6192.0,0.0254
MA,0,Suburb,2567.0,18005.0,1,1,2.46,21.0,Regional Comprehensive,38384.0,184.2,3,1.0,0.0,98.9,7708.0,18541.0,26249.0,12135.0,0,0.674,0.6839,9568.0,0.1111
MS,0,City,11661.0,76569.0,0,0,2.43,32.0,Liberal Arts College,70577.0,440.1,2,0.866,0.5,60.8,17742.0,16398.0,34140.0,36437.0,0,0.4759,0.4837,24776.0,0.0588
OH,1,Town,8178.0,28829.0,0,1,2.96,72.0,Liberal Arts College,69790.0,285.9,12,-0.0,1.0,54.5,23370.0,23281.0,46651.0,23139.0,0,0.8026,0.6684,14961.0,0.15
CA,0,Suburb,2897.0,18639.0,0,1,2.99,52.0,R2 Doctoral,45469.0,649.8,4,0.866,-0.5,50.0,15646.0,22846.0,38492.0,6977.0,0,0.3743,0.8466,4080.0,0.0923
CA,0,Suburb,6602.0,61075.0,0,1,3.47,61.0,Liberal Arts College,75267.0,20.5,5,0.5,-0.866,31.5,28106.0,19747.0,47853.0,27414.0,1,0.4489,0.6358,20812.0,0.0857
CA,0,City,10110.0,63724.0,0,0,3.41,75.0,Community College,15952.0,91.0,1,0.5,0.866,98.7,1611.0,1183.0,2794.0,13158.0,0,0.2065,0.1752,3048.0,0.14
CA,0,Town,4571.0,16379.0,1,1,2.13,34.0,Community College,17785.0,214.3,10,-0.866,0.5,36.8,972.0,4772.0,5744.0,12041.0,0,0.7351,0.323,7470.0,0.2059
PA,0,Rural,11652.0,37652.0,0,0,3.19,52.0,R1 Research,76602.0,75.4,1,0.5,0.866,45.5,17245.0,9498.0,26743.0,49859.0,0,1.3242,0.3491,38207.0,0.0336
IN,0,Suburb,12743.0,59651.0,1,0,3.62,61.0,R2 Doctoral,55612.0,823.7,4,0.866,-0.5,58.8,21200.0,10964.0,32164.0,23448.0,1,0.3931,0.5784,10705.0,0.1636
MN,0,City,1495.0,48683.0,1,1,3.22,53.0,R1 Research,78258.0,701.1,10,-0.866,0.5,50.7,17389.0,26473.0,43862.0,34396.0,0,0.7065,0.5605,32901.0,0.0566
VA,0,City,4260.0,49651.0,0,1,3.1,53.0,Regional Comprehensive,50511.0,53.8,1,0.5,0.866,52.8,20796.0,21973.0,42769.0,7742.0,1,0.1559,0.8467,3482.0,0.0441
TX,0,City,28438.0,147132.0,0,0,3.85,99.0,R2 Doctoral,78383.0,106.8,10,-0.866,0.5,67.6,35154.0,7752.0,42906.0,35477.0,1,0.2411,0.5474,7039.0,0.1194
WI,0,Town,62494.0,295231.0,0,0,3.03,38.0,Regional Comprehensive,49084.0,57.7,7,-0.5,-0.866,78.0,15542.0,0.0,15542.0,33542.0,0,0.1136,0.3166,0.0,0.0783
PA,0,Rural,4294.0,50233.0,1,1,3.27,43.0,R2 Doctoral,59611.0,103.2,4,0.866,-0.5,63.7,16750.0,28210.0,44960.0,14651.0,1,0.2917,0.7542,10357.0,0.0808
CA,0,Rural,7685.0,24300.0,1,1,3.16,65.0,Liberal Arts College,70447.0,100.0,2,0.866,0.5,71.8,27983.0,32907.0,60890.0,9557.0,1,0.3933,0.8643,1872.0,0.275
NY,0,Town,13572.0,53162.0,1,0,2.5,27.0,Community College,21236.0,345.1,7,-0.5,-0.866,45.3,0.0,1825.0,1825.0,19411.0,0,0.3651,0.0859,5839.0,0.0824
NY,0,City,19908.0,72395.0,0,0,3.53,62.0,R1 Research,86078.0,49.8,12,-0.0,1.0,64.0,26376.0,11046.0,37422.0,48656.0,0,0.6721,0.4347,28748.0,0.0946
FL,0,Rural,11241.0,60575.0,1,0,2.14,31.0,R2 Doctoral,51948.0,15.0,1,0.5,0.866,62.6,13581.0,8505.0,22086.0,29862.0,1,0.493,0.4252,18621.0,0.0978
AL,0,Suburb,23069.0,97704.0,1,0,2.93,54.0,R2 Doctoral,52638.0,23.5,1,0.5,0.866,60.7,13819.0,5611.0,19430.0,33208.0,1,0.3399,0.3691,10139.0,0.1068
CO,0,Suburb,74565.0,309457.0,0,0,2.8,60.0,Community College,17380.0,43.0,1,0.5,0.866,80.8,0.0,0.0,0.0,17380.0,1,0.0562,0.0,0.0,0.0753
IN,0,Suburb,7302.0,18335.0,0,1,3.83,96.0,Regional Comprehensive,39047.0,63.6,12,-0.0,1.0,27.7,20615.0,11693.0,32308.0,6739.0,0,0.3675,0.8274,0.0,0.0076
TX,0,City,4970.0,43691.0,1,1,3.06,42.0,R2 Doctoral,55905.0,154.2,4,0.866,-0.5,83.4,15950.0,26867.0,42817.0,13088.0,1,0.2996,0.7659,8118.0,0.1034
SC,0,Town,33072.0,190923.0,0,0,3.12,38.0,Regional Comprehensive,38934.0,40.8,4,0.866,-0.5,59.8,12228.0,1446.0,13674.0,25260.0,1,0.1323,0.3512,0.0,0.1111
TN,0,Rural,3456.0,43223.0,0,1,2.06,34.0,Community College,18752.0,35.5,1,0.5,0.866,54.9,716.0,6440.0,7156.0,11596.0,1,0.2683,0.3816,8140.0,0.0481
TX,0,Town,18639.0,111128.0,0,0,3.17,60.0,Liberal Arts College,80199.0,47.7,2,0.866,0.5,94.3,30109.0,11491.0,41600.0,38599.0,1,0.3473,0.5187,19960.0,0.2321
MA,0,Town,16493.0,99136.0,1,0,2.87,89.0,Regional Comprehensive,46272.0,39.3,5,0.5,-0.866,78.4,21451.0,6369.0,27820.0,18452.0,0,0.1861,0.6012,1959.0,0.1356
NC,0,Suburb,26735.0,153362.0,0,0,3.03,69.0,R2 Doctoral,53025.0,70.8,1,0.5,0.866,32.9,15900.0,7330.0,23230.0,29795.0,0,0.1943,0.4381,3060.0,0.047
OH,1,City,45026.0,249597.0,0,0,3.56,94.0,Community College,15127.0,19.6,4,0.866,-0.5,78.3,1035.0,0.0,1035.0,14092.0,1,0.0565,0.0684,0.0,0.0814
CA,0,Town,21063.0,80002.0,0,0,3.5,62.0,Community College,22047.0,261.2,1,0.5,0.866,74.2,4560.0,168.0,4728.0,17319.0,0,0.2165,0.2145,0.0,0.1186
MI,0,Suburb,41.0,17908.0,0,1,3.54,74.0,R1 Research,56091.0,44.8,8,-0.866,-0.5,34.3,17320.0,28014.0,45334.0,10757.0,0,0.6007,0.8082,10716.0,0.0179
CA,0,Rural,9763.0,38014.0,0,0,3.48,84.0,Regional Comprehensive,45529.0,87.0,2,0.866,0.5,61.3,21789.0,7607.0,29396.0,16133.0,0,0.4244,0.6457,6370.0,0.0548
TX,0,City,53298.0,303749.0,0,0,3.31,66.0,R1 Research,85371.0,71.5,12,-0.0,1.0,68.2,21862.0,7300.0,29162.0,56209.0,1,0.1851,0.3416,2911.0,0.1923
TX,0,Suburb,-1500.0,22738.0,1,1,2.1,22.0,Regional Comprehensive,45413.0,296.2,12,-0.0,1.0,24.7,10467.0,18612.0,29079.0,16334.0,0,0.7184,0.6403,17834.0,0.0521
NE,0,Suburb,15574.0,90012.0,1,0,2.23,29.0,Community College,22197.0,107.8,1,0.5,0.866,81.6,1391.0,954.0,2345.0,19852.0,1,0.2205,0.1056,4278.0,0.0567
NY,0,Suburb,-1500.0,10296.0,0,1,3.43,62.0,R1 Research,76588.0,381.9,3,1.0,0.0,54.8,21187.0,25037.0,46224.0,30364.0,0,2.9491,0.6035,31864.0,0.0234
PA,0,Town,-781.0,23792.0,1,1,3.27,54.0,R2 Doctoral,47640.0,37.8,2,0.866,0.5,63.4,16898.0,21789.0,38687.0,8953.0,0,0.3763,0.8121,9734.0,0.0394
NY,0,Rural,30629.0,119204.0,0,0,2.88,48.0,Regional Comprehensive,50902.0,120.3,4,0.866,-0.5,81.3,15584.0,3996.0,19580.0,31322.0,1,0.2628,0.3847,693.0,0.1429
UT,0,City,20421.0,64595.0,0,0,3.21,58.0,R2 Doctoral,52464.0,69.2,5,0.5,-0.866,46.2,19064.0,4761.0,23825.0,28639.0,0,0.4434,0.4541,8218.0,0.0603
NJ,0,Suburb,10763.0,48000.0,0,0,2.51,25.0,R1 Research,68142.0,35.0,8,-0.866,-0.5,37.4,11591.0,15189.0,26780.0,41362.0,1,0.8617,0.393,30599.0,0.0476
AR,0,City,7484.0,35020.0,1,1,2.63,39.0,R2 Doctoral,60103.0,118.0,6,0.0,-1.0,75.8,16823.0,24268.0,41091.0,19012.0,0,0.5429,0.6837,11528.0,0.1034
NY,0,City,-1500.0,14950.0,1,1,1.62,,Regional Comprehensive,40735.0,781.7,1,0.5,0.866,69.4,4207.0,21830.0,26037.0,14698.0,1,0.9831,0.6392,16198.0,0.1875
CA,0,Suburb,20149.0,103699.0,0,0,2.4,42.0,R2 Doctoral,61639.0,51.7,4,0.866,-0.5,52.8,16965.0,9220.0,26185.0,35454.0,1,0.3419,0.4248,15305.0,0.0294
NJ,0,Suburb,5874.0,51335.0,0,1,3.36,76.0,Community College,20054.0,110.8,11,-0.5,0.866,30.0,0.0,6713.0,6713.0,13341.0,0,0.2599,0.3347,7467.0,0.0476
PA,0,Suburb,1456.0,21042.0,1,1,2.66,51.0,Community College,23136.0,31.9,1,0.5,0.866,60.2,58.0,9680.0,9738.0,13398.0,1,0.6367,0.4209,11942.0,0.2222
SC,0,Suburb,6203.0,64327.0,0,1,3.22,52.0,Regional Comprehensive,50163.0,27.4,1,0.5,0.866,52.6,17363.0,13326.0,30689.0,19474.0,1,0.3027,0.6118,13271.0,0.0458
CT,0,Suburb,26015.0,95655.0,1,0,3.37,57.0,R1 Research,70155.0,55.4,2,0.866,0.5,61.9,17368.0,7478.0,24846.0,45309.0,1,0.4737,0.3542,19294.0,0.129
GA,0,Town,11642.0,54476.0,0,0,3.29,83.0,R1 Research,68252.0,79.0,8,-0.866,-0.5,28.2,22833.0,8441.0,31274.0,36978.0,0,0.6788,0.4582,25336.0,0.0219
HI,0,City,14853.0,68426.0,0,0,2.62,38.0,Liberal Arts College,69682.0,82.8,12,-0.0,1.0,40.7,15857.0,11946.0,27803.0,41879.0,0,0.612,0.399,27026.0,0.0194
NJ,0,Suburb,5663.0,64696.0,1,1,1.75,15.0,Liberal Arts College,74499.0,99.9,1,0.5,0.866,74.4,12653.0,26658.0,39311.0,35188.0,0,0.5439,0.5277,29525.0,0.2
FL,0,Town,3988.0,37839.0,0,1,2.7,29.0,R1 Research,63883.0,22.4,2,0.866,0.5,60.6,11419.0,20523.0,31942.0,31941.0,1,0.8441,0.5,27953.0,0.1188
NC,0,Town,10321.0,65452.0,0,0,3.33,64.0,Community College,18227.0,65.7,10,-0.866,0.5,51.3,402.0,1635.0,2037.0,16190.0,1,0.2474,0.1118,5869.0,0.0884
CA,0,Town,24802.0,106869.0,1,0,3.1,74.0,Liberal Arts College,64347.0,214.6,6,0.0,-1.0,45.3,28111.0,7457.0,35568.0,28779.0,1,0.2693,0.5528,3977.0,0.0583
SC,0,City,36762.0,132580.0,0,0,3.52,76.0,R2 Doctoral,50155.0,30.4,2,0.866,0.5,45.4,17737.0,3732.0,21469.0,28686.0,0,0.2164,0.4281,0.0,0.0403
CA,0,Suburb,26781.0,111227.0,0,0,2.76,43.0,Community College,22419.0,87.3,7,-0.5,-0.866,52.4,3293.0,0.0,3293.0,19126.0,1,0.172,0.1469,0.0,0.0702
NY,0,Rural,7200.0,38713.0,0,1,3.69,89.0,Liberal Arts College,63597.0,172.3,1,0.5,0.866,62.3,32005.0,30558.0,60417.0,3180.0,1,0.0821,0.95,0.0,0.0896
NJ,0,Suburb,13939.0,99516.0,0,0,3.73,87.0,Community College,15429.0,55.7,7,-0.5,-0.866,42.4,0.0,404.0,404.0,15025.0,0,0.151,0.0262,1086.0,0.0
CA,0,Suburb,13090.0,88004.0,0,0,3.19,89.0,Community College,17186.0,181.4,1,0.5,0.866,66.1,717.0,1025.0,1742.0,15444.0,0,0.1755,0.1014,2354.0,0.25
CA,0,Rural,10309.0,37760.0,1,0,3.34,68.0,R1 Research,84289.0,25.7,5,0.5,-0.866,66.5,26075.0,13156.0,39231.0,45058.0,0,1.1933,0.4654,34749.0,0.1892
IN,0,City,9840.0,45058.0,0,0,3.11,68.0,Regional Comprehensive,40765.0,322.1,4,0.866,-0.5,41.6,16902.0,7974.0,24876.0,15889.0,1,0.3526,0.6102,6049.0,0.0508
CA,0,Town,25450.0,102681.0,1,0,3.57,75.0,R1 Research,69225.0,186.0,3,1.0,0.0,87.0,22323.0,10039.0,32362.0,36863.0,1,0.359,0.4675,11413.0,0.0763
GA,0,Rural,26341.0,169630.0,0,0,3.48,60.0,Regional Comprehensive,46263.0,134.3,4,0.866,-0.5,45.3,19289.0,4259.0,23548.0,22715.0,0,0.1339,0.509,0.0,0.1316
PA,0,City,5732.0,17079.0,1,1,3.01,61.0,R2 Doctoral,59153.0,412.8,12,-0.0,1.0,40.8,20462.0,25653.0,46115.0,13038.0,0,0.7634,0.7796,7306.0,0.0645
FL,0,Town,51825.0,205016.0,1,0,3.21,44.0,Regional Comprehensive,44503.0,89.7,4,0.866,-0.5,52.8,13705.0,0.0,13705.0,30798.0,0,0.1502,0.308,0.0,0.1944
TX,0,Suburb,29280.0,145538.0,0,0,2.96,66.0,Community College,19968.0,66.2,1,0.5,0.866,38.5,3322.0,0.0,3322.0,16646.0,0,0.1144,0.1664,0.0,0.0725
CO,0,Rural,18691.0,72647.0,0,0,3.23,47.0,R1 Research,80659.0,535.4,1,0.5,0.866,31.5,19023.0,13925.0,32948.0,47711.0,0,0.6568,0.4085,29020.0,0.0571
NE,0,Rural,8611.0,52928.0,1,1,3.39,58.0,Regional Comprehensive,39196.0,875.4,2,0.866,0.5,85.1,15436.0,14871.0,30307.0,8889.0,0,0.1679,0.7732,278.0,0.1188
TX,0,Rural,19181.0,83376.0,0,0,3.05,44.0,Community College,17292.0,61.2,8,-0.866,-0.5,73.0,0.0,0.0,0.0,17292.0,0,0.2074,0.0,0.0,0.0876
WV,0,City,-1500.0,39688.0,1,1,3.23,72.0,Regional Comprehensive,41212.0,112.4,1,0.5,0.866,51.1,15351.0,20394.0,35745.0,5467.0,1,0.1377,0.8673,6967.0,0.0219
VA,0,Town,6699.0,55385.0,0,1,2.61,26.0,R2 Doctoral,53774.0,379.6,2,0.866,0.5,73.5,11445.0,21553.0,32998.0,20776.0,0,0.3751,0.6136,14077.0,0.1143
MA,0,Rural,10417.0,21763.0,1,0,3.72,89.0,Regional Comprehensive,50580.0,116.7,12,-0.0,1.0,45.4,27794.0,6413.0,34207.0,16373.0,0,0.7523,0.6763,5956.0,0.044
MO,0,Suburb,3389.0,17964.0,1,1,2.48,26.0,R1 Research,80751.0,236.6,8,-0.866,-0.5,42.3,13661.0,35547.0,49208.0,31543.0,0,1.7559,0.6094,28154.0,0.0776
MO,0,Suburb,61857.0,337480.0,0,0,3.52,73.0,Regional Comprehensive,44612.0,287.5,3,1.0,0.0,56.6,18788.0,0.0,18788.0,25824.0,1,0.0765,0.4211,0.0,0.0667
AL,0,City,10580.0,65868.0,0,0,3.32,60.0,Regional Comprehensive,48617.0,70.2,5,0.5,-0.866,54.6,19329.0,6490.0,25819.0,22798.0,1,0.3461,0.5311,12218.0,0.0504
NC,0,Rural,8935.0,72886.0,0,0,3.81,99.0,R2 Doctoral,68697.0,196.8,3,1.0,0.0,78.8,31668.0,12727.0,44395.0,24302.0,1,0.3334,0.6462,15367.0,0.2692
MI,0,City,14705.0,61566.0,0,0,3.54,54.0,R2 Doctoral,48519.0,125.9,5,0.5,-0.866,16.5,15305.0,6820.0,22125.0,26394.0,1,0.4287,0.456,11689.0,0.0351
NY,0,Suburb,612.0,34683.0,0,1,3.6,84.0,R1 Research,66015.0,35.3,12,-0.0,1.0,47.8,22215.0,26109.0,48324.0,17691.0,0,0.5101,0.732,17079.0,0.0134
CA,0,Rural,12425.0,50459.0,1,0,2.0,17.0,Community College,18322.0,44.8,9,-1.0,-0.0,100.0,0.0,1446.0,1446.0,16876.0,1,0.3344,0.0789,4451.0,0.3725
TN,0,Rural,14750.0,67215.0,0,0,3.64,69.0,R1 Research,75385.0,63.9,4,0.866,-0.5,19.8,21655.0,10356.0,32011.0,43374.0,1,0.6453,0.4246,28624.0,0.0
CA,0,Rural,10541.0,54634.0,0,0,3.61,83.0,Community College,20289.0,335.9,1,0.5,0.866,52.6,1177.0,2653.0,3830.0,16459.0,0,0.3013,0.1888,5918.0,0.0272
FL,0,Suburb,10512.0,36622.0,1,0,3.38,57.0,Community College,16345.0,347.7,1,0.5,0.866,61.2,666.0,1207.0,1873.0,14472.0,0,0.3952,0.1146,3960.0,0.0917
CA,0,City,19120.0,88897.0,1,0,3.27,51.0,Regional Comprehensive,45805.0,278.5,4,0.866,-0.5,66.8,19442.0,6580.0,26022.0,19783.0,0,0.2225,0.5681,663.0,0.1346
TX,0,Suburb,3502.0,72087.0,1,1,3.67,66.0,Community College,21115.0,201.1,1,0.5,0.866,80.0,1594.0,5852.0,7446.0,13669.0,0,0.1896,0.3526,10167.0,0.0645
AZ,0,City,26973.0,83524.0,0,0,2.48,36.0,Regional Comprehensive,39508.0,195.5,12,-0.0,1.0,55.5,10156.0,3256.0,13412.0,26096.0,1,0.3124,0.3395,0.0,0.0448
AZ,0,Rural,14854.0,104572.0,1,0,3.28,58.0,R1 Research,73351.0,169.6,4,0.866,-0.5,92.6,20452.0,11736.0,32188.0,41163.0,0,0.3936,0.4388,26309.0,0.0853
OH,1,Suburb,9689.0,55671.0,0,0,3.81,75.0,R2 Doctoral,38317.0,56.3,1,0.5,0.866,56.1,17135.0,5691.0,22826.0,15491.0,1,0.2783,0.5957,5802.0,0.2281
CA,0,Suburb,12882.0,55737.0,0,0,2.55,42.0,Community College,15391.0,208.7,2,0.866,0.5,80.9,481.0,421.0,902.0,14489.0,0,0.26,0.0586,1607.0,0.0866
OH,1,City,35799.0,183023.0,1,0,1.99,31.0,Community College,21454.0,8.4,2,0.866,0.5,63.2,3201.0,0.0,3201.0,18253.0,0,0.0997,0.1492,0.0,0.0794
PA,0,Suburb,4235.0,31898.0,0,1,2.47,16.0,Community College,20165.0,55.3,4,0.866,-0.5,74.2,0.0,8264.0,8264.0,11901.0,0,0.3731,0.4098,7666.0,0.3333
MO,0,Rural,1973.0,16334.0,0,1,3.34,72.0,Regional Comprehensive,40958.0,43.0,3,1.0,0.0,49.5,18973.0,17912.0,36885.0,4073.0,1,0.2494,0.9006,2100.0,0.0814
VA,0,Town,17822.0,93900.0,0,0,3.39,77.0,R2 Doctoral,61498.0,405.2,5,0.5,-0.866,43.1,23729.0,10246.0,33975.0,27523.0,0,0.2931,0.5525,9701.0,0.1277
NC,0,City,15784.0,40009.0,0,0,3.29,83.0,R2 Doctoral,68719.0,719.6,3,1.0,0.0,37.3,27876.0,11703.0,39579.0,29140.0,0,0.7283,0.576,13356.0,0.0156
NC,0,City,6279.0,28978.0,0,1,2.38,28.0,Community College,19265.0,15.0,6,0.0,-1.0,53.7,2191.0,5120.0,7311.0,11954.0,0,0.4125,0.3795,5675.0,0.0317
ID,0,Suburb,29175.0,119059.0,1,0,3.05,77.0,R2 Doctoral,47706.0,655.2,3,1.0,0.0,52.3,17428.0,4490.0,21918.0,25788.0,0,0.2166,0.4594,0.0,0.0727
WI,0,City,19888.0,56713.0,1,0,2.96,61.0,Regional Comprehensive,43645.0,138.8,2,0.866,0.5,72.0,17374.0,3749.0,21123.0,22522.0,1,0.3971,0.484,2634.0,0.1875
NC,0,Rural,-455.0,25342.0,1,1,2.61,16.0,Community College,14150.0,366.9,1,0.5,0.866,79.0,2015.0,5876.0,7891.0,6259.0,1,0.247,0.5577,6714.0,0.0593
NC,0,Suburb,49813.0,253511.0,0,0,2.61,44.0,Community College,18700.0,215.6,9,-1.0,-0.0,74.2,0.0,0.0,0.0,18700.0,1,0.0738,0.0,0.0,0.1549
CA,0,City,-612.0,19738.0,1,1,3.31,67.0,Regional Comprehensive,43271.0,574.9,4,0.866,-0.5,78.9,16880.0,17809.0,34689.0,8582.0,0,0.4348,0.8017,9194.0,0.0909
KS,0,Town,11226.0,59136.0,1,0,2.1,34.0,Regional Comprehensive,48518.0,157.9,1,0.5,0.866,86.5,13091.0,9970.0,23061.0,25457.0,1,0.4305,0.4753,14231.0,0.2222
NY,0,Suburb,4227.0,16151.0,0,1,2.91,67.0,Regional Comprehensive,42310.0,30.3,3,1.0,0.0,73.3,13751.0,17811.0,31562.0,10748.0,1,0.6655,0.746,6521.0,0.1026
FL,0,City,2330.0,76487.0,0,1,2.61,28.0,Regional Comprehensive,49029.0,113.4,2,0.866,0.5,41.6,11081.0,17029.0,28110.0,20919.0,1,0.2735,0.5733,18589.0,0.0288
WY,0,Suburb,524.0,39672.0,0,1,2.14,34.0,R2 Doctoral,51198.0,217.7,2,0.866,0.5,66.9,13029.0,21220.0,34249.0,16949.0,1,0.4272,0.669,16425.0,0.194
MO,0,City,42838.0,113536.0,0,0,2.64,40.0,R1 Research,70928.0,101.0,6,0.0,-1.0,45.3,13487.0,6039.0,19526.0,51402.0,1,0.4527,0.2753,8564.0,0.0472
CA,0,Suburb,14106.0,62161.0,0,0,2.75,36.0,R2 Doctoral,47562.0,252.8,3,1.0,0.0,58.4,12248.0,6166.0,18414.0,29148.0,1,0.4689,0.3872,15042.0,0.1515
CA,0,Town,45379.0,166448.0,0,0,2.96,72.0,R1 Research,62386.0,118.3,3,1.0,0.0,60.1,17752.0,4116.0,21868.0,40518.0,0,0.2434,0.3505,0.0,0.0649
CA,0,Rural,11616.0,46194.0,1,0,3.18,56.0,R1 Research,79053.0,67.8,3,1.0,0.0,20.2,20761.0,16262.0,37023.0,42030.0,0,0.9099,0.4683,30414.0,0.0506
WA,0,Suburb,5058.0,19826.0,0,1,3.28,66.0,Community College,21676.0,40.5,6,0.0,-1.0,39.6,1820.0,7795.0,9615.0,12061.0,0,0.6083,0.4436,7003.0,0.0577
CA,0,Suburb,13910.0,74683.0,0,0,3.23,63.0,Regional Comprehensive,42057.0,84.0,9,-1.0,-0.0,46.6,16473.0,6151.0,22624.0,19433.0,1,0.2602,0.5379,5523.0,0.0686
MS,0,City,14092.0,52478.0,0,0,3.23,70.0,Community College,20298.0,157.1,3,1.0,0.0,10.7,5695.0,1581.0,7276.0,13022.0,1,0.2481,0.3585,0.0,0.0155
KS,0,Suburb,12355.0,16986.0,0,0,1.75,25.0,Liberal Arts College,84797.0,16.2,4,0.866,-0.5,83.7,13133.0,13978.0,27111.0,57686.0,0,3.3961,0.3197,45331.0,0.24
NJ,0,City,2906.0,29440.0,1,1,2.68,64.0,Liberal Arts College,66322.0,55.9,6,0.0,-1.0,64.5,21619.0,30020.0,51639.0,14683.0,1,0.4987,0.7786,11777.0,0.0921
WA,0,Suburb,10629.0,37022.0,0,0,1.5,10.0,Regional Comprehensive,47031.0,15.6,1,0.5,0.866,64.9,4451.0,8715.0,13166.0,33865.0,0,0.9147,0.2799,23236.0,0.0338
NY,0,City,51871.0,192890.0,0,0,3.31,45.0,Regional Comprehensive,45055.0,66.3,9,-1.0,-0.0,74.0,15889.0,0.0,15889.0,29166.0,0,0.1512,0.3527,0.0,0.1341
CA,0,Rural,31492.0,104753.0,0,0,3.47,92.0,R1 Research,75157.0,445.4,1,0.5,0.866,75.6,23866.0,10213.0,34079.0,41078.0,1,0.3921,0.4534,9586.0,0.1361
MD,0,Rural,11315.0,49003.0,0,0,2.36,38.0,Liberal Arts College,75788.0,36.5,2,0.866,0.5,74.8,21189.0,10695.0,31884.0,43904.0,1,0.8959,0.4207,32589.0,0.1031
CA,0,Suburb,31185.0,88347.0,1,0,3.53,89.0,Regional Comprehensive,35411.0,265.1,12,-0.0,1.0,75.4,20106.0,785.0,20891.0,14520.0,1,0.1644,0.59,0.0,0.0492
CA,0,Town,-1500.0,14495.0,0,1,3.3,62.0,Regional Comprehensive,45752.0,2522.8,5,0.5,-0.866,64.6,18640.0,20534.0,39174.0,6578.0,0,0.4538,0.8562,8078.0,0.1169
NY,0,City,2504.0,41909.0,0,1,3.61,78.0,Regional Comprehensive,44253.0,582.9,3,1.0,0.0,66.9,19470.0,16727.0,36197.0,8056.0,1,0.1922,0.818,5552.0,0.1048
CA,0,Town,28568.0,84012.0,1,0,2.88,63.0,Community College,18168.0,145.8,8,-0.866,-0.5,68.6,4681.0,0.0,4681.0,13487.0,1,0.1605,0.2577,0.0,0.1667
OH,1,City,11514.0,70903.0,0,0,3.89,99.0,Regional Comprehensive,23611.0,90.3,3,1.0,0.0,37.2,11884.0,3028.0,14912.0,8699.0,0,0.1227,0.6316,0.0,0.08
MO,0,City,3414.0,42688.0,1,1,2.38,34.0,Regional Comprehensive,49505.0,30.1,3,1.0,0.0,27.0,13334.0,21518.0,34852.0,14653.0,1,0.3433,0.704,11239.0,0.0275
SC,0,Suburb,14577.0,61232.0,1,0,3.29,50.0,R2 Doctoral,56244.0,24.3,8,-0.866,-0.5,23.4,18373.0,7158.0,25531.0,30713.0,1,0.5016,0.4539,16136.0,0.0108
WA,0,Suburb,15566.0,80293.0,0,0,2.66,50.0,Community College,13943.0,130.6,3,1.0,0.0,73.6,0.0,0.0,0.0,13943.0,0,0.1737,0.0,0.0,0.1714
KY,0,Suburb,8054.0,62521.0,0,1,3.18,59.0,Community College,22402.0,192.6,3,1.0,0.0,51.5,1867.0,6135.0,8002.0,14400.0,0,0.2303,0.3572,6346.0,0.0568
IL,0,Suburb,26326.0,116999.0,0,0,1.5,,Community College,20066.0,399.8,1,0.5,0.866,57.9,3311.0,0.0,3311.0,16755.0,0,0.1432,0.165,0.0,0.0667
KY,0,City,12341.0,79179.0,0,0,3.73,81.0,Liberal Arts College,86215.0,69.7,10,-0.866,0.5,57.6,39735.0,10700.0,50435.0,35780.0,1,0.4519,0.585,23439.0,0.0943
NC,0,City,16622.0,90953.0,0,0,2.55,44.0,Community College,18258.0,155.2,2,0.866,0.5,87.5,2275.0,332.0,2607.0,15651.0,0,0.1721,0.1428,0.0,0.0643
FL,0,Suburb,37884.0,216157.0,0,0,2.56,52.0,Liberal Arts College,76868.0,149.7,4,0.866,-0.5,72.0,24505.0,6067.0,30572.0,46296.0,1,0.2142,0.3977,8412.0,0.0909
KS,0,Suburb,18942.0,114211.0,1,0,3.71,76.0,R2 Doctoral,62388.0,110.4,3,1.0,0.0,68.6,25906.0,7135.0,33041.0,29347.0,0,0.257,0.5296,10405.0,0.0556
FL,0,City,30332.0,220464.0,1,0,2.69,37.0,R2 Doctoral,58611.0,117.4,5,0.5,-0.866,70.7,16224.0,6695.0,22919.0,35692.0,1,0.1619,0.391,5360.0,0.1607
CA,0,Suburb,8229.0,38802.0,0,1,2.41,31.0,Community College,18655.0,51.6,4,0.866,-0.5,100.0,2133.0,4438.0,6571.0,12084.0,0,0.3114,0.3522,3855.0,0.1301
FL,0,Suburb,-98.0,19999.0,0,1,3.78,99.0,Community College,17405.0,170.0,12,-0.0,1.0,35.1,2515.0,7705.0,10220.0,7185.0,0,0.3593,0.5872,7283.0,0.093
PA,0,Suburb,14822.0,56897.0,1,0,2.15,40.0,R2 Doctoral,40632.0,155.5,12,-0.0,1.0,81.9,13840.0,4114.0,17954.0,22678.0,1,0.3986,0.4419,7856.0,0.0635
PA,0,Town,8448.0,53507.0,0,1,2.38,39.0,R2 Doctoral,61484.0,79.8,1,0.5,0.866,63.2,13598.0,15088.0,28686.0,32798.0,0,0.613,0.4666,24350.0,0.0292
MI,0,Suburb,38751.0,180012.0,0,0,2.59,46.0,Community College,21361.0,254.9,11,-0.5,0.866,52.4,1308.0,0.0,1308.0,20053.0,1,0.1114,0.0612,0.0,0.0662
CT,0,Suburb,2177.0,27900.0,0,1,3.5,70.0,Regional Comprehensive,48359.0,372.8,3,1.0,0.0,72.3,23556.0,21888.0,45444.0,2915.0,0,0.1045,0.9397,738.0,0.0602
NY,0,Suburb,13276.0,59469.0,0,0,3.34,78.0,Liberal Arts College,88418.0,258.0,3,1.0,0.0,27.9,38557.0,11113.0,49670.0,38748.0,0,0.6516,0.5618,25472.0,0.0294
MI,0,Suburb,14759.0,84266.0,0,0,3.64,66.0,R1 Research,63662.0,42.4,8,-0.866,-0.5,37.3,18228.0,8450.0,26678.0,36984.0,0,0.4389,0.4191,22225.0,0.0631
PA,0,City,11634.0,67648.0,0,0,3.97,98.0,Regional Comprehensive,43445.0,140.7,4,0.866,-0.5,67.2,23482.0,5202.0,28684.0,14761.0,1,0.2182,0.6602,3127.0,0.0714
AL,0,City,9678.0,55631.0,0,0,3.27,39.0,Regional Comprehensive,42860.0,48.7,7,-0.5,-0.866,65.6,14561.0,7331.0,21892.0,20968.0,1,0.3769,0.5108,11290.0,0.1489
TX,0,Town,5016.0,81485.0,1,1,2.94,31.0,R2 Doctoral,44258.0,140.2,3,1.0,0.0,75.3,11595.0,20265.0,31860.0,12398.0,1,0.1522,0.7199,7382.0,0.0732
CA,0,City,29945.0,136892.0,0,0,2.55,13.0,R2 Doctoral,52417.0,48.9,7,-0.5,-0.866,70.2,9603.0,4744.0,14347.0,38070.0,1,0.2781,0.2737,8125.0,0.2424
NC,0,Suburb,40277.0,190182.0,0,0,3.6,99.0,Community College,19426.0,484.4,4,0.866,-0.5,96.2,2223.0,0.0,2223.0,17203.0,0,0.0905,0.1144,0.0,0.2167
TN,0,Suburb,15779.0,64448.0,1,0,3.74,81.0,R1 Research,81431.0,288.4,1,0.5,0.866,55.2,27802.0,12652.0,40454.0,40977.0,1,0.6358,0.4968,25198.0,0.1304
SC,0,Suburb,6770.0,34982.0,0,1,3.93,73.0,Liberal Arts College,82192.0,425.2,5,0.5,-0.866,66.2,36913.0,41211.0,78082.0,4110.0,1,0.1175,0.95,0.0,0.1069
VA,0,Town,46184.0,190016.0,1,0,3.38,99.0,Regional Comprehensive,42170.0,382.3,6,0.0,-1.0,75.8,23184.0,0.0,23184.0,18986.0,0,0.0999,0.5498,0.0,0.0991
CO,0,Suburb,7476.0,28973.0,0,1,3.15,51.0,Regional Comprehensive,49307.0,95.4,2,0.866,0.5,68.6,18235.0,11762.0,29997.0,19310.0,1,0.6665,0.6084,11834.0,0.1507
IL,0,City,52626.0,228483.0,0,0,3.33,74.0,Community College,19768.0,81.0,6,0.0,-1.0,56.3,278.0,0.0,278.0,19490.0,1,0.0853,0.0141,0.0,0.2045
CA,0,Town,30759.0,165674.0,0,0,2.7,33.0,Liberal Arts College,60684.0,788.9,12,-0.0,1.0,38.9,16745.0,8036.0,24781.0,35903.0,0,0.2167,0.4084,5144.0,0.042
CA,0,Suburb,35153.0,183940.0,0,0,2.91,62.0,Regional Comprehensive,45944.0,106.5,4,0.866,-0.5,56.4,18942.0,2290.0,21232.0,24712.0,1,0.1343,0.4621,0.0,0.0465
CA,0,Suburb,27703.0,103103.0,0,0,3.7,81.0,Regional Comprehensive,48670.0,30.6,2,0.866,0.5,85.3,24532.0,3038.0,27570.0,21100.0,0,0.2046,0.5665,0.0,0.0878
NY,0,Town,2499.0,13753.0,1,1,1.63,,Community College,20411.0,364.9,1,0.5,0.866,100.0,0.0,6414.0,6414.0,13997.0,0,1.0177,0.3142,11498.0,0.1562
NC,0,Suburb,2697.0,29787.0,1,1,2.39,14.0,Community College,16141.0,147.4,1,0.5,0.866,35.5,1390.0,5554.0,6944.0,9197.0,0,0.3088,0.4302,6500.0,0.0208
PA,0,Suburb,13491.0,78508.0,0,0,3.4,61.0,Liberal Arts College,67897.0,615.9,2,0.866,0.5,62.2,25268.0,9102.0,34370.0,33527.0,1,0.4271,0.5062,20036.0,0.3333
NJ,0,Rural,5180.0,38698.0,0,1,2.51,23.0,Regional Comprehensive,54466.0,163.5,3,1.0,0.0,28.9,13336.0,20717.0,34053.0,20413.0,1,0.5275,0.6252,15233.0,0.0396
NC,0,Suburb,17263.0,50161.0,0,0,2.68,20.0,Community College,16824.0,124.1,1,0.5,0.866,49.7,1931.0,0.0,1931.0,14893.0,0,0.2969,0.1148,0.0,0.0508
TN,0,Suburb,17015.0,97853.0,0,0,3.22,73.0,R1 Research,72836.0,629.1,3,1.0,0.0,65.3,20714.0,8108.0,28822.0,44014.0,1,0.4498,0.3957,26999.0,0.096
TN,0,City,11230.0,55693.0,0,0,3.01,70.0,Community College,12782.0,25.2,10,-0.866,0.5,33.3,2469.0,242.0,2711.0,10071.0,1,0.1808,0.2121,0.0,0.0072
NY,0,City,30.0,26168.0,1,1,2.9,42.0,R2 Doctoral,64090.0,68.5,3,1.0,0.0,56.9,18461.0,24803.0,43264.0,20826.0,1,0.7959,0.6751,20796.0,0.16
PA,0,Suburb,22429.0,119095.0,0,0,2.99,28.0,Regional Comprehensive,48726.0,49.9,4,0.866,-0.5,49.3,14627.0,6648.0,21275.0,27451.0,1,0.2305,0.4366,5022.0,0.1111
VA,0,Suburb,18868.0,91193.0,0,0,2.92,57.0,R1 Research,87887.0,15.0,5,0.5,-0.866,62.7,20969.0,14895.0,35864.0,52023.0,1,0.5705,0.4081,33155.0,0.0753
WA,0,Suburb,4008.0,52613.0,1,1,3.08,60.0,Regional Comprehensive,40430.0,316.9,12,-0.0,1.0,49.3,17172.0,16714.0,33886.0,6544.0,1,0.1244,0.8381,2536.0,0.0561
NY,0,Town,33017.0,105042.0,0,0,3.13,47.0,R2 Doctoral,63544.0,70.6,2,0.866,0.5,83.0,21387.0,4972.0,26359.0,37185.0,1,0.354,0.4148,4168.0,0.2449
NY,0,City,20639.0,67402.0,0,0,3.0,54.0,R2 Doctoral,49982.0,327.8,12,-0.0,1.0,51.7,15553.0,5420.0,20973.0,29009.0,1,0.4304,0.4196,8370.0,0.0811
IN,0,Town,33256.0,164157.0,1,0,3.36,33.0,Regional Comprehensive,52144.0,190.6,8,-0.866,-0.5,44.7,16528.0,5102.0,21630.0,30514.0,1,0.1859,0.4148,0.0,0.0465
MA,0,Town,16870.0,70184.0,1,0,3.05,57.0,Community College,13068.0,239.7,3,1.0,0.0,36.7,839.0,0.0,839.0,12229.0,1,0.1742,0.0642,0.0,0.14
TX,0,Town,42063.0,163281.0,0,0,2.96,51.0,R2 Doctoral,62486.0,78.5,10,-0.866,0.5,39.2,20112.0,5418.0,25530.0,36956.0,1,0.2263,0.4086,0.0,0.0568
OH,1,Town,-1500.0,16333.0,0,1,2.98,72.0,Regional Comprehensive,31339.0,16.4,12,-0.0,1.0,49.1,13112.0,14615.0,27727.0,3612.0,1,0.2211,0.8847,5112.0,0.375
UT,0,Rural,15085.0,87609.0,0,0,3.98,96.0,R2 Doctoral,60318.0,139.2,11,-0.5,0.866,62.7,28044.0,7733.0,35777.0,24541.0,1,0.2801,0.5931,9456.0,0.1034
CA,0,City,7724.0,47266.0,1,1,3.65,81.0,Regional Comprehensive,47708.0,332.6,3,1.0,0.0,77.7,22164.0,19563.0,41727.0,5981.0,1,0.1265,0.8746,0.0,0.0809
OR,0,Suburb,5316.0,33911.0,1,1,3.28,91.0,R2 Doctoral,58975.0,120.2,11,-0.5,0.866,74.1,25244.0,22477.0,47721.0,11254.0,1,0.3319,0.8092,5938.0,0.1124
TX,0,Rural,34185.0,144947.0,0,0,3.44,61.0,R2 Doctoral,70823.0,60.6,7,-0.5,-0.866,67.3,26124.0,7020.0,33144.0,37679.0,1,0.26,0.468,3494.0,0.0976
NC,0,Suburb,23995.0,119389.0,0,0,2.91,32.0,Regional Comprehensive,53456.0,36.0,1,0.5,0.866,80.1,15777.0,7342.0,23119.0,30337.0,0,0.2541,0.4325,6342.0,0.3191
OH,1,City,4091.0,14844.0,0,1,3.17,73.0,R1 Research,63607.0,45.4,1,0.5,0.866,56.5,18746.0,25829.0,44575.0,19032.0,0,1.2821,0.7008,14941.0,0.0351
CA,0,Rural,14496.0,105362.0,1,0,1.5,12.0,Regional Comprehensive,46154.0,70.8,3,1.0,0.0,61.5,7161.0,6201.0,13362.0,32792.0,1,0.3112,0.2895,18296.0,0.2424
NV,0,City,25773.0,96547.0,0,0,2.11,35.0,R1 Research,85803.0,117.5,6,0.0,-1.0,47.2,15617.0,11354.0,26971.0,58832.0,0,0.6094,0.3143,33059.0,0.1026
GA,0,Suburb,3622.0,37399.0,1,1,1.6,,Liberal Arts College,93061.0,98.6,11,-0.5,0.866,43.2,8692.0,29567.0,38259.0,54802.0,0,1.4653,0.4111,51180.0,0.0833
NE,0,City,8418.0,34495.0,1,1,3.15,51.0,R1 Research,73503.0,79.5,1,0.5,0.866,91.3,17009.0,22682.0,39691.0,33812.0,0,0.9802,0.54,25394.0,0.129
NY,0,Suburb,357.0,20026.0,0,1,3.83,70.0,Liberal Arts College,78181.0,172.5,2,0.866,0.5,58.4,33482.0,29402.0,62884.0,15297.0,0,0.7639,0.8043,14940.0,0.24
OK,0,Suburb,8107.0,49364.0,1,1,3.13,48.0,R1 Research,63886.0,226.8,8,-0.866,-0.5,39.9,15328.0,28374.0,43702.0,20184.0,1,0.4089,0.6841,12077.0,0.0135
AR,0,Suburb,9706.0,55393.0,1,0,3.84,67.0,Liberal Arts College,80719.0,997.6,3,1.0,0.0,49.4,33908.0,17575.0,51483.0,29236.0,0,0.5278,0.6378,19530.0,0.0411
NJ,0,Rural,26341.0,111730.0,0,0,3.89,83.0,R1 Research,74516.0,280.8,5,0.5,-0.866,96.8,24969.0,8749.0,33718.0,40798.0,1,0.3651,0.4525,14457.0,0.0609
TX,0,Suburb,13705.0,76416.0,1,0,2.14,44.0,R2 Doctoral,62254.0,675.3,3,1.0,0.0,69.4,15711.0,13548.0,29259.0,32995.0,0,0.4318,0.47,19290.0,0.0339
IN,0,Suburb,6235.0,29345.0,1,1,3.33,60.0,Liberal Arts College,95699.0,53.6,2,0.866,0.5,74.1,33920.0,44746.0,78666.0,17033.0,0,0.5804,0.822,10798.0,0.3333
NJ,0,Rural,20880.0,74756.0,0,0,3.59,79.0,Regional Comprehensive,50825.0,23.6,1,0.5,0.866,53.0,23131.0,7548.0,30679.0,20146.0,1,0.2695,0.6036,0.0,0.0482
KS,0,Town,13818.0,52422.0,1,0,2.53,44.0,R2 Doctoral,62684.0,124.8,4,0.866,-0.5,23.9,15238.0,8916.0,24154.0,38530.0,0,0.735,0.3853,24712.0,0.0119
OH,1,City,-1500.0,32110.0,0,1,2.82,43.0,Regional Comprehensive,30246.0,90.3,1,0.5,0.866,39.8,11635.0,11834.0,23469.0,6777.0,1,0.2111,0.7759,8277.0,0.1071
FL,0,City,-546.0,20041.0,1,1,3.29,61.0,Regional Comprehensive,43438.0,264.6,1,0.5,0.866,54.9,17773.0,22008.0,39781.0,3657.0,1,0.1825,0.9158,4203.0,0.1549
TX,0,Suburb,24689.0,98702.0,0,0,1.63,20.0,R1 Research,79267.0,452.1,2,0.866,0.5,50.5,9377.0,8764.0,18141.0,61126.0,0,0.6193,0.2289,36437.0,0.0806
IN,0,Town,20320.0,86804.0,1,0,3.31,69.0,Regional Comprehensive,47883.0,15.0,11,-0.5,0.866,57.4,19360.0,6396.0,25756.0,22127.0,1,0.2549,0.5379,1807.0,0.0444
NH,0,Suburb,16072.0,93983.0,0,0,2.88,65.0,Community College,20899.0,472.2,4,0.866,-0.5,74.9,1657.0,988.0,2645.0,18254.0,0,0.1942,0.1266,2182.0,0.1714
CA,0,City,54.0,37260.0,0,1,2.93,83.0,Regional Comprehensive,40841.0,180.2,2,0.866,0.5,62.1,14264.0,21181.0,35445.0,5396.0,1,0.1448,0.8679,5342.0,0.3158
WI,0,Town,21036.0,71195.0,1,0,2.54,26.0,Regional Comprehensive,40815.0,25.0,5,0.5,-0.866,70.6,10447.0,4826.0,15273.0,25542.0,1,0.3588,0.3742,4506.0,0.0756
MS,0,Suburb,2454.0,23382.0,0,1,3.26,63.0,Regional Comprehensive,42926.0,270.8,9,-1.0,-0.0,71.7,16539.0,18088.0,34627.0,8299.0,1,0.3549,0.8067,5845.0,0.0786
CA,0,Suburb,5696.0,30936.0,0,1,3.37,67.0,Liberal Arts College,84670.0,151.4,10,-0.866,0.5,80.4,31144.0,41002.0,72146.0,12524.0,1,0.4048,0.8521,6828.0,0.0625
CA,0,Rural,15862.0,64491.0,1,0,3.27,59.0,R1 Research,72439.0,189.1,12,-0.0,1.0,39.9,19674.0,14851.0,34525.0,37914.0,0,0.5879,0.4766,22052.0,0.0508
IN,0,Town,16587.0,76031.0,0,0,2.39,26.0,Regional Comprehensive,52111.0,361.7,5,0.5,-0.866,66.3,11274.0,9671.0,20945.0,31166.0,0,0.4099,0.4019,14579.0,0.0676
MA,0,Suburb,6269.0,19482.0,0,1,2.01,36.0,R1 Research,63253.0,199.1,3,1.0,0.0,68.9,10383.0,17803.0,28186.0,35067.0,0,1.8,0.4456,28798.0,0.0614
CA,0,Suburb,209.0,29395.0,0,1,3.29,67.0,Regional Comprehensive,40686.0,27.0,6,0.0,-1.0,62.6,17649.0,16718.0,34367.0,6319.0,0,0.215,0.8447,6110.0,0.0458
LA,0,Suburb,2141.0,48384.0,1,1,2.8,80.0,Community College,18543.0,109.0,1,0.5,0.866,59.1,6465.0,7714.0,14179.0,4364.0,1,0.0902,0.7647,2223.0,0.069
MI,0,Suburb,39489.0,125509.0,0,0,3.24,59.0,R2 Doctoral,52888.0,23.2,8,-0.866,-0.5,38.5,17243.0,2765.0,20008.0,32880.0,0,0.262,0.3783,0.0,0.0187
IA,0,Suburb,5837.0,35051.0,0,1,3.54,95.0,Regional Comprehensive,41457.0,250.5,2,0.866,0.5,58.5,21834.0,17103.0,38937.0,2520.0,1,0.0719,0.9392,0.0,0.0226
CT,0,Town,12556.0,69648.0,1,0,1.5,21.0,R2 Doctoral,56607.0,549.9,6,0.0,-1.0,66.2,7876.0,8837.0,16713.0,39894.0,1,0.5728,0.2952,27338.0,0.0814
AL,0,Suburb,12416.0,75108.0,1,0,2.86,49.0,Regional Comprehensive,45610.0,34.4,3,1.0,0.0,83.7,14353.0,5236.0,19589.0,26021.0,0,0.3464,0.4295,13605.0,0.0776
MI,0,Suburb,11779.0,52587.0,1,0,2.45,40.0,Regional Comprehensive,39397.0,62.6,2,0.866,0.5,62.7,11572.0,5904.0,17476.0,21921.0,0,0.4169,0.4436,10142.0,0.3438
FL,0,City,19016.0,76342.0,0,0,2.93,64.0,Liberal Arts College,71204.0,50.2,8,-0.866,-0.5,34.8,26743.0,7753.0,34496.0,36708.0,1,0.4808,0.4845,17692.0,0.0067
NC,0,Town,3732.0,23901.0,1,1,2.78,39.0,Regional Comprehensive,48287.0,78.7,10,-0.866,0.5,40.1,15693.0,22477.0,38170.0,10117.0,0,0.4233,0.7905,6385.0,0.0213
CA,0,Suburb,2698.0,39255.0,1,1,3.23,85.0,Regional Comprehensive,43831.0,195.4,5,0.5,-0.866,41.2,21648.0,11878.0,33526.0,10305.0,0,0.2625,0.7649,7607.0,0.1221
MA,0,Suburb,34207.0,176794.0,1,0,3.51,64.0,R1 Research,64693.0,79.6,10,-0.866,0.5,56.5,17311.0,8233.0,25544.0,39149.0,1,0.2214,0.3948,4942.0,0.0588
TX,0,Suburb,28474.0,185987.0,0,0,2.28,21.0,R1 Research,68836.0,251.4,10,-0.866,0.5,29.3,10212.0,6858.0,17070.0,51766.0,1,0.2783,0.248,23292.0,0.0968
MI,0,City,39491.0,115486.0,0,0,3.25,58.0,Community College,15957.0,387.8,2,0.866,0.5,47.2,0.0,0.0,0.0,15957.0,0,0.1382,0.0,0.0,0.0952
CA,0,Rural,43174.0,139007.0,0,0,2.75,48.0,Community College,23467.0,402.9,5,0.5,-0.866,87.6,0.0,0.0,0.0,23467.0,1,0.1688,0.0,0.0,0.3667
NY,0,Rural,-499.0,16905.0,1,1,1.5,2.0,R1 Research,80017.0,39.2,12,-0.0,1.0,53.2,8531.0,42107.0,50638.0,29379.0,1,1.7379,0.6328,29878.0,0.12
FL,0,Suburb,9024.0,31791.0,1,0,3.71,74.0,Community College,25149.0,543.0,1,0.5,0.866,67.6,3654.0,3318.0,6972.0,18177.0,1,0.5718,0.2772,9153.0,0.1707
AZ,0,Suburb,13567.0,50312.0,0,0,2.27,26.0,Community College,19254.0,590.7,6,0.0,-1.0,34.2,2249.0,861.0,3110.0,16144.0,0,0.3209,0.1615,2577.0,0.04
MN,0,Town,91377.0,358349.0,0,0,3.18,47.0,Liberal Arts College,73519.0,646.9,3,1.0,0.0,59.5,25401.0,0.0,25401.0,48118.0,1,0.1343,0.3455,0.0,0.1286
CA,0,Suburb,8333.0,50241.0,0,1,2.13,37.0,Regional Comprehensive,41129.0,107.4,3,1.0,0.0,30.5,10457.0,13864.0,24321.0,16808.0,1,0.3345,0.5913,8475.0,0.0471
KY,0,Rural,24121.0,107617.0,0,0,3.04,66.0,R2 Doctoral,58751.0,57.5,1,0.5,0.866,64.7,22054.0,5622.0,27676.0,31075.0,1,0.2888,0.4711,6954.0,0.2432
OR,0,City,18615.0,82655.0,0,0,2.36,26.0,Community College,17881.0,45.1,2,0.866,0.5,38.8,1041.0,0.0,1041.0,16840.0,1,0.2037,0.0582,0.0,0.021
PA,0,City,13668.0,81341.0,0,0,3.96,89.0,Regional Comprehensive,40681.0,39.8,10,-0.866,0.5,77.9,18416.0,7014.0,25430.0,15251.0,1,0.1875,0.6251,1583.0,0.0577
MA,0,Suburb,16883.0,61887.0,0,0,3.3,58.0,R2 Doctoral,63945.0,128.3,1,0.5,0.866,97.0,21895.0,10126.0,32021.0,31924.0,1,0.5158,0.5008,15041.0,0.5714
IL,0,City,4947.0,26529.0,0,1,2.42,21.0,Regional Comprehensive,45176.0,308.6,2,0.866,0.5,49.6,11797.0,15458.0,27255.0,17921.0,0,0.6755,0.6033,12974.0,0.0405
TX,0,Suburb,-1500.0,9002.0,0,1,3.01,41.0,Community College,19655.0,499.6,12,-0.0,1.0,24.1,0.0,10351.0,10351.0,9304.0,0,1.0335,0.5266,10804.0,0.0
MI,0,Town,43356.0,158408.0,1,0,3.42,59.0,Community College,19551.0,76.1,1,0.5,0.866,58.1,1918.0,0.0,1918.0,17633.0,1,0.1113,0.0981,0.0,0.0685
CA,0,City,11078.0,40381.0,0,0,3.38,82.0,Community College,20032.0,121.7,8,-0.866,-0.5,26.2,4435.0,1586.0,6021.0,14011.0,0,0.347,0.3006,2933.0,0.0484
CT,0,Suburb,-544.0,16411.0,0,1,2.57,52.0,R2 Doctoral,45510.0,113.6,12,-0.0,1.0,46.0,14092.0,20546.0,34638.0,10872.0,1,0.6625,0.7611,11416.0,0.1042
AR,0,Suburb,20343.0,86278.0,0,0,2.64,24.0,Liberal Arts College,65487.0,65.0,10,-0.866,0.5,38.2,15161.0,8625.0,23786.0,41701.0,0,0.4833,0.3632,21358.0,0.0207
AL,0,Town,12578.0,85095.0,1,0,3.05,66.0,Community College,23606.0,274.3,10,-0.866,0.5,78.7,1633.0,2756.0,4389.0,19217.0,0,0.2258,0.1859,6639.0,0.046
NJ,0,Suburb,18635.0,109413.0,0,0,2.01,2.0,Community College,18883.0,185.5,12,-0.0,1.0,15.0,779.0,55.0,834.0,18049.0,1,0.165,0.0442,0.0,0.0331
NJ,0,City,34613.0,140550.0,0,0,3.43,81.0,Regional Comprehensive,46857.0,147.0,2,0.866,0.5,37.7,22520.0,1749.0,24269.0,22588.0,1,0.1607,0.5179,0.0,0.0388
RI,0,Suburb,410.0,32478.0,0,1,3.54,77.0,Regional Comprehensive,48587.0,184.6,12,-0.0,1.0,68.1,23822.0,17060.0,40882.0,7705.0,1,0.2372,0.8414,7295.0,0.0417
FL,0,Suburb,5181.0,33524.0,0,1,3.66,73.0,Community College,18063.0,241.8,4,0.866,-0.5,48.7,2252.0,6091.0,8343.0,9720.0,1,0.2899,0.4619,4539.0,0.0423
CA,0,Town,7371.0,50038.0,1,1,2.54,43.0,Regional Comprehensive,40188.0,239.3,1,0.5,0.866,93.7,14467.0,11960.0,26427.0,13761.0,1,0.275,0.6576,6390.0,0.0902
NJ,0,Suburb,36577.0,113730.0,0,0,3.83,99.0,R2 Doctoral,47802.0,52.5,10,-0.866,0.5,55.0,22797.0,1915.0,24712.0,23090.0,0,0.203,0.517,0.0,0.2439
NY,0,City,5701.0,13851.0,0,1,1.77,,Regional Comprehensive,40463.0,324.7,1,0.5,0.866,66.5,4628.0,17210.0,21838.0,18625.0,0,1.3447,0.5397,12924.0,0.0541
NY,0,Town,16555.0,69031.0,0,0,2.98,69.0,Community College,17279.0,165.7,1,0.5,0.866,68.1,1217.0,201.0,1418.0,15861.0,1,0.2298,0.0821,0.0,0.1795
CA,0,Suburb,24074.0,123146.0,0,0,2.64,31.0,R1 Research,65144.0,80.3,1,0.5,0.866,69.7,10621.0,6047.0,16668.0,48476.0,1,0.3936,0.2559,24402.0,0.125
WA,0,City,21786.0,119541.0,1,0,3.74,99.0,Regional Comprehensive,39203.0,162.0,3,1.0,0.0,61.0,22892.0,2707.0,25599.0,13604.0,0,0.1138,0.653,0.0,0.0391
FL,0,Suburb,16579.0,104837.0,0,0,3.18,73.0,Community College,21302.0,181.9,3,1.0,0.0,57.8,2394.0,768.0,3162.0,18140.0,1,0.173,0.1484,1561.0,0.0932
TX,0,Rural,32284.0,135315.0,0,0,2.98,40.0,Regional Comprehensive,51631.0,394.5,2,0.866,0.5,83.6,12390.0,3004.0,15394.0,36237.0,0,0.2678,0.2982,3953.0,0.0522
CA,0,Town,5223.0,8708.0,0,1,2.74,38.0,Regional Comprehensive,40794.0,42.2,10,-0.866,0.5,41.2,11645.0,11147.0,22792.0,18002.0,0,2.0673,0.5587,12779.0,0.0203
PA,0,City,32605.0,201128.0,0,0,2.35,37.0,Liberal Arts College,59882.0,509.3,10,-0.866,0.5,57.6,16788.0,3870.0,20658.0,39224.0,0,0.195,0.345,6619.0,0.055
CT,0,Town,12940.0,79849.0,0,0,2.95,65.0,Regional Comprehensive,45268.0,129.8,2,0.866,0.5,54.4,17131.0,5690.0,22821.0,22447.0,1,0.2811,0.5041,9507.0,0.039
PA,0,City,30487.0,164547.0,0,0,3.15,67.0,Regional Comprehensive,51814.0,74.5,4,0.866,-0.5,71.5,19334.0,3882.0,23216.0,28598.0,1,0.1738,0.4481,0.0,0.0873
TN,0,Suburb,3473.0,27018.0,0,1,1.5,3.0,R2 Doctoral,48018.0,72.1,12,-0.0,1.0,75.8,3953.0,17920.0,21873.0,26145.0,0,0.9677,0.4555,22672.0,0.1556
WI,0,Suburb,-1500.0,17805.0,0,1,3.34,60.0,Community College,15743.0,44.3,1,0.5,0.866,53.2,2737.0,5915.0,8652.0,7091.0,0,0.3983,0.5496,8591.0,0.2727
NY,0,City,63015.0,227793.0,0,0,1.83,11.0,R1 Research,50690.0,20.4,2,0.866,0.5,44.1,5028.0,0.0,5028.0,45662.0,0,0.2005,0.0992,0.0,0.0493
AL,0,Suburb,7758.0,32303.0,1,1,3.46,72.0,Liberal Arts College,79583.0,258.0,3,1.0,0.0,51.4,31568.0,20852.0,52420.0,27163.0,0,0.8409,0.6587,19405.0,0.0571
IN,0,Rural,9685.0,50322.0,0,0,2.36,11.0,Liberal Arts College,66999.0,1014.1,2,0.866,0.5,78.4,13171.0,15387.0,28558.0,38441.0,0,0.7639,0.4262,28756.0,0.0847
NJ,0,City,20934.0,92021.0,0,0,2.42,37.0,R1 Research,79921.0,23.2,1,0.5,0.866,67.2,16460.0,9223.0,25683.0,54238.0,0,0.5894,0.3214,33304.0,0.1376
CA,0,Town,24542.0,109807.0,0,0,2.08,15.0,R1 Research,78525.0,46.7,11,-0.5,0.866,52.4,12130.0,9258.0,21388.0,57137.0,0,0.5203,0.2724,32595.0,0.1282
CA,0,Suburb,32402.0,136825.0,0,0,2.72,62.0,Regional Comprehensive,51727.0,278.9,1,0.5,0.866,59.3,19360.0,3420.0,22780.0,28947.0,0,0.2116,0.4404,0.0,0.0786
SD,0,Suburb,12895.0,73927.0,0,0,2.28,43.0,R1 Research,81869.0,120.8,3,1.0,0.0,48.2,15139.0,17851.0,32990.0,48879.0,1,0.6612,0.403,35984.0,0.1034
MN,0,City,12227.0,29463.0,0,0,3.45,74.0,Community College,15039.0,304.3,1,0.5,0.866,78.2,2636.0,577.0,3213.0,11826.0,0,0.4014,0.2136,0.0,0.1149
KS,0,City,27451.0,104692.0,1,0,3.82,99.0,Community College,18303.0,113.9,2,0.866,0.5,69.0,4830.0,0.0,4830.0,13473.0,1,0.1287,0.2639,0.0,0.1688
IA,0,City,29809.0,105899.0,0,0,3.21,71.0,Community College,21848.0,68.9,1,0.5,0.866,94.8,4289.0,0.0,4289.0,17559.0,1,0.1658,0.1963,0.0,0.1231
CA,0,Suburb,-6.0,17038.0,1,1,2.2,24.0,Community College,15579.0,100.0,1,0.5,0.866,66.2,885.0,6496.0,7381.0,8198.0,1,0.4812,0.4738,8204.0,0.0752
MN,0,Rural,27204.0,174810.0,1,0,3.34,50.0,R2 Doctoral,53732.0,15.0,6,0.0,-1.0,66.9,15793.0,4099.0,19892.0,33840.0,1,0.1936,0.3702,6636.0,0.0504
GA,0,Rural,-1500.0,10502.0,1,1,2.52,35.0,Liberal Arts College,77695.0,38.1,3,1.0,0.0,56.6,20248.0,41785.0,62033.0,15662.0,0,1.4913,0.7984,17162.0,0.0451
MN,0,City,44852.0,132558.0,0,0,3.53,71.0,Regional Comprehensive,44776.0,342.9,2,0.866,0.5,50.2,20132.0,0.0,20132.0,24644.0,0,0.1859,0.4496,0.0,0.1277
CA,0,City,5772.0,39872.0,1,1,3.01,54.0,R1 Research,74661.0,442.9,12,-0.0,1.0,55.6,18874.0,25662.0,44536.0,30125.0,1,0.7555,0.5965,24353.0,0.0643
NY,0,City,23756.0,104607.0,0,0,3.38,66.0,Regional Comprehensive,41942.0,554.6,12,-0.0,1.0,74.3,16273.0,4186.0,20459.0,21483.0,1,0.2054,0.4878,0.0,0.3
WI,0,Rural,20244.0,90884.0,0,0,3.7,96.0,R1 Research,63572.0,201.3,5,0.5,-0.866,50.7,21618.0,7500.0,29118.0,34454.0,1,0.3791,0.458,14210.0,0.0305
SC,0,City,6224.0,61284.0,0,1,2.89,67.0,Community College,20127.0,15.0,2,0.866,0.5,53.1,3629.0,6132.0,9761.0,10366.0,0,0.1691,0.485,4142.0,0.1571
AZ,0,City,17119.0,87097.0,1,0,1.86,5.0,Community College,18553.0,65.0,11,-0.5,0.866,32.1,1051.0,358.0,1409.0,17144.0,1,0.1968,0.0759,25.0,0.0614
NY,0,Suburb,10784.0,59146.0,1,0,2.79,30.0,Community College,24285.0,509.1,3,1.0,0.0,100.0,229.0,3277.0,3506.0,20779.0,0,0.3513,0.1444,9995.0,0.1452
NY,0,Suburb,18213.0,105245.0,0,0,3.4,58.0,R1 Research,62007.0,696.5,4,0.866,-0.5,49.3,18636.0,9145.0,27781.0,34226.0,1,0.3252,0.448,16013.0,0.0435
ID,0,City,96917.0,303579.0,0,0,2.82,64.0,R1 Research,71476.0,529.9,8,-0.866,-0.5,30.7,17733.0,0.0,17733.0,53743.0,0,0.177,0.2481,0.0,0.0909
OH,1,Suburb,7117.0,23964.0,1,1,3.25,77.0,R2 Doctoral,34051.0,28.6,8,-0.866,-0.5,63.6,13543.0,11773.0,25316.0,8735.0,0,0.3645,0.7435,1618.0,0.092
GA,0,City,-1500.0,6339.0,0,1,2.98,39.0,Community College,19915.0,32.1,3,1.0,0.0,65.4,1141.0,10345.0,11486.0,8429.0,0,1.3297,0.5768,9929.0,0.0411
NJ,0,City,11304.0,46663.0,1,0,3.29,47.0,Regional Comprehensive,44066.0,121.4,4,0.866,-0.5,78.3,16515.0,5861.0,22376.0,21690.0,1,0.4648,0.5078,10386.0,0.0685
IL,0,City,1445.0,44422.0,1,1,2.12,14.0,Regional Comprehensive,47360.0,128.7,12,-0.0,1.0,60.3,10908.0,14309.0,25217.0,22143.0,1,0.4985,0.5325,20698.0,0.1034
NJ,0,Suburb,5063.0,47961.0,0,1,3.69,99.0,R1 Research,65572.0,655.7,4,0.866,-0.5,28.5,25639.0,27513.0,53152.0,12420.0,0,0.259,0.8106,7357.0,0.0455
OH,1,Rural,8983.0,32305.0,0,0,3.57,82.0,Regional Comprehensive,22723.0,46.6,7,-0.5,-0.866,43.7,13324.0,2246.0,15570.0,7153.0,1,0.2214,0.6852,0.0,0.0962
LA,0,Suburb,23916.0,117966.0,0,0,3.9,86.0,Regional Comprehensive,50744.0,128.9,2,0.866,0.5,81.0,25667.0,5139.0,30806.0,19938.0,0,0.169,0.6071,0.0,0.2692
NV,0,Town,4707.0,23282.0,1,1,3.28,64.0,Community College,21249.0,136.9,5,0.5,-0.866,79.9,3542.0,5471.0,9013.0,12236.0,1,0.5256,0.4242,7529.0,0.0408
MS,0,Suburb,21347.0,87078.0,1,0,3.48,49.0,Liberal Arts College,86431.0,192.8,1,0.5,0.866,74.5,28266.0,13280.0,41546.0,44885.0,0,0.5155,0.4807,23538.0,0.2326
NJ,0,Town,20002.0,99677.0,0,0,2.79,43.0,R1 Research,80001.0,244.6,3,1.0,0.0,87.5,17538.0,13519.0,31057.0,48944.0,1,0.491,0.3882,28942.0,0.1964
OH,1,Rural,25438.0,79052.0,0,0,2.76,62.0,Regional Comprehensive,31448.0,17.1,3,1.0,0.0,56.7,14422.0,1212.0,15634.0,15814.0,1,0.2,0.4971,0.0,0.1045
MO,0,Suburb,17545.0,89388.0,1,0,3.08,53.0,Liberal Arts College,83115.0,41.7,6,0.0,-1.0,83.1,26497.0,10400.0,36897.0,46218.0,1,0.517,0.4439,28673.0,0.1085
LA,0,Rural,22431.0,124676.0,0,0,2.93,49.0,Liberal Arts College,67935.0,534.3,1,0.5,0.866,54.9,20550.0,6720.0,27270.0,40665.0,0,0.3262,0.4014,18234.0,0.125
NJ,0,Suburb,10483.0,65419.0,1,0,2.58,43.0,Regional Comprehensive,43124.0,22.6,1,0.5,0.866,98.0,12935.0,5761.0,18696.0,24428.0,1,0.3734,0.4335,13945.0,0.0615
IN,0,Town,8804.0,49046.0,1,1,2.54,23.0,Community College,21838.0,707.3,1,0.5,0.866,57.6,1190.0,4327.0,5517.0,16321.0,1,0.3328,0.2526,7517.0,0.0362
WI,0,City,19913.0,89338.0,1,0,1.8,14.0,Regional Comprehensive,54134.0,17.0,3,1.0,0.0,44.0,10221.0,8397.0,18618.0,35516.0,1,0.3975,0.3439,15603.0,0.1071
TN,0,Suburb,25005.0,96980.0,0,0,3.14,50.0,R1 Research,74954.0,68.6,2,0.866,0.5,40.1,19249.0,8993.0,28242.0,46712.0,1,0.4817,0.3768,21707.0,0.1579
WI,0,Suburb,17534.0,119440.0,0,0,3.49,67.0,Community College,10733.0,351.5,8,-0.866,-0.5,81.5,0.0,0.0,0.0,10733.0,1,0.0899,0.0,0.0,0.1111
TX,0,Rural,-1500.0,18344.0,0,1,2.84,44.0,Community College,19888.0,126.7,10,-0.866,0.5,81.7,329.0,8201.0,8530.0,11358.0,0,0.6192,0.4289,12858.0,0.2821
NC,0,Rural,17160.0,55152.0,0,0,2.79,42.0,R2 Doctoral,64513.0,31.8,2,0.866,0.5,45.0,17173.0,11287.0,28460.0,36053.0,0,0.6537,0.4412,18893.0,0.0588
VA,0,Suburb,4924.0,29230.0,0,1,3.01,57.0,Liberal Arts College,73961.0,198.3,5,0.5,-0.866,46.9,24738.0,28267.0,53005.0,20956.0,1,0.7169,0.7167,16032.0,0.0805
CA,0,Rural,12874.0,94268.0,0,0,3.76,83.0,Regional Comprehensive,40482.0,135.9,4,0.866,-0.5,16.9,20828.0,4638.0,25466.0,15016.0,0,0.1593,0.6291,2142.0,0.0106
OR,0,Rural,15150.0,106216.0,1,0,2.18,21.0,Regional Comprehensive,49324.0,101.0,2,0.866,0.5,43.5,11218.0,5636.0,16854.0,32470.0,1,0.3057,0.3417,17320.0,0.0984
WA,0,Suburb,9453.0,51659.0,1,0,3.8,87.0,Community College,18114.0,65.8,5,0.5,-0.866,58.2,0.0,1591.0,1591.0,16523.0,0,0.3198,0.0878,7070.0,0.2424
TX,0,City,12095.0,37232.0,0,0,2.04,7.0,Community College,18096.0,122.2,8,-0.866,-0.5,51.3,392.0,1201.0,1593.0,16503.0,0,0.4432,0.088,4408.0,0.137
AL,0,City,17523.0,96743.0,0,0,3.35,40.0,R1 Research,56972.0,68.8,10,-0.866,0.5,16.8,12059.0,7536.0,19595.0,37377.0,1,0.3864,0.3439,19854.0,0.0345
MO,0,City,18862.0,57186.0,0,0,2.91,51.0,Liberal Arts College,60501.0,1632.9,2,0.866,0.5,35.4,19890.0,9252.0,29142.0,31359.0,0,0.5484,0.4817,12497.0,0.1167
WI,0,City,36546.0,175792.0,0,0,2.88,42.0,R1 Research,79524.0,98.5,1,0.5,0.866,96.1,18051.0,10341.0,28392.0,51132.0,1,0.2909,0.357,14586.0,0.1134
IL,0,Rural,64645.0,225602.0,0,0,2.17,29.0,Regional Comprehensive,39436.0,85.6,11,-0.5,0.866,74.4,9023.0,0.0,9023.0,30413.0,0,0.1348,0.2288,0.0,0.0432
OR,0,City,32251.0,129380.0,0,0,3.53,68.0,Community College,23422.0,71.7,11,-0.5,0.866,56.2,1144.0,0.0,1144.0,22278.0,0,0.1722,0.0488,0.0,0.1591
OH,1,Suburb,17748.0,74422.0,1,0,3.45,47.0,R2 Doctoral,53965.0,237.0,2,0.866,0.5,68.8,19395.0,7396.0,26791.0,27174.0,0,0.3651,0.4965,9426.0,0.2745
VA,0,Suburb,43667.0,234313.0,0,0,2.47,33.0,Regional Comprehensive,40303.0,22.7,1,0.5,0.866,62.9,9676.0,0.0,9676.0,30627.0,1,0.1307,0.2401,0.0,0.1111
CA,0,Suburb,12166.0,74856.0,1,0,3.57,90.0,Community College,17274.0,184.8,7,-0.5,-0.866,59.1,1815.0,1159.0,2974.0,14300.0,1,0.191,0.1722,2134.0,0.2063
MA,0,City,11203.0,44577.0,1,0,2.81,52.0,Regional Comprehensive,48173.0,98.6,3,1.0,0.0,65.2,13817.0,8293.0,22110.0,26063.0,1,0.5847,0.459,14860.0,0.1129
MO,0,Suburb,8476.0,38706.0,0,1,3.42,52.0,R1 Research,85743.0,28.4,8,-0.866,-0.5,28.2,23159.0,33568.0,56727.0,29016.0,0,0.7497,0.6616,20540.0,0.0084
NJ,0,Suburb,9509.0,37929.0,0,0,2.92,44.0,Regional Comprehensive,45760.0,53.6,1,0.5,0.866,58.2,15180.0,5347.0,20527.0,25233.0,0,0.6653,0.4486,15724.0,0.0483
NC,0,Suburb,11269.0,62656.0,0,0,2.16,17.0,Regional Comprehensive,42070.0,176.7,3,1.0,0.0,24.6,9160.0,4749.0,13909.0,28161.0,0,0.4495,0.3306,16892.0,0.0138
AL,0,City,14684.0,87853.0,0,0,1.5,,Liberal Arts College,73135.0,51.1,2,0.866,0.5,58.2,6179.0,10443.0,16622.0,56513.0,0,0.6433,0.2273,41829.0,0.1579
TN,0,Town,2440.0,22722.0,0,1,3.38,62.0,Regional Comprehensive,45505.0,166.4,6,0.0,-1.0,65.8,19849.0,21711.0,41560.0,3945.0,0,0.1736,0.9133,1505.0,0.0588
NY,0,City,6511.0,45559.0,1,1,1.83,,R1 Research,67161.0,778.6,7,-0.5,-0.866,51.2,8058.0,24348.0,32406.0,34755.0,0,0.7629,0.4825,28244.0,0.041
WV,0,Suburb,12103.0,73369.0,0,0,3.06,55.0,Liberal Arts College,89196.0,151.6,12,-0.0,1.0,57.4,27471.0,18069.0,45540.0,43656.0,1,0.595,0.5106,31553.0,0.0455
MO,0,Suburb,20296.0,100049.0,0,0,2.96,72.0,Regional Comprehensive,41878.0,27.5,2,0.866,0.5,60.0,18012.0,3541.0,21553.0,20325.0,1,0.2032,0.5147,29.0,0.0476
DE,0,City,28415.0,61780.0,0,0,3.04,48.0,R1 Research,76132.0,52.1,1,0.5,0.866,70.8,15651.0,9945.0,25596.0,50536.0,1,0.818,0.3362,22121.0,0.2031
HI,0,Town,13664.0,75060.0,0,0,3.03,40.0,Community College,20905.0,93.9,12,-0.0,1.0,59.3,2709.0,1842.0,4551.0,16354.0,1,0.2179,0.2177,2690.0,0.0505
AR,0,City,-1500.0,25803.0,1,1,2.79,66.0,Community College,19025.0,87.5,5,0.5,-0.866,47.8,3769.0,11089.0,14858.0,4167.0,0,0.1615,0.781,5667.0,0.1613
WI,0,Rural,1830.0,32647.0,0,1,3.18,87.0,Community College,18434.0,148.6,11,-0.5,0.866,28.1,1023.0,4732.0,5755.0,12679.0,0,0.3884,0.3122,10849.0,0.0288
WA,0,Rural,16222.0,60245.0,0,0,2.44,28.0,Regional Comprehensive,44891.0,175.9,10,-0.866,0.5,30.3,10164.0,5373.0,15537.0,29354.0,1,0.4872,0.3461,13132.0,0.0429
TX,0,Suburb,20490.0,90907.0,1,0,3.77,87.0,R2 Doctoral,50773.0,779.7,4,0.866,-0.5,47.6,22471.0,5549.0,28020.0,22753.0,0,0.2503,0.5519,2263.0,0.0521
NJ,0,Suburb,8607.0,74350.0,0,1,3.54,78.0,Community College,20937.0,126.2,1,0.5,0.866,77.3,2912.0,4848.0,7760.0,13177.0,1,0.1772,0.3706,4570.0,0.0943
CO,0,City,2774.0,34161.0,0,1,2.17,35.0,R1 Research,70824.0,37.8,2,0.866,0.5,74.9,9897.0,32911.0,42808.0,28016.0,1,0.8201,0.6044,25242.0,0.1071
MI,0,Rural,11870.0,53086.0,1,0,2.23,11.0,Liberal Arts College,74483.0,425.5,7,-0.5,-0.866,52.9,12241.0,9228.0,21469.0,53014.0,0,0.9986,0.2882,41144.0,0.0476
OK,0,Suburb,49699.0,186936.0,1,0,3.12,59.0,Community College,16261.0,477.2,8,-0.866,-0.5,55.2,716.0,0.0,716.0,15545.0,1,0.0832,0.044,0.0,0.1039
CA,0,City,11507.0,93141.0,0,0,3.15,47.0,Community College,23870.0,161.7,2,0.866,0.5,37.8,2169.0,3209.0,5378.0,18492.0,0,0.1985,0.2253,6985.0,0.0658
IL,0,Suburb,4192.0,55993.0,0,1,2.53,42.0,Regional Comprehensive,48857.0,97.8,6,0.0,-1.0,35.4,17158.0,13172.0,30330.0,18527.0,1,0.3309,0.6208,14335.0,0.0857
NC,0,City,3820.0,30073.0,0,1,3.48,93.0,Community College,15350.0,243.6,1,0.5,0.866,70.2,2556.0,4239.0,6795.0,8555.0,0,0.2845,0.4427,4735.0,0.1111
OH,1,Suburb,8800.0,37661.0,0,1,3.72,87.0,R1 Research,63087.0,29.4,2,0.866,0.5,54.1,19813.0,22504.0,42317.0,20770.0,1,0.5515,0.6708,11970.0,0.4
CA,0,Suburb,14730.0,63243.0,0,0,3.5,63.0,R1 Research,66517.0,15.0,1,0.5,0.866,56.7,19322.0,11399.0,30721.0,35796.0,0,0.566,0.4619,21066.0,0.2292
TX,0,City,8949.0,76779.0,1,0,2.91,65.0,Liberal Arts College,67912.0,228.9,2,0.866,0.5,77.9,24086.0,13548.0,37634.0,30278.0,0,0.3944,0.5542,21329.0,0.3256
LA,0,Town,18712.0,94580.0,0,0,2.76,38.0,Community College,17170.0,323.3,1,0.5,0.866,70.7,3700.0,0.0,3700.0,13470.0,1,0.1424,0.2155,0.0,0.0741
NC,0,City,17358.0,83229.0,0,0,2.93,58.0,R1 Research,76669.0,575.4,7,-0.5,-0.866,53.2,18421.0,14921.0,33342.0,43327.0,0,0.5206,0.4349,25969.0,0.0806
CA,0,Suburb,8278.0,48215.0,0,1,3.77,74.0,Regional Comprehensive,44352.0,58.8,11,-0.5,0.866,75.2,20722.0,19271.0,39993.0,4359.0,1,0.0904,0.9017,0.0,0.1948
CA,0,Suburb,655.0,43565.0,0,1,3.38,52.0,Community College,18873.0,160.7,12,-0.0,1.0,43.3,3835.0,7011.0,10846.0,8027.0,0,0.1843,0.5747,7372.0,0.0323
GA,0,Rural,57911.0,274809.0,0,0,2.22,15.0,Community College,19709.0,164.4,3,1.0,0.0,43.7,0.0,0.0,0.0,19709.0,1,0.0717,0.0,0.0,0.0612
TX,0,Suburb,13211.0,42165.0,0,0,3.3,31.0,Regional Comprehensive,49225.0,138.6,10,-0.866,0.5,31.9,14089.0,9410.0,23499.0,25726.0,0,0.6101,0.4774,12515.0,0.1071
MO,0,Rural,1339.0,24834.0,1,1,3.21,49.0,Community College,24779.0,142.9,1,0.5,0.866,88.4,3095.0,11546.0,14641.0,10138.0,1,0.4082,0.5909,8799.0,0.056
SC,0,Suburb,-481.0,19344.0,0,1,2.36,59.0,Regional Comprehensive,43815.0,131.7,4,0.866,-0.5,48.7,14852.0,15355.0,30207.0,13608.0,0,0.7035,0.6894,14089.0,0.0364
FL,0,Rural,5146.0,48811.0,0,1,3.75,47.0,Regional Comprehensive,43088.0,158.3,5,0.5,-0.866,59.4,15181.0,10797.0,25978.0,17110.0,0,0.3505,0.6029,11964.0,0.0469
VA,0,City,20520.0,123845.0,0,0,3.42,51.0,Regional Comprehensive,45477.0,275.8,3,1.0,0.0,94.7,14554.0,5678.0,20232.0,25245.0,1,0.2038,0.4449,4725.0,0.0635
TX,0,Town,10047.0,41578.0,0,0,3.19,85.0,R2 Doctoral,60230.0,456.3,1,0.5,0.866,48.5,24425.0,9919.0,34344.0,25886.0,0,0.6226,0.5702,15839.0,0.0638
NY,0,City,43980.0,182373.0,0,0,2.73,32.0,Regional Comprehensive,49937.0,57.3,2,0.866,0.5,64.0,14703.0,851.0,15554.0,34383.0,1,0.1885,0.3115,0.0,0.1692
UT,0,Rural,9046.0,62615.0,0,0,3.02,51.0,R2 Doctoral,50028.0,105.7,1,0.5,0.866,64.8,16037.0,5817.0,21854.0,28174.0,1,0.45,0.4368,19128.0,0.2241
NJ,0,Rural,34852.0,139928.0,0,0,2.46,34.0,Regional Comprehensive,55912.0,81.3,9,-1.0,-0.0,56.5,16694.0,5625.0,22319.0,33593.0,1,0.2401,0.3992,0.0,0.0687
CT,0,Suburb,10412.0,36477.0,0,0,3.55,54.0,Liberal Arts College,65217.0,70.0,12,-0.0,1.0,69.4,24669.0,8371.0,33040.0,32177.0,0,0.8821,0.5066,21765.0,0.1429
FL,0,Suburb,4048.0,36887.0,0,1,3.32,81.0,Community College,21228.0,23.2,2,0.866,0.5,68.8,2688.0,8590.0,11278.0,9950.0,1,0.2697,0.5313,5902.0,0.3333
NY,0,Suburb,15876.0,67208.0,0,0,3.55,74.0,R1 Research,78762.0,130.0,9,-1.0,-0.0,59.0,25353.0,15323.0,40676.0,38086.0,1,0.5667,0.5164,22210.0,0.0667
GA,0,City,21175.0,89093.0,0,0,3.05,49.0,Liberal Arts College,62985.0,209.6,11,-0.5,0.866,84.0,20803.0,9159.0,29962.0,33023.0,1,0.3707,0.4757,11848.0,0.1099
NC,0,Suburb,14892.0,55334.0,1,0,3.37,81.0,Community College,19674.0,107.7,2,0.866,0.5,39.3,492.0,1205.0,1697.0,17977.0,0,0.3249,0.0863,3085.0,0.1143
VT,0,Suburb,15547.0,77697.0,0,0,3.35,51.0,Liberal Arts College,59538.0,125.5,6,0.0,-1.0,36.9,21410.0,9957.0,31367.0,28171.0,1,0.3626,0.5268,12624.0,0.0196
CA,0,Suburb,17359.0,96154.0,0,0,3.17,62.0,R2 Doctoral,51024.0,196.6,2,0.866,0.5,60.7,18377.0,7188.0,25565.0,25459.0,1,0.2648,0.501,8100.0,0.0662
OR,0,City,3284.0,22635.0,1,1,3.19,49.0,Liberal Arts College,76330.0,557.5,1,0.5,0.866,76.2,24437.0,21267.0,45704.0,30626.0,0,1.353,0.5988,27342.0,0.1795
OR,0,Rural,4983.0,49243.0,1,1,2.9,35.0,Community College,19354.0,81.5,5,0.5,-0.866,62.5,4314.0,4532.0,8846.0,10508.0,0,0.2134,0.4571,5525.0,0.0845
NJ,0,City,6156.0,43328.0,0,1,2.35,56.0,R1 Research,83205.0,37.0,2,0.866,0.5,50.0,17623.0,36125.0,53748.0,29457.0,1,0.6799,0.646,23301.0,0.125
PA,0,Suburb,12541.0,44869.0,1,0,2.51,38.0,Community College,17269.0,115.2,10,-0.866,0.5,81.5,3072.0,1118.0,4190.0,13079.0,0,0.2915,0.2426,538.0,0.1333
MI,0,City,22243.0,84369.0,0,0,3.53,87.0,R2 Doctoral,58183.0,915.6,12,-0.0,1.0,67.5,23215.0,8471.0,31686.0,26497.0,0,0.3141,0.5446,4254.0,0.0862
NY,0,City,15134.0,43763.0,0,0,2.29,21.0,Community College,21315.0,37.4,1,0.5,0.866,52.0,2645.0,1460.0,4105.0,17210.0,0,0.3933,0.1926,2076.0,0.0161
SC,0,City,-551.0,14859.0,0,1,2.51,23.0,Regional Comprehensive,44739.0,250.8,1,0.5,0.866,92.3,12939.0,19432.0,32371.0,12368.0,0,0.8324,0.7236,12919.0,0.1798
NC,0,Suburb,8984.0,53088.0,0,0,2.65,1.0,R1 Research,71951.0,427.4,2,0.866,0.5,54.4,7969.0,15035.0,23004.0,48947.0,0,0.922,0.3197,39963.0,0.0816
AR,0,Suburb,5642.0,29250.0,0,1,3.81,82.0,Liberal Arts College,62430.0,15.0,3,1.0,0.0,56.1,29428.0,22936.0,52364.0,10066.0,1,0.3441,0.8388,4424.0,0.0484
AZ,0,Suburb,15713.0,89981.0,1,0,3.0,33.0,Regional Comprehensive,37720.0,194.9,2,0.866,0.5,38.4,11240.0,4340.0,15580.0,22140.0,0,0.2461,0.413,6427.0,0.1471
MI,0,Suburb,25812.0,112432.0,0,0,2.64,43.0,Liberal Arts College,68588.0,238.8,6,0.0,-1.0,63.0,18005.0,6205.0,24210.0,44378.0,0,0.3947,0.353,18566.0,0.1304
MO,0,Suburb,2045.0,13149.0,1,1,2.09,4.0,R2 Doctoral,64352.0,95.7,3,1.0,0.0,99.6,8851.0,30155.0,39006.0,25346.0,0,1.9276,0.6061,23301.0,0.2459
NC,0,City,4193.0,36046.0,0,1,3.81,92.0,R1 Research,84563.0,64.3,1,0.5,0.866,96.7,29420.0,30308.0,59728.0,24835.0,1,0.689,0.7063,20642.0,0.1429
IA,0,City,12003.0,81180.0,0,0,2.88,77.0,R1 Research,83235.0,68.1,8,-0.866,-0.5,50.1,23077.0,18903.0,41980.0,41255.0,0,0.5082,0.5044,29252.0,0.0968
TX,0,Suburb,4848.0,22825.0,1,1,2.07,56.0,Regional Comprehensive,46670.0,89.7,2,0.866,0.5,56.2,12556.0,15361.0,27917.0,18753.0,0,0.8216,0.5982,13905.0,0.1163
NH,0,Suburb,24105.0,110582.0,0,0,2.97,58.0,R1 Research,76699.0,92.3,6,0.0,-1.0,58.7,20459.0,11092.0,31551.0,45148.0,1,0.4083,0.4114,21043.0,0.0493
AL,0,Suburb,18523.0,133988.0,0,0,3.46,72.0,Regional Comprehensive,43151.0,75.7,10,-0.866,0.5,80.4,18801.0,6275.0,25076.0,18075.0,1,0.1349,0.5811,0.0,0.1061
OR,0,City,4678.0,56014.0,0,1,2.42,24.0,Regional Comprehensive,43324.0,88.2,1,0.5,0.866,66.5,9916.0,20489.0,30405.0,12919.0,0,0.2306,0.7018,8241.0,0.1957
NC,0,Town,10253.0,36054.0,0,0,3.42,61.0,R2 Doctoral,43810.0,442.4,5,0.5,-0.866,73.6,13911.0,8621.0,22532.0,21278.0,1,0.5902,0.5143,11025.0,0.11
LA,0,City,-1500.0,11925.0,0,1,2.76,34.0,Liberal Arts College,79095.0,35.4,11,-0.5,0.866,66.3,22991.0,39796.0,62787.0,16308.0,0,1.3675,0.7938,17808.0,0.0496
NY,0,Suburb,17781.0,113108.0,0,0,2.29,47.0,Regional Comprehensive,47120.0,20.2,1,0.5,0.866,83.2,12000.0,5093.0,17093.0,30027.0,1,0.2655,0.3628,12246.0,0.2319
CO,0,City,67925.0,266153.0,0,0,3.12,54.0,Regional Comprehensive,42225.0,449.9,5,0.5,-0.866,74.7,13450.0,0.0,13450.0,28775.0,1,0.1081,0.3185,0.0,0.0899
TX,0,Suburb,49366.0,229319.0,0,0,3.86,99.0,Liberal Arts College,86126.0,103.6,2,0.866,0.5,50.4,44409.0,6856.0,51265.0,34861.0,1,0.152,0.5952,0.0,0.0139
NY,0,Suburb,8251.0,54700.0,0,1,2.97,42.0,Regional Comprehensive,50529.0,84.3,3,1.0,0.0,63.8,15878.0,14035.0,29913.0,20616.0,1,0.3769,0.592,12365.0,0.0272
OH,1,Town,10163.0,28660.0,0,0,2.42,31.0,R1 Research,47893.0,32.6,8,-0.866,-0.5,48.4,9235.0,9656.0,18891.0,29002.0,0,1.0119,0.3944,18839.0,0.0423
NY,0,City,18485.0,115046.0,1,0,2.89,34.0,Regional Comprehensive,55395.0,157.8,10,-0.866,0.5,75.5,19065.0,10189.0,29254.0,26141.0,1,0.2272,0.5281,7656.0,0.0952
IL,0,Suburb,3805.0,57449.0,1,1,2.96,60.0,R2 Doctoral,59267.0,73.1,11,-0.5,0.866,67.1,21162.0,16358.0,37520.0,21747.0,1,0.3785,0.6331,17942.0,0.1585
AL,0,City,20551.0,88810.0,0,0,3.09,56.0,Liberal Arts College,92512.0,215.5,9,-1.0,-0.0,65.7,33742.0,17213.0,50955.0,41557.0,0,0.4679,0.5508,21006.0,0.1184
FL,0,Suburb,15987.0,78275.0,0,0,3.03,56.0,Liberal Arts College,70119.0,46.1,10,-0.866,0.5,61.3,22828.0,13007.0,35835.0,34284.0,0,0.438,0.5111,18297.0,0.0978
WI,0,City,14787.0,67303.0,0,0,3.31,63.0,Regional Comprehensive,51529.0,92.3,1,0.5,0.866,35.5,22824.0,5492.0,28316.0,23213.0,0,0.3449,0.5495,8426.0,0.0169
CA,0,City,29264.0,131996.0,0,0,3.37,76.0,Regional Comprehensive,47979.0,15.0,7,-0.5,-0.866,67.5,21156.0,4566.0,25722.0,22257.0,1,0.1686,0.5361,0.0,0.0862
CO,0,Town,30668.0,135575.0,1,0,2.77,55.0,R2 Doctoral,54240.0,433.9,7,-0.5,-0.866,38.6,14561.0,6548.0,21109.0,33131.0,1,0.2444,0.3892,2463.0,0.0465
MN,0,City,8877.0,43203.0,0,1,2.68,54.0,Regional Comprehensive,40050.0,105.3,1,0.5,0.866,44.7,14513.0,10647.0,25160.0,14890.0,1,0.3447,0.6282,6013.0,0.0833
IL,0,City,6129.0,32382.0,1,1,3.03,44.0,Liberal Arts College,77101.0,256.1,2,0.866,0.5,86.2,23570.0,28100.0,51670.0,25431.0,0,0.7853,0.6702,19302.0,0.122
MD,0,Town,3150.0,10411.0,0,1,3.82,90.0,Regional Comprehensive,48506.0,209.0,2,0.866,0.5,54.9,25318.0,16167.0,41485.0,7021.0,0,0.6744,0.8553,3871.0,0.0537
NV,0,Town,9818.0,49058.0,1,0,2.98,48.0,Regional Comprehensive,45346.0,225.7,6,0.0,-1.0,37.6,16731.0,8646.0,25377.0,19969.0,0,0.407,0.5596,10151.0,0.0727
SC,0,Rural,9397.0,28647.0,0,0,2.79,64.0,Community College,19221.0,125.7,4,0.866,-0.5,48.9,3333.0,2324.0,5657.0,13564.0,1,0.4735,0.2943,4167.0,0.1765
IL,0,Suburb,19025.0,85120.0,0,0,3.31,70.0,Community College,17781.0,190.5,11,-0.5,0.866,67.2,1823.0,0.0,1823.0,15958.0,0,0.1875,0.1025,0.0,0.1852
NC,0,Suburb,3288.0,49423.0,1,1,2.17,27.0,R1 Research,60092.0,46.2,1,0.5,0.866,58.3,9474.0,21536.0,31010.0,29082.0,1,0.5884,0.516,25794.0,0.2903
MN,0,Town,7814.0,53437.0,1,1,2.15,19.0,R2 Doctoral,57065.0,37.0,5,0.5,-0.866,83.2,11424.0,24526.0,35950.0,21115.0,1,0.3951,0.63,13301.0,0.0547
NY,0,City,21610.0,112940.0,0,0,3.14,50.0,Community College,16675.0,113.9,1,0.5,0.866,79.2,711.0,0.0,711.0,15964.0,0,0.1413,0.0426,0.0,0.1724
SC,0,Town,14306.0,83786.0,0,0,3.12,61.0,Liberal Arts College,86511.0,62.1,10,-0.866,0.5,72.8,29076.0,19249.0,48325.0,38186.0,1,0.4558,0.5586,23880.0,0.0709
NY,0,City,8385.0,57872.0,0,1,2.56,54.0,R2 Doctoral,61041.0,566.0,3,1.0,0.0,72.7,16688.0,20481.0,37169.0,23872.0,1,0.4125,0.6089,15487.0,0.0678
SC,0,Rural,49692.0,211976.0,0,0,3.34,58.0,Regional Comprehensive,52513.0,187.9,2,0.866,0.5,39.0,20565.0,621.0,21186.0,31327.0,1,0.1478,0.4034,0.0,0.0649
CA,0,Suburb,26400.0,107095.0,0,0,3.05,74.0,R2 Doctoral,53736.0,59.7,2,0.866,0.5,57.2,19308.0,6107.0,25415.0,28321.0,0,0.2644,0.473,1921.0,0.0631
CA,0,Suburb,796.0,46657.0,0,1,3.01,63.0,Regional Comprehensive,44809.0,95.3,1,0.5,0.866,70.7,20929.0,21837.0,42569.0,2240.0,1,0.048,0.95,1444.0,0.0698
VT,0,Suburb,8773.0,48180.0,1,1,3.27,39.0,R1 Research,58753.0,145.7,2,0.866,0.5,51.5,12303.0,15500.0,27803.0,30950.0,1,0.6424,0.4732,22177.0,0.1321
OK,0,City,17576.0,111039.0,0,0,3.04,45.0,R2 Doctoral,52670.0,118.0,3,1.0,0.0,70.2,15094.0,5861.0,20955.0,31715.0,0,0.2856,0.3979,14139.0,0.1892
CT,0,Suburb,14819.0,72842.0,0,0,3.05,87.0,R1 Research,71948.0,168.5,1,0.5,0.866,82.0,20857.0,12175.0,33032.0,38916.0,1,0.5343,0.4591,24097.0,0.0787
NE,0,Town,5925.0,28079.0,1,1,1.87,10.0,Community College,19195.0,136.2,4,0.866,-0.5,43.8,1276.0,6059.0,7335.0,11860.0,0,0.4224,0.3821,5935.0,0.0625
OH,1,Suburb,27615.0,119874.0,0,0,3.15,49.0,R1 Research,54578.0,8.5,1,0.5,0.866,30.3,13956.0,4398.0,18354.0,36224.0,1,0.3022,0.3363,8609.0,0.0588
NY,0,Suburb,33492.0,155625.0,0,0,3.41,59.0,Regional Comprehensive,42182.0,15.0,4,0.866,-0.5,61.8,18400.0,1543.0,19943.0,22239.0,1,0.1429,0.4728,0.0,0.0826
TX,0,City,50071.0,147355.0,0,0,2.94,51.0,R1 Research,74192.0,85.6,1,0.5,0.866,100.0,17829.0,4527.0,22356.0,51836.0,1,0.3518,0.3013,1765.0,0.1579
NC,0,Suburb,31831.0,191143.0,0,0,2.88,62.0,R1 Research,69311.0,228.2,2,0.866,0.5,61.0,17744.0,9445.0,27189.0,42122.0,0,0.2204,0.3923,10291.0,0.031
FL,0,Suburb,45590.0,279239.0,0,0,3.2,58.0,R1 Research,83796.0,86.6,9,-1.0,-0.0,32.7,18252.0,7399.0,25651.0,58145.0,1,0.2082,0.3061,12555.0,0.0319
MS,0,City,40084.0,218725.0,0,0,3.46,62.0,R1 Research,74272.0,464.2,12,-0.0,1.0,62.9,21976.0,9252.0,31228.0,43044.0,1,0.1968,0.4205,2960.0,0.0504
CA,0,Rural,16162.0,80441.0,0,0,3.69,52.0,Regional Comprehensive,42598.0,120.6,2,0.866,0.5,67.8,19456.0,4914.0,24370.0,18228.0,1,0.2266,0.5721,2066.0,0.0648
TX,0,Suburb,24351.0,54173.0,0,0,3.49,62.0,Regional Comprehensive,49876.0,526.8,3,1.0,0.0,71.4,19900.0,4073.0,23973.0,25903.0,0,0.4782,0.4807,1552.0,0.114
FL,0,Suburb,-1323.0,16860.0,0,1,3.24,55.0,R2 Doctoral,49963.0,424.7,3,1.0,0.0,100.0,15115.0,15525.0,30640.0,19323.0,0,1.1461,0.6133,20646.0,0.1579
TX,0,Rural,15596.0,63438.0,0,0,2.24,30.0,Community College,18022.0,382.1,2,0.866,0.5,40.1,0.0,578.0,578.0,17444.0,0,0.275,0.0321,1848.0,0.0854
FL,0,Suburb,19420.0,91471.0,0,0,3.06,63.0,Regional Comprehensive,40283.0,35.8,2,0.866,0.5,75.5,16809.0,4939.0,21748.0,18535.0,1,0.2026,0.5399,0.0,0.12
MA,0,Rural,14307.0,64949.0,1,0,2.31,47.0,Community College,18365.0,129.0,6,0.0,-1.0,62.0,0.0,979.0,979.0,17386.0,1,0.2677,0.0533,3079.0,0.1515
NY,0,Suburb,-1500.0,16163.0,0,1,3.57,61.0,Regional Comprehensive,51179.0,457.5,2,0.866,0.5,69.5,21639.0,20138.0,41777.0,9402.0,0,0.5817,0.8163,10902.0,0.2105
WA,0,Suburb,11484.0,51207.0,0,0,2.23,27.0,R2 Doctoral,57125.0,168.6,3,1.0,0.0,48.9,9252.0,8737.0,17989.0,39136.0,0,0.7643,0.3149,27652.0,0.0581
UT,0,City,20498.0,100172.0,1,0,2.5,38.0,R1 Research,56448.0,226.8,3,1.0,0.0,39.9,11355.0,5065.0,16420.0,40028.0,1,0.3996,0.2909,19530.0,0.0517
WA,0,City,2785.0,30072.0,1,1,2.29,15.0,R1 Research,68550.0,29.5,8,-0.866,-0.5,90.3,8712.0,24811.0,33523.0,35027.0,1,1.1648,0.489,32242.0,0.0851
IN,0,Suburb,11179.0,70919.0,1,0,3.41,82.0,Liberal Arts College,79667.0,950.1,9,-1.0,-0.0,92.0,35390.0,10295.0,45685.0,33982.0,0,0.4792,0.5734,22803.0,0.101
PA,0,City,15162.0,85886.0,0,0,1.67,27.0,Liberal Arts College,79906.0,55.2,1,0.5,0.866,97.9,13057.0,14397.0,27454.0,52452.0,1,0.6107,0.3436,37290.0,0.2564
TX,0,City,30569.0,140778.0,0,0,3.09,59.0,R1 Research,70430.0,15.6,4,0.866,-0.5,46.9,17032.0,6009.0,23041.0,47389.0,1,0.3366,0.3271,16820.0,0.0702
NY,0,Suburb,33029.0,216009.0,0,0,3.68,75.0,Community College,20923.0,87.6,1,0.5,0.866,60.2,2069.0,0.0,2069.0,18854.0,0,0.0873,0.0989,0.0,0.0556
ID,0,Town,9353.0,47952.0,1,0,2.95,73.0,Community College,20464.0,15.0,1,0.5,0.866,88.8,1239.0,2371.0,3610.0,16854.0,1,0.3515,0.1764,7501.0,0.1111
AZ,0,City,29377.0,71848.0,1,0,2.54,43.0,R2 Doctoral,55090.0,40.5,2,0.866,0.5,63.2,12845.0,6569.0,19414.0,35676.0,0,0.4965,0.3524,6299.0,0.0424
NY,0,Town,22339.0,73486.0,1,0,3.7,66.0,R2 Doctoral,57424.0,1859.9,1,0.5,0.866,54.6,20034.0,7763.0,27797.0,29627.0,0,0.4032,0.4841,7288.0,0.0374
GA,0,Rural,23049.0,100464.0,0,0,2.45,32.0,Community College,18649.0,85.0,11,-0.5,0.866,61.4,2162.0,0.0,2162.0,16487.0,1,0.1641,0.1159,0.0,0.0741
LA,0,Town,16102.0,92682.0,0,0,3.12,55.0,Community College,19140.0,28.3,7,-0.5,-0.866,35.3,2587.0,748.0,3335.0,15805.0,0,0.1705,0.1742,0.0,0.0152
TN,0,Town,44293.0,175607.0,0,0,2.99,44.0,Regional Comprehensive,45858.0,130.1,6,0.0,-1.0,25.6,14756.0,242.0,14998.0,30860.0,1,0.1757,0.3271,0.0,0.0755
NJ,0,Town,-277.0,11748.0,0,1,2.87,40.0,Community College,21540.0,49.4,1,0.5,0.866,100.0,3148.0,6831.0,9979.0,11561.0,1,0.9841,0.4633,11838.0,0.2667
CT,0,City,26054.0,85048.0,0,0,3.17,53.0,Community College,20181.0,314.1,10,-0.866,0.5,49.3,4454.0,0.0,4454.0,15727.0,1,0.1849,0.2207,0.0,0.0526
TN,0,Suburb,23529.0,89405.0,0,0,3.16,72.0,Community College,19008.0,49.8,2,0.866,0.5,76.7,1343.0,0.0,1343.0,17665.0,0,0.1976,0.0707,0.0,0.1471
MA,0,Rural,5438.0,53137.0,1,1,2.7,40.0,Liberal Arts College,72954.0,168.4,2,0.866,0.5,61.0,20858.0,35856.0,56714.0,16240.0,0,0.3056,0.7774,10802.0,0.062
TX,0,Suburb,2258.0,12332.0,0,1,2.51,37.0,Regional Comprehensive,47984.0,38.0,11,-0.5,0.866,58.1,13953.0,13952.0,27905.0,20079.0,0,1.6282,0.5815,17821.0,0.1818
CA,0,Town,5673.0,60239.0,1,1,3.13,73.0,Regional Comprehensive,46429.0,1940.8,5,0.5,-0.866,64.2,18883.0,18292.0,37175.0,9254.0,1,0.1536,0.8007,3581.0,0.0879
ID,0,Rural,3342.0,37737.0,0,1,3.19,58.0,Liberal Arts College,76040.0,215.0,6,0.0,-1.0,31.4,25611.0,36182.0,61793.0,14247.0,1,0.3775,0.8126,10905.0,0.0385
WA,0,City,41239.0,210687.0,0,0,3.17,46.0,R2 Doctoral,54173.0,108.8,12,-0.0,1.0,42.1,20038.0,3139.0,23177.0,30996.0,1,0.1471,0.4278,0.0,0.0194
OH,1,Suburb,13825.0,82472.0,0,0,2.92,64.0,Liberal Arts College,63656.0,27.0,3,1.0,0.0,74.0,23446.0,12433.0,35879.0,27777.0,0,0.3368,0.5636,13952.0,0.2292
VA,0,Suburb,4894.0,35499.0,0,1,3.73,78.0,Regional Comprehensive,41997.0,70.9,2,0.866,0.5,67.9,20411.0,13904.0,34315.0,7682.0,1,0.2164,0.8171,2788.0,0.0473
CA,0,City,-1500.0,14358.0,1,1,3.49,97.0,Regional Comprehensive,38510.0,57.0,2,0.866,0.5,65.6,20581.0,21171.0,36584.0,1926.0,1,0.1341,0.95,3426.0,0.2174
AL,0,Suburb,13073.0,96302.0,0,0,2.61,53.0,Community College,22934.0,55.4,1,0.5,0.866,26.1,5922.0,2119.0,8041.0,14893.0,1,0.1546,0.3506,1820.0,0.0455
FL,0,Town,18828.0,103904.0,0,0,2.52,44.0,Community College,23005.0,738.1,10,-0.866,0.5,64.0,1734.0,702.0,2436.0,20569.0,0,0.198,0.1059,1741.0,0.0952
SC,0,Suburb,7646.0,53887.0,0,1,3.07,61.0,R2 Doctoral,56905.0,70.9,2,0.866,0.5,53.7,18949.0,25828.0,44777.0,12128.0,1,0.2251,0.7869,4482.0,0.1071
MI,0,City,11906.0,97212.0,0,0,3.18,76.0,Liberal Arts College,82396.0,15.0,1,0.5,0.866,51.7,33817.0,18097.0,51914.0,30482.0,0,0.3136,0.6301,18576.0,0.0833
NY,0,Town,9316.0,48984.0,0,0,3.08,61.0,Regional Comprehensive,44038.0,37.2,9,-1.0,-0.0,40.6,18900.0,7868.0,26768.0,17270.0,0,0.3526,0.6078,7954.0,0.125
CA,0,City,35368.0,135726.0,0,0,3.52,47.0,R2 Doctoral,59140.0,335.6,12,-0.0,1.0,54.4,19619.0,4717.0,24336.0,34804.0,1,0.2564,0.4115,0.0,0.0288
AL,0,Rural,20236.0,128635.0,0,0,2.74,44.0,Regional Comprehensive,45562.0,97.2,8,-0.866,-0.5,54.5,12177.0,6489.0,18666.0,26896.0,1,0.2091,0.4097,6660.0,0.038
TX,0,City,932.0,19341.0,1,1,3.64,87.0,Regional Comprehensive,45950.0,110.1,2,0.866,0.5,58.7,20507.0,22053.0,42560.0,3390.0,0,0.1753,0.9262,2458.0,0.2632
CA,0,Rural,2918.0,23051.0,0,1,3.9,76.0,Community College,16590.0,432.7,1,0.5,0.866,87.1,3972.0,5732.0,9704.0,6886.0,1,0.2987,0.5849,3968.0,0.2381
WI,0,Suburb,56536.0,271719.0,0,0,1.98,50.0,Regional Comprehensive,53116.0,56.0,9,-1.0,-0.0,56.3,15345.0,0.0,15345.0,37771.0,0,0.139,0.2889,0.0,0.0403
PA,0,Suburb,38453.0,123153.0,0,0,2.84,47.0,Community College,16280.0,246.1,6,0.0,-1.0,32.0,1115.0,0.0,1115.0,15165.0,1,0.1231,0.0685,0.0,0.0594
IL,0,Suburb,5825.0,25364.0,1,1,2.78,54.0,R2 Doctoral,61175.0,62.8,1,0.5,0.866,55.4,17049.0,27866.0,44915.0,16260.0,1,0.6411,0.7342,10435.0,0.0444
FL,0,City,2271.0,20319.0,1,1,3.12,75.0,Regional Comprehensive,41502.0,232.0,12,-0.0,1.0,60.8,20599.0,12751.0,33350.0,8152.0,1,0.4012,0.8036,5881.0,0.1692
OR,0,Suburb,13581.0,73101.0,1,0,2.54,45.0,Regional Comprehensive,36244.0,84.0,5,0.5,-0.866,75.3,11533.0,3613.0,15146.0,21098.0,1,0.2886,0.4179,7517.0,0.1798
NY,0,Town,-476.0,27654.0,0,1,3.14,59.0,Regional Comprehensive,49359.0,98.3,5,0.5,-0.866,41.3,20013.0,24169.0,44182.0,5177.0,1,0.1872,0.8951,5653.0,0.087
FL,0,Town,10190.0,50110.0,1,0,3.08,63.0,R1 Research,73734.0,299.8,3,1.0,0.0,47.2,20770.0,16559.0,37329.0,36405.0,1,0.7265,0.5063,26215.0,0.0354
NY,0,City,15774.0,60837.0,0,0,1.98,14.0,Regional Comprehensive,38990.0,277.9,2,0.866,0.5,70.7,7632.0,4243.0,11875.0,27115.0,1,0.4457,0.3046,11341.0,0.1867
TX,0,Suburb,12154.0,58976.0,0,0,3.34,67.0,R2 Doctoral,60159.0,106.5,5,0.5,-0.866,60.6,21153.0,10700.0,31853.0,28306.0,1,0.48,0.5295,16152.0,0.1111
NY,0,Rural,32691.0,141649.0,0,0,3.19,47.0,Community College,18177.0,77.2,3,1.0,0.0,67.7,1638.0,0.0,1638.0,16539.0,0,0.1168,0.0901,0.0,0.0891
CA,0,Town,41158.0,235867.0,0,0,3.12,56.0,Community College,23633.0,679.2,1,0.5,0.866,50.5,3633.0,0.0,3633.0,20000.0,1,0.0848,0.1537,0.0,0.0345
TX,0,Suburb,13077.0,44586.0,1,0,2.76,30.0,Regional Comprehensive,38811.0,235.3,1,0.5,0.866,81.8,12251.0,6517.0,18768.0,20043.0,1,0.4495,0.4836,6966.0,0.0698
OH,1,City,1601.0,27887.0,0,1,3.48,73.0,Liberal Arts College,57014.0,24.3,10,-0.866,0.5,68.6,25559.0,17798.0,43357.0,13657.0,1,0.4897,0.7605,12056.0,0.0305
CT,0,Rural,18411.0,83280.0,0,0,3.03,51.0,Regional Comprehensive,48847.0,63.8,11,-0.5,0.866,65.1,16336.0,7450.0,23786.0,25061.0,0,0.3009,0.4869,6650.0,0.1364
CA,0,Suburb,48162.0,203753.0,0,0,2.62,47.0,Regional Comprehensive,43233.0,371.7,1,0.5,0.866,54.5,14073.0,0.0,14073.0,29160.0,1,0.1431,0.3255,0.0,0.1562
FL,0,Suburb,8358.0,47084.0,0,1,2.64,22.0,Liberal Arts College,69173.0,143.0,2,0.866,0.5,53.3,14748.0,25434.0,40182.0,28991.0,1,0.6157,0.5809,20633.0,0.0543
IA,0,Town,28017.0,116106.0,0,0,3.29,54.0,Community College,19654.0,106.7,7,-0.5,-0.866,54.1,2068.0,0.0,2068.0,17586.0,0,0.1515,0.1052,0.0,0.1028
UT,0,City,12231.0,34450.0,0,0,2.47,23.0,Regional Comprehensive,50100.0,143.0,6,0.0,-1.0,26.5,11640.0,9867.0,21507.0,28593.0,0,0.83,0.4293,16362.0,0.05
TN,0,Town,11904.0,63915.0,0,0,3.21,63.0,R1 Research,71841.0,180.6,3,1.0,0.0,53.6,19409.0,11996.0,31405.0,40436.0,1,0.6327,0.4371,28532.0,0.0732
FL,0,City,5300.0,27266.0,1,1,2.41,29.0,Community College,18551.0,119.4,2,0.866,0.5,81.4,2782.0,6698.0,9480.0,9071.0,0,0.3327,0.511,3771.0,0.1935
OH,1,Town,8927.0,63437.0,0,0,2.89,65.0,Liberal Arts College,55753.0,129.8,12,-0.0,1.0,37.6,18822.0,8276.0,27098.0,28655.0,1,0.4517,0.486,19728.0,0.0455
FL,0,Rural,11977.0,57881.0,1,0,2.87,51.0,R2 Doctoral,53495.0,475.4,1,0.5,0.866,99.1,18750.0,6641.0,25391.0,28104.0,1,0.4855,0.4746,16127.0,0.2857
TX,0,Rural,19079.0,97523.0,1,0,2.81,48.0,R1 Research,62265.0,221.5,10,-0.866,0.5,35.6,15764.0,8352.0,24116.0,38149.0,1,0.3912,0.3873,19070.0,0.0577
IL,0,Rural,61862.0,226433.0,0,0,3.06,44.0,Liberal Arts College,89557.0,536.6,3,1.0,0.0,43.5,25805.0,5791.0,31596.0,57961.0,0,0.256,0.3528,0.0,0.0469
VA,0,Rural,1581.0,47572.0,0,1,1.66,,Regional Comprehensive,48335.0,127.8,1,0.5,0.866,49.9,6285.0,19979.0,26264.0,22071.0,0,0.4639,0.5434,20490.0,0.1556
PA,0,City,9195.0,14916.0,1,0,2.65,24.0,R2 Doctoral,48467.0,261.6,9,-1.0,-0.0,69.4,8857.0,6495.0,15352.0,33115.0,0,2.2201,0.3168,23920.0,0.0652
WA,0,Rural,12656.0,54420.0,0,0,2.72,51.0,Regional Comprehensive,42575.0,363.8,12,-0.0,1.0,46.1,14856.0,6176.0,21032.0,21543.0,1,0.3959,0.494,8887.0,0.0391
NY,0,Rural,6362.0,78082.0,0,1,2.17,34.0,R1 Research,79019.0,369.4,10,-0.866,0.5,32.1,11064.0,23700.0,34764.0,44255.0,0,0.5668,0.4399,37893.0,0.0139
PA,0,Suburb,25758.0,72792.0,0,0,3.28,46.0,Regional Comprehensive,48077.0,331.5,5,0.5,-0.866,68.3,19173.0,4271.0,23444.0,24633.0,0,0.3384,0.4876,0.0,0.2812
MN,0,Suburb,4642.0,56199.0,1,1,3.3,67.0,R2 Doctoral,55593.0,245.8,8,-0.866,-0.5,64.7,21859.0,22269.0,44128.0,11465.0,1,0.204,0.7938,6823.0,0.0517
CT,0,City,41447.0,183718.0,0,0,3.7,80.0,Community College,18450.0,989.1,2,0.866,0.5,47.6,1954.0,0.0,1954.0,16496.0,0,0.0898,0.1059,0.0,0.1143
NY,0,Suburb,5972.0,69430.0,0,1,3.69,97.0,R2 Doctoral,56154.0,71.9,2,0.866,0.5,92.5,25889.0,13910.0,39799.0,16355.0,0,0.2356,0.7087,10383.0,0.0818
VA,0,Town,9117.0,58369.0,1,0,2.64,28.0,R2 Doctoral,53497.0,107.6,10,-0.866,0.5,71.4,10254.0,10427.0,20681.0,32816.0,0,0.5622,0.3866,23699.0,0.0855
NY,0,Suburb,5154.0,35956.0,1,1,2.16,13.0,Liberal Arts College,88051.0,101.2,5,0.5,-0.866,73.0,14678.0,34263.0,48941.0,39110.0,0,1.0877,0.5558,33956.0,0.0989
CA,0,Suburb,5152.0,17897.0,1,1,3.58,80.0,R1 Research,78573.0,86.1,3,1.0,0.0,53.8,24973.0,22922.0,47895.0,30678.0,0,1.7141,0.6096,25526.0,0.1887
MD,0,Suburb,25115.0,79782.0,0,0,3.04,50.0,Liberal Arts College,80170.0,15.7,5,0.5,-0.866,40.2,24172.0,8354.0,32526.0,47644.0,0,0.5972,0.4057,22529.0,0.0725
TX,0,City,15397.0,75109.0,0,0,3.55,70.0,R1 Research,62442.0,536.7,3,1.0,0.0,86.5,21182.0,9130.0,30312.0,32130.0,0,0.4278,0.4854,16733.0,0.1127
OH,1,Rural,-1500.0,29357.0,0,1,2.7,38.0,R1 Research,52739.0,12.5,11,-0.5,0.866,37.3,10659.0,28928.0,39587.0,13152.0,1,0.448,0.7506,14652.0,0.1026
NC,0,City,14341.0,60965.0,0,0,3.68,88.0,Regional Comprehensive,42310.0,151.4,2,0.866,0.5,70.9,23381.0,5351.0,28732.0,13578.0,1,0.2227,0.6791,0.0,0.1014
TX,0,City,8344.0,56751.0,0,1,2.98,69.0,Community College,18159.0,28.5,1,0.5,0.866,79.1,1883.0,5339.0,7222.0,10937.0,1,0.1927,0.3977,2593.0,0.1638
CA,0,City,16403.0,40149.0,0,0,2.99,54.0,R1 Research,73854.0,243.1,1,0.5,0.866,37.1,16826.0,13860.0,30686.0,43168.0,0,1.0752,0.4155,26765.0,0.0292
PA,0,Rural,5869.0,35554.0,0,1,3.38,66.0,R2 Doctoral,65634.0,55.5,11,-0.5,0.866,49.6,23957.0,32447.0,56404.0,9230.0,0,0.2596,0.8594,3361.0,0.0943
NE,0,Rural,10648.0,84260.0,0,0,2.26,36.0,Liberal Arts College,79027.0,38.4,2,0.866,0.5,44.0,20481.0,17778.0,38259.0,40768.0,1,0.4838,0.4841,30120.0,0.0526
WA,0,City,4715.0,53499.0,0,1,2.75,48.0,Community College,15623.0,155.4,12,-0.0,1.0,59.1,485.0,5443.0,5928.0,9695.0,1,0.1812,0.3794,4980.0,0.0698
IL,0,City,9391.0,41130.0,0,0,2.41,35.0,Regional Comprehensive,48182.0,60.7,1,0.5,0.866,47.6,13311.0,6386.0,19697.0,28485.0,0,0.6926,0.4088,19094.0,0.2121
CA,0,Suburb,2333.0,33847.0,0,1,1.85,26.0,Regional Comprehensive,39052.0,69.3,1,0.5,0.866,46.4,7082.0,13260.0,20342.0,18710.0,1,0.5528,0.5209,16377.0,0.0753
WA,0,City,17410.0,57320.0,0,0,3.01,42.0,R2 Doctoral,58882.0,151.7,10,-0.866,0.5,30.5,13364.0,9753.0,23117.0,35765.0,1,0.624,0.3926,18355.0,0.0338
CA,0,Town,24834.0,122471.0,1,0,3.49,70.0,Regional Comprehensive,43150.0,293.5,3,1.0,0.0,63.2,18682.0,3412.0,22094.0,21056.0,0,0.1719,0.512,0.0,0.2
NJ,0,City,24898.0,73041.0,0,0,3.76,71.0,R1 Research,77389.0,53.7,7,-0.5,-0.866,26.6,24308.0,11630.0,35938.0,41451.0,0,0.5675,0.4644,16553.0,0.0643
WI,0,Suburb,5958.0,53065.0,1,1,3.07,51.0,R1 Research,76966.0,44.8,5,0.5,-0.866,89.5,18503.0,21386.0,39889.0,37077.0,1,0.6987,0.5183,31119.0,0.1447
OH,1,Suburb,5197.0,78599.0,0,1,2.43,17.0,Liberal Arts College,64950.0,37.6,6,0.0,-1.0,54.1,12750.0,24498.0,37248.0,27702.0,0,0.3524,0.5735,22505.0,0.0676
NY,0,Suburb,40690.0,168107.0,0,0,3.77,79.0,Regional Comprehensive,40414.0,223.2,4,0.866,-0.5,74.4,19990.0,0.0,19990.0,20424.0,0,0.1215,0.4946,0.0,0.175
CA,0,Suburb,23764.0,89599.0,0,0,3.03,61.0,Liberal Arts College,71010.0,588.6,7,-0.5,-0.866,55.4,24473.0,11708.0,36181.0,34829.0,0,0.3887,0.5095,11065.0,0.0392
CA,0,City,11713.0,75913.0,0,0,1.5,,Regional Comprehensive,47404.0,41.1,4,0.866,-0.5,65.1,5878.0,6925.0,12803.0,34601.0,1,0.4558,0.2701,22888.0,0.1
OH,1,City,15152.0,99682.0,1,0,2.33,25.0,R1 Research,59821.0,26.3,3,1.0,0.0,41.1,8735.0,10794.0,19529.0,40292.0,1,0.4042,0.3265,25140.0,0.0632
CT,0,City,5152.0,56175.0,0,1,3.64,78.0,Regional Comprehensive,53295.0,435.5,7,-0.5,-0.866,66.5,26743.0,20647.0,47390.0,5905.0,1,0.1051,0.8892,753.0,0.1644
FL,0,City,17128.0,71864.0,1,0,3.13,56.0,Regional Comprehensive,45723.0,1005.9,1,0.5,0.866,44.7,15324.0,5372.0,20696.0,25027.0,0,0.3483,0.4526,7899.0,0.0476
VA,0,Rural,10029.0,44265.0,1,0,2.55,16.0,R1 Research,79188.0,44.7,2,0.866,0.5,89.8,12037.0,10299.0,22336.0,56852.0,0,1.2844,0.2821,46823.0,0.2381
IN,0,City,-821.0,20611.0,0,1,2.6,52.0,Community College,18050.0,58.3,1,0.5,0.866,52.9,2466.0,5463.0,7929.0,10121.0,0,0.491,0.4393,10942.0,0.0704
CA,0,Suburb,17082.0,80567.0,1,0,1.87,24.0,Liberal Arts College,68638.0,189.0,10,-0.866,0.5,70.5,14628.0,8331.0,22959.0,45679.0,0,0.567,0.3345,28597.0,0.1148
TX,0,City,20320.0,80790.0,0,0,3.22,78.0,Community College,21912.0,69.1,5,0.5,-0.866,36.4,2071.0,400.0,2471.0,19441.0,0,0.2406,0.1128,0.0,0.0449
NY,0,Town,8341.0,51167.0,1,1,2.86,42.0,Regional Comprehensive,41840.0,57.1,1,0.5,0.866,79.5,15218.0,10223.0,25441.0,16399.0,0,0.3205,0.6081,8058.0,0.0667
TN,0,Rural,34026.0,132693.0,0,0,3.82,88.0,Community College,15466.0,163.8,10,-0.866,0.5,23.7,2992.0,0.0,2992.0,12474.0,0,0.094,0.1935,0.0,0.0685
OH,1,Town,2345.0,37438.0,0,1,3.4,61.0,R2 Doctoral,34042.0,186.6,2,0.866,0.5,32.3,14518.0,9569.0,24087.0,9955.0,1,0.2659,0.7076,7610.0,0.1622
MD,0,Suburb,4090.0,17582.0,0,1,2.35,16.0,Community College,19925.0,32.0,1,0.5,0.866,80.8,0.0,7420.0,7420.0,12505.0,1,0.7112,0.3724,8415.0,0.1047
OK,0,Town,8369.0,38104.0,1,1,2.77,32.0,Community College,17332.0,611.0,1,0.5,0.866,83.0,1767.0,2655.0,4422.0,12910.0,1,0.3388,0.2551,4541.0,0.1905
WI,0,Suburb,-117.0,20755.0,0,1,2.85,52.0,R1 Research,58409.0,69.3,4,0.866,-0.5,51.2,13483.0,26122.0,39605.0,18804.0,0,0.906,0.6781,18921.0,0.0677
ND,0,Rural,24371.0,80289.0,0,0,3.65,91.0,Regional Comprehensive,53659.0,182.2,1,0.5,0.866,55.5,27844.0,6844.0,34688.0,18971.0,1,0.2363,0.6465,0.0,0.038
WI,0,Town,6267.0,36626.0,1,1,2.86,66.0,R1 Research,52347.0,673.3,5,0.5,-0.866,60.0,14891.0,14921.0,29812.0,22535.0,1,0.6153,0.5695,16268.0,0.1389
OR,0,City,20448.0,127896.0,0,0,2.69,43.0,Regional Comprehensive,43154.0,178.3,10,-0.866,0.5,59.1,15467.0,3881.0,19348.0,23806.0,0,0.1861,0.4483,3358.0,0.0698
LA,0,Suburb,23691.0,125987.0,1,0,3.28,57.0,Community College,23055.0,92.7,3,1.0,0.0,82.1,3121.0,0.0,3121.0,19934.0,1,0.1582,0.1354,0.0,0.1818
MD,0,City,5238.0,32339.0,0,1,3.7,80.0,R2 Doctoral,56356.0,269.3,10,-0.866,0.5,47.9,21055.0,15713.0,36768.0,19588.0,1,0.6057,0.6524,14350.0,0.1019
SC,0,City,3516.0,35178.0,1,1,2.86,62.0,Regional Comprehensive,56081.0,105.6,2,0.866,0.5,37.1,20645.0,26161.0,46806.0,9275.0,0,0.2637,0.8346,5759.0,0.0455
MS,0,Town,19607.0,92485.0,0,0,3.31,88.0,R1 Research,79046.0,219.0,6,0.0,-1.0,56.1,30163.0,14189.0,44352.0,34694.0,0,0.3751,0.5611,15087.0,0.086
GA,0,City,29595.0,127451.0,1,0,2.42,48.0,Regional Comprehensive,39695.0,102.2,11,-0.5,0.866,43.8,10747.0,1713.0,12460.0,27235.0,1,0.2137,0.3139,0.0,0.0614
AZ,0,Town,-1011.0,14778.0,1,1,2.76,60.0,R1 Research,78751.0,313.0,4,0.866,-0.5,86.8,19394.0,41134.0,60528.0,18223.0,0,1.2331,0.7686,19234.0,0.1348
MI,0,Rural,17119.0,77096.0,0,0,3.54,93.0,Community College,17584.0,29.3,9,-1.0,-0.0,48.1,3715.0,70.0,3785.0,13799.0,0,0.179,0.2153,0.0,0.1045
KY,0,Suburb,-1500.0,12936.0,1,1,2.64,42.0,Regional Comprehensive,43857.0,43.7,5,0.5,-0.866,84.0,14896.0,19382.0,34278.0,9579.0,0,0.7405,0.7816,11079.0,0.1667
OH,1,Suburb,5037.0,42407.0,1,1,1.5,2.0,R2 Doctoral,35973.0,8.4,1,0.5,0.866,65.4,2435.0,9849.0,12284.0,23689.0,0,0.5586,0.3415,18652.0,0.1209
AL,0,Suburb,21554.0,138335.0,0,0,2.87,64.0,Community College,17366.0,119.4,11,-0.5,0.866,41.4,4081.0,0.0,4081.0,13285.0,1,0.096,0.235,0.0,0.0278
SC,0,Town,107878.0,549649.0,1,0,2.73,51.0,Regional Comprehensive,48262.0,25.4,2,0.866,0.5,86.4,18145.0,0.0,18145.0,30117.0,1,0.0548,0.376,0.0,0.1304
WV,0,City,13525.0,53000.0,1,0,3.52,86.0,Regional Comprehensive,40919.0,61.3,9,-1.0,-0.0,44.9,20783.0,3839.0,24622.0,16297.0,1,0.3075,0.6017,2772.0,0.035
FL,0,City,3779.0,25644.0,0,1,3.05,49.0,Liberal Arts College,57650.0,39.6,1,0.5,0.866,62.1,17518.0,26590.0,44108.0,13542.0,1,0.5281,0.7651,9763.0,0.2647
MO,0,Suburb,11477.0,43490.0,1,0,2.59,58.0,Community College,20025.0,599.2,4,0.866,-0.5,57.1,1153.0,1416.0,2569.0,17456.0,0,0.4014,0.1283,5979.0,0.0938
WI,0,Rural,16150.0,66011.0,1,0,2.29,22.0,Community College,18387.0,44.8,5,0.5,-0.866,47.9,156.0,347.0,503.0,17884.0,1,0.2709,0.0274,1734.0,0.0426
KS,0,City,7574.0,38849.0,0,1,2.12,36.0,Regional Comprehensive,49139.0,32.8,6,0.0,-1.0,63.2,11969.0,20270.0,32239.0,16900.0,1,0.435,0.6561,9326.0,0.2222
IA,0,Suburb,12036.0,32342.0,0,0,3.54,74.0,Regional Comprehensive,41549.0,164.5,7,-0.5,-0.866,45.9,21178.0,4817.0,25995.0,15554.0,1,0.4809,0.6256,3518.0,0.1053
VA,0,Rural,9493.0,46289.0,0,0,3.4,63.0,Regional Comprehensive,49599.0,744.7,1,0.5,0.866,47.1,21216.0,11085.0,32301.0,17298.0,1,0.3737,0.6512,7805.0,0.0451
VA,0,City,16748.0,83685.0,1,0,3.51,48.0,Regional Comprehensive,48216.0,112.2,2,0.866,0.5,61.9,19480.0,8389.0,27869.0,20347.0,1,0.2431,0.578,3599.0,0.1262
TX,0,City,11585.0,55716.0,1,0,3.81,83.0,R2 Doctoral,59096.0,121.7,6,0.0,-1.0,50.6,25596.0,7237.0,32833.0,26263.0,1,0.4714,0.5556,14678.0,0.0625
NH,0,Suburb,6469.0,33364.0,1,1,3.29,50.0,R1 Research,59851.0,491.3,3,1.0,0.0,56.9,17153.0,22759.0,39912.0,19939.0,0,0.5976,0.6669,13470.0,0.1296
FL,0,City,7685.0,38854.0,0,1,3.51,62.0,Regional Comprehensive,44732.0,318.6,3,1.0,0.0,57.6,16622.0,16309.0,32931.0,11801.0,1,0.3037,0.7362,4116.0,0.0729
MD,0,City,12618.0,46724.0,0,0,3.17,68.0,Community College,21257.0,198.1,1,0.5,0.866,72.6,0.0,1310.0,1310.0,19947.0,1,0.4269,0.0616,7329.0,0.2727
SC,0,Suburb,3684.0,30651.0,0,1,3.37,49.0,R2 Doctoral,52679.0,68.7,5,0.5,-0.866,50.0,16845.0,25939.0,42784.0,9895.0,1,0.3228,0.8122,6211.0,0.0706
OH,1,Suburb,9760.0,37830.0,1,0,3.52,91.0,Regional Comprehensive,21559.0,59.2,2,0.866,0.5,41.7,10814.0,2168.0,12982.0,8577.0,0,0.2267,0.6022,0.0,0.0382
FL,0,Suburb,31321.0,100049.0,1,0,2.25,59.0,R2 Doctoral,51938.0,30.4,1,0.5,0.866,75.1,14334.0,3090.0,17424.0,34514.0,0,0.345,0.3355,3193.0,0.4103
TX,0,Suburb,12971.0,53325.0,1,0,2.66,36.0,Regional Comprehensive,40733.0,65.8,4,0.866,-0.5,52.3,10687.0,7615.0,18302.0,22431.0,1,0.4206,0.4493,9460.0,0.1333
OR,0,Suburb,3899.0,17810.0,0,1,1.87,28.0,Community College,17482.0,569.6,3,1.0,0.0,66.3,0.0,4511.0,4511.0,12971.0,0,0.7283,0.258,9072.0,0.165
MI,0,Suburb,19747.0,131658.0,0,0,3.86,70.0,R2 Doctoral,47331.0,497.2,5,0.5,-0.866,78.1,18724.0,5276.0,24000.0,23331.0,1,0.1772,0.5071,3584.0,0.0725
CA,0,Town,28037.0,84969.0,0,0,2.9,56.0,Liberal Arts College,84743.0,200.6,2,0.866,0.5,60.0,28030.0,11972.0,40002.0,44741.0,1,0.5266,0.472,16704.0,0.0843
MO,0,Town,-1500.0,23252.0,1,1,3.07,62.0,Liberal Arts College,83082.0,16.7,1,0.5,0.866,50.0,30581.0,29450.0,60031.0,23051.0,0,0.9914,0.7226,24551.0,0.1014
FL,0,Suburb,7168.0,48384.0,1,1,3.19,99.0,Community College,16730.0,35.6,2,0.866,0.5,60.9,3457.0,4889.0,8346.0,8384.0,1,0.1733,0.4989,1216.0,0.099
OK,0,Rural,4637.0,35585.0,0,1,3.79,80.0,R1 Research,68102.0,62.1,11,-0.5,0.866,38.8,24184.0,26629.0,50813.0,17289.0,0,0.4859,0.7461,12652.0,0.2
NY,0,Town,23000.0,102475.0,1,0,2.82,54.0,Community College,16817.0,105.8,2,0.866,0.5,50.2,2908.0,0.0,2908.0,13909.0,1,0.1357,0.1729,0.0,0.0698
TX,0,City,15364.0,48166.0,0,0,3.57,74.0,Community College,20216.0,34.1,2,0.866,0.5,53.9,2654.0,1149.0,3803.0,16413.0,1,0.3408,0.1881,1049.0,0.0662
CA,0,Rural,12741.0,59731.0,1,0,3.39,65.0,Community College,16495.0,97.8,9,-1.0,-0.0,36.4,2672.0,1024.0,3696.0,12799.0,1,0.2143,0.2241,58.0,0.0429
MI,0,Rural,7446.0,54928.0,1,1,2.04,17.0,Liberal Arts College,68441.0,810.4,8,-0.866,-0.5,40.0,10324.0,29414.0,39738.0,28703.0,0,0.5226,0.5806,21257.0,0.011
GA,0,Suburb,-1500.0,21683.0,1,1,3.23,61.0,R2 Doctoral,56600.0,193.0,3,1.0,0.0,76.0,18074.0,18987.0,37061.0,19539.0,0,0.9011,0.6548,21039.0,0.1
WI,0,City,54528.0,173145.0,0,0,2.98,46.0,Regional Comprehensive,41186.0,159.4,9,-1.0,-0.0,56.9,16551.0,0.0,16551.0,24635.0,1,0.1423,0.4019,0.0,0.0654
GA,0,Suburb,19818.0,101405.0,1,0,3.37,73.0,R1 Research,87090.0,43.5,8,-0.866,-0.5,64.8,27292.0,14698.0,41990.0,45100.0,1,0.4448,0.4821,25282.0,0.2353
PA,0,Suburb,9626.0,36750.0,0,0,2.58,27.0,R1 Research,65521.0,22.7,2,0.866,0.5,73.6,9107.0,14844.0,23951.0,41570.0,0,1.1312,0.3655,31944.0,0.0397
FL,0,Town,23902.0,72268.0,1,0,3.32,62.0,Community College,20831.0,34.9,5,0.5,-0.866,29.0,1413.0,0.0,1413.0,19418.0,1,0.2687,0.0678,0.0,0.1389
NY,0,Suburb,33865.0,126927.0,1,0,3.1,84.0,Community College,21206.0,21.7,2,0.866,0.5,59.0,5574.0,0.0,5574.0,15632.0,1,0.1232,0.2629,0.0,0.0568
MS,0,City,6317.0,65521.0,0,1,3.01,54.0,R1 Research,59367.0,137.1,4,0.866,-0.5,85.9,13259.0,23877.0,37136.0,22231.0,1,0.3393,0.6255,15914.0,0.0857
TX,0,City,32567.0,193081.0,0,0,2.14,34.0,Regional Comprehensive,43817.0,189.6,3,1.0,0.0,90.3,8006.0,2719.0,10725.0,33092.0,1,0.1714,0.2448,525.0,0.0806
DE,0,Rural,122971.0,514449.0,0,0,3.86,87.0,R2 Doctoral,50775.0,46.0,3,1.0,0.0,47.4,21623.0,0.0,21623.0,29152.0,0,0.0567,0.4259,0.0,0.0385
NY,0,City,9494.0,57480.0,1,0,3.04,67.0,R2 Doctoral,61431.0,148.0,12,-0.0,1.0,39.6,20342.0,13312.0,33654.0,27777.0,0,0.4832,0.5478,18283.0,0.0703
CA,0,Town,16631.0,41381.0,0,0,2.45,32.0,Community College,18807.0,592.5,9,-1.0,-0.0,17.2,3125.0,312.0,3437.0,15370.0,0,0.3714,0.1828,0.0,0.037
FL,0,City,3767.0,30873.0,1,1,3.06,24.0,Community College,21226.0,989.7,5,0.5,-0.866,54.2,3025.0,7137.0,10162.0,11064.0,0,0.3584,0.4788,7297.0,0.0297
CA,0,Suburb,-1500.0,12788.0,1,1,3.43,71.0,Regional Comprehensive,52343.0,284.5,1,0.5,0.866,75.6,22500.0,27729.0,49726.0,2617.0,1,0.2046,0.95,4117.0,0.0392
MN,0,Suburb,32752.0,154611.0,0,0,2.08,7.0,Community College,23316.0,105.5,1,0.5,0.866,77.4,1038.0,0.0,1038.0,22278.0,1,0.1441,0.0445,0.0,0.125
MI,0,City,6778.0,48800.0,0,1,2.88,47.0,R1 Research,62343.0,275.0,5,0.5,-0.866,34.1,14390.0,28335.0,42725.0,19618.0,1,0.402,0.6853,12840.0,0.0645
PA,0,Suburb,30628.0,118215.0,0,0,3.6,87.0,Liberal Arts College,65206.0,523.9,11,-0.5,0.866,48.7,31330.0,4918.0,36248.0,28958.0,0,0.245,0.5559,0.0,0.127
TN,0,Suburb,22567.0,136632.0,0,0,2.24,50.0,R1 Research,61371.0,15.4,1,0.5,0.866,51.6,11699.0,9107.0,20806.0,40565.0,1,0.2969,0.339,17998.0,0.0349
AZ,0,City,-1063.0,28903.0,1,1,3.39,52.0,Regional Comprehensive,50107.0,600.7,12,-0.0,1.0,35.9,19791.0,22506.0,42297.0,7810.0,0,0.2702,0.8441,8873.0,0.0373
KS,0,Suburb,11827.0,32203.0,0,0,3.45,69.0,Regional Comprehensive,48384.0,71.5,3,1.0,0.0,48.3,23437.0,5157.0,28594.0,19790.0,0,0.6145,0.591,7963.0,0.1212
WV,0,Town,61133.0,221057.0,0,0,2.89,51.0,R1 Research,78115.0,72.3,3,1.0,0.0,74.4,17982.0,3072.0,21054.0,57061.0,1,0.2581,0.2695,0.0,0.1124
TN,0,Town,11200.0,59847.0,0,0,2.34,31.0,R1 Research,76940.0,87.3,6,0.0,-1.0,65.2,13158.0,9758.0,22916.0,54024.0,0,0.9027,0.2978,42824.0,0.16
AL,0,Suburb,13811.0,39128.0,1,0,3.65,80.0,R2 Doctoral,53543.0,177.3,12,-0.0,1.0,61.6,23112.0,8538.0,31650.0,21893.0,0,0.5595,0.5911,8082.0,0.0631
MN,0,Town,1203.0,29658.0,1,1,2.14,30.0,Regional Comprehensive,45403.0,39.5,2,0.866,0.5,88.2,9845.0,20235.0,30080.0,15323.0,1,0.5167,0.6625,14120.0,0.0947
NC,0,City,12560.0,56849.0,1,0,3.19,57.0,R2 Doctoral,58015.0,94.0,12,-0.0,1.0,53.1,17767.0,10884.0,28651.0,29364.0,0,0.5165,0.4939,16804.0,0.0426
MO,0,City,26446.0,186406.0,0,0,2.68,40.0,R2 Doctoral,56677.0,219.9,1,0.5,0.866,58.4,15272.0,4671.0,19943.0,36734.0,1,0.1971,0.3519,10288.0,0.084
CA,0,Suburb,30410.0,103106.0,0,0,3.07,63.0,R1 Research,66175.0,159.4,9,-1.0,-0.0,61.6,18325.0,7554.0,25879.0,40296.0,0,0.3908,0.3911,9886.0,0.2105
WI,0,Suburb,10727.0,71745.0,0,0,2.99,46.0,R1 Research,86487.0,189.0,7,-0.5,-0.866,37.6,19540.0,14768.0,34308.0,52179.0,0,0.7273,0.3967,41452.0,0.0667
WV,0,Town,62272.0,197548.0,0,0,3.71,74.0,Regional Comprehensive,39599.0,90.2,4,0.866,-0.5,73.3,17798.0,0.0,17798.0,21801.0,1,0.1104,0.4495,0.0,0.0964
CA,0,City,39061.0,171950.0,0,0,3.82,85.0,R2 Doctoral,53489.0,262.5,4,0.866,-0.5,69.4,22656.0,3717.0,26373.0,27116.0,1,0.1577,0.4931,0.0,0.082
LA,0,Suburb,14542.0,80063.0,0,0,3.45,64.0,Regional Comprehensive,51577.0,384.2,12,-0.0,1.0,57.9,22421.0,10089.0,32510.0,19067.0,1,0.2381,0.6303,4525.0,0.0806
MS,0,Suburb,54400.0,464541.0,0,0,3.51,62.0,R2 Doctoral,61577.0,360.7,8,-0.866,-0.5,42.1,20455.0,1058.0,21513.0,40064.0,1,0.0862,0.3494,0.0,0.1154
FL,0,City,8106.0,52673.0,1,1,3.36,54.0,R2 Doctoral,48383.0,198.5,12,-0.0,1.0,67.4,17747.0,14089.0,31836.0,16547.0,0,0.3141,0.658,8441.0,0.0667
MI,0,Suburb,28693.0,138771.0,0,0,3.74,83.0,Regional Comprehensive,35138.0,339.6,1,0.5,0.866,92.0,19885.0,1735.0,21620.0,13518.0,1,0.0974,0.6153,0.0,0.1096
MS,0,Suburb,11331.0,47432.0,0,0,3.24,82.0,R1 Research,62730.0,316.2,3,1.0,0.0,68.8,17066.0,11735.0,28801.0,33929.0,0,0.7153,0.4591,22598.0,0.0942
WV,0,City,31488.0,120578.0,0,0,3.72,87.0,R1 Research,73073.0,2105.2,2,0.866,0.5,50.1,25757.0,9974.0,35731.0,37342.0,0,0.3097,0.489,5854.0,0.1892
TX,0,Suburb,14850.0,52636.0,0,0,3.18,49.0,Liberal Arts College,77610.0,455.2,2,0.866,0.5,92.1,27462.0,12454.0,39916.0,37694.0,1,0.7161,0.5143,22844.0,0.1918
PA,0,City,16131.0,87745.0,0,0,2.62,61.0,R1 Research,71700.0,115.4,12,-0.0,1.0,59.2,18410.0,8731.0,27141.0,44559.0,1,0.5078,0.3785,28428.0,0.064
IN,0,Rural,115646.0,351828.0,0,0,3.06,51.0,Regional Comprehensive,47590.0,48.6,4,0.866,-0.5,89.6,14692.0,0.0,14692.0,32898.0,1,0.0935,0.3087,0.0,0.3333
FL,0,City,20824.0,124908.0,0,0,2.02,38.0,R2 Doctoral,56162.0,96.3,10,-0.866,0.5,35.7,11571.0,5209.0,16780.0,39382.0,0,0.3153,0.2988,18558.0,0.0432
NY,0,City,15482.0,88728.0,0,0,2.55,37.0,Regional Comprehensive,49292.0,89.4,1,0.5,0.866,49.1,13217.0,5373.0,18590.0,30702.0,1,0.346,0.3771,15220.0,0.2143
CA,0,City,5893.0,36034.0,1,1,3.67,84.0,R1 Research,78818.0,216.8,4,0.866,-0.5,76.9,25803.0,31275.0,57078.0,21740.0,0,0.6033,0.7242,15847.0,0.2069
TX,0,City,9722.0,72079.0,0,0,2.26,22.0,R2 Doctoral,43051.0,60.7,12,-0.0,1.0,4.0,6323.0,6946.0,13269.0,29782.0,0,0.4132,0.3082,20060.0,0.0
NJ,0,City,2729.0,30462.0,1,1,3.02,52.0,Regional Comprehensive,45397.0,443.0,2,0.866,0.5,98.6,18982.0,15961.0,34943.0,10454.0,1,0.3432,0.7697,7725.0,0.2778
MA,0,Suburb,25185.0,119208.0,0,0,3.99,99.0,Regional Comprehensive,44034.0,29.5,4,0.866,-0.5,81.7,25466.0,4253.0,29719.0,14315.0,0,0.1201,0.6749,0.0,0.0667
MA,0,City,21353.0,117073.0,0,0,3.41,68.0,R2 Doctoral,57644.0,22.8,2,0.866,0.5,48.2,19843.0,8177.0,28020.0,29624.0,1,0.253,0.4861,8271.0,0.0148
MN,0,City,11955.0,55307.0,1,0,2.39,44.0,R2 Doctoral,54553.0,109.9,7,-0.5,-0.866,82.2,12852.0,10151.0,23003.0,31550.0,1,0.5705,0.4217,19595.0,0.1294
OH,1,City,54941.0,208510.0,0,0,1.89,13.0,Regional Comprehensive,23748.0,15.1,1,0.5,0.866,62.6,6188.0,0.0,6188.0,17560.0,1,0.0842,0.2606,0.0,0.0988
FL,0,Suburb,41860.0,188431.0,0,0,4.0,91.0,R1 Research,76123.0,33.8,5,0.5,-0.866,53.8,27400.0,8174.0,35574.0,40549.0,1,0.2152,0.4673,0.0,0.0609
CA,0,City,12717.0,70105.0,1,0,2.88,59.0,Regional Comprehensive,48127.0,64.9,1,0.5,0.866,48.2,19731.0,8943.0,28674.0,19453.0,0,0.2775,0.5958,6736.0,0.0794
TX,0,Suburb,13194.0,94577.0,0,0,2.71,42.0,Community College,14386.0,57.0,3,1.0,0.0,78.3,2345.0,325.0,2670.0,11716.0,1,0.1239,0.1856,0.0,0.26
NY,0,Suburb,9555.0,41205.0,1,0,2.46,24.0,Regional Comprehensive,52774.0,128.1,4,0.866,-0.5,75.4,10791.0,6698.0,17489.0,35285.0,1,0.8563,0.3314,25730.0,0.3704
TX,0,Town,8721.0,51742.0,1,1,3.52,65.0,R1 Research,80455.0,66.0,3,1.0,0.0,69.0,21766.0,34133.0,55899.0,24556.0,0,0.4746,0.6948,15835.0,0.0495
CA,0,City,3966.0,28965.0,0,1,3.19,70.0,R2 Doctoral,50607.0,71.9,1,0.5,0.866,41.1,16511.0,14363.0,30874.0,19733.0,0,0.6813,0.6101,15767.0,0.0139
TX,0,Rural,4723.0,44605.0,1,1,2.94,24.0,Regional Comprehensive,40056.0,126.1,4,0.866,-0.5,72.4,11771.0,13675.0,25446.0,14610.0,1,0.3275,0.6353,9887.0,0.0545
TN,0,Suburb,13605.0,58387.0,1,0,3.36,74.0,Community College,19505.0,367.5,2,0.866,0.5,82.7,5441.0,1203.0,6644.0,12861.0,0,0.2203,0.3406,0.0,0.0522
AZ,0,City,2217.0,19045.0,0,1,2.24,7.0,R1 Research,73163.0,593.6,3,1.0,0.0,91.6,9031.0,20768.0,29799.0,43364.0,0,2.2769,0.4073,41147.0,0.1754
MS,0,Suburb,20175.0,95350.0,0,0,3.66,82.0,R1 Research,77578.0,148.0,1,0.5,0.866,59.4,25330.0,11524.0,36854.0,40724.0,1,0.4271,0.4751,20549.0,0.0891
SC,0,Town,33505.0,131391.0,0,0,1.82,28.0,Regional Comprehensive,47212.0,160.6,1,0.5,0.866,52.6,10584.0,2438.0,13022.0,34190.0,0,0.2602,0.2758,685.0,0.0141
NJ,0,Suburb,14245.0,62586.0,1,0,3.63,67.0,Regional Comprehensive,47639.0,104.5,5,0.5,-0.866,43.5,21252.0,6167.0,27419.0,20220.0,1,0.3231,0.5756,5975.0,0.0449
TX,0,Suburb,2050.0,9027.0,1,1,3.02,63.0,Community College,16223.0,210.0,12,-0.0,1.0,58.0,1376.0,6052.0,7428.0,8795.0,0,0.9743,0.4579,6745.0,0.2581
NJ,0,Suburb,17163.0,52462.0,1,0,3.84,99.0,Regional Comprehensive,44369.0,190.9,12,-0.0,1.0,71.3,24818.0,6386.0,31204.0,13165.0,0,0.2509,0.7033,0.0,0.0833
CA,0,City,3903.0,23081.0,0,1,2.32,22.0,R1 Research,75090.0,509.8,1,0.5,0.866,97.4,12447.0,36769.0,49216.0,25874.0,0,1.121,0.6554,21971.0,0.0667
OH,1,Rural,5837.0,40582.0,0,1,2.36,22.0,Liberal Arts College,60632.0,5.0,5,0.5,-0.866,67.7,12170.0,26066.0,38236.0,22396.0,1,0.5519,0.6306,16559.0,0.15
IL,0,City,41025.0,179045.0,0,0,3.91,94.0,R2 Doctoral,59881.0,99.1,11,-0.5,0.866,77.3,26297.0,4690.0,30987.0,28894.0,1,0.1614,0.5175,0.0,0.0933
OH,1,City,-387.0,10907.0,1,1,2.58,55.0,Community College,21693.0,52.4,3,1.0,0.0,67.2,3604.0,10681.0,14285.0,7408.0,0,0.6792,0.6585,7795.0,0.186
NY,0,City,-308.0,34969.0,0,1,2.55,68.0,Regional Comprehensive,41270.0,123.3,9,-1.0,-0.0,68.0,12036.0,12500.0,24536.0,16734.0,1,0.4785,0.5945,17042.0,0.1486
IN,0,Suburb,14192.0,114381.0,0,0,2.48,26.0,Community College,18912.0,47.3,1,0.5,0.866,52.7,0.0,901.0,901.0,18011.0,1,0.1575,0.0476,3819.0,0.0229
KY,0,Rural,9952.0,37972.0,0,0,2.97,62.0,R1 Research,67241.0,32.4,12,-0.0,1.0,57.4,17365.0,12523.0,29888.0,37353.0,1,0.9837,0.4445,27401.0,0.0789
CO,0,Town,6734.0,35937.0,1,1,3.46,66.0,Regional Comprehensive,43090.0,295.4,6,0.0,-1.0,43.8,19990.0,14029.0,34019.0,9071.0,0,0.2524,0.7895,2337.0,0.0508
AZ,0,Rural,68346.0,271939.0,1,0,3.08,43.0,Liberal Arts College,60570.0,57.2,5,0.5,-0.866,82.5,19440.0,0.0,19440.0,41130.0,1,0.1512,0.321,0.0,0.047
MI,0,Suburb,18548.0,82656.0,0,0,3.35,65.0,R1 Research,75718.0,20.1,5,0.5,-0.866,97.1,20465.0,12189.0,32654.0,43064.0,1,0.521,0.4313,24516.0,0.1368
CA,0,Suburb,28273.0,123340.0,1,0,2.19,21.0,Regional Comprehensive,57898.0,311.5,11,-0.5,0.866,60.5,13681.0,4394.0,18075.0,39823.0,0,0.3229,0.3122,11550.0,0.1183
MD,0,Suburb,7754.0,89874.0,1,1,2.95,54.0,Liberal Arts College,81180.0,205.2,2,0.866,0.5,57.9,26093.0,23596.0,49689.0,31491.0,1,0.3504,0.6121,23737.0,0.0233
NJ,0,City,17380.0,70716.0,1,0,3.43,77.0,Regional Comprehensive,55301.0,112.2,2,0.866,0.5,100.0,26479.0,9533.0,36012.0,19289.0,1,0.2728,0.6512,1909.0,0.129
FL,0,Rural,24631.0,156388.0,0,0,1.68,8.0,R1 Research,83620.0,48.5,4,0.866,-0.5,80.8,7202.0,15429.0,22631.0,60989.0,1,0.39,0.2706,36358.0,0.078
NY,0,Suburb,45140.0,248165.0,0,0,3.22,79.0,R1 Research,65228.0,112.5,12,-0.0,1.0,80.0,17894.0,5615.0,23509.0,41719.0,1,0.1681,0.3604,0.0,0.1319
MS,0,Suburb,-689.0,18730.0,1,1,2.1,45.0,R2 Doctoral,58546.0,454.1,12,-0.0,1.0,64.1,14883.0,28824.0,43707.0,14839.0,0,0.7923,0.7465,15528.0,0.1579
AZ,0,Suburb,4073.0,61364.0,0,1,3.99,93.0,R2 Doctoral,60712.0,23.3,1,0.5,0.866,44.3,30602.0,27624.0,57676.0,3036.0,1,0.0495,0.95,0.0,0.0667
GA,0,Town,-729.0,61016.0,0,1,2.99,48.0,Regional Comprehensive,48299.0,24.5,1,0.5,0.866,59.0,16238.0,18108.0,34346.0,13953.0,1,0.2287,0.7111,14682.0,0.1316
AZ,0,City,5667.0,46209.0,0,1,3.84,84.0,R1 Research,65510.0,65.5,9,-1.0,-0.0,57.1,23818.0,27806.0,51624.0,13886.0,1,0.3005,0.788,8219.0,0.0549
OH,1,Town,23400.0,127563.0,0,0,3.63,76.0,R2 Doctoral,43264.0,35.7,6,0.0,-1.0,57.7,14442.0,4049.0,18491.0,24773.0,1,0.1942,0.4274,1373.0,0.0449
GA,0,Town,7382.0,75732.0,0,1,3.48,66.0,R2 Doctoral,66033.0,75.2,5,0.5,-0.866,39.5,22273.0,28732.0,51005.0,15028.0,1,0.1984,0.7724,7646.0,0.0784
NY,0,Town,61896.0,251787.0,0,0,3.25,45.0,Community College,15114.0,248.8,7,-0.5,-0.866,56.9,120.0,0.0,120.0,14994.0,1,0.0596,0.0079,0.0,0.0645
OH,1,City,42339.0,138995.0,0,0,3.09,41.0,Regional Comprehensive,35653.0,115.1,1,0.5,0.866,42.0,11675.0,0.0,11675.0,23978.0,0,0.1725,0.3275,0.0,0.0889
IN,0,City,32015.0,168146.0,1,0,1.66,13.0,Liberal Arts College,88813.0,169.8,3,1.0,0.0,40.9,13392.0,10296.0,23688.0,65125.0,0,0.3873,0.2667,33110.0,0.0854
CA,0,Suburb,4728.0,26545.0,1,1,3.24,74.0,Community College,14716.0,228.2,3,1.0,0.0,50.8,53.0,4421.0,4474.0,10242.0,0,0.3858,0.304,5514.0,0.0648
SC,0,Rural,10083.0,35229.0,1,0,3.39,74.0,Liberal Arts College,70719.0,168.6,6,0.0,-1.0,57.0,28045.0,16038.0,44083.0,26636.0,0,0.7561,0.6234,16553.0,0.1098
NY,0,Rural,-1500.0,37382.0,0,1,3.16,58.0,R1 Research,69511.0,128.0,5,0.5,-0.866,55.1,19172.0,31835.0,51007.0,18504.0,1,0.495,0.7338,20004.0,0.0614
TN,0,Suburb,35470.0,163186.0,0,0,3.56,70.0,Liberal Arts College,85760.0,32.6,8,-0.866,-0.5,54.0,34416.0,10729.0,45145.0,40615.0,1,0.2489,0.5264,5145.0,0.125
MA,0,City,10279.0,31371.0,0,0,3.21,45.0,Community College,19018.0,43.1,4,0.866,-0.5,92.4,4029.0,1609.0,5638.0,13380.0,0,0.4265,0.2965,3101.0,0.1935
MA,0,City,12638.0,32038.0,1,0,3.33,59.0,Regional Comprehensive,42521.0,30.7,5,0.5,-0.866,60.7,16013.0,8071.0,24084.0,18437.0,1,0.5755,0.5664,5799.0,0.0714
WA,0,Suburb,2407.0,28075.0,0,1,3.33,58.0,Community College,19198.0,108.4,1,0.5,0.866,29.3,3968.0,5097.0,9065.0,10133.0,1,0.3609,0.4722,7726.0,0.0882
WV,0,City,72169.0,456882.0,0,0,3.62,60.0,Liberal Arts College,81339.0,161.7,5,0.5,-0.866,52.6,33339.0,1528.0,34867.0,46472.0,1,0.1017,0.4287,0.0,0.0857
NC,0,Suburb,14618.0,56817.0,0,0,2.46,37.0,Liberal Arts College,75388.0,27.7,4,0.866,-0.5,54.9,19624.0,16254.0,35878.0,39510.0,1,0.6954,0.4759,24892.0,0.1325
MD,0,Town,17728.0,92182.0,1,0,2.79,37.0,Regional Comprehensive,52315.0,136.7,3,1.0,0.0,23.5,16170.0,8453.0,24623.0,27692.0,0,0.3004,0.4707,9964.0,0.0345
MO,0,Suburb,8426.0,27688.0,0,1,3.04,57.0,Regional Comprehensive,45153.0,50.5,7,-0.5,-0.866,56.3,17171.0,10147.0,27318.0,17835.0,1,0.6441,0.605,9409.0,0.1111
FL,0,Suburb,25788.0,125576.0,0,0,3.06,38.0,Regional Comprehensive,48334.0,41.2,1,0.5,0.866,51.9,17342.0,4491.0,21833.0,26501.0,1,0.211,0.4517,713.0,0.1212
NY,0,City,2631.0,17553.0,0,1,2.96,61.0,Liberal Arts College,66424.0,65.7,8,-0.866,-0.5,53.7,20237.0,31246.0,51483.0,14941.0,0,0.8512,0.7751,12310.0,0.2245
OH,1,City,3571.0,31105.0,0,1,2.61,46.0,Community College,19908.0,11.3,10,-0.866,0.5,57.4,1297.0,8832.0,10129.0,9779.0,0,0.3144,0.5088,6208.0,0.1957
NY,0,Suburb,6066.0,37176.0,1,1,2.41,26.0,Regional Comprehensive,42719.0,239.6,1,0.5,0.866,62.8,10668.0,18097.0,28765.0,13954.0,0,0.3753,0.6734,7888.0,0.0629
PA,0,Suburb,11871.0,73687.0,0,0,3.4,88.0,Regional Comprehensive,42726.0,106.2,2,0.866,0.5,58.2,22721.0,6005.0,28726.0,14000.0,1,0.19,0.6723,2129.0,0.1311
IL,0,City,14280.0,35560.0,0,0,2.66,41.0,Liberal Arts College,92415.0,298.2,10,-0.866,0.5,43.7,25177.0,19996.0,45173.0,47242.0,0,1.3285,0.4888,32962.0,0.069
WA,0,City,39352.0,188580.0,0,0,3.45,74.0,R2 Doctoral,52049.0,79.5,1,0.5,0.866,71.2,16944.0,3278.0,20222.0,31827.0,0,0.1688,0.3885,0.0,0.1373
FL,0,City,10357.0,90429.0,0,0,2.79,27.0,Regional Comprehensive,42690.0,82.8,2,0.866,0.5,52.9,7849.0,5560.0,13409.0,29281.0,1,0.3238,0.3141,18924.0,0.25
SC,0,Suburb,7686.0,38311.0,1,1,3.54,65.0,Regional Comprehensive,37220.0,905.9,9,-1.0,-0.0,69.3,16292.0,15671.0,31963.0,5257.0,1,0.1372,0.8588,0.0,0.0556
OH,1,Suburb,35532.0,129092.0,1,0,3.44,63.0,R2 Doctoral,36690.0,6.7,2,0.866,0.5,44.4,11205.0,221.0,11426.0,25264.0,0,0.1957,0.3114,0.0,0.0411
MO,0,Suburb,7146.0,47422.0,1,1,3.65,90.0,R2 Doctoral,45818.0,488.1,2,0.866,0.5,56.6,19640.0,13299.0,32939.0,12879.0,0,0.2716,0.7189,5733.0,0.1579
CA,0,Suburb,1671.0,41146.0,0,1,3.88,99.0,Regional Comprehensive,50303.0,719.9,3,1.0,0.0,67.9,25986.0,25909.0,47788.0,2515.0,0,0.0611,0.95,844.0,0.2703
GA,0,City,22796.0,119969.0,1,0,3.12,52.0,Regional Comprehensive,46656.0,283.1,12,-0.0,1.0,34.9,16626.0,5670.0,22296.0,24360.0,0,0.2031,0.4779,1564.0,0.0274
CA,0,Suburb,-1500.0,10764.0,0,1,3.04,59.0,Regional Comprehensive,48627.0,89.6,1,0.5,0.866,51.0,21456.0,25480.0,46196.0,2431.0,0,0.2258,0.95,3931.0,0.0339
TN,0,City,25377.0,106838.0,0,0,2.93,63.0,Liberal Arts College,81648.0,566.9,3,1.0,0.0,69.2,31160.0,11387.0,42547.0,39101.0,0,0.366,0.5211,13724.0,0.0368
PA,0,Rural,3539.0,37668.0,0,1,1.5,,Community College,16602.0,90.4,3,1.0,0.0,45.6,463.0,5694.0,6157.0,10445.0,0,0.2773,0.3709,6906.0,0.0504
NM,0,City,5321.0,37627.0,1,1,2.72,25.0,Liberal Arts College,85169.0,60.4,12,-0.0,1.0,76.9,20407.0,43333.0,63740.0,21429.0,0,0.5695,0.7484,16108.0,0.1587
NY,0,Suburb,55465.0,257779.0,0,0,3.18,71.0,Regional Comprehensive,44133.0,84.3,2,0.866,0.5,60.6,17452.0,0.0,17452.0,26681.0,1,0.1035,0.3954,0.0,0.0612
NJ,0,City,7848.0,42939.0,0,1,2.78,52.0,Liberal Arts College,82803.0,69.6,12,-0.0,1.0,45.8,27233.0,38657.0,65890.0,16913.0,1,0.3939,0.7957,9065.0,0.1039
FL,0,Town,17894.0,125274.0,0,0,3.08,62.0,Community College,12172.0,46.9,3,1.0,0.0,69.9,832.0,0.0,832.0,11340.0,1,0.0905,0.0684,0.0,0.0851
AZ,0,City,18000.0,76961.0,0,0,3.62,91.0,Regional Comprehensive,39628.0,406.4,3,1.0,0.0,60.7,22365.0,4830.0,27195.0,12433.0,0,0.1615,0.6863,0.0,0.0508
GA,0,Rural,14847.0,82930.0,0,0,3.75,97.0,R1 Research,65655.0,56.2,6,0.0,-1.0,57.4,23798.0,14116.0,37914.0,27741.0,1,0.3345,0.5775,12894.0,0.0427
PA,0,City,5963.0,52555.0,0,1,2.98,62.0,R2 Doctoral,57836.0,122.8,4,0.866,-0.5,55.1,19295.0,25784.0,45079.0,12757.0,0,0.2427,0.7794,6794.0,0.2222
TX,0,Town,4730.0,50617.0,1,1,3.59,62.0,Regional Comprehensive,37912.0,27.8,2,0.866,0.5,61.7,13772.0,11874.0,25646.0,12266.0,1,0.2423,0.6765,7536.0,0.0732
CA,0,Suburb,51224.0,189123.0,0,0,2.5,16.0,Community College,24685.0,130.9,10,-0.866,0.5,34.3,724.0,0.0,724.0,23961.0,1,0.1267,0.0293,0.0,0.027
TX,0,City,29337.0,122999.0,0,0,2.89,55.0,Liberal Arts College,89627.0,37.6,2,0.866,0.5,72.0,32774.0,12673.0,45447.0,44180.0,1,0.3592,0.5071,14843.0,0.0435
WY,0,City,7309.0,43925.0,0,1,3.66,81.0,Regional Comprehensive,50857.0,36.7,10,-0.866,0.5,42.3,22497.0,16467.0,38964.0,11893.0,1,0.2708,0.7661,4584.0,0.0909
OH,1,Suburb,5310.0,29643.0,1,1,3.04,58.0,Regional Comprehensive,37468.0,32.7,12,-0.0,1.0,73.1,13839.0,13518.0,27357.0,10111.0,0,0.3411,0.7301,4801.0,0.1333
CA,0,Town,4562.0,41323.0,0,1,2.92,74.0,Community College,20362.0,384.4,4,0.866,-0.5,41.7,2115.0,7814.0,9929.0,10433.0,0,0.2525,0.4876,5871.0,0.0656
NE,0,Rural,30161.0,127603.0,0,0,2.95,65.0,Liberal Arts College,65718.0,201.2,1,0.5,0.866,82.3,24265.0,7962.0,32227.0,33491.0,1,0.2625,0.4904,3330.0,0.6452
CA,0,City,40595.0,147069.0,0,0,3.07,55.0,R2 Doctoral,58751.0,216.2,1,0.5,0.866,47.5,19252.0,4855.0,24107.0,34644.0,0,0.2356,0.4103,0.0,0.0962
OH,1,Suburb,21441.0,93860.0,0,0,2.4,23.0,Regional Comprehensive,28785.0,32.0,10,-0.866,0.5,66.4,5861.0,1643.0,7504.0,21281.0,0,0.2267,0.2607,0.0,0.1698
MO,0,City,5668.0,19652.0,0,1,1.61,11.0,R2 Doctoral,54609.0,89.1,2,0.866,0.5,53.0,7934.0,18806.0,26740.0,27869.0,0,1.4181,0.4897,22201.0,0.1639
NV,0,City,30972.0,108307.0,0,0,3.07,64.0,Community College,21139.0,290.8,4,0.866,-0.5,61.8,1487.0,0.0,1487.0,19652.0,1,0.1814,0.0703,0.0,0.2222
MO,0,Suburb,58661.0,160906.0,0,0,2.52,34.0,Regional Comprehensive,42465.0,70.1,9,-1.0,-0.0,43.4,12463.0,0.0,12463.0,30002.0,0,0.1865,0.2935,0.0,0.0315
GA,0,Suburb,8635.0,71322.0,0,1,3.31,31.0,R1 Research,66459.0,304.3,1,0.5,0.866,47.1,11911.0,24614.0,36525.0,29934.0,1,0.4197,0.5496,21299.0,0.1111
NH,0,City,62038.0,261832.0,0,0,3.58,65.0,R2 Doctoral,61766.0,463.9,3,1.0,0.0,53.0,21749.0,0.0,21749.0,40017.0,0,0.1528,0.3521,0.0,0.1343
CA,0,Rural,1156.0,24316.0,0,1,3.79,96.0,Regional Comprehensive,41315.0,52.4,6,0.0,-1.0,68.3,19989.0,20896.0,39249.0,2066.0,0,0.085,0.95,910.0,0.0744
DE,0,Town,20627.0,103059.0,1,0,3.58,60.0,Regional Comprehensive,43608.0,61.1,5,0.5,-0.866,73.2,18831.0,3800.0,22631.0,20977.0,1,0.2035,0.519,350.0,0.125
KY,0,Town,8667.0,30195.0,1,1,2.73,52.0,R2 Doctoral,55495.0,71.4,3,1.0,0.0,73.1,16533.0,24239.0,40772.0,14723.0,1,0.4876,0.7347,6056.0,0.0841
MS,0,City,26693.0,134881.0,0,0,2.72,50.0,Liberal Arts College,82808.0,27.2,2,0.866,0.5,64.6,24986.0,12760.0,37746.0,45062.0,0,0.3341,0.4558,18369.0,0.1493
FL,0,Rural,16601.0,97857.0,0,0,2.38,19.0,R2 Doctoral,60388.0,77.4,1,0.5,0.866,98.4,11695.0,7361.0,19056.0,41332.0,1,0.4224,0.3156,24731.0,0.2121
TX,0,Suburb,35734.0,230263.0,0,0,2.96,65.0,Community College,17339.0,496.9,5,0.5,-0.866,43.0,160.0,0.0,160.0,17179.0,0,0.0746,0.0092,0.0,0.0364
TN,0,Suburb,19281.0,90200.0,0,0,2.67,41.0,Community College,14817.0,42.3,1,0.5,0.866,59.1,3111.0,0.0,3111.0,11706.0,0,0.1298,0.21,0.0,0.0789
MI,0,City,13763.0,47057.0,0,0,3.65,78.0,Regional Comprehensive,50758.0,509.4,4,0.866,-0.5,14.5,25577.0,7393.0,32970.0,17788.0,0,0.378,0.6496,4025.0,0.024
MI,0,Rural,11951.0,44198.0,1,0,3.51,59.0,Regional Comprehensive,34873.0,80.4,1,0.5,0.866,72.7,13053.0,4021.0,17074.0,17799.0,1,0.4027,0.4896,5848.0,0.1573
AR,0,Suburb,13733.0,52569.0,0,0,3.52,92.0,R1 Research,75657.0,1166.3,1,0.5,0.866,45.4,23802.0,8712.0,32514.0,43143.0,0,0.8207,0.4298,29410.0,0.0167
AZ,0,Town,11930.0,43577.0,1,0,1.78,,R1 Research,71575.0,61.9,4,0.866,-0.5,61.9,5330.0,12184.0,17514.0,54061.0,0,1.2406,0.2447,42131.0,0.1039
NY,0,Suburb,29257.0,166029.0,0,0,2.56,23.0,Liberal Arts College,79616.0,108.9,2,0.866,0.5,47.3,18363.0,13607.0,31970.0,47646.0,1,0.287,0.4016,18389.0,0.0448
IL,0,Town,30447.0,157702.0,0,0,3.39,72.0,Community College,19771.0,48.7,4,0.866,-0.5,55.7,2689.0,0.0,2689.0,17082.0,0,0.1083,0.136,0.0,0.2041
TX,0,Suburb,1807.0,21428.0,0,1,3.36,56.0,Regional Comprehensive,43930.0,61.5,1,0.5,0.866,63.9,15751.0,17254.0,33005.0,10925.0,1,0.5098,0.7513,9118.0,0.0776
TX,0,Rural,21268.0,64707.0,0,0,2.44,61.0,Community College,18791.0,516.4,12,-0.0,1.0,38.7,1196.0,0.0,1196.0,17595.0,0,0.2719,0.0636,0.0,0.0667
TX,0,City,16271.0,65841.0,1,0,2.56,25.0,Community College,19833.0,208.5,1,0.5,0.866,70.9,1900.0,544.0,2444.0,17389.0,1,0.2641,0.1232,1118.0,0.22
AL,0,City,2377.0,35863.0,1,1,2.85,60.0,Regional Comprehensive,46201.0,373.2,1,0.5,0.866,57.7,16450.0,22279.0,38729.0,7472.0,1,0.2083,0.8383,5095.0,0.04
MO,0,Town,13683.0,86296.0,0,0,2.06,41.0,R2 Doctoral,39319.0,31.8,7,-0.5,-0.866,44.3,8819.0,5593.0,14412.0,24907.0,0,0.2886,0.3665,11224.0,0.1042
MI,0,Suburb,62633.0,180198.0,0,0,2.88,60.0,Community College,18828.0,252.0,11,-0.5,0.866,63.9,3488.0,0.0,3488.0,15340.0,1,0.0851,0.1853,0.0,0.0857
IL,0,Suburb,22686.0,119623.0,0,0,2.44,24.0,R2 Doctoral,60799.0,45.7,1,0.5,0.866,65.2,11449.0,5678.0,17127.0,43672.0,1,0.3651,0.2817,20986.0,0.0781
TN,0,Town,33320.0,166024.0,0,0,3.51,79.0,Community College,17195.0,31.1,1,0.5,0.866,30.2,3674.0,0.0,3674.0,13521.0,1,0.0814,0.2137,0.0,0.0435
AL,0,Suburb,5279.0,37523.0,1,1,3.12,77.0,R2 Doctoral,58776.0,162.8,4,0.866,-0.5,56.8,21890.0,19502.0,41392.0,17384.0,0,0.4633,0.7042,12105.0,0.0667
CT,0,Town,16520.0,64620.0,0,0,2.72,25.0,Regional Comprehensive,49594.0,161.1,3,1.0,0.0,41.9,12800.0,7141.0,19941.0,29653.0,0,0.4589,0.4021,13133.0,0.0723
NJ,0,Suburb,9511.0,36270.0,0,0,2.88,65.0,R1 Research,72841.0,134.0,2,0.866,0.5,84.1,16725.0,15768.0,32493.0,40348.0,0,1.1124,0.4461,30837.0,0.325
AL,0,Rural,12240.0,74786.0,1,0,3.55,82.0,R2 Doctoral,56744.0,269.2,1,0.5,0.866,52.2,24547.0,9964.0,34511.0,22233.0,1,0.2973,0.6082,9993.0,0.1184
MI,0,City,18179.0,79794.0,0,0,2.29,53.0,Regional Comprehensive,38895.0,317.1,10,-0.866,0.5,42.0,15005.0,4343.0,19348.0,19547.0,1,0.245,0.4974,1368.0,0.0814
GA,0,Suburb,38567.0,125628.0,0,0,1.95,21.0,Regional Comprehensive,44581.0,592.9,1,0.5,0.866,62.1,7173.0,1044.0,8217.0,36364.0,1,0.2895,0.1843,0.0,0.0962
OK,0,Rural,48052.0,162059.0,0,0,2.9,53.0,Regional Comprehensive,47240.0,36.3,7,-0.5,-0.866,64.8,15394.0,0.0,15394.0,31846.0,1,0.1965,0.3259,0.0,0.1622
IL,0,City,24089.0,103369.0,0,0,1.97,25.0,Regional Comprehensive,43034.0,613.4,10,-0.866,0.5,41.1,11325.0,5238.0,16563.0,26471.0,1,0.2561,0.3849,2382.0,0.1552
IL,0,Suburb,6107.0,33883.0,1,1,2.13,6.0,Regional Comprehensive,43263.0,914.4,1,0.5,0.866,68.1,8190.0,19811.0,28001.0,15262.0,0,0.4504,0.6472,9155.0,0.1957
NY,0,Suburb,-1500.0,23776.0,1,1,3.19,52.0,Regional Comprehensive,47336.0,86.3,8,-0.866,-0.5,63.8,16594.0,18714.0,35308.0,12028.0,1,0.5059,0.7459,13528.0,0.0988
MI,0,Suburb,22838.0,91529.0,0,0,2.26,28.0,Community College,19889.0,22.0,6,0.0,-1.0,27.6,3921.0,0.0,3921.0,15968.0,0,0.1745,0.1971,0.0,0.0252
NJ,0,Suburb,32024.0,185419.0,0,0,2.96,47.0,Community College,20165.0,29.6,4,0.866,-0.5,66.9,1354.0,0.0,1354.0,18811.0,1,0.1015,0.0671,0.0,0.086
MA,0,City,11395.0,61830.0,0,0,1.73,,R2 Doctoral,46582.0,78.0,1,0.5,0.866,52.4,5019.0,7715.0,12734.0,33848.0,0,0.5474,0.2734,22453.0,0.0833
OH,1,Rural,2800.0,20958.0,0,1,2.24,53.0,Regional Comprehensive,32903.0,304.0,11,-0.5,0.866,31.9,10637.0,11679.0,22316.0,10587.0,0,0.5052,0.6782,7787.0,0.0571
FL,0,City,68831.0,282384.0,0,0,3.32,90.0,R1 Research,57584.0,129.0,11,-0.5,0.866,84.3,20021.0,0.0,20021.0,37563.0,1,0.133,0.3477,0.0,0.3667
OK,0,Suburb,10599.0,89534.0,0,0,3.24,31.0,R2 Doctoral,54386.0,66.3,2,0.866,0.5,45.1,15383.0,7375.0,22758.0,31628.0,1,0.3533,0.4185,21029.0,0.0413
PA,0,Suburb,17421.0,71198.0,0,0,3.22,64.0,R2 Doctoral,67634.0,61.7,2,0.866,0.5,73.9,26679.0,12860.0,39539.0,28095.0,1,0.3946,0.5846,10674.0,0.2778
AR,0,City,6790.0,27148.0,1,1,3.37,54.0,Community College,20417.0,31.6,4,0.866,-0.5,71.0,4423.0,5624.0,10047.0,10370.0,0,0.382,0.4921,3580.0,0.3143
TX,0,City,3732.0,63683.0,0,1,3.38,84.0,Liberal Arts College,80266.0,317.4,10,-0.866,0.5,23.9,37942.0,23742.0,61684.0,18582.0,1,0.2918,0.7685,14850.0,0.0106
NJ,0,Rural,15943.0,103214.0,1,0,2.83,51.0,Community College,16908.0,115.0,11,-0.5,0.866,43.1,743.0,209.0,952.0,15956.0,0,0.1546,0.0563,13.0,0.0595
MI,0,Suburb,20296.0,90416.0,0,0,2.96,73.0,R2 Doctoral,65255.0,1149.0,2,0.866,0.5,41.0,23577.0,10596.0,34173.0,31082.0,0,0.3438,0.5237,10786.0,0.1613
LA,0,City,10713.0,38580.0,0,0,2.64,30.0,Community College,19777.0,245.1,4,0.866,-0.5,74.7,4124.0,1491.0,5615.0,14162.0,0,0.3671,0.2839,3449.0,0.1528
TX,0,Town,14160.0,60410.0,1,0,3.52,62.0,Liberal Arts College,53802.0,302.9,3,1.0,0.0,77.5,20647.0,11035.0,31682.0,22120.0,1,0.3662,0.5889,7960.0,0.1096
NV,0,Suburb,4939.0,40396.0,0,1,3.02,53.0,R1 Research,65883.0,98.3,2,0.866,0.5,88.7,15406.0,19457.0,34863.0,31020.0,0,0.7679,0.5292,26081.0,0.0537
MI,0,City,42212.0,208605.0,0,0,2.54,30.0,Regional Comprehensive,46232.0,40.3,1,0.5,0.866,44.0,13606.0,855.0,14461.0,31771.0,1,0.1523,0.3128,0.0,0.0476
VA,0,Suburb,22465.0,119888.0,0,0,3.51,73.0,Liberal Arts College,74745.0,50.6,2,0.866,0.5,100.0,32278.0,7545.0,39823.0,34922.0,1,0.2913,0.5328,12457.0,0.0923
NC,0,Suburb,7573.0,43152.0,1,1,3.87,99.0,Regional Comprehensive,49873.0,30.1,2,0.866,0.5,81.0,27649.0,21174.0,47379.0,2494.0,0,0.0578,0.95,0.0,0.1795
CA,0,City,5422.0,27138.0,0,1,3.54,82.0,R2 Doctoral,49227.0,329.6,6,0.0,-1.0,86.3,20631.0,13446.0,34077.0,15150.0,0,0.5583,0.6922,9728.0,0.0682
NC,0,Rural,12546.0,76882.0,1,0,2.65,38.0,Community College,19435.0,84.6,6,0.0,-1.0,63.6,0.0,1650.0,1650.0,17785.0,0,0.2313,0.0849,5239.0,0.0467
FL,0,City,13182.0,44142.0,0,0,1.67,5.0,Regional Comprehensive,42174.0,344.5,12,-0.0,1.0,46.6,5107.0,5280.0,10387.0,31787.0,0,0.7201,0.2463,18605.0,0.1013
PA,0,City,17354.0,46575.0,0,0,2.73,24.0,Regional Comprehensive,45709.0,146.1,6,0.0,-1.0,41.9,10702.0,5991.0,16693.0,29016.0,1,0.623,0.3652,11662.0,0.0488
MA,0,City,6775.0,27796.0,1,1,2.28,2.0,Regional Comprehensive,42525.0,93.2,1,0.5,0.866,88.0,9549.0,17404.0,26953.0,15572.0,0,0.5602,0.6338,8797.0,0.25
NC,0,Town,3928.0,30387.0,0,1,2.87,66.0,Regional Comprehensive,45267.0,37.1,5,0.5,-0.866,55.7,17385.0,22234.0,39619.0,5648.0,1,0.1859,0.8752,1720.0,0.0678
CA,0,Town,11644.0,70765.0,0,0,2.46,25.0,Regional Comprehensive,51794.0,173.9,1,0.5,0.866,59.5,12767.0,6571.0,19338.0,32456.0,0,0.4586,0.3734,20812.0,0.0462
CA,0,Rural,21313.0,51940.0,0,0,3.55,95.0,Community College,15050.0,100.7,1,0.5,0.866,81.7,3969.0,0.0,3969.0,11081.0,1,0.2133,0.2637,0.0,0.14
TX,0,City,80274.0,379834.0,0,0,2.74,41.0,Regional Comprehensive,54265.0,326.7,11,-0.5,0.866,67.3,19195.0,0.0,19195.0,35070.0,1,0.0923,0.3537,0.0,0.09
TX,0,Town,20691.0,96554.0,0,0,3.23,65.0,Community College,27696.0,59.8,1,0.5,0.866,58.1,3802.0,1039.0,4841.0,22855.0,1,0.2367,0.1748,2164.0,0.075
WA,0,Suburb,4456.0,27468.0,0,1,3.56,87.0,Regional Comprehensive,42739.0,242.0,3,1.0,0.0,62.5,20057.0,19412.0,39469.0,3270.0,1,0.119,0.9235,0.0,0.0825
TX,0,Suburb,714.0,20834.0,1,1,3.17,74.0,Regional Comprehensive,51293.0,709.6,11,-0.5,0.866,61.9,21430.0,18221.0,39651.0,11642.0,0,0.5588,0.773,10928.0,0.0545
CT,0,City,18476.0,83842.0,0,0,2.85,43.0,Liberal Arts College,85968.0,168.7,5,0.5,-0.866,59.5,26136.0,17207.0,43343.0,42625.0,0,0.5084,0.5042,24149.0,0.0612
TX,0,Town,13477.0,47300.0,1,0,3.67,81.0,R2 Doctoral,60617.0,289.0,3,1.0,0.0,85.1,25830.0,12481.0,38311.0,22306.0,0,0.4716,0.632,8829.0,0.275
CA,0,City,44110.0,164171.0,0,0,3.71,82.0,Regional Comprehensive,41574.0,231.0,2,0.866,0.5,70.4,19352.0,0.0,19352.0,22222.0,0,0.1354,0.4655,0.0,0.0526
OK,0,Suburb,17236.0,77106.0,0,0,3.23,69.0,Regional Comprehensive,40745.0,929.7,1,0.5,0.866,56.4,14167.0,4444.0,18611.0,22134.0,0,0.2871,0.4568,4898.0,0.1429
NY,0,Suburb,-1065.0,15102.0,1,1,3.41,73.0,R1 Research,67700.0,187.2,10,-0.866,0.5,80.9,17828.0,21608.0,39436.0,28264.0,0,1.8715,0.5825,29329.0,0.0726
OH,1,City,13529.0,30213.0,1,0,3.36,59.0,R2 Doctoral,39446.0,76.5,9,-1.0,-0.0,47.8,11861.0,4263.0,16124.0,23322.0,0,0.7719,0.4088,9793.0,0.0385
WV,0,Rural,2538.0,38708.0,1,1,2.98,56.0,Regional Comprehensive,39466.0,122.0,11,-0.5,0.866,55.2,14293.0,16530.0,30823.0,8643.0,0,0.2233,0.781,6105.0,0.2333
KS,0,Town,20248.0,86532.0,0,0,3.11,40.0,Community College,17031.0,56.2,9,-1.0,-0.0,50.7,1210.0,0.0,1210.0,15821.0,0,0.1828,0.071,0.0,0.0465
MO,0,Suburb,8027.0,29496.0,1,1,3.36,69.0,Regional Comprehensive,49530.0,35.6,4,0.866,-0.5,56.3,18950.0,19071.0,38021.0,11509.0,0,0.3902,0.7676,3482.0,0.1316
CA,0,Suburb,14086.0,70265.0,0,0,3.16,63.0,Regional Comprehensive,51951.0,479.2,1,0.5,0.866,56.5,20491.0,5683.0,26174.0,25777.0,0,0.3669,0.5038,11691.0,0.0746
VA,0,Suburb,8263.0,24052.0,0,1,3.1,46.0,Community College,16731.0,44.0,10,-0.866,0.5,71.2,4236.0,2936.0,7172.0,9559.0,0,0.3974,0.4287,1296.0,0.1533
SD,0,Town,15359.0,63225.0,0,0,2.87,46.0,R2 Doctoral,70645.0,277.3,2,0.866,0.5,62.4,20691.0,9200.0,29891.0,40754.0,1,0.6446,0.4231,25395.0,0.1068
NM,0,City,17602.0,82160.0,1,0,3.99,86.0,R1 Research,59081.0,196.1,3,1.0,0.0,95.1,23738.0,11174.0,34912.0,24169.0,0,0.2942,0.5909,6567.0,0.0851
CA,0,Suburb,28268.0,180284.0,0,0,3.02,49.0,Regional Comprehensive,39667.0,332.1,6,0.0,-1.0,48.6,14045.0,1992.0,16037.0,23630.0,0,0.1311,0.4043,0.0,0.0333
IL,0,Suburb,14532.0,75118.0,0,0,3.6,88.0,R1 Research,55013.0,73.8,10,-0.866,0.5,43.5,18432.0,5950.0,24382.0,30631.0,0,0.4078,0.4432,16099.0,0.0568
NY,0,Suburb,6923.0,34960.0,0,1,3.29,72.0,Regional Comprehensive,36870.0,55.2,10,-0.866,0.5,30.9,16551.0,9082.0,25633.0,11237.0,1,0.3214,0.6952,4314.0,0.033
TX,0,Suburb,36773.0,184419.0,0,0,3.47,85.0,R2 Doctoral,62847.0,188.5,3,1.0,0.0,37.1,28853.0,5568.0,34421.0,28426.0,0,0.1541,0.5477,0.0,0.0177
IN,0,City,11882.0,55167.0,0,0,2.21,52.0,R2 Doctoral,53114.0,93.2,1,0.5,0.866,48.6,16116.0,5901.0,22017.0,31097.0,0,0.5637,0.4145,19215.0,0.1778
FL,0,Rural,16509.0,109861.0,0,0,2.1,35.0,R2 Doctoral,55717.0,34.8,4,0.866,-0.5,45.1,12920.0,6984.0,19904.0,35813.0,1,0.326,0.3572,19304.0,0.0268
PA,0,City,2759.0,40486.0,1,1,3.81,66.0,R2 Doctoral,53815.0,970.0,10,-0.866,0.5,47.9,21573.0,22227.0,43800.0,10015.0,0,0.2474,0.8139,7256.0,0.1068
CA,0,City,9955.0,67195.0,0,0,2.89,42.0,Regional Comprehensive,38953.0,55.2,2,0.866,0.5,64.2,11363.0,4435.0,15798.0,23155.0,1,0.3446,0.4056,13200.0,0.0526
NC,0,Suburb,1520.0,35351.0,0,1,2.44,51.0,R1 Research,55938.0,44.6,4,0.866,-0.5,45.1,9846.0,22376.0,32222.0,23716.0,0,0.6709,0.576,22196.0,0.1099
TX,0,Suburb,14820.0,79382.0,0,0,2.89,46.0,Regional Comprehensive,34718.0,98.3,1,0.5,0.866,92.1,10938.0,4982.0,15920.0,18798.0,0,0.2368,0.4586,3978.0,0.2787
OH,1,City,21263.0,112281.0,0,0,3.37,63.0,Liberal Arts College,59255.0,136.7,8,-0.866,-0.5,54.2,25210.0,9417.0,34627.0,24628.0,1,0.2193,0.5844,3365.0,0.0808
TX,0,Suburb,6240.0,44079.0,0,1,1.91,18.0,Liberal Arts College,80163.0,15.0,5,0.5,-0.866,73.3,16499.0,24400.0,40899.0,39264.0,1,0.8908,0.5102,33024.0,0.1628
NE,0,Town,9359.0,42331.0,0,0,2.46,31.0,Regional Comprehensive,40186.0,432.8,8,-0.866,-0.5,40.3,8099.0,5124.0,13223.0,26963.0,0,0.637,0.329,17604.0,0.0606
TX,0,City,19439.0,81382.0,1,0,1.5,20.0,Regional Comprehensive,34192.0,48.7,2,0.866,0.5,58.4,7620.0,3833.0,11453.0,22739.0,1,0.2794,0.335,3300.0,0.06
MI,0,Rural,1513.0,34752.0,0,1,3.31,65.0,Regional Comprehensive,48529.0,167.3,6,0.0,-1.0,63.3,23024.0,22357.0,45381.0,3148.0,1,0.0906,0.9351,1635.0,0.0851
TX,0,Suburb,1248.0,21101.0,0,1,3.5,99.0,R2 Doctoral,61511.0,62.3,1,0.5,0.866,69.9,29577.0,22934.0,52511.0,9000.0,1,0.4265,0.8537,7752.0,0.1111
CA,0,Suburb,17341.0,81170.0,1,0,2.61,33.0,R1 Research,57947.0,1025.9,3,1.0,0.0,80.5,10070.0,10309.0,20379.0,37568.0,1,0.4628,0.3517,20227.0,0.0652
TX,0,City,12401.0,58248.0,1,0,1.5,,Regional Comprehensive,38886.0,144.4,10,-0.866,0.5,34.9,5476.0,3942.0,9418.0,29468.0,0,0.5059,0.2422,17067.0,0.0312
CA,0,Town,7551.0,57367.0,0,1,1.97,5.0,Community College,20546.0,60.2,4,0.866,-0.5,100.0,0.0,4251.0,4251.0,16295.0,1,0.284,0.2069,8744.0,0.2121
TX,0,Town,22311.0,91599.0,0,0,3.1,49.0,Regional Comprehensive,35550.0,92.4,11,-0.5,0.866,82.2,10603.0,2999.0,13602.0,21948.0,1,0.2396,0.3826,0.0,0.0971
NC,0,City,16677.0,101290.0,0,0,2.21,34.0,R2 Doctoral,46775.0,139.2,9,-1.0,-0.0,59.2,13877.0,6725.0,20602.0,26173.0,0,0.2584,0.4404,9496.0,0.0339
MA,0,City,11473.0,56054.0,0,0,2.8,30.0,R2 Doctoral,63801.0,152.7,4,0.866,-0.5,65.9,14716.0,11989.0,26705.0,37096.0,0,0.6618,0.4186,25623.0,0.0971
CA,0,City,4144.0,28048.0,1,1,3.61,65.0,R1 Research,65791.0,200.8,2,0.866,0.5,69.4,17613.0,28953.0,46566.0,19225.0,0,0.6854,0.7078,15081.0,0.0897
OH,1,City,12066.0,39744.0,1,0,2.78,53.0,Community College,18704.0,36.6,8,-0.866,-0.5,42.9,1400.0,1273.0,2673.0,16031.0,0,0.4034,0.1429,3965.0,0.0645
VA,0,Rural,18556.0,95911.0,0,0,3.4,42.0,Regional Comprehensive,38967.0,29.8,8,-0.866,-0.5,31.6,16831.0,3587.0,20418.0,18549.0,0,0.1934,0.524,0.0,0.0484
FL,0,Suburb,7479.0,69439.0,0,1,2.05,,Community College,21474.0,88.6,4,0.866,-0.5,39.1,2693.0,6248.0,8941.0,12533.0,1,0.1805,0.4164,5054.0,0.0265
PA,0,Suburb,9654.0,42369.0,1,0,3.1,58.0,Community College,18393.0,239.6,1,0.5,0.866,43.5,1103.0,2405.0,3508.0,14885.0,1,0.3513,0.1907,5231.0,0.0566
CA,0,Rural,11826.0,35783.0,0,0,2.05,24.0,Regional Comprehensive,48849.0,62.7,2,0.866,0.5,91.9,10356.0,7422.0,17778.0,31071.0,0,0.8683,0.3639,19245.0,0.0902
FL,0,Town,20510.0,98207.0,1,0,3.35,64.0,Regional Comprehensive,41884.0,256.8,3,1.0,0.0,55.9,18290.0,3186.0,21476.0,20408.0,1,0.2078,0.5127,0.0,0.0909
GA,0,Town,8658.0,53659.0,1,1,3.42,77.0,R2 Doctoral,48121.0,131.0,12,-0.0,1.0,76.4,19867.0,19225.0,39092.0,9029.0,1,0.1683,0.8124,371.0,0.375
SD,0,Suburb,16835.0,108224.0,0,0,3.87,77.0,Regional Comprehensive,43700.0,100.8,9,-1.0,-0.0,50.9,22288.0,5323.0,27611.0,16089.0,1,0.1487,0.6318,0.0,0.1111
VT,0,Suburb,24152.0,118554.0,0,0,3.86,99.0,R2 Doctoral,49892.0,443.9,9,-1.0,-0.0,53.1,22151.0,4354.0,26505.0,23387.0,0,0.1973,0.5312,0.0,0.0476
ME,0,City,9438.0,50249.0,0,0,2.38,43.0,Regional Comprehensive,41882.0,20.4,2,0.866,0.5,57.3,11878.0,4925.0,16803.0,25079.0,0,0.4991,0.4012,15641.0,0.1017
OH,1,Suburb,21087.0,124710.0,0,0,1.5,,R2 Doctoral,35849.0,18.0,1,0.5,0.866,52.1,1693.0,3882.0,5575.0,30274.0,1,0.2428,0.1555,9187.0,0.122
CA,0,Suburb,7728.0,69540.0,0,1,2.95,51.0,Regional Comprehensive,38494.0,462.2,12,-0.0,1.0,84.1,15030.0,16463.0,31493.0,7001.0,1,0.1007,0.8181,0.0,0.1389
NY,0,City,15749.0,76327.0,1,0,3.09,33.0,R1 Research,77411.0,865.6,2,0.866,0.5,68.0,15993.0,15032.0,31025.0,46386.0,1,0.6077,0.4008,30637.0,0.1923
FL,0,Suburb,2918.0,13018.0,0,1,2.13,34.0,Regional Comprehensive,46345.0,1397.1,6,0.0,-1.0,83.2,11994.0,15781.0,27775.0,18570.0,0,1.4265,0.5993,15652.0,0.2632
CA,0,Suburb,2309.0,31286.0,0,1,3.64,63.0,R1 Research,61365.0,133.6,8,-0.866,-0.5,60.4,16850.0,27229.0,44079.0,17286.0,1,0.5525,0.7183,14977.0,0.0874
CA,0,Suburb,4053.0,32532.0,0,1,3.08,51.0,Liberal Arts College,93072.0,204.9,4,0.866,-0.5,85.4,32266.0,33077.0,65343.0,27729.0,0,0.8524,0.7021,23676.0,0.0947
GA,0,City,10158.0,50040.0,1,0,2.6,36.0,Regional Comprehensive,40869.0,298.9,1,0.5,0.866,68.2,12737.0,5080.0,17817.0,23052.0,0,0.4607,0.436,12894.0,0.0923
PA,0,Suburb,12838.0,68346.0,1,0,2.48,17.0,Liberal Arts College,83653.0,483.3,2,0.866,0.5,60.8,15311.0,17984.0,33295.0,50358.0,0,0.7368,0.398,37520.0,0.1944
TX,0,Suburb,13392.0,70388.0,0,0,2.32,18.0,R1 Research,46808.0,176.0,11,-0.5,0.866,27.1,7969.0,8166.0,16135.0,30673.0,0,0.4358,0.3447,17281.0,0.0152
MO,0,Town,15045.0,77322.0,0,0,2.28,32.0,Regional Comprehensive,42884.0,335.1,4,0.866,-0.5,73.2,9169.0,7285.0,16454.0,26430.0,1,0.3418,0.3837,11385.0,0.2037
PA,0,Town,879.0,38439.0,0,1,1.71,,R2 Doctoral,43785.0,205.3,12,-0.0,1.0,80.3,3630.0,22164.0,25794.0,17991.0,1,0.468,0.5891,17112.0,0.1765
OR,0,City,30214.0,103547.0,0,0,2.47,46.0,Regional Comprehensive,40296.0,219.2,1,0.5,0.866,80.5,13737.0,2502.0,16239.0,24057.0,0,0.2323,0.403,0.0,0.1296
FL,0,City,33060.0,231582.0,0,0,3.55,86.0,Regional Comprehensive,46053.0,48.3,1,0.5,0.866,54.9,21807.0,3053.0,24860.0,21193.0,1,0.0915,0.5398,0.0,0.0312
MI,0,Suburb,5779.0,48806.0,1,1,2.7,33.0,Regional Comprehensive,45532.0,89.7,6,0.0,-1.0,76.5,13123.0,11461.0,24584.0,20948.0,0,0.4292,0.5399,15169.0,0.0448
TX,0,City,3242.0,39033.0,1,1,2.78,41.0,R1 Research,63511.0,73.2,2,0.866,0.5,46.6,13124.0,18948.0,32072.0,31439.0,0,0.8054,0.505,28197.0,0.0741
NC,0,Suburb,12728.0,38429.0,1,0,3.0,49.0,Community College,18669.0,36.4,5,0.5,-0.866,44.8,0.0,1049.0,1049.0,17620.0,0,0.4585,0.0562,4892.0,0.1892
TX,0,Rural,12937.0,66939.0,0,0,2.94,47.0,Regional Comprehensive,45577.0,22.4,3,1.0,0.0,48.4,17782.0,4919.0,22701.0,22876.0,1,0.3417,0.4981,9939.0,0.0595
TX,0,City,8995.0,43107.0,1,0,2.65,61.0,Liberal Arts College,68853.0,81.2,2,0.866,0.5,53.5,25147.0,10117.0,35264.0,33589.0,0,0.7792,0.5122,24594.0,0.0462
WA,0,Suburb,2344.0,18109.0,0,1,1.79,12.0,R2 Doctoral,59002.0,96.0,1,0.5,0.866,73.3,8744.0,18122.0,26866.0,32136.0,0,1.7746,0.4553,29792.0,0.2727
FL,0,Town,6718.0,22052.0,1,1,3.61,57.0,Liberal Arts College,76622.0,141.5,4,0.866,-0.5,78.9,29121.0,38259.0,67380.0,9242.0,0,0.4191,0.8794,2524.0,0.0813
TX,0,Suburb,33722.0,131208.0,0,0,1.5,,Community College,17207.0,227.1,1,0.5,0.866,55.3,734.0,0.0,734.0,16473.0,1,0.1255,0.0427,0.0,0.1273
MS,0,City,33215.0,158402.0,1,0,2.84,43.0,Community College,23131.0,154.4,7,-0.5,-0.866,90.0,4255.0,0.0,4255.0,18876.0,1,0.1192,0.184,0.0,0.4375
CA,0,City,36565.0,199171.0,0,0,3.25,70.0,Liberal Arts College,71252.0,96.7,2,0.866,0.5,52.6,27547.0,5131.0,32678.0,38574.0,1,0.1937,0.4586,2009.0,0.1667
NJ,0,Rural,14162.0,74083.0,1,0,2.85,73.0,Regional Comprehensive,39383.0,48.5,1,0.5,0.866,87.8,15470.0,6107.0,21577.0,17806.0,0,0.2404,0.5479,3644.0,0.0792
NJ,0,City,4306.0,30839.0,1,1,3.18,72.0,R2 Doctoral,60867.0,318.2,10,-0.866,0.5,52.1,21985.0,19312.0,41297.0,19570.0,0,0.6346,0.6785,15264.0,0.0541
FL,0,Suburb,5632.0,45919.0,1,1,2.51,35.0,R2 Doctoral,58700.0,113.9,11,-0.5,0.866,58.0,10629.0,27805.0,38434.0,20266.0,0,0.4413,0.6548,14634.0,0.0926
GA,0,Town,-1500.0,21508.0,0,1,3.6,67.0,Liberal Arts College,54938.0,80.3,1,0.5,0.866,64.0,23691.0,30426.0,52191.0,2747.0,1,0.1277,0.95,4247.0,0.3333
CA,0,City,3294.0,20920.0,1,1,2.4,51.0,R2 Doctoral,43078.0,104.2,12,-0.0,1.0,72.0,11847.0,18722.0,30569.0,12509.0,1,0.5979,0.7096,9215.0,0.08
MO,0,Town,15093.0,75644.0,0,0,2.84,45.0,R2 Doctoral,57808.0,58.7,3,1.0,0.0,57.4,17492.0,7851.0,25343.0,32465.0,0,0.4292,0.4384,17372.0,0.1053
FL,0,City,13222.0,92789.0,1,0,2.52,18.0,R2 Doctoral,50712.0,72.6,1,0.5,0.866,36.6,9294.0,9649.0,18943.0,31769.0,0,0.3424,0.3735,18547.0,0.0296
TX,0,City,53607.0,257823.0,0,0,3.67,85.0,Regional Comprehensive,45576.0,70.2,3,1.0,0.0,74.8,20725.0,0.0,20725.0,24851.0,1,0.0964,0.4547,0.0,0.2564
NY,0,Suburb,4836.0,59289.0,1,1,3.14,44.0,Regional Comprehensive,42420.0,93.7,4,0.866,-0.5,64.0,15014.0,15799.0,30813.0,11607.0,1,0.1958,0.7264,6771.0,0.0952
IA,0,Rural,2640.0,23679.0,0,1,3.97,99.0,Liberal Arts College,80535.0,252.2,2,0.866,0.5,93.2,40213.0,22732.0,62945.0,17590.0,1,0.7429,0.7816,14950.0,0.1406
SC,0,City,13091.0,57654.0,1,0,2.38,26.0,Regional Comprehensive,47612.0,194.3,9,-1.0,-0.0,36.3,12489.0,7255.0,19744.0,27868.0,1,0.4834,0.4147,14777.0,0.0706
NM,0,City,8978.0,51361.0,0,0,2.27,23.0,Regional Comprehensive,35756.0,642.9,1,0.5,0.866,59.1,9146.0,4797.0,13943.0,21813.0,0,0.4247,0.3899,12835.0,0.25
MA,0,Rural,5773.0,44193.0,0,1,3.73,47.0,Community College,16044.0,452.2,10,-0.866,0.5,25.7,5149.0,5009.0,10158.0,5886.0,1,0.1332,0.6331,113.0,0.0174
TN,0,City,9676.0,80620.0,1,0,3.34,82.0,R2 Doctoral,64523.0,988.4,3,1.0,0.0,66.8,27935.0,12411.0,40346.0,24177.0,1,0.2999,0.6253,14501.0,0.0201
NC,0,Rural,6107.0,26254.0,0,1,2.29,13.0,Regional Comprehensive,46194.0,227.9,12,-0.0,1.0,54.7,9620.0,16324.0,25944.0,20250.0,0,0.7713,0.5616,14143.0,0.12
IA,0,Suburb,14571.0,69156.0,0,0,3.2,53.0,Regional Comprehensive,47343.0,224.1,3,1.0,0.0,86.2,17547.0,7577.0,25124.0,22219.0,1,0.3213,0.5307,7648.0,0.2576
MI,0,Suburb,18571.0,100622.0,0,0,1.68,7.0,Regional Comprehensive,54666.0,75.9,1,0.5,0.866,71.5,9019.0,6617.0,15636.0,39030.0,1,0.3879,0.286,20459.0,0.0521
PA,0,Town,22571.0,174942.0,0,0,3.24,62.0,Community College,21535.0,301.6,3,1.0,0.0,51.8,3098.0,0.0,3098.0,18437.0,1,0.1054,0.1439,0.0,0.0615
AZ,0,Town,5128.0,78706.0,1,1,2.66,72.0,R1 Research,71500.0,63.6,3,1.0,0.0,66.6,18053.0,24903.0,42956.0,28544.0,1,0.3627,0.6008,23416.0,0.0455
NJ,0,City,35052.0,133392.0,0,0,3.38,47.0,Community College,15753.0,27.1,2,0.866,0.5,79.6,0.0,0.0,0.0,15753.0,1,0.1181,0.0,0.0,0.0722
TX,0,Rural,6883.0,45725.0,1,1,3.34,63.0,Regional Comprehensive,50395.0,629.2,8,-0.866,-0.5,28.8,24422.0,13777.0,38199.0,12196.0,1,0.2667,0.758,5313.0,0.031
IL,0,Rural,12958.0,50560.0,0,0,2.04,29.0,Community College,22065.0,34.1,5,0.5,-0.866,68.9,3132.0,1916.0,5048.0,17017.0,1,0.3366,0.2288,4059.0,0.1011
NY,0,Rural,63262.0,166117.0,0,0,2.98,48.0,Regional Comprehensive,45597.0,200.9,11,-0.5,0.866,40.9,16915.0,0.0,16915.0,28682.0,1,0.1727,0.371,0.0,0.0577
KY,0,Suburb,-1500.0,23446.0,1,1,3.58,77.0,R2 Doctoral,67138.0,50.3,5,0.5,-0.866,56.6,27137.0,36420.0,63557.0,3581.0,1,0.1527,0.9467,5081.0,0.0435
IL,0,Suburb,5553.0,47086.0,1,1,1.99,50.0,Regional Comprehensive,46273.0,413.6,5,0.5,-0.866,63.5,16015.0,14977.0,30992.0,15281.0,1,0.3245,0.6698,9728.0,0.087
AL,0,Suburb,23099.0,141844.0,0,0,2.69,44.0,Community College,19164.0,477.2,2,0.866,0.5,34.6,3177.0,0.0,3177.0,15987.0,0,0.1127,0.1658,0.0,0.0357
OH,1,City,6695.0,54068.0,1,1,2.69,61.0,R1 Research,68806.0,63.9,6,0.0,-1.0,35.2,14696.0,22994.0,37690.0,31116.0,1,0.5755,0.5478,24421.0,0.0594
WI,0,Suburb,8237.0,51245.0,0,1,3.51,83.0,Community College,20236.0,469.0,7,-0.5,-0.866,69.1,2566.0,5291.0,7857.0,12379.0,1,0.2416,0.3883,4142.0,0.1522
TX,0,Suburb,11312.0,51998.0,0,0,3.45,82.0,Regional Comprehensive,48433.0,127.7,1,0.5,0.866,55.2,24243.0,5556.0,29799.0,18634.0,0,0.3584,0.6153,7322.0,0.0617
AR,0,Suburb,10984.0,68484.0,0,0,3.36,66.0,Community College,13624.0,1323.1,1,0.5,0.866,62.1,3579.0,390.0,3969.0,9655.0,0,0.141,0.2913,0.0,0.0632
NC,0,Suburb,17922.0,137583.0,0,0,3.65,59.0,Community College,19898.0,277.4,2,0.866,0.5,66.0,2114.0,435.0,2549.0,17349.0,0,0.1261,0.1281,0.0,0.1212
FL,0,Suburb,28502.0,122449.0,1,0,1.51,13.0,R1 Research,67498.0,49.2,5,0.5,-0.866,40.8,8754.0,7359.0,16113.0,51385.0,1,0.4196,0.2387,22883.0,0.029
FL,0,Suburb,15632.0,63465.0,0,0,3.47,80.0,Regional Comprehensive,42454.0,136.3,5,0.5,-0.866,45.8,18136.0,5340.0,23476.0,18978.0,0,0.299,0.553,3346.0,0.0236
FL,0,Suburb,30933.0,138209.0,0,0,2.87,57.0,Regional Comprehensive,43930.0,108.0,2,0.866,0.5,45.8,15699.0,2703.0,18402.0,25528.0,0,0.1847,0.4189,0.0,0.2
PA,0,Rural,16327.0,80506.0,0,0,2.59,37.0,Community College,17258.0,97.4,2,0.866,0.5,20.0,1206.0,188.0,1394.0,15864.0,0,0.1971,0.0808,0.0,0.0256
MO,0,Town,24483.0,116841.0,0,0,3.47,64.0,R2 Doctoral,60301.0,22.2,1,0.5,0.866,59.2,23490.0,5752.0,29242.0,31059.0,0,0.2658,0.4849,6576.0,0.2105
NM,0,City,5522.0,30019.0,0,1,2.93,70.0,Community College,15971.0,190.2,2,0.866,0.5,58.9,3920.0,5542.0,9462.0,6509.0,0,0.2168,0.5924,987.0,0.0488
TN,0,City,37364.0,220083.0,0,0,3.01,60.0,R1 Research,55671.0,29.6,3,1.0,0.0,69.5,16159.0,3024.0,19183.0,36488.0,1,0.1658,0.3446,0.0,0.0552
NJ,0,Suburb,20089.0,73759.0,0,0,3.38,46.0,Regional Comprehensive,44310.0,15.0,5,0.5,-0.866,65.5,14314.0,4587.0,18901.0,25409.0,1,0.3445,0.4266,5320.0,0.1321
GA,0,Suburb,-79.0,8701.0,1,1,3.05,56.0,Regional Comprehensive,50981.0,88.3,10,-0.866,0.5,27.5,19407.0,20246.0,39653.0,11328.0,0,1.3019,0.7778,11407.0,0.0721
LA,0,Town,58335.0,207910.0,0,0,3.0,51.0,Regional Comprehensive,42606.0,57.3,5,0.5,-0.866,28.4,12974.0,0.0,12974.0,29632.0,1,0.1425,0.3045,0.0,0.0357
KY,0,City,12401.0,63173.0,1,0,3.48,39.0,R1 Research,69553.0,51.3,4,0.866,-0.5,52.9,16681.0,8840.0,25521.0,44032.0,1,0.697,0.3669,31631.0,0.0455
NY,0,City,5917.0,47346.0,0,1,3.8,76.0,Regional Comprehensive,43671.0,15.0,2,0.866,0.5,65.6,23678.0,12946.0,36624.0,7047.0,1,0.1488,0.8386,1130.0,0.0972
NE,0,Suburb,7458.0,40697.0,0,1,2.06,53.0,R2 Doctoral,71070.0,51.9,3,1.0,0.0,51.7,21026.0,32276.0,53302.0,17768.0,0,0.4366,0.75,10310.0,0.3
IL,0,Town,17154.0,86374.0,0,0,2.18,,Regional Comprehensive,49220.0,105.6,6,0.0,-1.0,44.2,8513.0,7434.0,15947.0,33273.0,1,0.3852,0.324,16119.0,0.0355
SC,0,Rural,2199.0,33202.0,1,1,2.58,24.0,Regional Comprehensive,42284.0,65.1,5,0.5,-0.866,86.9,11098.0,11298.0,22396.0,19888.0,1,0.599,0.5297,17689.0,0.1857
ID,0,Rural,6610.0,41549.0,1,1,2.59,8.0,Community College,18473.0,190.3,2,0.866,0.5,76.2,915.0,5646.0,6561.0,11912.0,0,0.2867,0.3552,5302.0,0.0473
MO,0,Suburb,7374.0,42274.0,1,1,2.68,22.0,R1 Research,64883.0,546.8,9,-1.0,-0.0,72.3,10962.0,21493.0,32455.0,32428.0,1,0.7671,0.5002,25054.0,0.0316
TX,0,Town,16093.0,51000.0,0,0,2.96,30.0,Regional Comprehensive,53367.0,217.9,10,-0.866,0.5,60.9,17902.0,9327.0,27229.0,26138.0,1,0.5125,0.5102,10045.0,0.0495
VA,0,City,10929.0,43436.0,1,0,3.64,64.0,Community College,15146.0,372.3,12,-0.0,1.0,37.0,720.0,653.0,1373.0,13773.0,1,0.3171,0.0907,2844.0,0.1
CA,0,Suburb,27460.0,116311.0,0,0,2.71,66.0,Regional Comprehensive,40580.0,406.0,11,-0.5,0.866,67.0,15062.0,2537.0,17599.0,22981.0,1,0.1976,0.4337,0.0,0.0608
MN,0,Rural,17072.0,76509.0,0,0,3.42,83.0,R1 Research,79958.0,43.5,1,0.5,0.866,100.0,25493.0,13016.0,38509.0,41449.0,1,0.5418,0.4816,24377.0,0.4286
NY,0,Suburb,24399.0,83532.0,1,0,2.67,39.0,Community College,23247.0,200.9,3,1.0,0.0,75.9,1043.0,0.0,1043.0,22204.0,0,0.2658,0.0449,0.0,0.0891
IN,0,Rural,23453.0,97698.0,0,0,3.33,89.0,Regional Comprehensive,44909.0,360.2,1,0.5,0.866,61.0,22762.0,5856.0,28618.0,16291.0,0,0.1667,0.6372,0.0,0.0427
NV,0,City,14107.0,58863.0,1,0,3.18,56.0,Regional Comprehensive,43746.0,80.2,8,-0.866,-0.5,32.8,19120.0,5925.0,25045.0,18701.0,1,0.3177,0.5725,4594.0,0.0676
TX,0,City,5118.0,30193.0,1,1,2.9,39.0,Regional Comprehensive,45154.0,55.2,10,-0.866,0.5,45.1,15222.0,16877.0,32099.0,13055.0,0,0.4324,0.7109,7937.0,0.0588
IL,0,Suburb,64606.0,230896.0,0,0,3.24,58.0,R1 Research,72661.0,221.1,4,0.866,-0.5,72.6,18131.0,1597.0,19728.0,52933.0,1,0.2293,0.2715,0.0,0.0495
MA,0,Rural,25661.0,122740.0,0,0,2.81,27.0,Liberal Arts College,97987.0,26.7,1,0.5,0.866,74.4,23963.0,12668.0,36631.0,61356.0,1,0.4999,0.3738,35695.0,0.0662
OH,1,Suburb,34140.0,201035.0,0,0,2.37,7.0,Liberal Arts College,67361.0,11.7,3,1.0,0.0,42.4,9745.0,6285.0,16030.0,51331.0,1,0.2553,0.238,17191.0,0.0234
TX,0,Town,24280.0,132570.0,0,0,3.16,70.0,Regional Comprehensive,43332.0,62.9,1,0.5,0.866,71.5,18111.0,4895.0,23006.0,20326.0,0,0.1533,0.5309,0.0,0.0989
CA,0,City,8823.0,45186.0,0,1,3.45,76.0,Liberal Arts College,80974.0,203.3,1,0.5,0.866,45.4,33338.0,37018.0,70356.0,10618.0,1,0.235,0.8689,1795.0,0.1176
IL,0,Town,-816.0,11608.0,1,1,1.98,,R2 Doctoral,61616.0,159.4,1,0.5,0.866,82.4,7889.0,31294.0,39183.0,22433.0,0,1.9325,0.6359,23249.0,0.2791
MA,0,Suburb,-1500.0,25979.0,0,1,3.1,65.0,R2 Doctoral,50317.0,374.6,1,0.5,0.866,73.7,16258.0,14275.0,30533.0,19784.0,0,0.7615,0.6068,21284.0,0.1074
VA,0,City,24697.0,99538.0,1,0,3.54,82.0,R2 Doctoral,57529.0,48.1,11,-0.5,0.866,75.4,21600.0,6226.0,27826.0,29703.0,1,0.2984,0.4837,5006.0,0.1134
TX,0,Town,13141.0,58498.0,1,0,2.77,38.0,R2 Doctoral,56140.0,45.5,1,0.5,0.866,58.0,11692.0,10109.0,21801.0,34339.0,1,0.587,0.3883,21198.0,0.0952
GA,0,Town,20421.0,46523.0,1,0,2.38,19.0,Regional Comprehensive,39821.0,219.6,2,0.866,0.5,79.0,9811.0,5378.0,15189.0,24632.0,0,0.5295,0.3814,4211.0,0.0685
PA,0,Suburb,6754.0,10438.0,0,1,3.88,99.0,R2 Doctoral,53453.0,54.8,2,0.866,0.5,64.0,23183.0,13266.0,36449.0,17004.0,0,1.629,0.6819,10250.0,0.0923
FL,0,City,11827.0,62352.0,1,0,3.32,73.0,Community College,17793.0,67.2,3,1.0,0.0,72.1,3076.0,865.0,3941.0,13852.0,0,0.2222,0.2215,2025.0,0.0698
MD,0,City,7204.0,28886.0,0,1,3.19,85.0,R1 Research,67519.0,18.0,2,0.866,0.5,63.1,20027.0,19258.0,39285.0,28234.0,0,0.9774,0.5818,21030.0,0.2222
NY,0,Rural,8328.0,37363.0,1,1,2.6,45.0,Community College,23678.0,172.0,2,0.866,0.5,50.3,2590.0,8200.0,10790.0,12888.0,0,0.3449,0.4557,4560.0,0.0522
MI,0,Suburb,13954.0,116085.0,0,0,2.95,30.0,Regional Comprehensive,45087.0,639.2,11,-0.5,0.866,59.7,13196.0,6151.0,19347.0,25740.0,1,0.2217,0.4291,11786.0,0.0909
AR,0,Town,3474.0,30002.0,1,1,3.35,48.0,Regional Comprehensive,46562.0,43.0,6,0.0,-1.0,70.5,17663.0,15949.0,33612.0,12950.0,1,0.4316,0.7219,9476.0,0.24
MI,0,Suburb,9608.0,32136.0,0,0,3.67,78.0,R2 Doctoral,59939.0,370.4,2,0.866,0.5,42.0,25950.0,10121.0,36071.0,23868.0,0,0.7427,0.6018,14260.0,0.0612
WA,0,Town,25358.0,71942.0,1,0,2.26,37.0,Community College,18835.0,119.0,2,0.866,0.5,76.2,423.0,0.0,423.0,18412.0,1,0.2559,0.0225,0.0,0.08
CA,0,City,35792.0,117960.0,0,0,3.52,79.0,R1 Research,67998.0,19.8,3,1.0,0.0,70.3,23685.0,8317.0,32002.0,35996.0,0,0.3052,0.4706,204.0,0.0667
TX,0,Suburb,8846.0,47101.0,0,1,3.3,58.0,R2 Doctoral,64941.0,49.5,3,1.0,0.0,48.8,23240.0,22893.0,46133.0,18808.0,1,0.3993,0.7104,9962.0,0.1628
CA,0,Suburb,47718.0,181026.0,0,0,3.98,70.0,Community College,22744.0,46.4,1,0.5,0.866,67.6,2738.0,0.0,2738.0,20006.0,1,0.1105,0.1204,0.0,0.0694
CO,0,City,7160.0,25068.0,0,1,2.95,72.0,Regional Comprehensive,49081.0,90.9,2,0.866,0.5,50.8,19958.0,20782.0,40740.0,8341.0,1,0.3327,0.8301,1181.0,0.0421
LA,0,City,2027.0,22094.0,1,1,3.15,79.0,R2 Doctoral,55334.0,196.8,10,-0.866,0.5,69.3,21274.0,17308.0,38582.0,16752.0,0,0.7582,0.6973,14725.0,0.1351
TX,0,Suburb,5643.0,20779.0,0,1,3.08,40.0,R2 Doctoral,58105.0,882.9,7,-0.5,-0.866,41.4,15739.0,18262.0,34001.0,24104.0,0,1.16,0.5852,18461.0,0.042
FL,0,Rural,872.0,19157.0,1,1,3.04,65.0,R1 Research,64678.0,28.2,1,0.5,0.866,90.6,14643.0,22755.0,37398.0,27280.0,1,1.424,0.5782,26408.0,0.1647
NY,0,Suburb,16263.0,80203.0,0,0,3.51,78.0,Regional Comprehensive,45446.0,76.2,9,-1.0,-0.0,78.5,19843.0,5182.0,25025.0,20421.0,1,0.2546,0.5507,4158.0,0.042
VA,0,City,9408.0,31132.0,1,0,2.45,43.0,R2 Doctoral,48938.0,49.5,3,1.0,0.0,79.7,10842.0,7445.0,18287.0,30651.0,0,0.9845,0.3737,21243.0,0.1205
AZ,0,Rural,5844.0,22803.0,0,1,1.68,25.0,R2 Doctoral,60783.0,33.5,7,-0.5,-0.866,92.5,9473.0,26604.0,36077.0,24706.0,0,1.0835,0.5935,18862.0,0.1221
IN,0,City,9663.0,82740.0,1,0,3.08,77.0,R1 Research,86811.0,140.1,3,1.0,0.0,90.7,23366.0,19903.0,43269.0,43542.0,0,0.5263,0.4984,33879.0,0.1284
IA,0,City,21076.0,113919.0,1,0,2.33,36.0,Regional Comprehensive,39923.0,126.9,9,-1.0,-0.0,76.5,11922.0,2898.0,14820.0,25103.0,1,0.2204,0.3712,4027.0,0.1538
NY,0,Rural,28398.0,134137.0,0,0,3.3,63.0,Liberal Arts College,94544.0,18.9,6,0.0,-1.0,86.4,36357.0,9630.0,45987.0,48557.0,0,0.362,0.4864,20159.0,0.1905
MA,0,Town,21539.0,118208.0,0,0,3.04,53.0,Liberal Arts College,83264.0,129.1,6,0.0,-1.0,56.1,27487.0,10484.0,37971.0,45293.0,1,0.3832,0.456,23754.0,0.0667
NJ,0,Rural,4469.0,32499.0,1,1,3.32,64.0,R1 Research,64999.0,35.7,10,-0.866,0.5,48.7,16865.0,31525.0,48390.0,16609.0,1,0.5111,0.7445,12140.0,0.1053
NY,0,Town,7045.0,76787.0,1,1,2.69,79.0,Regional Comprehensive,46150.0,128.3,10,-0.866,0.5,76.3,19123.0,13297.0,32420.0,13730.0,1,0.1788,0.7025,6685.0,0.0547
IA,0,Suburb,15607.0,90016.0,1,0,3.31,67.0,Community College,22846.0,480.5,4,0.866,-0.5,62.1,4286.0,1840.0,6126.0,16720.0,0,0.1857,0.2681,1113.0,0.0698
CA,0,City,12804.0,44716.0,0,0,2.52,47.0,Community College,22098.0,206.0,6,0.0,-1.0,74.9,0.0,1424.0,1424.0,20674.0,0,0.4623,0.0644,7870.0,0.0612
MO,0,Suburb,10750.0,70871.0,1,0,2.24,32.0,Community College,22021.0,152.7,3,1.0,0.0,51.1,0.0,1871.0,1871.0,20150.0,1,0.2843,0.085,9400.0,0.0561
MD,0,Rural,6753.0,25561.0,0,1,2.53,24.0,R1 Research,68650.0,72.7,6,0.0,-1.0,46.4,9805.0,24162.0,33967.0,34683.0,0,1.3569,0.4948,27930.0,0.0482
NV,0,Rural,7535.0,40060.0,0,1,3.84,93.0,Community College,16655.0,135.9,2,0.866,0.5,35.6,672.0,4078.0,4750.0,11905.0,0,0.2972,0.2852,4370.0,0.0714
MI,0,Suburb,15699.0,82264.0,1,0,1.5,,Regional Comprehensive,44991.0,228.9,5,0.5,-0.866,43.2,2732.0,6039.0,8771.0,36220.0,1,0.4403,0.195,20521.0,0.036
NY,0,Suburb,29913.0,186359.0,0,0,2.69,31.0,R1 Research,73084.0,206.3,9,-1.0,-0.0,61.8,13568.0,7301.0,20869.0,52215.0,1,0.2802,0.2855,22302.0,0.0486
LA,0,City,39951.0,144212.0,0,0,3.79,93.0,Regional Comprehensive,44033.0,114.2,4,0.866,-0.5,34.7,23343.0,654.0,23997.0,20036.0,1,0.1389,0.545,0.0,0.1538
CO,0,Suburb,18949.0,101298.0,0,0,3.38,53.0,R2 Doctoral,52337.0,159.2,6,0.0,-1.0,40.5,16806.0,6138.0,22944.0,29393.0,1,0.2902,0.4384,10444.0,0.0806
NC,0,Rural,17896.0,66662.0,0,0,3.6,89.0,Liberal Arts College,66906.0,31.8,2,0.866,0.5,47.5,31769.0,11518.0,43287.0,23619.0,1,0.3543,0.647,5723.0,0.1231
CO,0,City,16129.0,59625.0,0,0,3.27,73.0,Community College,20779.0,58.6,9,-1.0,-0.0,48.3,2571.0,688.0,3259.0,17520.0,0,0.2938,0.1568,1391.0,0.04
FL,0,Suburb,3420.0,22197.0,0,1,3.84,99.0,Liberal Arts College,69932.0,266.3,3,1.0,0.0,62.6,34652.0,36469.0,66435.0,3497.0,0,0.1575,0.95,77.0,0.303
VA,0,Rural,4482.0,34490.0,0,1,2.88,57.0,Liberal Arts College,85053.0,306.7,3,1.0,0.0,96.3,28076.0,26376.0,54452.0,30601.0,0,0.8872,0.6402,26119.0,0.0816
OK,0,Suburb,10097.0,35311.0,1,0,2.85,37.0,R1 Research,69305.0,139.8,1,0.5,0.866,81.1,14482.0,13762.0,28244.0,41061.0,0,1.1628,0.4075,30964.0,0.0483
NY,0,Suburb,20121.0,95209.0,1,0,2.68,57.0,Liberal Arts College,76036.0,598.7,1,0.5,0.866,56.2,22986.0,13092.0,36078.0,39958.0,0,0.4197,0.4745,19837.0,0.07
NC,0,Suburb,19780.0,124289.0,0,0,2.4,47.0,R2 Doctoral,48928.0,216.0,1,0.5,0.866,63.2,13125.0,6560.0,19685.0,29243.0,1,0.2353,0.4023,9463.0,0.0563
NM,0,City,21327.0,106973.0,0,0,2.89,62.0,R2 Doctoral,58406.0,99.2,4,0.866,-0.5,50.4,14176.0,7395.0,21571.0,36835.0,1,0.3443,0.3693,15508.0,0.1818
SC,0,City,25110.0,147491.0,1,0,3.23,73.0,Regional Comprehensive,43756.0,35.2,1,0.5,0.866,82.7,19054.0,3543.0,22597.0,21159.0,1,0.1435,0.5164,0.0,0.2459
CT,0,City,20638.0,66305.0,1,0,2.33,10.0,Community College,16308.0,573.9,5,0.5,-0.866,73.3,1413.0,0.0,1413.0,14895.0,0,0.2246,0.0866,0.0,0.119
IL,0,City,5549.0,31017.0,1,1,3.27,76.0,R2 Doctoral,54626.0,284.5,1,0.5,0.866,57.0,19409.0,18989.0,38398.0,16228.0,1,0.5232,0.7029,10679.0,0.0902
VT,0,City,5510.0,60721.0,0,1,3.34,52.0,Community College,16843.0,837.2,5,0.5,-0.866,66.1,3507.0,4023.0,7530.0,9313.0,1,0.1534,0.4471,3803.0,0.1125
TX,0,Suburb,3044.0,37351.0,0,1,2.79,39.0,Regional Comprehensive,37908.0,1232.8,4,0.866,-0.5,68.3,13396.0,13608.0,27004.0,10904.0,1,0.2919,0.7124,7860.0,0.3548
MI,0,City,22555.0,101079.0,0,0,3.14,50.0,R1 Research,78789.0,32.8,2,0.866,0.5,62.9,19375.0,13164.0,32539.0,46250.0,0,0.4576,0.413,23695.0,0.0879
NC,0,Rural,5131.0,48604.0,1,1,2.12,1.0,Liberal Arts College,65519.0,32.9,3,1.0,0.0,72.0,11744.0,22394.0,34138.0,31381.0,0,0.6456,0.521,26250.0,0.2553
SC,0,City,11104.0,58633.0,1,0,3.34,70.0,Liberal Arts College,81539.0,15.0,3,1.0,0.0,75.4,31701.0,15082.0,46783.0,34756.0,0,0.5928,0.5737,23652.0,0.0824
IA,0,Suburb,17544.0,103716.0,0,0,3.75,83.0,Community College,24714.0,332.3,1,0.5,0.866,100.0,4991.0,1959.0,6950.0,17764.0,1,0.1713,0.2812,220.0,0.3953
MD,0,Rural,9005.0,36916.0,0,0,2.73,62.0,R2 Doctoral,50362.0,252.4,3,1.0,0.0,82.6,17960.0,6608.0,24568.0,25794.0,0,0.6987,0.4878,16789.0,0.0687
AZ,0,City,23230.0,126003.0,1,0,2.7,59.0,R1 Research,76196.0,140.4,6,0.0,-1.0,45.0,16543.0,13724.0,30267.0,45929.0,0,0.3645,0.3972,22699.0,0.0571
OH,1,Suburb,2093.0,23855.0,1,1,2.57,41.0,Regional Comprehensive,29172.0,10.1,7,-0.5,-0.866,65.9,8816.0,9474.0,18290.0,10882.0,1,0.4562,0.627,8789.0,0.0787
NC,0,Town,22460.0,78489.0,1,0,3.5,84.0,R2 Doctoral,57495.0,115.4,11,-0.5,0.866,96.1,21629.0,7222.0,28851.0,28644.0,0,0.3649,0.5018,6184.0,0.1489
NC,0,Suburb,14725.0,58956.0,0,0,2.35,29.0,Regional Comprehensive,37028.0,153.8,7,-0.5,-0.866,64.0,10458.0,3691.0,14149.0,22879.0,1,0.3881,0.3821,8154.0,0.0795
CA,0,City,13887.0,114198.0,0,0,3.35,67.0,Regional Comprehensive,46840.0,288.2,4,0.866,-0.5,93.3,22500.0,5590.0,28090.0,18750.0,0,0.1642,0.5997,4863.0,0.0541
NC,0,Town,4192.0,23399.0,0,1,2.18,25.0,Regional Comprehensive,45471.0,168.8,2,0.866,0.5,100.0,9489.0,12713.0,22202.0,23269.0,1,0.9944,0.4883,19077.0,0.1017
OR,0,Suburb,1030.0,20907.0,0,1,3.63,77.0,Community College,25027.0,254.4,3,1.0,0.0,44.3,3475.0,8988.0,12463.0,12564.0,0,0.6009,0.498,11534.0,0.1667
MO,0,Suburb,21757.0,108016.0,0,0,2.73,47.0,R1 Research,53609.0,111.2,12,-0.0,1.0,51.6,10960.0,5090.0,16050.0,37559.0,0,0.3477,0.2994,15802.0,0.0204
SC,0,City,9730.0,47502.0,0,0,2.84,58.0,R2 Doctoral,53100.0,438.1,12,-0.0,1.0,54.2,20223.0,9049.0,29272.0,23828.0,0,0.5016,0.5513,14098.0,0.0435
IL,0,City,7478.0,58960.0,0,1,2.56,22.0,Regional Comprehensive,47056.0,246.0,8,-0.866,-0.5,33.0,10166.0,20267.0,30433.0,16623.0,1,0.2819,0.6467,9145.0,0.0079
MI,0,Town,4594.0,39143.0,0,1,3.61,73.0,Regional Comprehensive,48962.0,36.4,1,0.5,0.866,87.8,21274.0,22820.0,44094.0,4868.0,1,0.1244,0.9006,274.0,0.2254
CA,0,Suburb,26177.0,121446.0,0,0,1.5,8.0,Regional Comprehensive,44443.0,544.9,1,0.5,0.866,69.0,6580.0,4884.0,11464.0,32979.0,1,0.2716,0.2579,6802.0,0.0743
IL,0,City,9527.0,78076.0,0,0,3.2,55.0,Liberal Arts College,89644.0,458.8,12,-0.0,1.0,23.2,31727.0,16520.0,48247.0,41397.0,0,0.5302,0.5382,31870.0,0.0488
GA,0,Suburb,14579.0,74853.0,0,0,3.24,57.0,R1 Research,72579.0,206.6,9,-1.0,-0.0,61.4,22724.0,8474.0,31198.0,41381.0,1,0.5528,0.4298,26802.0,0.1176
FL,0,Rural,3184.0,27116.0,1,1,2.91,65.0,Community College,19339.0,170.1,4,0.866,-0.5,49.9,5213.0,6708.0,11921.0,7418.0,0,0.2736,0.6164,4234.0,0.0448
CA,0,City,15817.0,90317.0,1,0,3.07,48.0,R1 Research,56411.0,723.0,3,1.0,0.0,64.6,14229.0,8225.0,22454.0,33957.0,0,0.376,0.398,18140.0,0.1026
IN,0,City,4899.0,30810.0,0,1,1.68,10.0,Regional Comprehensive,47632.0,22.8,1,0.5,0.866,17.9,8483.0,23363.0,31846.0,15786.0,1,0.5124,0.6686,10887.0,0.0
OH,1,Suburb,11942.0,39177.0,1,0,3.74,85.0,Regional Comprehensive,37825.0,135.0,4,0.866,-0.5,60.8,20245.0,5321.0,25566.0,12259.0,1,0.3129,0.6759,317.0,0.0246
OH,1,Suburb,4141.0,23552.0,0,1,3.09,70.0,R2 Doctoral,36056.0,22.2,6,0.0,-1.0,73.5,14386.0,15158.0,29544.0,6512.0,1,0.2765,0.8194,2371.0,0.1111
FL,0,Suburb,9866.0,56235.0,0,0,3.42,70.0,Regional Comprehensive,43013.0,400.1,1,0.5,0.866,55.2,19760.0,9201.0,28961.0,14052.0,0,0.2499,0.6733,4186.0,0.093
MI,0,Rural,35889.0,135459.0,0,0,3.06,47.0,Regional Comprehensive,38625.0,143.8,3,1.0,0.0,29.0,12010.0,647.0,12657.0,25968.0,1,0.1917,0.3277,0.0,0.0545
OH,1,City,13035.0,74104.0,1,0,2.47,26.0,R1 Research,62180.0,9.9,2,0.866,0.5,64.9,9123.0,12815.0,21938.0,40242.0,1,0.543,0.3528,27207.0,0.0438
GA,0,Suburb,6096.0,45793.0,0,1,3.71,99.0,Regional Comprehensive,44268.0,75.2,10,-0.866,0.5,51.1,25521.0,20655.0,42055.0,2213.0,0,0.0483,0.95,0.0,0.0816
VA,0,Suburb,14681.0,68090.0,1,0,1.9,6.0,Regional Comprehensive,48649.0,370.4,7,-0.5,-0.866,89.6,6663.0,8771.0,15434.0,33215.0,1,0.4878,0.3173,18534.0,0.1364
CA,0,Suburb,18330.0,67819.0,1,0,2.88,43.0,Regional Comprehensive,44653.0,101.6,11,-0.5,0.866,65.7,16527.0,6383.0,22910.0,21743.0,1,0.3206,0.5131,3413.0,0.0977
IA,0,Suburb,20343.0,66011.0,0,0,2.68,37.0,Regional Comprehensive,44565.0,66.0,2,0.866,0.5,57.7,14209.0,4660.0,18869.0,25696.0,1,0.3893,0.4234,5353.0,0.359
CA,0,Town,4956.0,71516.0,1,1,2.57,35.0,Community College,18846.0,65.5,1,0.5,0.866,45.2,0.0,6293.0,6293.0,12553.0,0,0.1755,0.3339,7597.0,0.0367
GA,0,Suburb,3094.0,29768.0,0,1,2.62,35.0,Community College,19423.0,248.7,10,-0.866,0.5,53.9,0.0,8948.0,8948.0,10475.0,0,0.3519,0.4607,7381.0,0.0702
TX,0,Town,8332.0,67962.0,1,1,3.08,65.0,Liberal Arts College,77227.0,796.3,3,1.0,0.0,99.9,26904.0,25259.0,52163.0,25064.0,0,0.3688,0.6755,16732.0,0.1364
MI,0,City,3010.0,17787.0,1,1,3.49,75.0,Community College,20063.0,15.0,5,0.5,-0.866,70.0,3911.0,5820.0,9731.0,10332.0,0,0.5809,0.485,7322.0,0.0556
NY,0,Suburb,25683.0,95268.0,0,0,3.96,84.0,Regional Comprehensive,51425.0,2398.4,7,-0.5,-0.866,69.2,28397.0,6377.0,34774.0,16651.0,0,0.1748,0.6762,0.0,0.1354
OR,0,Suburb,12042.0,28453.0,0,0,3.84,96.0,R2 Doctoral,61849.0,156.9,5,0.5,-0.866,14.7,28141.0,7436.0,35577.0,26272.0,0,0.9233,0.5752,14230.0,0.02
IL,0,Suburb,24176.0,146953.0,1,0,2.92,56.0,Regional Comprehensive,52902.0,233.0,9,-1.0,-0.0,76.1,19283.0,6854.0,26137.0,26765.0,0,0.1821,0.4941,2589.0,0.1203
AZ,0,City,-91.0,10823.0,1,1,2.47,52.0,Liberal Arts College,65307.0,80.1,1,0.5,0.866,68.5,19999.0,29046.0,49045.0,16262.0,0,1.5025,0.751,16353.0,0.0656
FL,0,Rural,58823.0,210152.0,1,0,3.34,72.0,Liberal Arts College,69437.0,126.2,1,0.5,0.866,67.2,29663.0,2376.0,32039.0,37398.0,1,0.178,0.4614,0.0,0.1475
CA,0,Rural,3983.0,19337.0,0,1,3.47,71.0,Regional Comprehensive,49991.0,155.1,2,0.866,0.5,65.0,21861.0,17534.0,39395.0,10596.0,0,0.548,0.788,6613.0,0.0534
IL,0,Town,11872.0,26530.0,0,0,3.2,60.0,R2 Doctoral,49931.0,42.1,4,0.866,-0.5,63.7,17527.0,5598.0,23125.0,26806.0,1,1.0104,0.4631,14934.0,0.1212
MI,0,Rural,10862.0,78067.0,0,0,3.38,71.0,R2 Doctoral,65719.0,54.4,8,-0.866,-0.5,51.9,24622.0,12380.0,37002.0,28717.0,0,0.3679,0.563,17855.0,0.042
GA,0,City,24133.0,98270.0,0,0,1.99,21.0,R2 Doctoral,52939.0,439.5,9,-1.0,-0.0,46.7,6756.0,5139.0,11895.0,41044.0,1,0.4177,0.2247,16911.0,0.0484
WV,0,Suburb,8691.0,51327.0,1,1,3.55,76.0,Regional Comprehensive,44349.0,24.8,4,0.866,-0.5,38.8,22750.0,14708.0,37458.0,6891.0,0,0.1343,0.8446,0.0,0.042
MO,0,Suburb,26938.0,119692.0,0,0,2.54,32.0,Regional Comprehensive,43327.0,201.3,9,-1.0,-0.0,48.9,12179.0,3798.0,15977.0,27350.0,0,0.2285,0.3688,412.0,0.0976
AK,0,Rural,9654.0,35471.0,1,0,2.54,46.0,Liberal Arts College,77122.0,85.9,5,0.5,-0.866,83.2,21814.0,11532.0,33346.0,43776.0,1,1.2341,0.4324,34122.0,0.0519
NY,0,City,12289.0,47203.0,0,0,2.08,26.0,Liberal Arts College,93580.0,46.2,2,0.866,0.5,51.9,17943.0,12915.0,30858.0,62722.0,0,1.3288,0.3297,50433.0,0.0621
MN,0,City,9708.0,50640.0,0,0,2.29,28.0,R2 Doctoral,63909.0,1004.6,8,-0.866,-0.5,70.8,12136.0,9704.0,21840.0,42069.0,0,0.8307,0.3417,32361.0,0.1628
NJ,0,Suburb,3690.0,42717.0,0,1,2.44,42.0,Liberal Arts College,96574.0,46.5,5,0.5,-0.866,39.9,24046.0,41716.0,65762.0,30812.0,0,0.7213,0.6809,27122.0,0.0403
WA,0,City,4213.0,15637.0,1,1,3.74,82.0,Regional Comprehensive,55268.0,38.7,4,0.866,-0.5,39.7,25833.0,24257.0,50090.0,5178.0,1,0.3311,0.9063,965.0,0.037
DE,0,Town,17803.0,61836.0,0,0,3.87,88.0,R1 Research,67875.0,104.1,9,-1.0,-0.0,47.9,22322.0,7452.0,29774.0,38101.0,1,0.6162,0.4387,20298.0,0.087
MA,0,City,10108.0,57942.0,0,0,3.81,94.0,Regional Comprehensive,40447.0,56.5,1,0.5,0.866,79.4,20867.0,5435.0,26302.0,14145.0,0,0.2441,0.6503,4037.0,0.0855
IA,0,Suburb,27202.0,136802.0,1,0,3.26,75.0,Liberal Arts College,78640.0,127.6,2,0.866,0.5,39.4,34350.0,13981.0,48331.0,30309.0,1,0.2216,0.6146,3107.0,0.0233
MD,0,Rural,7314.0,24937.0,0,1,3.4,79.0,Liberal Arts College,80259.0,149.2,6,0.0,-1.0,90.2,35382.0,23250.0,58632.0,21627.0,0,0.8673,0.7305,14313.0,0.0965
TX,0,Suburb,6982.0,39721.0,1,1,3.39,60.0,R2 Doctoral,47163.0,162.1,2,0.866,0.5,100.0,15094.0,21092.0,36186.0,10977.0,1,0.2764,0.7673,3995.0,0.2198
IN,0,City,26411.0,149719.0,0,0,2.31,34.0,Regional Comprehensive,48573.0,111.2,1,0.5,0.866,75.5,10198.0,3128.0,13326.0,35247.0,1,0.2354,0.2743,8836.0,0.0537
NC,0,City,13976.0,77743.0,1,0,1.5,,Liberal Arts College,66592.0,60.6,12,-0.0,1.0,47.2,5354.0,11421.0,16775.0,49817.0,0,0.6408,0.2519,35841.0,0.2045
AR,0,City,21550.0,93485.0,0,0,3.47,78.0,R1 Research,68320.0,249.0,11,-0.5,0.866,45.3,23436.0,12128.0,35564.0,32756.0,1,0.3504,0.5206,11206.0,0.1558
SC,0,City,7789.0,87245.0,0,1,2.33,53.0,Community College,20859.0,112.7,3,1.0,0.0,48.6,2949.0,6988.0,9937.0,10922.0,0,0.1252,0.4764,3133.0,0.1556
CA,0,Suburb,17748.0,87524.0,1,0,3.59,75.0,R1 Research,76272.0,75.3,1,0.5,0.866,54.4,23433.0,11834.0,35267.0,41005.0,0,0.4685,0.4624,23257.0,0.1
TX,0,Suburb,48732.0,233551.0,0,0,3.18,62.0,R2 Doctoral,56450.0,599.4,9,-1.0,-0.0,51.7,19282.0,2123.0,21405.0,35045.0,0,0.1501,0.3792,0.0,0.0759
CA,0,City,17433.0,67232.0,0,0,2.76,39.0,Regional Comprehensive,46091.0,111.6,9,-1.0,-0.0,22.7,15773.0,7925.0,23698.0,22393.0,0,0.3331,0.5142,4960.0,0.0625
NC,0,City,6239.0,30389.0,1,1,1.69,3.0,Regional Comprehensive,47954.0,398.8,2,0.866,0.5,72.2,6081.0,14135.0,20216.0,27738.0,0,0.9128,0.4216,21499.0,0.1842
CA,0,Rural,19015.0,99701.0,0,0,3.02,47.0,Regional Comprehensive,42288.0,459.5,8,-0.866,-0.5,36.1,18079.0,3423.0,21502.0,20786.0,1,0.2085,0.5085,1771.0,0.0476
MD,0,City,10333.0,41860.0,0,0,2.28,14.0,Regional Comprehensive,46476.0,489.8,1,0.5,0.866,47.3,9437.0,8621.0,18058.0,28418.0,0,0.6789,0.3885,18085.0,0.1
NJ,0,Suburb,13460.0,58154.0,1,0,3.18,36.0,Community College,18989.0,261.8,3,1.0,0.0,51.3,451.0,1100.0,1551.0,17438.0,0,0.2999,0.0817,3978.0,0.0511
LA,0,Suburb,19245.0,82169.0,1,0,2.04,9.0,Community College,19346.0,126.6,1,0.5,0.866,73.3,0.0,24.0,24.0,19322.0,1,0.2351,0.0012,77.0,0.1034
NY,0,City,4109.0,34844.0,0,1,1.5,,Liberal Arts College,88579.0,118.5,10,-0.866,0.5,74.6,9615.0,23824.0,33439.0,55140.0,0,1.5825,0.3775,51031.0,0.1395
MI,0,Rural,5891.0,43590.0,1,1,2.13,21.0,Regional Comprehensive,46293.0,98.1,2,0.866,0.5,47.6,9453.0,12362.0,21815.0,24478.0,0,0.5616,0.4712,18587.0,0.0556
CA,0,City,14528.0,88664.0,1,0,2.46,27.0,Regional Comprehensive,51408.0,15.0,1,0.5,0.866,88.5,11561.0,8078.0,19639.0,31769.0,0,0.3583,0.382,17241.0,0.0763
CT,0,Suburb,6974.0,42403.0,1,1,2.8,61.0,Regional Comprehensive,42773.0,269.5,1,0.5,0.866,46.6,16901.0,12607.0,29508.0,13265.0,0,0.3128,0.6899,6291.0,0.129
TX,0,Suburb,29388.0,126860.0,0,0,3.29,69.0,Liberal Arts College,76074.0,163.8,1,0.5,0.866,49.7,30602.0,9284.0,39886.0,36188.0,0,0.2853,0.5243,6800.0,0.0421
CA,0,Town,5533.0,30945.0,0,1,2.86,59.0,Liberal Arts College,61785.0,301.5,1,0.5,0.866,78.9,20529.0,22463.0,42992.0,18793.0,1,0.6073,0.6958,13260.0,0.3889
TX,0,Suburb,8405.0,30870.0,0,1,2.74,58.0,R1 Research,63338.0,112.1,3,1.0,0.0,31.1,15590.0,24678.0,40268.0,23070.0,1,0.7473,0.6358,14665.0,0.0588
SC,0,Town,44087.0,248292.0,0,0,3.49,92.0,Liberal Arts College,73261.0,254.7,1,0.5,0.866,52.9,34198.0,6071.0,40269.0,32992.0,0,0.1329,0.5497,0.0,0.0923
CA,0,Suburb,1318.0,20915.0,1,1,1.84,24.0,R2 Doctoral,58844.0,29.8,8,-0.866,-0.5,43.8,11273.0,28472.0,39745.0,19099.0,0,0.9132,0.6754,17781.0,0.0
WA,0,Suburb,15827.0,61745.0,0,0,2.41,21.0,Regional Comprehensive,42750.0,37.1,4,0.866,-0.5,51.9,9994.0,4069.0,14063.0,28687.0,0,0.4646,0.329,12860.0,0.0571
WI,0,Town,44569.0,238725.0,0,0,3.42,82.0,Liberal Arts College,66102.0,15.0,10,-0.866,0.5,42.3,28513.0,3292.0,31805.0,34297.0,1,0.1437,0.4812,0.0,0.037
WI,0,Suburb,19298.0,61661.0,0,0,2.87,54.0,Community College,19861.0,110.0,10,-0.866,0.5,23.4,3970.0,122.0,4092.0,15769.0,1,0.2557,0.206,0.0,0.0111
TX,0,Suburb,40757.0,165989.0,0,0,2.49,53.0,R1 Research,57005.0,56.3,8,-0.866,-0.5,67.4,10827.0,4196.0,15023.0,41982.0,0,0.2529,0.2635,1225.0,0.1392
CA,0,City,16467.0,100688.0,1,0,3.94,91.0,Regional Comprehensive,37667.0,49.1,1,0.5,0.866,73.0,18130.0,5445.0,23575.0,14092.0,0,0.14,0.6259,0.0,0.0374
GA,0,City,14414.0,62618.0,0,0,3.39,85.0,R1 Research,64626.0,180.1,3,1.0,0.0,77.1,19800.0,8825.0,28625.0,36001.0,1,0.5749,0.4429,21587.0,0.0656
TX,0,Suburb,16829.0,57293.0,0,0,3.3,68.0,Liberal Arts College,80952.0,81.1,11,-0.5,0.866,46.4,29240.0,15866.0,45106.0,35846.0,0,0.6257,0.5572,19017.0,0.1707
IN,0,City,5984.0,13685.0,0,1,3.1,61.0,R1 Research,64158.0,28.1,8,-0.866,-0.5,54.8,14443.0,21554.0,35997.0,28161.0,0,2.0578,0.5611,22177.0,0.0897
PA,0,Suburb,3601.0,50023.0,0,1,2.43,42.0,R1 Research,72873.0,1833.3,4,0.866,-0.5,76.2,13793.0,29759.0,43552.0,29321.0,0,0.5862,0.5976,25720.0,0.1379
GA,0,City,16538.0,74399.0,0,0,2.97,50.0,R1 Research,78749.0,121.9,4,0.866,-0.5,64.1,18548.0,9472.0,28020.0,50729.0,0,0.6819,0.3558,34191.0,0.2115
CA,0,Suburb,9989.0,74369.0,1,0,1.5,5.0,Liberal Arts College,81713.0,40.6,2,0.866,0.5,82.2,8760.0,13571.0,22331.0,59382.0,1,0.7985,0.2733,49393.0,0.0476
NJ,0,Town,73844.0,371542.0,0,0,3.22,44.0,R1 Research,87557.0,62.7,10,-0.866,0.5,69.7,21295.0,3691.0,24986.0,62571.0,1,0.1684,0.2854,0.0,0.069
TX,0,Suburb,13502.0,77056.0,1,0,3.08,64.0,Regional Comprehensive,45737.0,105.6,11,-0.5,0.866,58.6,17623.0,7367.0,24990.0,20747.0,1,0.2692,0.5464,7245.0,0.0159
TN,0,Suburb,11343.0,99082.0,0,0,3.89,72.0,R1 Research,84821.0,105.4,6,0.0,-1.0,60.0,24331.0,13703.0,38034.0,46787.0,0,0.4722,0.4484,35444.0,0.2812
CA,0,City,34516.0,145623.0,0,0,3.59,85.0,Regional Comprehensive,47810.0,497.3,12,-0.0,1.0,51.7,24755.0,2544.0,27299.0,20511.0,1,0.1409,0.571,0.0,0.087
ME,0,City,16249.0,92889.0,0,0,3.35,28.0,R1 Research,68471.0,116.6,9,-1.0,-0.0,57.3,14302.0,7640.0,21942.0,46529.0,0,0.5009,0.3205,30280.0,0.0588
IN,0,Suburb,9573.0,59163.0,0,0,3.31,43.0,R2 Doctoral,50238.0,888.8,10,-0.866,0.5,44.9,16325.0,7046.0,23371.0,26867.0,0,0.4541,0.4652,17294.0,0.0426
TX,0,Town,14949.0,59370.0,0,0,3.47,74.0,Community College,19405.0,80.5,4,0.866,-0.5,66.2,3551.0,1045.0,4596.0,14809.0,1,0.2494,0.2368,0.0,0.13
CA,0,Town,18287.0,48900.0,1,0,2.71,45.0,R1 Research,60313.0,198.3,3,1.0,0.0,68.3,14464.0,6915.0,21379.0,38934.0,1,0.7962,0.3545,20647.0,0.0615
NY,0,Suburb,18632.0,86667.0,0,0,3.57,73.0,R1 Research,70052.0,370.5,3,1.0,0.0,50.1,20202.0,7892.0,28094.0,41958.0,0,0.4841,0.401,23326.0,0.1818
TX,0,Town,5555.0,55680.0,1,1,3.67,90.0,Liberal Arts College,75539.0,444.4,4,0.866,-0.5,71.1,34228.0,29901.0,64129.0,11410.0,1,0.2049,0.849,5855.0,0.0777
FL,0,Town,23461.0,98711.0,0,0,3.32,79.0,R2 Doctoral,63081.0,502.4,5,0.5,-0.866,81.4,24587.0,8249.0,32836.0,30245.0,0,0.3064,0.5205,6784.0,0.1034
OK,0,Town,-1500.0,30438.0,1,1,2.29,61.0,R2 Doctoral,51741.0,95.2,4,0.866,-0.5,64.2,14542.0,15303.0,29845.0,21896.0,1,0.7194,0.5768,23396.0,0.234
WA,0,Town,13371.0,69964.0,0,0,3.66,81.0,R1 Research,75977.0,126.0,2,0.866,0.5,63.1,26592.0,17200.0,43792.0,32185.0,0,0.46,0.5764,18814.0,0.0805
TX,0,City,42267.0,192430.0,0,0,3.07,71.0,Regional Comprehensive,40627.0,15.0,3,1.0,0.0,64.3,17797.0,0.0,17797.0,22830.0,0,0.1186,0.4381,0.0,0.1918
NJ,0,City,4950.0,53545.0,0,1,3.24,53.0,Regional Comprehensive,48902.0,103.1,4,0.866,-0.5,25.8,18848.0,19881.0,38729.0,10173.0,1,0.19,0.792,5223.0,0.0261
FL,0,Suburb,50562.0,237272.0,0,0,3.1,52.0,Community College,22786.0,398.5,4,0.866,-0.5,53.5,651.0,0.0,651.0,22135.0,0,0.0933,0.0286,0.0,0.1111
ME,0,Suburb,6274.0,70816.0,0,1,3.1,48.0,R1 Research,64532.0,324.9,1,0.5,0.866,100.0,14264.0,26076.0,40340.0,24192.0,1,0.3416,0.6251,17918.0,0.1806
CA,0,Town,16628.0,60434.0,0,0,2.89,49.0,Community College,19360.0,115.7,7,-0.5,-0.866,58.2,0.0,550.0,550.0,18810.0,0,0.3112,0.0284,2182.0,0.0658
MD,0,Suburb,15795.0,68457.0,0,0,2.53,40.0,R1 Research,95312.0,754.4,12,-0.0,1.0,36.7,17381.0,13769.0,31150.0,64162.0,0,0.9373,0.3268,48367.0,0.0706
CO,0,City,10317.0,50301.0,0,0,2.22,39.0,R2 Doctoral,51568.0,84.7,1,0.5,0.866,62.1,12032.0,9839.0,21871.0,29697.0,1,0.5904,0.4241,19380.0,0.2857
CA,0,Town,1795.0,15123.0,0,1,2.35,35.0,R1 Research,58914.0,59.7,10,-0.866,0.5,44.5,11093.0,31025.0,42118.0,16796.0,0,1.1106,0.7149,15001.0,0.0242
TX,0,City,29801.0,118625.0,0,0,3.36,86.0,Liberal Arts College,79262.0,77.5,2,0.866,0.5,64.9,36346.0,10209.0,46555.0,32707.0,1,0.2757,0.5874,2906.0,0.0687
IL,0,Town,67005.0,305209.0,0,0,2.59,57.0,R2 Doctoral,49606.0,39.0,1,0.5,0.866,66.1,15734.0,0.0,15734.0,33872.0,1,0.111,0.3172,0.0,0.0381
OK,0,City,17134.0,88957.0,1,0,1.92,14.0,R1 Research,75359.0,243.6,8,-0.866,-0.5,59.4,9754.0,11074.0,20828.0,54531.0,1,0.613,0.2764,37397.0,0.0976
MI,0,Suburb,16742.0,92944.0,0,0,2.49,34.0,Regional Comprehensive,48919.0,171.5,10,-0.866,0.5,70.8,12484.0,5777.0,18261.0,30658.0,1,0.3299,0.3733,13916.0,0.1692
MA,0,Suburb,4889.0,55190.0,1,1,3.32,47.0,R2 Doctoral,49858.0,240.4,10,-0.866,0.5,36.9,14548.0,23683.0,38231.0,11627.0,1,0.2107,0.7668,6738.0,0.032
MN,0,City,26572.0,144872.0,0,0,3.44,65.0,Regional Comprehensive,38380.0,82.0,1,0.5,0.866,68.7,18343.0,2693.0,21036.0,17344.0,1,0.1197,0.5481,0.0,0.0677
LA,0,City,16448.0,61189.0,1,0,3.87,78.0,Regional Comprehensive,49614.0,119.2,1,0.5,0.866,85.6,23930.0,6763.0,30693.0,18921.0,1,0.3092,0.6186,2473.0,0.2449
GA,0,City,16197.0,76298.0,0,0,3.15,51.0,R1 Research,87605.0,15.0,10,-0.866,0.5,49.7,20924.0,10374.0,31298.0,56307.0,0,0.738,0.3573,40110.0,0.0309
NC,0,Suburb,3207.0,20395.0,0,1,2.88,45.0,Community College,18238.0,188.1,2,0.866,0.5,76.5,1616.0,6408.0,8024.0,10214.0,0,0.5008,0.44,7007.0,0.0795
MO,0,Suburb,6124.0,42996.0,0,1,2.27,34.0,R2 Doctoral,64305.0,140.6,2,0.866,0.5,57.8,11872.0,21717.0,33589.0,30716.0,1,0.7144,0.5223,24592.0,0.0889
FL,0,Town,19827.0,82002.0,0,0,3.71,86.0,R1 Research,87895.0,39.9,10,-0.866,0.5,35.1,29378.0,17024.0,46402.0,41493.0,0,0.506,0.5279,21666.0,0.0385
OR,0,City,30475.0,120957.0,0,0,2.62,53.0,Regional Comprehensive,48208.0,113.5,2,0.866,0.5,27.7,13906.0,3368.0,17274.0,30934.0,1,0.2557,0.3583,459.0,0.0652
CA,0,Suburb,21792.0,123396.0,0,0,1.76,13.0,Community College,19350.0,96.7,4,0.866,-0.5,50.1,1868.0,0.0,1868.0,17482.0,0,0.1417,0.0965,0.0,0.0379
TX,0,City,174.0,20191.0,1,1,2.01,10.0,Regional Comprehensive,48056.0,807.9,11,-0.5,0.866,52.1,7503.0,24900.0,32403.0,15653.0,0,0.7752,0.6743,15479.0,0.0576
SC,0,Rural,6216.0,21720.0,1,1,2.98,64.0,Community College,21175.0,41.6,7,-0.5,-0.866,100.0,1591.0,6950.0,8541.0,12634.0,0,0.5817,0.4034,6418.0,0.375
PA,0,Town,22553.0,95854.0,0,0,2.82,30.0,R1 Research,51796.0,179.4,3,1.0,0.0,61.8,6995.0,6310.0,13305.0,38491.0,1,0.4016,0.2569,15938.0,0.1389
TX,0,Rural,7737.0,36765.0,0,1,2.2,37.0,R2 Doctoral,55296.0,40.3,4,0.866,-0.5,50.0,12808.0,21630.0,34438.0,20858.0,0,0.5673,0.6228,13121.0,0.0755
TX,0,Rural,29859.0,119863.0,0,0,3.43,61.0,Regional Comprehensive,39110.0,70.5,2,0.866,0.5,71.5,19904.0,2106.0,22010.0,17100.0,1,0.1427,0.5628,0.0,0.0947
MI,0,Suburb,1978.0,19463.0,1,1,2.93,22.0,Liberal Arts College,67967.0,169.4,10,-0.866,0.5,51.7,16225.0,34401.0,50626.0,17341.0,1,0.891,0.7449,15363.0,0.055
KY,0,Suburb,3498.0,58638.0,1,1,2.76,53.0,R1 Research,74889.0,101.5,4,0.866,-0.5,82.7,17190.0,24194.0,41384.0,33505.0,0,0.5714,0.5526,30007.0,0.0889
CA,0,Suburb,12316.0,61411.0,0,0,3.63,75.0,Regional Comprehensive,44568.0,125.9,9,-1.0,-0.0,83.4,23301.0,5449.0,28750.0,15818.0,1,0.2576,0.6451,3502.0,0.0526
CA,0,Rural,18510.0,88959.0,1,0,3.23,79.0,Liberal Arts College,77332.0,179.7,12,-0.0,1.0,59.8,35986.0,13796.0,49782.0,27550.0,1,0.3097,0.6437,9040.0,0.098
GA,0,Suburb,3363.0,29958.0,0,1,2.78,59.0,R1 Research,70832.0,75.5,3,1.0,0.0,28.9,15410.0,37005.0,52415.0,18417.0,0,0.6148,0.74,15054.0,0.0177
NE,0,Suburb,-1500.0,15274.0,0,1,3.11,46.0,R1 Research,70321.0,320.6,1,0.5,0.866,61.0,18312.0,23124.0,41436.0,28885.0,0,1.8911,0.5892,30385.0,0.0213
NY,0,Rural,14118.0,71205.0,0,0,3.08,78.0,Regional Comprehensive,44943.0,91.9,10,-0.866,0.5,51.8,15566.0,7963.0,23529.0,21414.0,0,0.3007,0.5235,7296.0,0.0606
WV,0,Town,14381.0,91953.0,0,0,3.38,45.0,Regional Comprehensive,52033.0,114.4,2,0.866,0.5,91.4,14372.0,10009.0,24381.0,27652.0,1,0.3007,0.4686,13271.0,0.1512
CT,0,Rural,47098.0,130010.0,0,0,3.12,66.0,Regional Comprehensive,47915.0,185.2,2,0.866,0.5,69.9,16824.0,186.0,17010.0,30905.0,0,0.2377,0.355,0.0,0.0693
NY,0,City,8224.0,48623.0,0,1,3.99,99.0,Community College,16659.0,160.8,2,0.866,0.5,54.9,2225.0,3832.0,6057.0,10602.0,1,0.218,0.3636,2378.0,0.0444
AL,0,City,23873.0,110028.0,0,0,3.13,47.0,R1 Research,68024.0,249.2,12,-0.0,1.0,78.1,13073.0,10513.0,23586.0,44438.0,0,0.4039,0.3467,20565.0,0.175
IN,0,Suburb,28874.0,89300.0,0,0,3.49,99.0,Liberal Arts College,83857.0,176.7,6,0.0,-1.0,56.2,42963.0,13164.0,56127.0,27730.0,0,0.3105,0.6693,0.0,0.1013
MI,0,Suburb,30834.0,163102.0,1,0,2.89,53.0,Community College,18328.0,207.3,8,-0.866,-0.5,58.2,1990.0,0.0,1990.0,16338.0,1,0.1002,0.1086,0.0,0.08
OH,1,Suburb,10435.0,60483.0,1,0,3.31,72.0,Regional Comprehensive,33310.0,26.1,1,0.5,0.866,57.8,15507.0,6284.0,21791.0,11519.0,1,0.1905,0.6542,1084.0,0.0347
AL,0,City,4216.0,18115.0,1,1,3.6,93.0,Liberal Arts College,76778.0,41.2,3,1.0,0.0,85.9,36376.0,30946.0,67322.0,9456.0,1,0.522,0.8768,5240.0,0.0849
SC,0,Town,7945.0,59951.0,1,1,3.78,90.0,Regional Comprehensive,45949.0,28.3,2,0.866,0.5,56.2,23155.0,13684.0,36839.0,9110.0,0,0.152,0.8017,1165.0,0.0531
WI,0,City,21292.0,67083.0,1,0,2.91,34.0,R2 Doctoral,63652.0,21.9,1,0.5,0.866,78.5,16339.0,8492.0,24831.0,38821.0,1,0.5787,0.3901,17529.0,0.2045
WY,0,Suburb,12284.0,91409.0,0,0,3.25,23.0,Regional Comprehensive,46808.0,806.5,6,0.0,-1.0,65.5,16714.0,6563.0,23277.0,23531.0,0,0.2574,0.4973,11247.0,0.0685
GA,0,Rural,-1500.0,20878.0,1,1,2.59,27.0,R1 Research,89420.0,15.0,1,0.5,0.866,68.0,15760.0,35598.0,51358.0,38062.0,0,1.8231,0.5743,39562.0,0.1143
SC,0,Suburb,13416.0,50278.0,0,0,3.34,56.0,Community College,17347.0,443.8,10,-0.866,0.5,71.1,2281.0,1002.0,3283.0,14064.0,0,0.2797,0.1893,648.0,0.1301
OR,0,Suburb,31468.0,117599.0,0,0,3.33,55.0,R1 Research,63758.0,53.5,6,0.0,-1.0,86.0,15106.0,6897.0,22003.0,41755.0,0,0.3551,0.3451,10287.0,0.2727
FL,0,City,23398.0,58399.0,1,0,3.51,66.0,R2 Doctoral,58388.0,440.4,4,0.866,-0.5,41.9,20197.0,5541.0,25738.0,32650.0,0,0.5591,0.4408,9252.0,0.1333
CA,0,City,9683.0,50507.0,0,0,3.54,39.0,Regional Comprehensive,44032.0,15.0,3,1.0,0.0,58.1,14837.0,7014.0,21851.0,22181.0,0,0.4392,0.4963,12498.0,0.0745
IL,0,Town,72630.0,248340.0,0,0,3.54,60.0,Regional Comprehensive,45600.0,99.0,3,1.0,0.0,56.6,20124.0,0.0,20124.0,25476.0,0,0.1026,0.4413,0.0,0.0804
OR,0,Suburb,3507.0,29132.0,1,1,2.61,47.0,Regional Comprehensive,46615.0,583.2,2,0.866,0.5,67.8,15360.0,12349.0,27709.0,18906.0,1,0.649,0.5944,15399.0,0.1333
NY,0,City,39342.0,152951.0,0,0,3.47,86.0,Regional Comprehensive,39191.0,267.9,6,0.0,-1.0,47.9,16275.0,0.0,16275.0,22916.0,0,0.1498,0.4153,0.0,0.0672
IN,0,Rural,29965.0,131308.0,0,0,3.42,61.0,Community College,13553.0,88.9,5,0.5,-0.866,40.7,2345.0,0.0,2345.0,11208.0,1,0.0854,0.173,0.0,0.0549
CA,0,Suburb,13020.0,53524.0,1,0,1.5,7.0,Regional Comprehensive,48244.0,16.5,2,0.866,0.5,64.0,7163.0,5965.0,13128.0,35116.0,0,0.6561,0.2721,22096.0,0.0959
PA,0,Town,18227.0,61471.0,1,0,3.56,43.0,Regional Comprehensive,38546.0,31.6,12,-0.0,1.0,75.2,15267.0,4311.0,19578.0,18968.0,1,0.3086,0.5079,741.0,0.0577
WA,0,Suburb,16121.0,61313.0,1,0,3.02,59.0,R1 Research,67412.0,544.8,3,1.0,0.0,61.4,18026.0,8666.0,26692.0,40720.0,1,0.6641,0.396,24599.0,0.0463
TX,0,Rural,19116.0,71754.0,0,0,1.86,27.0,Community College,18566.0,87.9,7,-0.5,-0.866,64.9,2041.0,0.0,2041.0,16525.0,0,0.2303,0.1099,0.0,0.0886
UT,0,City,-1500.0,41025.0,1,1,1.5,5.0,Regional Comprehensive,44627.0,117.5,3,1.0,0.0,92.6,5890.0,14847.0,20737.0,23890.0,0,0.5823,0.4647,25390.0,0.1682
TX,0,City,7946.0,46246.0,1,1,3.23,63.0,Regional Comprehensive,48520.0,170.6,1,0.5,0.866,69.8,17825.0,20170.0,37995.0,10525.0,1,0.2276,0.7831,2579.0,0.2264
NV,0,Rural,9471.0,48739.0,1,0,3.16,28.0,Community College,20665.0,32.3,11,-0.5,0.866,75.6,3308.0,2575.0,5883.0,14782.0,1,0.3033,0.2847,5311.0,0.1695
FL,0,Rural,6035.0,49873.0,0,1,3.32,92.0,Liberal Arts College,79385.0,194.3,9,-1.0,-0.0,75.1,38995.0,28362.0,67357.0,12028.0,1,0.2412,0.8485,5993.0,0.1393
AK,0,Suburb,8607.0,50325.0,0,1,3.09,84.0,Regional Comprehensive,47560.0,81.6,1,0.5,0.866,85.1,23594.0,11080.0,34674.0,12886.0,1,0.2561,0.7291,4279.0,0.0948
WA,0,City,3793.0,12539.0,0,1,3.24,73.0,Regional Comprehensive,40373.0,172.5,3,1.0,0.0,98.5,18064.0,12006.0,30070.0,10303.0,1,0.8217,0.7448,6510.0,0.1507
CA,0,Suburb,13148.0,67529.0,1,0,2.89,68.0,R1 Research,65249.0,69.1,10,-0.866,0.5,56.4,17202.0,8367.0,25569.0,39680.0,1,0.5876,0.3919,26532.0,0.1325
CA,0,Town,5779.0,43055.0,0,1,3.02,56.0,Regional Comprehensive,61187.0,24.3,8,-0.866,-0.5,72.9,21832.0,30294.0,52126.0,9061.0,1,0.2105,0.8519,3282.0,0.2097
CA,0,Town,-1500.0,16414.0,1,1,2.59,49.0,Regional Comprehensive,45686.0,80.9,6,0.0,-1.0,66.2,11963.0,19638.0,31601.0,14085.0,0,0.8581,0.6917,15585.0,0.1321
VA,0,Suburb,13256.0,48921.0,0,0,3.42,82.0,Regional Comprehensive,48960.0,248.3,9,-1.0,-0.0,64.6,24682.0,5172.0,29854.0,19106.0,1,0.3905,0.6098,5850.0,0.0909
AL,0,City,6397.0,47844.0,0,1,3.38,69.0,R2 Doctoral,49109.0,191.6,2,0.866,0.5,69.3,15935.0,22129.0,38064.0,11045.0,1,0.2309,0.7751,4648.0,0.5
IL,0,Suburb,27785.0,157657.0,0,0,2.99,44.0,Liberal Arts College,84345.0,130.9,10,-0.866,0.5,76.2,25725.0,12971.0,38696.0,45649.0,1,0.2895,0.4588,17864.0,0.1139
OH,1,Town,12973.0,42691.0,1,0,3.37,80.0,R2 Doctoral,40477.0,94.2,11,-0.5,0.866,48.7,15528.0,7343.0,22871.0,17606.0,1,0.4124,0.565,4633.0,0.125
VA,0,Suburb,21798.0,101804.0,0,0,1.5,22.0,Regional Comprehensive,42605.0,102.3,1,0.5,0.866,69.9,9122.0,3314.0,12436.0,30169.0,1,0.2963,0.2919,8371.0,0.2041
MI,0,Suburb,30986.0,170352.0,0,0,2.81,64.0,R1 Research,87828.0,134.4,11,-0.5,0.866,30.9,23269.0,9924.0,33193.0,54635.0,0,0.3207,0.3779,23649.0,0.0761
IN,0,Rural,6983.0,40046.0,0,1,3.07,62.0,Liberal Arts College,92413.0,76.6,12,-0.0,1.0,38.5,32759.0,44593.0,77352.0,15061.0,1,0.3761,0.837,8078.0,0.0485
GA,0,City,4942.0,60828.0,0,1,3.2,66.0,R1 Research,71748.0,346.0,3,1.0,0.0,50.6,19632.0,26017.0,45649.0,26099.0,0,0.4291,0.6362,21157.0,0.2857
MO,0,Suburb,44315.0,218526.0,0,0,2.39,36.0,Regional Comprehensive,46112.0,172.1,10,-0.866,0.5,65.4,12205.0,406.0,12611.0,33501.0,0,0.1533,0.2735,0.0,0.125
VT,0,Suburb,14155.0,74225.0,0,0,3.43,42.0,Community College,18055.0,70.6,1,0.5,0.866,70.3,2868.0,592.0,3460.0,14595.0,1,0.1966,0.1916,440.0,0.0737
PA,0,Suburb,16888.0,82380.0,0,0,3.93,89.0,Regional Comprehensive,39868.0,26.5,7,-0.5,-0.866,82.6,19643.0,6294.0,25937.0,13931.0,1,0.1691,0.6506,0.0,0.2432
CA,0,Rural,10257.0,46947.0,0,0,2.99,52.0,Regional Comprehensive,45427.0,404.3,3,1.0,0.0,78.8,16741.0,9350.0,26091.0,19336.0,1,0.4119,0.5744,9079.0,0.1084
TX,0,Suburb,21533.0,103226.0,0,0,3.32,51.0,Community College,19622.0,58.0,4,0.866,-0.5,59.8,1912.0,0.0,1912.0,17710.0,0,0.1716,0.0974,0.0,0.027
NJ,0,Suburb,13435.0,61173.0,0,0,3.77,98.0,Community College,21632.0,136.7,11,-0.5,0.866,100.0,7168.0,1882.0,9050.0,12582.0,1,0.2057,0.4184,0.0,0.2239
PA,0,City,-1500.0,16829.0,0,1,2.7,47.0,R2 Doctoral,59591.0,1498.3,5,0.5,-0.866,62.6,15332.0,24401.0,39733.0,19858.0,0,1.18,0.6668,21358.0,0.0515
KS,0,Town,7897.0,48739.0,0,1,3.86,54.0,Regional Comprehensive,40573.0,294.0,11,-0.5,0.866,28.6,19108.0,12338.0,31446.0,9127.0,0,0.1873,0.775,1230.0,0.0315
AZ,0,City,5308.0,26852.0,0,1,2.46,38.0,Regional Comprehensive,35825.0,687.8,1,0.5,0.866,40.0,9424.0,10936.0,20360.0,15465.0,0,0.5759,0.5683,10157.0,0.0438
MI,0,City,13919.0,68242.0,0,0,3.55,92.0,R1 Research,69202.0,72.0,7,-0.5,-0.866,70.0,23570.0,9615.0,33185.0,36017.0,1,0.5278,0.4795,22098.0,0.1074
SC,0,Suburb,5157.0,32529.0,0,1,1.5,,Regional Comprehensive,39256.0,390.1,2,0.866,0.5,33.8,6320.0,12378.0,18698.0,20558.0,0,0.632,0.4763,15401.0,0.037
FL,0,Suburb,15188.0,88810.0,0,0,2.62,27.0,Liberal Arts College,76045.0,130.3,1,0.5,0.866,66.1,19337.0,12081.0,31418.0,44627.0,1,0.5025,0.4132,29439.0,0.275
AL,0,Rural,12496.0,65006.0,1,0,3.55,59.0,Community College,20143.0,186.1,10,-0.866,0.5,52.7,2339.0,1957.0,4296.0,15847.0,0,0.2438,0.2133,3351.0,0.0787
CA,0,Town,7463.0,25628.0,0,1,1.87,13.0,Community College,19846.0,1057.6,5,0.5,-0.866,93.6,475.0,3580.0,4055.0,15791.0,0,0.6162,0.2043,8328.0,0.1471
AZ,0,Town,6655.0,44151.0,1,1,2.69,34.0,R1 Research,68075.0,94.6,1,0.5,0.866,45.8,15089.0,25547.0,40636.0,27439.0,0,0.6215,0.5969,20784.0,0.1094
MS,0,Suburb,21901.0,98401.0,0,0,2.79,28.0,Regional Comprehensive,46905.0,129.3,4,0.866,-0.5,78.0,12453.0,4422.0,16875.0,30030.0,1,0.3052,0.3598,8129.0,0.2308
MN,0,Suburb,43558.0,143854.0,0,0,2.11,42.0,Community College,22537.0,49.1,6,0.0,-1.0,52.0,1263.0,0.0,1263.0,21274.0,0,0.1479,0.056,0.0,0.0932
OR,0,Rural,-1466.0,32868.0,1,1,2.96,56.0,Regional Comprehensive,46890.0,322.1,11,-0.5,0.866,49.9,16282.0,21439.0,37721.0,9169.0,1,0.279,0.8045,10635.0,0.0741
IL,0,Suburb,4738.0,28562.0,0,1,2.81,41.0,Community College,19964.0,70.3,1,0.5,0.866,90.2,4580.0,6142.0,10722.0,9242.0,0,0.3236,0.5371,4504.0,0.1406
AL,0,Town,62283.0,256455.0,0,0,3.15,82.0,Regional Comprehensive,42663.0,370.8,1,0.5,0.866,53.5,17615.0,0.0,17615.0,25048.0,0,0.0977,0.4129,0.0,0.0328
NJ,0,Suburb,10240.0,62503.0,0,0,2.97,57.0,Regional Comprehensive,45838.0,22.4,7,-0.5,-0.866,41.2,17544.0,6948.0,24492.0,21346.0,1,0.3415,0.5343,11106.0,0.0822
AZ,0,City,19915.0,67229.0,0,0,2.72,43.0,Regional Comprehensive,51973.0,225.4,3,1.0,0.0,52.5,16802.0,5236.0,22038.0,29935.0,0,0.4453,0.424,10020.0,0.0286
CA,0,Suburb,8760.0,36962.0,1,1,3.15,64.0,Community College,18913.0,64.5,7,-0.5,-0.866,43.2,465.0,4933.0,5398.0,13515.0,0,0.3656,0.2854,4755.0,0.0682
TX,0,City,11856.0,73494.0,0,0,3.58,70.0,R2 Doctoral,54232.0,272.8,1,0.5,0.866,35.2,20507.0,10057.0,30564.0,23668.0,0,0.322,0.5636,11812.0,0.0248
NJ,0,City,48243.0,216397.0,0,0,1.78,7.0,Regional Comprehensive,50609.0,124.9,5,0.5,-0.866,45.1,6807.0,579.0,7386.0,43223.0,1,0.1997,0.1459,0.0,0.0217
CA,0,City,26547.0,75595.0,1,0,3.67,88.0,Liberal Arts College,75715.0,72.2,2,0.866,0.5,36.9,34831.0,8624.0,43455.0,32260.0,0,0.4267,0.5739,5713.0,0.0408
WI,0,City,21585.0,135506.0,0,0,3.73,99.0,Regional Comprehensive,47850.0,84.4,3,1.0,0.0,45.5,26240.0,6673.0,32913.0,14937.0,0,0.1102,0.6878,0.0,0.0
KY,0,Suburb,16157.0,64271.0,0,0,3.61,71.0,Regional Comprehensive,46136.0,51.9,11,-0.5,0.866,37.8,21567.0,5207.0,26774.0,19362.0,1,0.3013,0.5803,3205.0,0.049
AR,0,Rural,1655.0,30074.0,1,1,3.09,67.0,Community College,20405.0,305.4,2,0.866,0.5,70.4,2035.0,9318.0,11353.0,9052.0,1,0.301,0.5564,7397.0,0.1067
CA,0,Suburb,11039.0,38487.0,0,0,3.35,49.0,Regional Comprehensive,48967.0,42.1,2,0.866,0.5,38.6,21458.0,6541.0,27999.0,20968.0,0,0.5448,0.5718,9929.0,0.0435
KS,0,Town,3443.0,28147.0,1,1,2.97,60.0,Regional Comprehensive,50946.0,95.7,7,-0.5,-0.866,72.1,18467.0,16531.0,34998.0,15948.0,0,0.5666,0.687,12505.0,0.0745
CA,0,Suburb,12336.0,73630.0,0,0,3.91,99.0,R1 Research,81965.0,182.1,2,0.866,0.5,23.0,30870.0,15309.0,46179.0,35786.0,1,0.486,0.5634,23450.0,0.0099
GA,0,City,29098.0,151934.0,0,0,2.31,29.0,Community College,22763.0,689.5,4,0.866,-0.5,43.4,1844.0,0.0,1844.0,20919.0,0,0.1377,0.081,0.0,0.069
KY,0,City,17982.0,70681.0,0,0,2.72,37.0,Liberal Arts College,74980.0,125.5,5,0.5,-0.866,55.3,21553.0,14369.0,35922.0,39058.0,0,0.5526,0.4791,21076.0,0.0435
CA,0,Rural,12401.0,50433.0,0,0,2.7,37.0,Community College,16110.0,98.2,10,-0.866,0.5,47.4,1730.0,695.0,2425.0,13685.0,0,0.2714,0.1505,1284.0,0.1667
CA,0,Suburb,10814.0,35648.0,0,0,1.78,15.0,Community College,18730.0,168.9,1,0.5,0.866,63.8,0.0,2007.0,2007.0,16723.0,0,0.4691,0.1072,5909.0,0.0964
CA,0,Rural,7242.0,81302.0,1,1,3.5,75.0,Liberal Arts College,106254.0,15.0,11,-0.5,0.866,33.6,46242.0,51794.0,98036.0,8218.0,1,0.1011,0.9227,976.0,0.0962
MI,0,Suburb,6333.0,25811.0,1,1,3.44,66.0,R1 Research,71610.0,36.0,6,0.0,-1.0,96.5,20667.0,28786.0,49453.0,22157.0,1,0.8584,0.6906,15824.0,0.25
AL,0,Town,6279.0,27818.0,1,1,1.98,25.0,Regional Comprehensive,36842.0,85.4,10,-0.866,0.5,87.9,9228.0,13113.0,22341.0,14501.0,1,0.5213,0.6064,8222.0,0.2568
TX,0,Town,28872.0,120345.0,0,0,2.41,21.0,R1 Research,96439.0,59.9,3,1.0,0.0,14.3,16020.0,17202.0,33222.0,63217.0,0,0.5253,0.3445,34345.0,0.038
TX,0,Rural,11034.0,51536.0,1,0,2.37,42.0,Regional Comprehensive,46148.0,23.6,1,0.5,0.866,77.6,14193.0,7754.0,21947.0,24201.0,0,0.4696,0.4756,13167.0,0.2727
VA,0,City,9945.0,50809.0,1,0,2.53,33.0,Community College,17059.0,311.8,10,-0.866,0.5,52.3,2783.0,1594.0,4377.0,12682.0,1,0.2496,0.2566,2737.0,0.0519
FL,0,Rural,9953.0,55730.0,1,0,2.99,63.0,Regional Comprehensive,40016.0,166.4,3,1.0,0.0,62.8,14804.0,6860.0,21664.0,18352.0,1,0.3293,0.5414,8399.0,0.0957
MD,0,Suburb,18192.0,106152.0,0,0,3.65,91.0,Regional Comprehensive,45937.0,146.8,4,0.866,-0.5,58.2,23828.0,4845.0,28673.0,17264.0,1,0.1626,0.6242,0.0,0.1429
NM,0,Town,7649.0,70910.0,0,1,1.67,,R2 Doctoral,60921.0,61.1,3,1.0,0.0,46.6,7961.0,16530.0,24491.0,36430.0,0,0.5137,0.402,28781.0,0.0593
CO,0,Suburb,12104.0,36864.0,0,0,3.04,56.0,Regional Comprehensive,48356.0,137.7,1,0.5,0.866,60.7,18398.0,6003.0,24401.0,23955.0,1,0.6498,0.5046,11851.0,0.1216
CT,0,Suburb,16209.0,37831.0,0,0,3.13,40.0,Community College,21425.0,217.5,2,0.866,0.5,89.3,979.0,1162.0,2141.0,19284.0,0,0.5097,0.0999,3075.0,0.2973
MI,0,Suburb,11074.0,54695.0,1,0,2.03,,Regional Comprehensive,38594.0,95.9,12,-0.0,1.0,89.6,4109.0,4746.0,8855.0,29739.0,1,0.5437,0.2294,18665.0,0.098
LA,0,Town,30169.0,78245.0,0,0,3.95,88.0,Liberal Arts College,65924.0,202.1,5,0.5,-0.866,57.0,33489.0,10002.0,43491.0,22433.0,1,0.2867,0.6597,0.0,0.0305
TX,0,City,17502.0,61355.0,1,0,3.1,63.0,Regional Comprehensive,45261.0,54.9,4,0.866,-0.5,34.8,17176.0,4453.0,21629.0,23632.0,0,0.3852,0.4779,6130.0,0.0144
CA,0,Suburb,7536.0,57548.0,0,1,3.37,49.0,Regional Comprehensive,50411.0,140.4,1,0.5,0.866,58.1,18965.0,21227.0,40192.0,10219.0,1,0.1776,0.7973,2683.0,0.0328
MA,0,Suburb,8670.0,65077.0,1,1,2.15,26.0,R2 Doctoral,53815.0,420.5,10,-0.866,0.5,53.0,12510.0,21415.0,33925.0,19890.0,1,0.3056,0.6304,11220.0,0.08
CA,0,Town,20972.0,61324.0,0,0,2.98,43.0,R1 Research,52002.0,462.0,12,-0.0,1.0,78.7,10277.0,8480.0,18757.0,33245.0,0,0.5421,0.3607,12273.0,0.0894
UT,0,Suburb,6082.0,35887.0,0,1,3.47,74.0,Community College,21293.0,510.7,1,0.5,0.866,41.0,4649.0,5250.0,9899.0,11394.0,1,0.3175,0.4649,5312.0,0.0513
IN,0,Suburb,31054.0,139675.0,1,0,2.99,88.0,Liberal Arts College,49952.0,171.0,8,-0.866,-0.5,26.5,19775.0,4802.0,24577.0,25375.0,0,0.1817,0.492,0.0,0.08
NE,0,Suburb,8541.0,44477.0,0,1,3.2,58.0,R1 Research,68094.0,131.0,12,-0.0,1.0,40.0,19620.0,24971.0,44591.0,23503.0,1,0.5284,0.6548,14962.0,0.0638
NY,0,Suburb,13182.0,69081.0,1,0,2.95,38.0,Regional Comprehensive,48829.0,79.1,11,-0.5,0.866,69.4,15769.0,6568.0,22337.0,26492.0,1,0.3835,0.4575,13310.0,0.3243
NC,0,Suburb,11565.0,14279.0,0,0,1.56,,Regional Comprehensive,48686.0,19.0,6,0.0,-1.0,41.2,2960.0,7925.0,10885.0,37801.0,0,2.6473,0.2236,26236.0,0.04
WI,0,Town,9546.0,53910.0,1,0,3.33,65.0,Community College,15018.0,30.9,4,0.866,-0.5,59.3,46.0,1196.0,1242.0,13776.0,1,0.2555,0.0827,4230.0,0.1404
FL,0,Town,6225.0,28518.0,1,1,3.28,61.0,R1 Research,80707.0,106.2,1,0.5,0.866,79.9,20547.0,23057.0,43604.0,37103.0,0,1.301,0.5403,30878.0,0.2264
NJ,0,Suburb,13071.0,31104.0,1,0,3.13,60.0,R1 Research,84948.0,113.1,4,0.866,-0.5,36.0,22459.0,17061.0,39520.0,45428.0,0,1.4605,0.4652,32357.0,0.0448
MA,0,City,82639.0,360041.0,0,0,2.77,44.0,R2 Doctoral,60346.0,558.2,10,-0.866,0.5,52.4,18173.0,0.0,18173.0,42173.0,1,0.1171,0.3011,0.0,0.1311
ME,0,Suburb,18349.0,75332.0,0,0,3.19,46.0,R2 Doctoral,54949.0,503.9,1,0.5,0.866,66.8,17289.0,7617.0,24906.0,30043.0,0,0.3988,0.4533,11694.0,0.0638
WI,0,City,31293.0,152167.0,0,0,2.65,52.0,R1 Research,76816.0,61.6,1,0.5,0.866,74.0,15937.0,9792.0,25729.0,51087.0,1,0.3357,0.3349,19794.0,0.1831
CA,0,City,16739.0,116520.0,0,0,3.81,99.0,Community College,17328.0,299.2,9,-1.0,-0.0,47.8,4996.0,87.0,5083.0,12245.0,1,0.1051,0.2933,0.0,0.0238
GA,0,Town,17897.0,127763.0,0,0,2.79,42.0,Community College,21861.0,76.8,12,-0.0,1.0,80.2,1963.0,769.0,2732.0,19129.0,1,0.1497,0.125,1232.0,0.2979
VA,0,Suburb,10286.0,54539.0,0,0,3.01,60.0,Regional Comprehensive,52143.0,259.5,1,0.5,0.866,53.6,18612.0,9586.0,28198.0,23945.0,1,0.439,0.5408,13659.0,0.0612
TX,0,Suburb,38709.0,200107.0,0,0,2.9,25.0,Liberal Arts College,73419.0,295.4,1,0.5,0.866,77.0,18542.0,5302.0,23844.0,49575.0,1,0.2477,0.3248,10866.0,0.0941
OH,1,Rural,19253.0,115799.0,0,0,2.58,39.0,Regional Comprehensive,34818.0,135.1,3,1.0,0.0,80.9,10212.0,2548.0,12760.0,22058.0,0,0.1905,0.3665,2805.0,0.0634
NY,0,City,18129.0,64845.0,0,0,3.75,99.0,Regional Comprehensive,49886.0,75.5,11,-0.5,0.866,7.5,25980.0,8716.0,34696.0,15190.0,0,0.2343,0.6955,0.0,0.0
CA,0,City,28597.0,76082.0,0,0,3.27,76.0,Community College,18595.0,367.6,1,0.5,0.866,90.2,3886.0,0.0,3886.0,14709.0,0,0.1933,0.209,0.0,0.2167
MI,0,City,13591.0,57043.0,0,0,2.73,47.0,Community College,13440.0,17.7,1,0.5,0.866,42.8,755.0,0.0,755.0,12685.0,1,0.2224,0.0562,0.0,0.066
TX,0,City,15221.0,65357.0,1,0,2.65,41.0,Regional Comprehensive,45966.0,494.2,11,-0.5,0.866,49.6,12749.0,6286.0,19035.0,26931.0,0,0.4121,0.4141,11710.0,0.1053
VA,0,Town,23216.0,60999.0,1,0,3.21,59.0,Liberal Arts College,46626.0,123.4,3,1.0,0.0,84.3,17970.0,3728.0,21698.0,24928.0,1,0.4087,0.4654,1712.0,0.1
TX,0,Town,12199.0,82843.0,0,0,3.06,63.0,R1 Research,87131.0,126.2,5,0.5,-0.866,51.0,23523.0,16797.0,40320.0,46811.0,0,0.5651,0.4628,34612.0,0.0606
MD,0,Suburb,40456.0,220308.0,1,0,3.43,85.0,R1 Research,78021.0,15.0,2,0.866,0.5,64.0,26317.0,5642.0,31959.0,46062.0,1,0.2091,0.4096,5606.0,0.0764
TX,0,City,7962.0,26430.0,1,1,2.12,15.0,R2 Doctoral,54850.0,84.2,5,0.5,-0.866,79.5,10159.0,14672.0,24831.0,30019.0,0,1.1358,0.4527,22057.0,0.1566
UT,0,Suburb,37176.0,143271.0,0,0,2.32,39.0,Regional Comprehensive,49566.0,525.9,4,0.866,-0.5,62.8,12629.0,2253.0,14882.0,34684.0,0,0.2421,0.3002,0.0,0.0584
CA,0,City,3132.0,48285.0,1,1,3.51,64.0,R2 Doctoral,49296.0,80.9,1,0.5,0.866,48.3,17877.0,19825.0,37702.0,11594.0,0,0.2401,0.7648,8462.0,0.0435
MI,0,Suburb,43120.0,157025.0,0,0,3.33,62.0,Community College,22009.0,268.0,1,0.5,0.866,83.9,0.0,0.0,0.0,22009.0,1,0.1402,0.0,0.0,0.24
NY,0,Suburb,10687.0,49509.0,1,0,3.51,60.0,Regional Comprehensive,46280.0,131.4,1,0.5,0.866,72.7,19580.0,6906.0,26486.0,19794.0,0,0.3998,0.5723,9107.0,0.1158
FL,0,City,22044.0,84726.0,0,0,2.57,41.0,Regional Comprehensive,46361.0,386.7,1,0.5,0.866,34.3,14160.0,5407.0,19567.0,26794.0,1,0.3162,0.4221,4750.0,0.0139
GA,0,Town,12608.0,56142.0,0,0,3.14,61.0,Liberal Arts College,73308.0,154.9,1,0.5,0.866,60.3,26619.0,12738.0,39357.0,33951.0,0,0.6047,0.5369,21343.0,0.0515
KY,0,Town,5232.0,18106.0,1,1,2.67,48.0,Liberal Arts College,74436.0,47.6,11,-0.5,0.866,63.5,20908.0,29479.0,50387.0,24049.0,0,1.3282,0.6769,18817.0,0.1613
NV,0,Suburb,44910.0,220150.0,0,0,3.02,60.0,Liberal Arts College,82978.0,134.4,2,0.866,0.5,54.3,31049.0,10320.0,41369.0,41609.0,1,0.189,0.4986,0.0,0.0441
NY,0,Suburb,2314.0,31927.0,0,1,3.65,89.0,Regional Comprehensive,41038.0,680.7,12,-0.0,1.0,23.2,19167.0,21121.0,38986.0,2052.0,0,0.0643,0.95,0.0,0.0862
TX,0,Suburb,14817.0,66863.0,0,0,2.4,59.0,R2 Doctoral,48640.0,213.7,11,-0.5,0.866,28.5,16268.0,8715.0,24983.0,23657.0,1,0.3538,0.5136,8840.0,0.0288
MO,0,City,2012.0,29503.0,1,1,3.55,85.0,R2 Doctoral,62566.0,112.1,3,1.0,0.0,52.6,24038.0,26676.0,50714.0,11852.0,1,0.4017,0.8106,9840.0,0.1364
VA,0,City,4969.0,24037.0,0,1,3.69,56.0,Liberal Arts College,82407.0,1353.4,1,0.5,0.866,68.9,31578.0,28358.0,59936.0,22471.0,0,0.9349,0.7273,17502.0,0.0946
TX,0,Suburb,11023.0,54309.0,0,0,2.57,35.0,Regional Comprehensive,40718.0,428.0,12,-0.0,1.0,73.5,8088.0,6582.0,14670.0,26048.0,1,0.4796,0.3603,15025.0,0.1111
CO,0,Rural,2879.0,41055.0,0,1,2.68,42.0,R1 Research,73019.0,298.7,8,-0.866,-0.5,30.8,13960.0,33285.0,47245.0,25774.0,0,0.6278,0.647,22895.0,0.0543
MI,0,Suburb,6350.0,27132.0,1,1,2.5,15.0,Regional Comprehensive,45230.0,176.8,2,0.866,0.5,55.0,10351.0,14921.0,25272.0,19958.0,0,0.7356,0.5587,13608.0,0.0483
MA,0,Suburb,7897.0,61358.0,1,1,2.18,35.0,R2 Doctoral,51705.0,272.8,2,0.866,0.5,27.7,11601.0,18250.0,29851.0,21854.0,0,0.3562,0.5773,13957.0,0.022
PA,0,Suburb,1741.0,21656.0,1,1,2.72,68.0,Regional Comprehensive,45996.0,282.2,10,-0.866,0.5,57.7,17322.0,18238.0,35560.0,10436.0,0,0.4819,0.7731,8695.0,0.0933
OH,1,Suburb,18431.0,68895.0,0,0,2.42,22.0,Regional Comprehensive,30879.0,3.7,9,-1.0,-0.0,82.3,6440.0,3089.0,9529.0,21350.0,1,0.3099,0.3086,2919.0,0.0522
TX,0,City,8135.0,57430.0,0,1,3.38,86.0,R2 Doctoral,61429.0,191.8,2,0.866,0.5,79.9,28814.0,16286.0,45100.0,16329.0,0,0.2843,0.7342,8194.0,0.2558
WI,0,Suburb,-1500.0,10552.0,0,1,3.56,90.0,Community College,20051.0,107.0,2,0.866,0.5,56.6,2895.0,10896.0,13791.0,6260.0,0,0.5933,0.6878,7760.0,0.0259
TX,0,Rural,9368.0,43190.0,0,0,2.58,43.0,Regional Comprehensive,42586.0,75.0,9,-1.0,-0.0,49.1,17182.0,6510.0,23692.0,18894.0,0,0.4375,0.5563,9526.0,0.1622
MN,0,Town,15102.0,88191.0,0,0,2.24,37.0,Regional Comprehensive,42466.0,103.2,10,-0.866,0.5,47.7,13486.0,6074.0,19560.0,22906.0,0,0.2597,0.4606,7804.0,0.1129
SC,0,Rural,3786.0,29268.0,1,1,3.67,71.0,Liberal Arts College,81372.0,24.7,4,0.866,-0.5,58.2,33657.0,21828.0,55485.0,25887.0,1,0.8845,0.6819,22101.0,0.09
WI,0,City,15457.0,90989.0,0,0,2.8,62.0,Regional Comprehensive,36918.0,19.0,1,0.5,0.866,62.8,13124.0,4321.0,17445.0,19473.0,1,0.214,0.4725,4016.0,0.0619
CA,0,Suburb,21792.0,85951.0,0,0,2.81,64.0,R1 Research,61866.0,469.0,2,0.866,0.5,54.9,18151.0,8662.0,26813.0,35053.0,1,0.4078,0.4334,13261.0,0.2059
FL,0,Suburb,5017.0,30250.0,0,1,2.67,49.0,Regional Comprehensive,44173.0,205.8,6,0.0,-1.0,57.6,12366.0,18595.0,30961.0,13212.0,0,0.4368,0.7009,8195.0,0.0926
GA,0,City,12962.0,62390.0,0,0,2.88,54.0,Community College,18671.0,15.0,1,0.5,0.866,42.0,4085.0,1181.0,5266.0,13405.0,1,0.2149,0.282,443.0,0.0976
WA,0,City,17334.0,114005.0,1,0,1.7,,Community College,21476.0,69.2,1,0.5,0.866,74.3,615.0,908.0,1523.0,19953.0,1,0.175,0.0709,2619.0,0.0608
AR,0,Town,2127.0,33489.0,0,1,3.81,98.0,R1 Research,59272.0,319.4,2,0.866,0.5,72.5,17934.0,26113.0,44047.0,15225.0,1,0.4546,0.7431,13098.0,0.4839
IL,0,Suburb,8569.0,54275.0,0,1,3.13,60.0,R2 Doctoral,53323.0,94.4,6,0.0,-1.0,100.0,16120.0,19469.0,35589.0,17734.0,0,0.3267,0.6674,9165.0,0.1048
OK,0,Suburb,29756.0,144087.0,0,0,2.15,21.0,R2 Doctoral,55956.0,468.3,4,0.866,-0.5,68.5,9732.0,6444.0,16176.0,39780.0,1,0.2761,0.2891,10024.0,0.4194
TX,0,City,12546.0,33945.0,0,0,2.48,48.0,Community College,18193.0,381.5,12,-0.0,1.0,49.7,900.0,1398.0,2298.0,15895.0,0,0.4683,0.1263,3349.0,0.05
PA,0,Suburb,22353.0,87605.0,1,0,2.67,39.0,Community College,17134.0,30.5,1,0.5,0.866,95.2,439.0,0.0,439.0,16695.0,1,0.1906,0.0256,0.0,0.0878
CA,0,City,2489.0,28940.0,1,1,2.34,21.0,Regional Comprehensive,42139.0,109.0,11,-0.5,0.866,82.7,7245.0,19456.0,26701.0,15438.0,0,0.5334,0.6336,12949.0,0.0985
WI,0,City,6702.0,56056.0,0,1,3.45,86.0,Liberal Arts College,79527.0,79.2,3,1.0,0.0,47.7,35956.0,27580.0,63536.0,15991.0,0,0.2853,0.7989,9289.0,0.2973
TX,0,Suburb,22552.0,86824.0,0,0,3.12,40.0,R1 Research,69550.0,29.5,12,-0.0,1.0,83.8,17793.0,12506.0,30299.0,39251.0,0,0.4521,0.4356,16699.0,0.1212
FL,0,Suburb,3090.0,11145.0,1,1,1.5,7.0,Regional Comprehensive,43301.0,27.5,1,0.5,0.866,72.6,7774.0,14064.0,21838.0,21463.0,0,1.9258,0.5043,18373.0,0.0571
CO,0,Rural,11554.0,42843.0,0,0,3.44,56.0,R1 Research,61396.0,54.4,2,0.866,0.5,36.4,18255.0,8049.0,26304.0,35092.0,0,0.8191,0.4284,23538.0,0.0943
MI,0,Suburb,15717.0,85744.0,1,0,3.66,57.0,R1 Research,92583.0,64.6,3,1.0,0.0,51.7,25639.0,15557.0,41196.0,51387.0,1,0.5993,0.445,35670.0,0.1429
CA,0,City,18008.0,74058.0,1,0,2.79,56.0,Regional Comprehensive,45657.0,170.6,1,0.5,0.866,55.4,18044.0,4167.0,22211.0,23446.0,1,0.3166,0.4865,5438.0,0.1667
CA,0,City,10705.0,43213.0,0,0,1.94,19.0,Community College,22943.0,379.3,1,0.5,0.866,89.4,0.0,3077.0,3077.0,19866.0,0,0.4597,0.1341,9161.0,0.1944
MI,0,Town,4086.0,28416.0,1,1,3.02,48.0,R1 Research,69473.0,217.3,3,1.0,0.0,68.0,17078.0,30128.0,47206.0,22267.0,0,0.7836,0.6795,18181.0,0.1892
NY,0,City,22130.0,98962.0,1,0,1.78,,Regional Comprehensive,45548.0,278.6,4,0.866,-0.5,65.8,8264.0,6402.0,14666.0,30882.0,0,0.3121,0.322,8752.0,0.0943
TX,0,City,3345.0,49905.0,1,1,2.52,41.0,Regional Comprehensive,47288.0,95.8,5,0.5,-0.866,62.0,15077.0,16498.0,31575.0,15713.0,0,0.3149,0.6677,12368.0,0.0891
WA,0,Suburb,13276.0,93214.0,1,0,3.22,57.0,R2 Doctoral,55273.0,238.7,1,0.5,0.866,100.0,15958.0,7454.0,23412.0,31861.0,1,0.3418,0.4236,18585.0,0.1
FL,0,City,4428.0,82765.0,1,1,3.87,98.0,R1 Research,73090.0,108.4,9,-1.0,-0.0,55.8,25608.0,22001.0,47609.0,25481.0,1,0.3079,0.6514,21053.0,0.0588
VA,0,Suburb,9272.0,45609.0,0,0,2.08,13.0,Regional Comprehensive,46066.0,79.7,2,0.866,0.5,54.3,7454.0,7069.0,14523.0,31543.0,0,0.6916,0.3153,22271.0,0.0526
IL,0,Suburb,25020.0,136250.0,0,0,3.5,68.0,R1 Research,70056.0,928.7,8,-0.866,-0.5,77.8,19031.0,6496.0,25527.0,44529.0,1,0.3268,0.3644,19509.0,0.069
TX,0,City,7970.0,41033.0,1,1,3.35,83.0,R2 Doctoral,55400.0,15.0,2,0.866,0.5,68.8,21777.0,25581.0,47358.0,8042.0,0,0.196,0.8548,72.0,0.0567
TX,0,Town,34235.0,148320.0,0,0,3.31,53.0,Community College,21586.0,17.7,2,0.866,0.5,87.2,2318.0,0.0,2318.0,19268.0,0,0.1299,0.1074,0.0,0.1286
FL,0,Suburb,36475.0,162972.0,0,0,2.22,6.0,Regional Comprehensive,40636.0,189.4,5,0.5,-0.866,51.6,6789.0,756.0,7545.0,33091.0,0,0.203,0.1857,0.0,0.2609
CA,0,Suburb,33670.0,134065.0,0,0,1.5,,Liberal Arts College,94447.0,95.9,1,0.5,0.866,65.9,8190.0,12882.0,21072.0,73375.0,1,0.5473,0.2231,39705.0,0.2571
NY,0,City,8659.0,55271.0,0,1,3.19,65.0,R1 Research,77263.0,28.0,1,0.5,0.866,95.1,22850.0,31120.0,53970.0,23293.0,1,0.4214,0.6985,14634.0,0.1842
IA,0,Suburb,79804.0,393918.0,1,0,2.41,57.0,Liberal Arts College,74137.0,41.9,12,-0.0,1.0,47.9,22626.0,0.0,22626.0,51511.0,1,0.1308,0.3052,0.0,0.014
LA,0,City,7341.0,70216.0,0,1,2.63,43.0,R1 Research,80200.0,48.0,3,1.0,0.0,78.5,14333.0,26910.0,41243.0,38957.0,1,0.5548,0.5143,31616.0,0.25
PA,0,Suburb,24016.0,74874.0,0,0,3.62,67.0,Community College,21114.0,323.4,10,-0.866,0.5,26.8,2126.0,0.0,2126.0,18988.0,1,0.2536,0.1007,0.0,0.0446
VA,0,City,5107.0,61952.0,0,1,3.37,58.0,Liberal Arts College,80347.0,452.5,9,-1.0,-0.0,68.8,29220.0,40250.0,69470.0,10877.0,1,0.1756,0.8646,5770.0,0.0884
NJ,0,Rural,-1485.0,27905.0,1,1,1.72,12.0,Liberal Arts College,76027.0,708.7,1,0.5,0.866,55.0,8180.0,42544.0,50724.0,25303.0,0,0.9068,0.6672,26788.0,0.1194
LA,0,City,47928.0,159924.0,0,0,1.65,,R2 Doctoral,46290.0,23.9,3,1.0,0.0,76.8,4146.0,0.0,4146.0,42144.0,1,0.2635,0.0896,0.0,0.0909
FL,0,Rural,2915.0,41684.0,1,1,2.61,16.0,Regional Comprehensive,41919.0,30.2,5,0.5,-0.866,42.9,11546.0,12794.0,24340.0,17579.0,1,0.4217,0.5806,14664.0,0.0144
NY,0,Rural,36071.0,122042.0,0,0,3.63,81.0,R1 Research,72758.0,28.1,9,-1.0,-0.0,73.9,23304.0,6645.0,29949.0,42809.0,0,0.3508,0.4116,6738.0,0.3
NY,0,Suburb,25086.0,145056.0,1,0,3.32,79.0,Regional Comprehensive,47258.0,490.4,12,-0.0,1.0,55.5,21378.0,5383.0,26761.0,20497.0,0,0.1413,0.5663,0.0,0.0643
CA,0,Suburb,22898.0,97187.0,0,0,2.63,53.0,R1 Research,72798.0,196.4,1,0.5,0.866,70.0,17130.0,7542.0,24672.0,48126.0,0,0.4952,0.3389,25228.0,0.0821
NY,0,Suburb,9536.0,38246.0,1,0,2.92,56.0,R1 Research,75893.0,137.8,7,-0.5,-0.866,63.3,17674.0,17185.0,34859.0,41034.0,1,1.0729,0.4593,31498.0,0.1447
CT,0,Rural,14830.0,49238.0,0,0,2.76,61.0,R2 Doctoral,54635.0,161.3,3,1.0,0.0,58.9,15572.0,8821.0,24393.0,30242.0,1,0.6142,0.4465,15412.0,0.1333
NV,0,Suburb,1058.0,9159.0,1,1,2.81,45.0,Liberal Arts College,83600.0,119.4,3,1.0,0.0,52.8,26414.0,40852.0,67266.0,16334.0,0,1.7834,0.8046,15276.0,0.1613
CA,0,Suburb,6349.0,57881.0,0,1,3.06,52.0,R2 Doctoral,69115.0,39.0,1,0.5,0.866,45.2,21476.0,28628.0,50104.0,19011.0,0,0.3284,0.7249,12662.0,0.0234
GA,0,City,15311.0,112190.0,1,0,2.78,46.0,Community College,19466.0,217.2,12,-0.0,1.0,69.1,0.0,584.0,584.0,18882.0,1,0.1683,0.03,3571.0,0.16
IL,0,Town,6471.0,53050.0,1,1,3.19,66.0,Regional Comprehensive,44528.0,104.2,5,0.5,-0.866,42.4,19019.0,16067.0,35086.0,9442.0,1,0.178,0.788,2971.0,0.2432
NC,0,City,17745.0,41157.0,0,0,3.75,99.0,Regional Comprehensive,45064.0,35.9,5,0.5,-0.866,56.0,25099.0,4584.0,29683.0,15381.0,1,0.3737,0.6587,0.0,0.036
NJ,0,City,8891.0,50799.0,0,0,2.93,50.0,Regional Comprehensive,48755.0,231.6,11,-0.5,0.866,35.2,14380.0,6224.0,20604.0,28151.0,0,0.5542,0.4226,19260.0,0.1628
CA,0,City,30536.0,151004.0,0,0,2.81,50.0,Regional Comprehensive,44926.0,81.0,2,0.866,0.5,55.3,11741.0,3164.0,14905.0,30021.0,1,0.1988,0.3318,0.0,0.2727
KY,0,Suburb,18861.0,60528.0,0,0,1.94,37.0,R2 Doctoral,60911.0,160.9,7,-0.5,-0.866,23.1,11619.0,9201.0,20820.0,40091.0,0,0.6624,0.3418,21230.0,0.0526
NH,0,Rural,74319.0,239833.0,0,0,2.98,61.0,Regional Comprehensive,49236.0,111.1,3,1.0,0.0,81.9,22788.0,0.0,22788.0,26448.0,1,0.1103,0.4628,0.0,0.084
MA,0,Town,7528.0,41734.0,0,1,3.56,54.0,R1 Research,88294.0,323.0,4,0.866,-0.5,72.7,27499.0,29681.0,57180.0,31114.0,1,0.7455,0.6476,23586.0,0.1007
MA,0,City,13506.0,73600.0,0,0,3.2,85.0,Regional Comprehensive,47183.0,159.7,9,-1.0,-0.0,54.3,24334.0,5169.0,29503.0,17680.0,1,0.2402,0.6253,4174.0,0.1045
MI,0,Suburb,9603.0,46072.0,0,0,3.16,65.0,Regional Comprehensive,45596.0,50.1,2,0.866,0.5,64.8,17519.0,9836.0,27355.0,18241.0,0,0.3959,0.5999,8638.0,0.0847
NY,0,Town,60355.0,280304.0,0,0,3.09,22.0,R1 Research,75388.0,177.7,11,-0.5,0.866,74.6,12827.0,3880.0,16707.0,58681.0,1,0.2093,0.2216,0.0,0.2885
TX,0,Suburb,16209.0,71638.0,1,0,3.39,65.0,Regional Comprehensive,45119.0,183.9,4,0.866,-0.5,54.1,17146.0,5276.0,22422.0,22697.0,1,0.3168,0.497,6488.0,0.037
VA,0,City,62387.0,291331.0,0,0,2.77,37.0,Liberal Arts College,79142.0,216.8,4,0.866,-0.5,83.4,20196.0,4329.0,24525.0,54617.0,0,0.1875,0.3099,0.0,0.0791
CA,0,Suburb,9711.0,46514.0,0,0,2.91,45.0,R2 Doctoral,64433.0,376.0,3,1.0,0.0,47.9,19316.0,12909.0,32225.0,32208.0,0,0.6924,0.5001,22497.0,0.0342
LA,0,Suburb,40221.0,189067.0,0,0,3.17,61.0,Regional Comprehensive,43023.0,66.4,1,0.5,0.866,61.8,19709.0,458.0,20167.0,22856.0,0,0.1209,0.4687,0.0,0.0609
OH,1,Rural,10987.0,68526.0,0,0,2.73,54.0,Community College,15804.0,74.0,4,0.866,-0.5,34.7,1246.0,822.0,2068.0,13736.0,1,0.2004,0.1309,2749.0,0.016
OH,1,Suburb,31312.0,114966.0,0,0,3.53,92.0,Community College,19412.0,6.0,6,0.0,-1.0,82.7,2111.0,0.0,2111.0,17301.0,0,0.1505,0.1087,0.0,0.2941
NY,0,City,1835.0,26155.0,1,1,3.25,81.0,R2 Doctoral,57328.0,111.7,1,0.5,0.866,61.3,21138.0,25209.0,46347.0,10981.0,0,0.4198,0.8085,9146.0,0.0862
HI,0,Town,27618.0,80891.0,1,0,3.53,96.0,R2 Doctoral,62126.0,95.0,2,0.866,0.5,71.7,27315.0,7359.0,34674.0,27452.0,1,0.3394,0.5581,0.0,0.0692
TX,0,City,1113.0,29151.0,0,1,3.51,72.0,R2 Doctoral,55260.0,579.5,10,-0.866,0.5,40.5,19996.0,26750.0,46746.0,8514.0,1,0.2921,0.8459,7401.0,0.0397
TX,0,Rural,15813.0,75744.0,1,0,3.21,36.0,Regional Comprehensive,43099.0,107.5,4,0.866,-0.5,60.1,12068.0,3998.0,16066.0,27033.0,1,0.3569,0.3728,11220.0,0.0448
TX,0,Suburb,8706.0,21094.0,1,1,3.15,28.0,Community College,17538.0,239.9,5,0.5,-0.866,44.8,1846.0,2770.0,4616.0,12922.0,0,0.6126,0.2632,4216.0,0.0706
MA,0,City,15479.0,58821.0,1,0,3.65,90.0,R2 Doctoral,52401.0,19.9,3,1.0,0.0,49.4,21700.0,8499.0,30199.0,22202.0,1,0.3775,0.5763,6723.0,0.1579
ND,0,Suburb,33952.0,138530.0,0,0,2.72,44.0,Regional Comprehensive,41345.0,87.6,1,0.5,0.866,33.1,12290.0,1773.0,14063.0,27282.0,1,0.1969,0.3401,0.0,0.0208
FL,0,City,16338.0,93362.0,0,0,2.5,55.0,Liberal Arts College,65242.0,52.1,4,0.866,-0.5,55.0,20224.0,8268.0,28492.0,36750.0,1,0.3936,0.4367,20412.0,0.1452
IA,0,City,3195.0,25889.0,1,1,2.35,36.0,R1 Research,52497.0,1704.7,2,0.866,0.5,52.7,6328.0,25573.0,31901.0,20596.0,0,0.7956,0.6077,17401.0,0.0649
NY,0,Suburb,2484.0,16045.0,1,1,2.75,23.0,R1 Research,79577.0,62.9,7,-0.5,-0.866,100.0,11455.0,36188.0,47643.0,31934.0,0,1.9903,0.5987,29450.0,0.0872
MA,0,Town,13379.0,90021.0,0,0,1.53,,R1 Research,73947.0,136.8,3,1.0,0.0,40.2,5682.0,9939.0,15621.0,58326.0,1,0.6479,0.2112,44947.0,0.0493
CA,0,Town,37560.0,196509.0,0,0,2.13,28.0,Regional Comprehensive,54533.0,144.7,4,0.866,-0.5,46.9,10739.0,4063.0,14802.0,39731.0,0,0.2022,0.2714,2171.0,0.1264
NC,0,Suburb,1198.0,31444.0,1,1,2.13,7.0,R2 Doctoral,47255.0,23.9,4,0.866,-0.5,77.1,7001.0,15569.0,22570.0,24685.0,1,0.785,0.4776,23487.0,0.0407
MA,0,City,38728.0,284968.0,0,0,3.24,84.0,Regional Comprehensive,53867.0,72.9,7,-0.5,-0.866,38.7,24049.0,2468.0,26517.0,27350.0,1,0.096,0.4923,0.0,0.1864
MI,0,Suburb,8111.0,62650.0,0,1,3.39,64.0,Community College,18647.0,193.8,9,-1.0,-0.0,52.2,2750.0,5607.0,8357.0,10290.0,0,0.1642,0.4482,2179.0,0.0957
FL,0,Suburb,8199.0,15363.0,1,1,3.46,68.0,Regional Comprehensive,37900.0,138.6,1,0.5,0.866,78.7,14231.0,8778.0,23009.0,14891.0,0,0.9693,0.6071,6692.0,0.3158
LA,0,City,337.0,20459.0,1,1,3.08,37.0,Regional Comprehensive,35999.0,15.0,1,0.5,0.866,77.3,10409.0,12546.0,22955.0,13044.0,0,0.6376,0.6377,12707.0,0.101
HI,0,Rural,17104.0,109575.0,0,0,3.66,99.0,Liberal Arts College,71740.0,69.9,1,0.5,0.866,62.4,38280.0,10246.0,48526.0,23214.0,1,0.2119,0.6764,6110.0,0.2258
GA,0,Rural,12317.0,69099.0,1,0,1.71,3.0,Community College,21281.0,370.1,6,0.0,-1.0,59.4,1379.0,2045.0,3424.0,17857.0,0,0.2584,0.1609,5540.0,0.0583
AZ,0,City,40015.0,182992.0,0,0,2.18,28.0,Regional Comprehensive,46235.0,235.0,2,0.866,0.5,78.0,12154.0,1673.0,13827.0,32408.0,1,0.1771,0.2991,0.0,0.0317
MN,0,Town,-1500.0,26565.0,0,1,1.63,,Liberal Arts College,73383.0,455.2,9,-1.0,-0.0,76.2,8055.0,28825.0,36880.0,36503.0,0,1.3741,0.5026,38003.0,0.1087
FL,0,Suburb,8788.0,68550.0,1,1,3.21,58.0,R2 Doctoral,62836.0,45.0,3,1.0,0.0,64.9,19049.0,25139.0,44188.0,18648.0,0,0.272,0.7032,9860.0,0.0606
OR,0,City,9005.0,63251.0,0,0,2.96,57.0,R2 Doctoral,56750.0,486.3,3,1.0,0.0,68.9,16909.0,9247.0,26156.0,30594.0,0,0.4837,0.4609,21589.0,0.1231
NY,0,Suburb,7855.0,56785.0,0,1,3.34,74.0,Community College,15062.0,120.9,4,0.866,-0.5,49.4,1004.0,3653.0,4657.0,10405.0,1,0.1832,0.3092,2550.0,0.0957
MN,0,City,7752.0,47788.0,1,1,3.27,73.0,Community College,22234.0,674.3,5,0.5,-0.866,82.4,1908.0,7313.0,9221.0,13013.0,1,0.2723,0.4147,5261.0,0.068
CA,0,City,6049.0,48478.0,1,1,2.45,47.0,Regional Comprehensive,40331.0,127.1,1,0.5,0.866,79.3,14368.0,15848.0,30216.0,10115.0,1,0.2087,0.7492,4066.0,0.2
NY,0,Rural,16418.0,71378.0,1,0,3.47,82.0,Community College,16345.0,15.0,3,1.0,0.0,57.8,1974.0,0.0,1974.0,14371.0,1,0.2013,0.1208,0.0,0.035
MI,0,Suburb,15926.0,78265.0,0,0,3.13,67.0,R2 Doctoral,54706.0,309.1,9,-1.0,-0.0,44.7,17105.0,6298.0,23403.0,31303.0,0,0.4,0.4278,15377.0,0.0769
MI,0,City,11205.0,75497.0,0,0,3.04,48.0,R1 Research,75035.0,79.5,5,0.5,-0.866,90.3,16558.0,12394.0,28952.0,46083.0,1,0.6104,0.3858,34878.0,0.1222
KY,0,Suburb,30218.0,149988.0,0,0,2.8,44.0,Liberal Arts College,70584.0,85.4,2,0.866,0.5,51.4,21816.0,8653.0,30469.0,40115.0,1,0.2675,0.4317,9897.0,0.1455
VT,0,Rural,4318.0,26505.0,0,1,2.68,27.0,Regional Comprehensive,37084.0,27.6,11,-0.5,0.866,48.6,7595.0,12149.0,19744.0,17340.0,1,0.6542,0.5324,13022.0,0.019
CA,0,Suburb,-609.0,17079.0,0,1,3.59,71.0,R1 Research,66557.0,695.9,12,-0.0,1.0,29.0,21843.0,23664.0,45507.0,21050.0,0,1.2325,0.6837,21659.0,0.0408
FL,0,Rural,27558.0,130903.0,0,0,2.78,52.0,Regional Comprehensive,49465.0,73.3,3,1.0,0.0,78.0,19245.0,3880.0,23125.0,26340.0,0,0.2012,0.4675,0.0,0.087
PA,0,Rural,1192.0,31910.0,1,1,2.77,51.0,Regional Comprehensive,44990.0,662.2,2,0.866,0.5,55.2,14130.0,20142.0,34272.0,10718.0,0,0.3359,0.7618,9526.0,0.2188
GA,0,Suburb,10704.0,47896.0,0,0,1.5,7.0,Regional Comprehensive,50033.0,80.6,10,-0.866,0.5,53.7,7046.0,10120.0,17166.0,32867.0,1,0.6862,0.3431,22163.0,0.0737
NC,0,Suburb,1557.0,40509.0,1,1,3.24,83.0,R1 Research,76677.0,47.8,2,0.866,0.5,63.3,25220.0,31197.0,56417.0,20260.0,0,0.5001,0.7358,18703.0,0.1304
OR,0,Suburb,5056.0,39890.0,1,1,2.9,34.0,Community College,17627.0,506.4,7,-0.5,-0.866,100.0,45.0,5933.0,5978.0,11649.0,0,0.292,0.3391,6593.0,0.0889
CO,0,Town,6705.0,22028.0,0,1,1.75,,Community College,17206.0,117.3,6,0.0,-1.0,89.3,14.0,3493.0,3507.0,13699.0,0,0.6219,0.2038,6994.0,0.082
CA,0,Suburb,13741.0,41770.0,1,0,3.3,63.0,Community College,19479.0,118.5,5,0.5,-0.866,67.8,1965.0,888.0,2853.0,16626.0,0,0.398,0.1465,2885.0,0.1429
GA,0,City,24325.0,100460.0,0,0,3.41,90.0,Liberal Arts College,78969.0,33.0,1,0.5,0.866,50.0,36831.0,9939.0,46770.0,32199.0,1,0.3205,0.5923,7874.0,0.25
WA,0,City,4936.0,62766.0,0,1,1.88,31.0,Community College,19290.0,78.4,1,0.5,0.866,64.0,3451.0,4579.0,8030.0,11260.0,1,0.1794,0.4163,6324.0,0.0451
GA,0,Suburb,11060.0,90513.0,0,0,3.82,89.0,Community College,19514.0,198.7,3,1.0,0.0,58.7,2617.0,1307.0,3924.0,15590.0,1,0.1722,0.2011,4530.0,0.0625
TX,0,Town,13718.0,44039.0,1,0,3.07,54.0,Regional Comprehensive,44380.0,32.4,4,0.866,-0.5,91.7,14145.0,6754.0,20899.0,23481.0,1,0.5332,0.4709,9763.0,0.375
IL,0,Town,21329.0,120578.0,0,0,3.31,70.0,Regional Comprehensive,44467.0,71.9,3,1.0,0.0,100.0,16610.0,3839.0,20449.0,24018.0,1,0.1992,0.4599,2689.0,0.093
OH,1,Suburb,5845.0,43651.0,1,1,3.23,78.0,Regional Comprehensive,27330.0,23.6,8,-0.866,-0.5,65.5,11152.0,9580.0,20732.0,6598.0,1,0.1512,0.7586,753.0,0.0328
TX,0,City,4508.0,13792.0,0,1,2.81,38.0,R2 Doctoral,49650.0,135.9,2,0.866,0.5,75.4,12487.0,20062.0,32549.0,17101.0,0,1.2399,0.6556,12593.0,0.1038
WI,0,City,19932.0,79061.0,0,0,3.28,58.0,R1 Research,78711.0,599.1,5,0.5,-0.866,93.6,22629.0,8238.0,30867.0,47844.0,0,0.6052,0.3922,27912.0,0.1048
NY,0,Town,24723.0,109373.0,0,0,3.44,73.0,Community College,16522.0,92.5,2,0.866,0.5,70.5,0.0,0.0,0.0,16522.0,1,0.1511,0.0,0.0,0.0973
VA,0,Suburb,250.0,42081.0,0,1,3.55,90.0,Regional Comprehensive,36557.0,61.4,3,1.0,0.0,45.7,18270.0,10966.0,29236.0,7321.0,0,0.174,0.7997,7071.0,0.0621
MI,0,Town,27948.0,149258.0,0,0,3.45,83.0,R1 Research,68877.0,2265.5,3,1.0,0.0,58.3,24219.0,6002.0,30221.0,38656.0,0,0.259,0.4388,10708.0,0.0667
CT,0,City,9744.0,34115.0,1,0,2.99,29.0,Community College,19688.0,80.4,4,0.866,-0.5,63.3,2280.0,2632.0,4912.0,14776.0,0,0.4331,0.2495,5032.0,0.0853
TX,0,Suburb,19062.0,102020.0,0,0,3.19,73.0,Community College,18578.0,103.7,8,-0.866,-0.5,42.8,495.0,0.0,495.0,18083.0,0,0.1772,0.0266,0.0,0.1143
CA,0,Rural,40184.0,221071.0,0,0,2.75,45.0,Regional Comprehensive,39621.0,87.0,2,0.866,0.5,62.1,13035.0,0.0,13035.0,26586.0,0,0.1203,0.329,0.0,0.1379
NY,0,City,12133.0,64631.0,0,0,2.74,53.0,Community College,21758.0,94.8,6,0.0,-1.0,30.3,2108.0,2114.0,4222.0,17536.0,1,0.2713,0.194,5403.0,0.0421
OH,1,City,9575.0,53473.0,1,0,3.83,84.0,Community College,19580.0,39.8,11,-0.5,0.866,21.6,4772.0,1524.0,6296.0,13284.0,0,0.2484,0.3216,3709.0,0.0513
NY,0,Suburb,20010.0,58333.0,0,0,2.85,56.0,R1 Research,82411.0,333.2,2,0.866,0.5,60.2,20823.0,10140.0,30963.0,51448.0,0,0.882,0.3757,31438.0,0.096
CO,0,Suburb,34054.0,203287.0,0,0,3.19,63.0,Liberal Arts College,76550.0,193.6,4,0.866,-0.5,55.6,29002.0,8167.0,37169.0,39381.0,1,0.1937,0.4856,5327.0,0.0725
FL,0,Rural,20442.0,84120.0,1,0,2.98,47.0,R1 Research,76418.0,392.6,2,0.866,0.5,97.5,18342.0,11433.0,29775.0,46643.0,1,0.5545,0.3896,26201.0,0.0645
CA,0,Rural,64642.0,294733.0,0,0,1.7,,Liberal Arts College,65624.0,379.2,10,-0.866,0.5,45.7,7481.0,224.0,7705.0,57919.0,1,0.1965,0.1174,0.0,0.0696
OH,1,Town,20753.0,76962.0,0,0,2.88,48.0,R2 Doctoral,23579.0,45.7,2,0.866,0.5,67.0,5605.0,707.0,6312.0,17267.0,1,0.2244,0.2677,0.0,0.3243
CO,0,City,4342.0,39311.0,0,1,3.66,63.0,Regional Comprehensive,45158.0,188.1,12,-0.0,1.0,45.0,20816.0,17022.0,37838.0,7320.0,1,0.1862,0.8379,2978.0,0.1163
KY,0,Suburb,4113.0,41352.0,1,1,2.53,31.0,Community College,15656.0,405.9,1,0.5,0.866,33.5,155.0,3701.0,3856.0,11800.0,0,0.2854,0.2463,7687.0,0.129
MD,0,Rural,13013.0,65799.0,0,0,3.23,60.0,R1 Research,79815.0,39.5,11,-0.5,0.866,52.6,21626.0,15492.0,37118.0,42697.0,0,0.6489,0.4651,29684.0,0.0441
NJ,0,Suburb,612.0,14476.0,1,1,3.88,99.0,Community College,21315.0,1745.8,9,-1.0,-0.0,63.4,4477.0,8698.0,13175.0,8140.0,0,0.5623,0.6181,7528.0,0.2326
MD,0,Rural,5870.0,44712.0,0,1,3.06,66.0,R1 Research,74801.0,74.0,1,0.5,0.866,52.7,18170.0,29137.0,47307.0,27494.0,0,0.6149,0.6324,21624.0,0.0308
TN,0,Suburb,13289.0,45433.0,0,0,2.53,63.0,R1 Research,64441.0,87.6,6,0.0,-1.0,54.5,14994.0,12593.0,27587.0,36854.0,0,0.8112,0.4281,23565.0,0.0408
FL,0,City,10983.0,74806.0,0,0,3.56,54.0,R1 Research,71909.0,35.5,1,0.5,0.866,79.7,21748.0,16219.0,37967.0,33942.0,1,0.4537,0.528,22959.0,0.4444
NJ,0,Suburb,75346.0,254768.0,0,0,3.06,54.0,Community College,20384.0,36.6,1,0.5,0.866,57.8,4150.0,0.0,4150.0,16234.0,0,0.0637,0.2036,0.0,0.1224
CO,0,Suburb,16630.0,65478.0,1,0,1.91,30.0,Regional Comprehensive,46826.0,352.3,4,0.866,-0.5,86.9,10829.0,7045.0,17874.0,28952.0,0,0.4422,0.3817,12322.0,0.0522
NY,0,City,-854.0,15767.0,1,1,3.19,66.0,Regional Comprehensive,40874.0,1374.1,5,0.5,-0.866,67.0,16506.0,20422.0,36928.0,3946.0,1,0.2503,0.9035,4800.0,0.1795
MA,0,Suburb,6321.0,32597.0,0,1,1.97,13.0,Community College,14281.0,69.8,2,0.866,0.5,80.9,250.0,2726.0,2976.0,11305.0,0,0.3468,0.2084,4984.0,0.0544
NC,0,Town,11681.0,76027.0,0,0,3.21,51.0,Regional Comprehensive,46697.0,182.5,10,-0.866,0.5,83.2,16262.0,7726.0,23988.0,22709.0,0,0.2987,0.5137,11028.0,0.1613
NC,0,City,13302.0,67303.0,0,0,3.04,66.0,Community College,18951.0,159.7,5,0.5,-0.866,42.9,2056.0,1533.0,3589.0,15362.0,0,0.2283,0.1894,2060.0,0.0294
CA,0,Suburb,42329.0,202725.0,0,0,3.81,88.0,R1 Research,77147.0,362.2,6,0.0,-1.0,77.6,28595.0,8551.0,37146.0,40001.0,0,0.1973,0.4815,0.0,0.1049
TN,0,Suburb,19422.0,125650.0,0,0,3.76,79.0,R1 Research,71821.0,1301.8,5,0.5,-0.866,83.0,22512.0,7558.0,30070.0,41751.0,0,0.3323,0.4187,22329.0,0.0909
OK,0,Town,20309.0,122968.0,0,0,3.25,78.0,Liberal Arts College,75398.0,625.7,3,1.0,0.0,80.3,29438.0,10959.0,40397.0,35001.0,1,0.2846,0.5358,14692.0,0.0857
TX,0,Suburb,6527.0,53834.0,1,1,2.75,75.0,Community College,18553.0,98.6,1,0.5,0.866,62.0,3607.0,4430.0,8037.0,10516.0,0,0.1953,0.4332,3989.0,0.1171
PA,0,Rural,29666.0,138880.0,0,0,3.17,50.0,Liberal Arts College,73834.0,220.8,4,0.866,-0.5,10.5,24389.0,11652.0,36041.0,37793.0,1,0.2721,0.4881,8127.0,0.0
CA,0,Rural,-1500.0,33022.0,1,1,2.53,45.0,R2 Doctoral,70400.0,245.0,10,-0.866,0.5,100.0,16782.0,28402.0,45184.0,25216.0,1,0.7636,0.6418,26716.0,0.1103
CA,0,Suburb,19832.0,126396.0,0,0,3.27,67.0,Community College,18415.0,124.1,11,-0.5,0.866,25.5,2254.0,0.0,2254.0,16161.0,0,0.1279,0.1224,0.0,0.021
SD,0,City,2125.0,51362.0,0,1,2.51,45.0,R2 Doctoral,54047.0,40.1,1,0.5,0.866,98.7,13442.0,23738.0,37180.0,16867.0,1,0.3284,0.6879,14742.0,0.1364
NC,0,Town,2794.0,22191.0,0,1,3.36,86.0,Regional Comprehensive,48258.0,54.8,8,-0.866,-0.5,35.5,23217.0,24491.0,45845.0,2413.0,1,0.1087,0.95,0.0,0.0364
PA,0,City,25179.0,96484.0,1,0,3.29,85.0,Liberal Arts College,81503.0,423.0,2,0.866,0.5,43.3,36312.0,12460.0,48772.0,32731.0,0,0.3392,0.5984,7552.0,0.0252
FL,0,Town,23568.0,172169.0,0,0,3.75,77.0,Regional Comprehensive,45391.0,471.4,2,0.866,0.5,63.3,22406.0,3463.0,25869.0,19522.0,1,0.1134,0.5699,0.0,0.1667
MT,0,Suburb,11341.0,46969.0,0,0,1.87,,Community College,16855.0,101.9,1,0.5,0.866,61.6,1245.0,1438.0,2683.0,14172.0,1,0.3017,0.1592,2831.0,0.1509
FL,0,Suburb,44166.0,193918.0,0,0,2.3,27.0,Regional Comprehensive,39099.0,166.7,12,-0.0,1.0,92.2,9474.0,0.0,9474.0,29625.0,0,0.1528,0.2423,0.0,0.0526
MD,0,Suburb,-1500.0,19105.0,1,1,2.35,29.0,Community College,18863.0,445.4,8,-0.866,-0.5,48.7,0.0,6746.0,6746.0,12117.0,0,0.6342,0.3576,13617.0,0.0336
NY,0,Suburb,9638.0,26590.0,1,0,2.21,,R2 Doctoral,54838.0,21.2,2,0.866,0.5,82.4,7450.0,11689.0,19139.0,35699.0,0,1.3426,0.349,26061.0,0.1667
CA,0,Rural,21238.0,56634.0,1,0,3.17,75.0,Regional Comprehensive,42746.0,79.3,10,-0.866,0.5,67.9,16587.0,5253.0,21840.0,20906.0,1,0.3691,0.5109,0.0,0.2979
IN,0,City,11561.0,48197.0,0,0,2.99,48.0,Liberal Arts College,84979.0,1054.3,1,0.5,0.866,46.9,26129.0,19201.0,45330.0,39649.0,0,0.8226,0.5334,28088.0,0.0312
CA,0,Rural,10246.0,38936.0,1,0,3.57,76.0,Regional Comprehensive,49160.0,173.5,2,0.866,0.5,76.0,21844.0,9102.0,30946.0,18214.0,0,0.4678,0.6295,7968.0,0.0826
TN,0,City,12776.0,69303.0,1,0,3.66,73.0,Regional Comprehensive,50183.0,38.7,1,0.5,0.866,65.5,24085.0,8966.0,33051.0,17132.0,1,0.2472,0.6586,4356.0,0.0714
FL,0,Town,6579.0,43020.0,0,1,3.15,58.0,Community College,16436.0,143.3,3,1.0,0.0,82.3,0.0,3705.0,3705.0,12731.0,1,0.2959,0.2254,6152.0,0.0977
WI,0,Rural,15080.0,48608.0,0,0,2.78,63.0,R2 Doctoral,62231.0,370.3,2,0.866,0.5,58.1,19521.0,7647.0,27168.0,35063.0,0,0.7213,0.4366,19983.0,0.117
CO,0,Suburb,19746.0,76916.0,1,0,2.32,30.0,R1 Research,54949.0,15.0,12,-0.0,1.0,83.7,8894.0,5402.0,14296.0,40653.0,1,0.5285,0.2602,20907.0,0.0787
MD,0,City,10467.0,38924.0,0,0,3.44,99.0,Regional Comprehensive,44751.0,152.5,1,0.5,0.866,69.6,24504.0,5894.0,30398.0,14353.0,1,0.3687,0.6793,3886.0,0.0469
CA,0,Town,7894.0,58318.0,0,1,3.3,75.0,Community College,21157.0,85.7,1,0.5,0.866,41.2,2810.0,4033.0,6843.0,14314.0,0,0.2454,0.3234,6420.0,0.0159
MO,0,Town,6688.0,39546.0,0,1,3.61,87.0,Community College,16427.0,22.6,1,0.5,0.866,30.9,3138.0,4877.0,8015.0,8412.0,1,0.2127,0.4879,1724.0,0.0926
SD,0,Suburb,4493.0,26422.0,1,1,3.18,59.0,Community College,15654.0,138.1,4,0.866,-0.5,97.2,1866.0,4725.0,6591.0,9063.0,1,0.343,0.421,4570.0,0.2979
FL,0,Suburb,24603.0,109083.0,0,0,3.24,63.0,Liberal Arts College,76465.0,109.8,1,0.5,0.866,61.9,31407.0,10677.0,42084.0,34381.0,1,0.3152,0.5504,9778.0,0.0396
FL,0,Town,54082.0,215262.0,0,0,3.04,70.0,R1 Research,86866.0,123.5,8,-0.866,-0.5,55.5,23180.0,6327.0,29507.0,57359.0,0,0.2665,0.3397,3277.0,0.2143
AL,0,City,36698.0,135468.0,0,0,3.12,75.0,Regional Comprehensive,52666.0,87.9,3,1.0,0.0,65.7,26212.0,3900.0,30112.0,22554.0,0,0.1665,0.5718,0.0,0.1475
TX,0,Suburb,20292.0,79924.0,0,0,3.17,65.0,Regional Comprehensive,50285.0,43.4,12,-0.0,1.0,52.3,19593.0,4434.0,24027.0,26258.0,1,0.3285,0.4778,5966.0,0.0686
MA,0,Suburb,10911.0,39660.0,0,0,2.76,53.0,Regional Comprehensive,40511.0,27.5,1,0.5,0.866,65.0,15070.0,4601.0,19671.0,20840.0,1,0.5255,0.4856,9929.0,0.14
WI,0,City,18022.0,51196.0,0,0,3.33,66.0,Community College,19010.0,61.4,3,1.0,0.0,31.7,4544.0,269.0,4813.0,14197.0,0,0.2773,0.2532,0.0,0.0233
CA,0,Town,45563.0,134734.0,0,0,3.13,63.0,Community College,24595.0,312.3,12,-0.0,1.0,69.9,2514.0,0.0,2514.0,22081.0,1,0.1639,0.1022,0.0,0.2703
NJ,0,Suburb,-1500.0,12177.0,1,1,3.33,69.0,Community College,21258.0,161.8,3,1.0,0.0,68.2,2485.0,7551.0,10036.0,11222.0,0,0.9216,0.4721,12722.0,0.1594
VA,0,Rural,12880.0,48458.0,1,0,3.48,74.0,R1 Research,58076.0,117.8,2,0.866,0.5,78.6,15510.0,7186.0,22696.0,35380.0,0,0.7301,0.3908,22500.0,0.0608
NY,0,Suburb,14004.0,106784.0,0,0,2.93,65.0,R1 Research,79249.0,42.5,1,0.5,0.866,53.0,25731.0,10316.0,36047.0,43202.0,0,0.4046,0.4549,29198.0,0.08
OK,0,Suburb,10112.0,27735.0,0,0,3.1,58.0,R1 Research,65390.0,85.6,5,0.5,-0.866,59.2,16341.0,13292.0,29633.0,35757.0,1,1.2892,0.4532,25645.0,0.25
TX,0,Suburb,16544.0,85378.0,1,0,2.93,44.0,R2 Doctoral,54279.0,274.8,2,0.866,0.5,40.2,17425.0,9513.0,26938.0,27341.0,0,0.3202,0.4963,10797.0,0.0714
PA,0,Suburb,9503.0,82573.0,0,0,3.63,75.0,Liberal Arts College,84475.0,215.3,5,0.5,-0.866,79.4,35698.0,16854.0,52552.0,31923.0,0,0.3866,0.6221,22420.0,0.0894
KY,0,Town,-1500.0,22090.0,0,1,2.81,44.0,Regional Comprehensive,43374.0,76.8,11,-0.5,0.866,51.8,11871.0,17365.0,29236.0,14138.0,1,0.64,0.674,15638.0,0.0631
TX,0,Suburb,10399.0,67012.0,1,0,2.96,59.0,Regional Comprehensive,42670.0,15.0,5,0.5,-0.866,20.1,15084.0,5590.0,20674.0,21996.0,0,0.3282,0.4845,11597.0,0.0354
AL,0,Town,6959.0,40354.0,1,1,3.12,52.0,Liberal Arts College,87805.0,62.4,1,0.5,0.866,60.5,30233.0,24896.0,55129.0,32676.0,1,0.8097,0.6279,25717.0,0.092
CA,0,Suburb,15811.0,84931.0,0,0,3.37,84.0,R2 Doctoral,60532.0,76.3,4,0.866,-0.5,67.1,24661.0,10202.0,34863.0,25669.0,1,0.3022,0.5759,9858.0,0.0609
NC,0,City,18110.0,101951.0,1,0,3.19,59.0,Community College,19839.0,48.9,7,-0.5,-0.866,88.1,1258.0,413.0,1671.0,18168.0,0,0.1782,0.0842,58.0,0.0891
CA,0,City,17153.0,83888.0,0,0,3.04,77.0,R2 Doctoral,68655.0,82.1,5,0.5,-0.866,33.0,24614.0,13706.0,38320.0,30335.0,0,0.3616,0.5582,13182.0,0.0256
TN,0,Town,10997.0,66321.0,0,0,1.89,13.0,Regional Comprehensive,45973.0,298.6,1,0.5,0.866,86.5,8029.0,7544.0,15573.0,30400.0,0,0.4584,0.3387,19403.0,0.0959
MN,0,Suburb,10704.0,77496.0,0,0,3.57,84.0,Community College,19814.0,121.8,3,1.0,0.0,73.9,1639.0,1658.0,3297.0,16517.0,1,0.2131,0.1664,5813.0,0.1899
KY,0,Suburb,7510.0,26990.0,0,1,3.59,90.0,Liberal Arts College,73893.0,358.2,4,0.866,-0.5,52.1,34172.0,22592.0,56764.0,17129.0,0,0.6346,0.7682,9619.0,0.0442
MT,0,Suburb,10298.0,61566.0,0,0,1.5,14.0,R1 Research,63325.0,26.0,3,1.0,0.0,77.2,4475.0,12272.0,16747.0,46578.0,0,0.7566,0.2645,36280.0,0.1507
TN,0,Suburb,1082.0,35473.0,1,1,3.6,86.0,R1 Research,59265.0,92.0,11,-0.5,0.866,63.6,20843.0,16244.0,37087.0,22178.0,0,0.6252,0.6258,21096.0,0.2632
CO,0,Suburb,31645.0,132284.0,0,0,2.58,73.0,Regional Comprehensive,48894.0,16.5,12,-0.0,1.0,43.0,17056.0,3976.0,21032.0,27862.0,1,0.2106,0.4302,0.0,0.0976
NC,0,Suburb,19524.0,102943.0,0,0,2.55,38.0,Liberal Arts College,72576.0,81.0,8,-0.866,-0.5,76.5,18872.0,14458.0,33330.0,39246.0,1,0.3812,0.4592,19722.0,0.0797
NV,0,Rural,24839.0,102733.0,0,0,2.98,35.0,Community College,25472.0,42.3,11,-0.5,0.866,79.0,3098.0,172.0,3270.0,22202.0,1,0.2161,0.1284,0.0,0.3529
MA,0,City,51073.0,216147.0,0,0,2.63,40.0,R1 Research,64067.0,486.5,11,-0.5,0.866,28.5,13742.0,2846.0,16588.0,47479.0,1,0.2197,0.2589,0.0,0.0068
CT,0,Suburb,6703.0,49633.0,1,1,3.4,81.0,Community College,17115.0,194.8,2,0.866,0.5,72.5,641.0,4196.0,4837.0,12278.0,0,0.2474,0.2826,5575.0,0.2
FL,0,City,12232.0,42392.0,1,0,2.87,56.0,Regional Comprehensive,46513.0,367.8,2,0.866,0.5,63.1,17988.0,6082.0,24070.0,22443.0,0,0.5294,0.5175,10211.0,0.0562
NC,0,Town,9380.0,48796.0,0,0,1.5,,Regional Comprehensive,40397.0,80.7,1,0.5,0.866,71.3,5090.0,5668.0,10758.0,29639.0,1,0.6074,0.2663,20259.0,0.1136
MD,0,Suburb,3358.0,19859.0,0,1,3.02,51.0,Regional Comprehensive,38295.0,43.4,2,0.866,0.5,56.0,14753.0,12710.0,27463.0,10832.0,0,0.5454,0.7171,7474.0,0.1944
TX,0,Suburb,6826.0,21016.0,0,1,2.68,32.0,Community College,20705.0,42.0,1,0.5,0.866,90.1,1542.0,6245.0,7787.0,12918.0,1,0.6147,0.3761,6092.0,0.2128
FL,0,Town,24916.0,98439.0,0,0,3.29,57.0,Regional Comprehensive,35168.0,167.4,1,0.5,0.866,29.0,14581.0,1661.0,16242.0,18926.0,0,0.1923,0.4618,0.0,0.049
ME,0,Suburb,9052.0,23052.0,0,0,2.32,28.0,R1 Research,73834.0,847.7,1,0.5,0.866,66.1,12884.0,10062.0,22946.0,50888.0,0,2.2075,0.3108,41836.0,0.0957
OH,1,City,8543.0,29029.0,1,1,3.72,88.0,Regional Comprehensive,32012.0,56.6,2,0.866,0.5,56.4,20179.0,12375.0,30411.0,1601.0,1,0.0552,0.95,0.0,0.0886
TX,0,Suburb,11897.0,58499.0,0,0,2.27,18.0,Regional Comprehensive,49207.0,85.5,6,0.0,-1.0,54.1,7812.0,6526.0,14338.0,34869.0,0,0.5961,0.2914,22972.0,0.1333
NY,0,City,12020.0,46779.0,0,0,3.28,57.0,Community College,20212.0,103.9,10,-0.866,0.5,19.9,2980.0,1780.0,4760.0,15452.0,1,0.3303,0.2355,3432.0,0.051
IL,0,Rural,29300.0,119094.0,0,0,3.4,79.0,Regional Comprehensive,57560.0,122.6,1,0.5,0.866,85.7,27922.0,4354.0,32276.0,25284.0,0,0.2123,0.5607,0.0,0.1642
AZ,0,Town,6353.0,65745.0,0,1,3.33,56.0,Regional Comprehensive,43323.0,1064.0,6,0.0,-1.0,33.1,17596.0,12792.0,30388.0,12935.0,0,0.1967,0.7014,6582.0,0.0435
AR,0,Town,5494.0,35423.0,0,1,3.34,56.0,Community College,15689.0,462.7,4,0.866,-0.5,68.3,3358.0,4160.0,7518.0,8171.0,0,0.2307,0.4792,2677.0,0.1148
DE,0,Rural,31399.0,126700.0,0,0,2.66,71.0,R2 Doctoral,72546.0,166.5,6,0.0,-1.0,48.3,25468.0,7790.0,33258.0,39288.0,1,0.3101,0.4584,7889.0,0.0943
MA,0,Town,38208.0,106375.0,0,0,2.32,22.0,R1 Research,72939.0,142.2,1,0.5,0.866,57.8,11608.0,5807.0,17415.0,55524.0,0,0.522,0.2388,17316.0,0.1053
IN,0,Suburb,11775.0,22790.0,0,0,2.22,2.0,Liberal Arts College,68280.0,173.5,10,-0.866,0.5,65.3,10090.0,11655.0,21745.0,46535.0,0,2.0419,0.3185,34760.0,0.0629
NY,0,City,11150.0,75481.0,1,0,3.2,46.0,Liberal Arts College,61201.0,212.9,3,1.0,0.0,87.2,17233.0,8180.0,25413.0,35788.0,0,0.4741,0.4152,24638.0,0.114
OR,0,Suburb,5955.0,37614.0,0,1,2.52,11.0,Community College,18218.0,82.1,9,-1.0,-0.0,31.7,4389.0,3964.0,8353.0,9865.0,0,0.2623,0.4585,3910.0,0.0312
FL,0,Rural,7583.0,36907.0,1,1,1.78,30.0,R2 Doctoral,51327.0,52.2,2,0.866,0.5,58.5,5790.0,18090.0,23880.0,27447.0,0,0.7437,0.4653,19864.0,0.1695
CA,0,Rural,52880.0,241845.0,0,0,2.87,49.0,Regional Comprehensive,41536.0,374.5,12,-0.0,1.0,57.9,15233.0,0.0,15233.0,26303.0,0,0.1088,0.3667,0.0,0.0833
NH,0,Town,11458.0,68836.0,0,0,3.47,59.0,R1 Research,53339.0,129.7,6,0.0,-1.0,57.5,15320.0,9456.0,24776.0,28563.0,0,0.4149,0.4645,17105.0,0.0784
OR,0,City,18845.0,53818.0,0,0,3.52,82.0,Liberal Arts College,73311.0,343.1,11,-0.5,0.866,69.1,30819.0,10073.0,40892.0,32419.0,1,0.6024,0.5578,13574.0,0.129
NY,0,City,19352.0,66914.0,1,0,3.3,89.0,R2 Doctoral,58579.0,713.6,3,1.0,0.0,92.1,27691.0,7486.0,35177.0,23402.0,1,0.3497,0.6005,4050.0,0.2188
TN,0,Rural,19803.0,118120.0,0,0,2.26,25.0,Regional Comprehensive,40484.0,218.9,2,0.866,0.5,49.9,10757.0,3805.0,14562.0,25922.0,0,0.2195,0.3597,6119.0,0.2727
GA,0,City,10295.0,37981.0,0,0,3.24,85.0,Regional Comprehensive,43045.0,184.6,3,1.0,0.0,45.9,20849.0,7445.0,28294.0,14751.0,0,0.3884,0.6573,4456.0,0.14
NY,0,Suburb,11964.0,42950.0,0,0,3.75,79.0,Regional Comprehensive,42819.0,3000.0,1,0.5,0.866,72.7,19132.0,5669.0,24801.0,18018.0,0,0.4195,0.5792,6054.0,0.0732
NY,0,Suburb,21027.0,100993.0,1,0,1.5,,R1 Research,72819.0,157.5,2,0.866,0.5,44.5,7707.0,13115.0,20822.0,51997.0,1,0.5149,0.2859,30970.0,0.048
TX,0,Suburb,-1500.0,21125.0,0,1,3.32,91.0,Regional Comprehensive,52535.0,40.3,3,1.0,0.0,69.6,28380.0,22346.0,49908.0,2627.0,0,0.1244,0.95,4127.0,0.0672
NJ,0,Suburb,24546.0,128458.0,0,0,3.74,74.0,Regional Comprehensive,45949.0,94.3,2,0.866,0.5,60.9,22131.0,4223.0,26354.0,19595.0,0,0.1525,0.5735,0.0,0.0455
OH,1,Rural,3704.0,19817.0,0,1,3.0,48.0,R2 Doctoral,35060.0,187.1,1,0.5,0.866,59.8,13254.0,9165.0,22419.0,12641.0,1,0.6379,0.6394,8937.0,0.0414
MI,0,Town,6638.0,52736.0,1,1,3.63,92.0,Liberal Arts College,75761.0,32.6,2,0.866,0.5,78.6,36863.0,31837.0,68700.0,7061.0,1,0.1339,0.9068,423.0,0.0687
FL,0,Suburb,5291.0,19907.0,1,1,2.46,35.0,Community College,19894.0,57.5,5,0.5,-0.866,54.4,2304.0,7212.0,9516.0,10378.0,1,0.5213,0.4783,5087.0,0.1364
KS,0,Suburb,11384.0,29422.0,0,0,3.62,77.0,Community College,15941.0,404.9,11,-0.5,0.866,100.0,2253.0,1214.0,3467.0,12474.0,1,0.424,0.2175,1090.0,0.0879
AZ,0,Rural,38077.0,160223.0,1,0,2.86,46.0,Community College,16711.0,95.3,1,0.5,0.866,61.5,2880.0,0.0,2880.0,13831.0,1,0.0863,0.1723,0.0,0.2407
IA,0,Suburb,23570.0,133520.0,1,0,3.72,74.0,Liberal Arts College,67664.0,112.9,2,0.866,0.5,52.5,30539.0,9147.0,39686.0,27978.0,0,0.2095,0.5865,4408.0,0.0762
CA,0,Suburb,36444.0,144199.0,0,0,3.14,63.0,Community College,18531.0,391.1,8,-0.866,-0.5,97.4,1479.0,0.0,1479.0,17052.0,0,0.1183,0.0798,0.0,0.1728
AZ,0,Suburb,4135.0,22175.0,1,1,2.98,61.0,Liberal Arts College,73241.0,59.7,5,0.5,-0.866,62.7,24325.0,27147.0,51472.0,21769.0,0,0.9817,0.7028,17634.0,0.1067
KY,0,City,349.0,29532.0,1,1,3.04,54.0,Regional Comprehensive,37419.0,27.1,10,-0.866,0.5,39.5,13511.0,11863.0,25374.0,12045.0,1,0.4079,0.6781,11696.0,0.0667
NY,0,City,14437.0,80395.0,1,0,2.47,42.0,R2 Doctoral,52512.0,29.5,1,0.5,0.866,63.8,14333.0,9610.0,23943.0,28569.0,0,0.3554,0.456,14132.0,0.0351
TX,0,Rural,24098.0,105348.0,0,0,2.74,50.0,Liberal Arts College,76644.0,233.4,11,-0.5,0.866,86.7,23723.0,10529.0,34252.0,42392.0,1,0.4024,0.4469,18294.0,0.042
FL,0,Suburb,9012.0,35396.0,1,0,3.55,81.0,Regional Comprehensive,49827.0,166.3,2,0.866,0.5,70.5,22613.0,11157.0,33770.0,16057.0,1,0.4536,0.6777,7045.0,0.0408
FL,0,City,9302.0,41489.0,0,0,2.21,21.0,Community College,15687.0,61.2,2,0.866,0.5,45.3,938.0,1606.0,2544.0,13143.0,0,0.3168,0.1622,3841.0,0.0537
GA,0,City,10675.0,27873.0,1,0,3.35,63.0,Community College,16701.0,37.5,3,1.0,0.0,82.2,340.0,928.0,1268.0,15433.0,1,0.5537,0.0759,4758.0,0.0769
NY,0,Rural,54963.0,207718.0,0,0,3.15,66.0,Regional Comprehensive,39883.0,95.4,12,-0.0,1.0,64.3,15516.0,0.0,15516.0,24367.0,1,0.1173,0.389,0.0,0.0816
FL,0,Suburb,6121.0,44714.0,1,1,3.19,47.0,Community College,14900.0,409.2,1,0.5,0.866,77.7,0.0,2618.0,2618.0,12282.0,1,0.2747,0.1757,6161.0,0.1304
MA,0,Suburb,22457.0,64378.0,0,0,3.8,99.0,R1 Research,48176.0,52.7,5,0.5,-0.866,29.7,17877.0,4770.0,22647.0,25529.0,1,0.3965,0.4701,3072.0,0.0431
CA,0,City,6200.0,66851.0,1,1,3.07,25.0,R2 Doctoral,58658.0,63.2,10,-0.866,0.5,39.7,15616.0,21646.0,37262.0,21396.0,1,0.3201,0.6352,15196.0,0.0426
PA,0,Rural,24031.0,139532.0,0,0,3.37,62.0,Regional Comprehensive,45524.0,36.3,12,-0.0,1.0,25.0,18921.0,3431.0,22352.0,23172.0,1,0.1661,0.491,0.0,0.0645
IN,0,Rural,3585.0,31705.0,0,1,2.54,44.0,Community College,20026.0,86.1,8,-0.866,-0.5,50.3,2436.0,8818.0,11254.0,8772.0,0,0.2767,0.562,5187.0,0.125
TX,0,Suburb,36001.0,145969.0,0,0,2.67,52.0,Community College,19654.0,180.7,1,0.5,0.866,89.1,2222.0,0.0,2222.0,17432.0,1,0.1194,0.1131,0.0,0.1224
FL,0,Suburb,438.0,25067.0,1,1,2.23,15.0,Regional Comprehensive,42995.0,1167.7,10,-0.866,0.5,25.2,9331.0,22794.0,32125.0,10870.0,0,0.4336,0.7472,10432.0,0.0068
TX,0,Suburb,56502.0,145702.0,0,0,2.36,22.0,Regional Comprehensive,42084.0,159.3,9,-1.0,-0.0,34.1,10609.0,0.0,10609.0,31475.0,0,0.216,0.2521,0.0,0.0362
CA,0,Town,4713.0,18306.0,0,1,3.94,91.0,Regional Comprehensive,49750.0,119.8,12,-0.0,1.0,22.0,27729.0,17397.0,45126.0,4624.0,0,0.2526,0.9071,0.0,0.0167
GA,0,Town,2278.0,58379.0,0,1,3.3,49.0,Community College,20595.0,313.5,1,0.5,0.866,76.9,4015.0,6292.0,10307.0,10288.0,0,0.1762,0.5005,8010.0,0.0391
CA,0,Rural,33285.0,202869.0,0,0,2.39,16.0,Community College,18669.0,263.2,4,0.866,-0.5,93.7,0.0,0.0,0.0,18669.0,1,0.092,0.0,0.0,0.1319
FL,0,Suburb,25683.0,103987.0,1,0,3.47,84.0,R2 Doctoral,49978.0,69.1,3,1.0,0.0,69.6,21819.0,6645.0,28464.0,21514.0,0,0.2069,0.5695,0.0,0.0674
AK,0,Suburb,28454.0,85246.0,0,0,3.32,78.0,R1 Research,72804.0,1420.9,7,-0.5,-0.866,65.9,21796.0,9057.0,30853.0,41951.0,1,0.4921,0.4238,13497.0,0.1351
AR,0,Suburb,10606.0,29589.0,1,0,3.05,57.0,R1 Research,73711.0,123.5,1,0.5,0.866,66.1,17858.0,13772.0,31630.0,42081.0,0,1.4222,0.4291,31475.0,0.0388
FL,0,Town,4497.0,37084.0,0,1,3.09,68.0,Community College,17425.0,162.4,1,0.5,0.866,59.5,0.0,6752.0,6752.0,10673.0,1,0.2878,0.3875,6176.0,0.1571
NY,0,City,32507.0,165705.0,0,0,2.93,54.0,Liberal Arts College,79366.0,226.1,2,0.866,0.5,74.4,24039.0,8513.0,32552.0,46814.0,1,0.2825,0.4102,14307.0,0.3333
GA,0,City,26680.0,88440.0,0,0,2.32,19.0,R1 Research,77177.0,182.2,7,-0.5,-0.866,40.9,10492.0,12495.0,22987.0,54190.0,0,0.6127,0.2978,27510.0,0.0776
KY,0,Town,35141.0,119489.0,0,0,2.38,16.0,Liberal Arts College,81329.0,628.6,5,0.5,-0.866,70.7,14953.0,6560.0,21513.0,59816.0,0,0.5006,0.2645,24675.0,0.1538
SC,0,Suburb,9160.0,66379.0,1,0,3.13,68.0,Regional Comprehensive,49291.0,68.2,2,0.866,0.5,60.2,21939.0,6373.0,28312.0,20979.0,1,0.316,0.5744,11819.0,0.0857
TX,0,Town,14806.0,51388.0,0,0,3.14,52.0,Regional Comprehensive,48830.0,288.4,5,0.5,-0.866,58.4,19108.0,7762.0,26870.0,21960.0,1,0.4273,0.5503,7154.0,0.0317
TX,0,City,24705.0,109316.0,0,0,3.41,81.0,Regional Comprehensive,49644.0,150.6,4,0.866,-0.5,49.9,25667.0,5025.0,30692.0,18952.0,1,0.1734,0.6182,0.0,0.0794
OH,1,Suburb,24688.0,75867.0,1,0,3.55,72.0,Liberal Arts College,57617.0,102.9,2,0.866,0.5,27.8,24072.0,5546.0,29618.0,27999.0,1,0.3691,0.514,3311.0,0.0238
OK,0,City,17096.0,55694.0,0,0,3.58,94.0,R2 Doctoral,60680.0,101.1,1,0.5,0.866,76.1,27862.0,7468.0,35330.0,25350.0,0,0.4552,0.5822,8254.0,0.35
CT,0,Suburb,-1500.0,22741.0,1,1,3.66,68.0,Community College,20201.0,87.7,4,0.866,-0.5,61.9,339.0,6365.0,6704.0,13497.0,0,0.5935,0.3319,14997.0,0.0854
CA,0,Town,29630.0,125093.0,0,0,3.73,68.0,Community College,21028.0,273.3,1,0.5,0.866,61.5,6433.0,0.0,6433.0,14595.0,1,0.1167,0.3059,0.0,0.0673
VA,0,Suburb,13541.0,86407.0,1,0,2.05,22.0,R1 Research,73073.0,184.5,7,-0.5,-0.866,95.4,12753.0,14926.0,27679.0,45394.0,1,0.5254,0.3788,31853.0,0.0753
TX,0,Suburb,9202.0,40680.0,0,0,2.52,32.0,Liberal Arts College,81848.0,53.5,2,0.866,0.5,64.3,19218.0,20053.0,39271.0,42577.0,0,1.0466,0.4798,33375.0,0.1089
IN,0,City,31744.0,147129.0,0,0,2.94,55.0,Regional Comprehensive,40409.0,520.5,2,0.866,0.5,48.3,17082.0,1381.0,18463.0,21946.0,1,0.1492,0.4569,0.0,0.0354
NV,0,Town,9254.0,75023.0,0,0,3.59,76.0,Regional Comprehensive,47107.0,273.4,1,0.5,0.866,34.8,20473.0,7183.0,27656.0,19451.0,0,0.2593,0.5871,10197.0,0.0588
GA,0,Rural,16076.0,76088.0,0,0,2.71,37.0,R1 Research,82946.0,117.2,4,0.866,-0.5,54.1,15455.0,12031.0,27486.0,55460.0,0,0.7289,0.3314,39384.0,0.0606
CA,0,Town,20162.0,118944.0,0,0,2.29,25.0,Regional Comprehensive,52425.0,77.5,1,0.5,0.866,70.0,12169.0,8084.0,20253.0,32172.0,1,0.2705,0.3863,12010.0,0.1167
VA,0,City,12657.0,101872.0,0,0,2.99,26.0,Liberal Arts College,75759.0,185.7,3,1.0,0.0,34.7,18752.0,16637.0,35389.0,40370.0,0,0.3963,0.4671,27713.0,0.0375
IL,0,Suburb,11688.0,77765.0,0,0,2.35,50.0,R1 Research,88077.0,253.5,6,0.0,-1.0,77.6,18956.0,12321.0,31277.0,56800.0,1,0.7304,0.3551,45112.0,0.1398
AL,0,City,6925.0,54952.0,0,1,3.55,68.0,Regional Comprehensive,44262.0,23.8,12,-0.0,1.0,45.5,21320.0,13311.0,34631.0,9631.0,1,0.1753,0.7824,2706.0,0.0652
PA,0,City,37516.0,262561.0,0,0,2.94,58.0,Regional Comprehensive,48128.0,188.0,4,0.866,-0.5,56.8,15865.0,2668.0,18533.0,29595.0,1,0.1127,0.3851,0.0,0.1064
OK,0,City,8258.0,37111.0,0,1,2.96,26.0,R1 Research,72568.0,251.4,2,0.866,0.5,61.3,13953.0,32345.0,46298.0,26270.0,1,0.7079,0.638,18012.0,0.0687
FL,0,City,26054.0,107699.0,0,0,3.71,70.0,Community College,22174.0,15.0,6,0.0,-1.0,32.3,1554.0,0.0,1554.0,20620.0,0,0.1915,0.0701,0.0,0.0441
TX,0,City,20823.0,59256.0,1,0,2.08,23.0,Liberal Arts College,79039.0,155.7,2,0.866,0.5,56.1,16033.0,12261.0,28294.0,50745.0,0,0.8564,0.358,29922.0,0.0407
NY,0,Town,15136.0,87325.0,1,0,2.93,76.0,Liberal Arts College,70998.0,262.7,2,0.866,0.5,72.9,28230.0,8470.0,36700.0,34298.0,0,0.3928,0.5169,19162.0,0.1538
CA,0,City,25024.0,152980.0,0,0,3.13,66.0,Regional Comprehensive,49677.0,233.2,5,0.5,-0.866,57.4,19314.0,6307.0,25621.0,24056.0,1,0.1572,0.5158,0.0,0.0815
NY,0,Town,1193.0,50295.0,0,1,2.92,59.0,R1 Research,67539.0,294.2,1,0.5,0.866,53.5,16616.0,23921.0,40537.0,27002.0,0,0.5369,0.6002,25809.0,0.1163
MA,0,Rural,20512.0,97083.0,0,0,3.65,73.0,Community College,19784.0,89.8,3,1.0,0.0,54.6,2888.0,0.0,2888.0,16896.0,1,0.174,0.146,0.0,0.0551
TX,0,Suburb,12868.0,76206.0,1,0,2.11,21.0,R1 Research,56768.0,42.5,3,1.0,0.0,74.6,6875.0,10261.0,17136.0,39632.0,0,0.5201,0.3019,26764.0,0.1515
CA,0,Suburb,2432.0,39667.0,1,1,3.21,60.0,Liberal Arts College,85274.0,19.1,1,0.5,0.866,91.7,28946.0,44594.0,73540.0,11734.0,1,0.2958,0.8624,9302.0,0.0884
TX,0,Town,25641.0,155723.0,0,0,3.41,74.0,R1 Research,55113.0,398.9,5,0.5,-0.866,55.6,17798.0,5159.0,22957.0,32156.0,0,0.2065,0.4165,6515.0,0.1569
CA,0,City,19354.0,105036.0,0,0,3.59,93.0,Liberal Arts College,72000.0,265.1,9,-1.0,-0.0,39.3,35771.0,10239.0,46010.0,25990.0,1,0.2474,0.639,6636.0,0.0595
OK,0,Suburb,902.0,46033.0,0,1,3.1,54.0,Regional Comprehensive,38854.0,432.1,2,0.866,0.5,100.0,15580.0,16260.0,31840.0,7014.0,1,0.1524,0.8195,6112.0,0.1111
KS,0,Suburb,26978.0,139328.0,0,0,2.63,41.0,Regional Comprehensive,39960.0,59.2,3,1.0,0.0,79.0,10620.0,2286.0,12906.0,27054.0,1,0.1942,0.323,76.0,0.0643
CA,0,Town,6074.0,34592.0,0,1,2.8,42.0,Community College,18911.0,294.7,3,1.0,0.0,58.5,1432.0,7058.0,8490.0,10421.0,0,0.3013,0.4489,4347.0,0.1493
CO,0,Town,17126.0,61646.0,1,0,3.4,67.0,Community College,17321.0,26.2,5,0.5,-0.866,52.1,0.0,36.0,36.0,17285.0,0,0.2804,0.0021,159.0,0.0165
MD,0,Town,12740.0,46210.0,0,0,2.62,55.0,R1 Research,78639.0,50.9,8,-0.866,-0.5,87.1,21063.0,15592.0,36655.0,41984.0,1,0.9085,0.4661,29244.0,0.0451
VT,0,Suburb,20685.0,108114.0,0,0,3.56,82.0,Community College,18384.0,144.6,1,0.5,0.866,47.2,647.0,0.0,647.0,17737.0,0,0.1641,0.0352,0.0,0.0259
PA,0,Suburb,12358.0,44562.0,1,0,1.5,2.0,R1 Research,73511.0,254.2,1,0.5,0.866,66.8,7366.0,12924.0,20290.0,53221.0,0,1.1943,0.276,40863.0,0.0965
NY,0,Town,21473.0,108674.0,1,0,2.97,52.0,Regional Comprehensive,41324.0,738.6,8,-0.866,-0.5,72.7,13637.0,2817.0,16454.0,24870.0,0,0.2288,0.3982,3397.0,0.1633
GA,0,Rural,21979.0,96569.0,0,0,2.91,40.0,Community College,20870.0,98.5,2,0.866,0.5,65.3,2435.0,0.0,2435.0,18435.0,0,0.1909,0.1167,0.0,0.0541
OR,0,Suburb,188.0,48042.0,1,1,2.78,56.0,Regional Comprehensive,45822.0,51.1,4,0.866,-0.5,46.8,15861.0,17862.0,33723.0,12099.0,1,0.2518,0.736,11911.0,0.1129
MD,0,Rural,46961.0,235013.0,0,0,2.86,60.0,Liberal Arts College,82262.0,48.4,6,0.0,-1.0,50.9,27918.0,7577.0,35495.0,46767.0,1,0.199,0.4315,0.0,0.0426
GA,0,Rural,2869.0,36807.0,0,1,1.58,12.0,Regional Comprehensive,48420.0,61.5,12,-0.0,1.0,52.5,7731.0,19237.0,26968.0,21452.0,1,0.5828,0.557,18583.0,0.098
FL,0,Suburb,5596.0,22823.0,0,1,2.5,36.0,Regional Comprehensive,48890.0,1305.0,8,-0.866,-0.5,35.3,12781.0,13502.0,26283.0,22607.0,0,0.9905,0.5376,17011.0,0.032
MD,0,City,23927.0,116587.0,0,0,3.68,71.0,Community College,20039.0,280.5,2,0.866,0.5,58.5,317.0,0.0,317.0,19722.0,0,0.1692,0.0158,0.0,0.16
OR,0,City,5687.0,13392.0,0,1,1.96,24.0,Liberal Arts College,78740.0,407.5,1,0.5,0.866,89.0,14778.0,32486.0,47264.0,31476.0,0,2.3504,0.6003,25789.0,0.1083
IL,0,Town,45129.0,184261.0,0,0,3.98,99.0,Liberal Arts College,88044.0,98.6,4,0.866,-0.5,92.4,47548.0,8309.0,55857.0,32187.0,1,0.1747,0.6344,0.0,0.0714
TN,0,City,7332.0,67729.0,1,1,3.22,74.0,R1 Research,73467.0,126.5,4,0.866,-0.5,59.9,21500.0,23960.0,45460.0,28007.0,1,0.4135,0.6188,20675.0,0.0463
IL,0,Suburb,6283.0,22529.0,0,1,2.56,28.0,R2 Doctoral,53519.0,264.0,1,0.5,0.866,61.5,10485.0,25230.0,35715.0,17804.0,0,0.7903,0.6673,11521.0,0.3429
GA,0,Suburb,7737.0,31796.0,0,1,3.43,76.0,Regional Comprehensive,49126.0,74.5,3,1.0,0.0,57.1,26694.0,12590.0,39284.0,9842.0,0,0.3095,0.7997,2105.0,0.1818
MI,0,Rural,1179.0,19408.0,0,1,2.77,21.0,Community College,21615.0,93.3,12,-0.0,1.0,14.8,1649.0,7118.0,8767.0,12848.0,0,0.662,0.4056,11669.0,0.0102
MN,0,Town,24424.0,82924.0,0,0,2.68,60.0,Liberal Arts College,76487.0,62.4,4,0.866,-0.5,68.0,24255.0,10666.0,34921.0,41566.0,0,0.5013,0.4566,17142.0,0.0548
ME,0,Town,6429.0,24212.0,1,1,3.4,72.0,Regional Comprehensive,47790.0,79.2,12,-0.0,1.0,61.3,24538.0,11869.0,36407.0,11383.0,1,0.4701,0.7618,4954.0,0.087
OH,1,Suburb,14323.0,90355.0,0,0,2.81,50.0,Community College,20139.0,38.6,1,0.5,0.866,81.1,0.0,1232.0,1232.0,18907.0,1,0.2093,0.0612,4584.0,0.2174
PA,0,City,13121.0,50540.0,1,0,2.18,44.0,Community College,19225.0,53.5,5,0.5,-0.866,82.0,190.0,1507.0,1697.0,17528.0,1,0.3468,0.0883,4407.0,0.0943
PA,0,Suburb,7700.0,44700.0,0,1,3.13,52.0,Regional Comprehensive,38388.0,171.1,1,0.5,0.866,73.6,15732.0,14638.0,30370.0,8018.0,1,0.1794,0.7911,318.0,0.0727
TX,0,City,18599.0,90829.0,1,0,3.13,61.0,R1 Research,62085.0,170.8,8,-0.866,-0.5,71.5,14969.0,9363.0,24332.0,37753.0,0,0.4156,0.3919,19154.0,0.069
NY,0,Suburb,14284.0,98610.0,0,0,3.29,55.0,Regional Comprehensive,43336.0,105.0,2,0.866,0.5,43.0,17935.0,8002.0,25937.0,17399.0,1,0.1764,0.5985,3115.0,0.2128
CA,0,Rural,25487.0,143627.0,0,0,3.35,49.0,R2 Doctoral,56248.0,53.1,12,-0.0,1.0,55.8,19298.0,4491.0,23789.0,32459.0,1,0.226,0.4229,6972.0,0.0667
OH,1,Suburb,5341.0,39882.0,0,1,3.68,84.0,Regional Comprehensive,25705.0,41.0,1,0.5,0.866,37.2,15962.0,10593.0,24420.0,1285.0,0,0.0322,0.95,0.0,0.1136
TX,0,Suburb,7701.0,61607.0,0,1,3.52,78.0,Community College,13767.0,74.6,4,0.866,-0.5,52.9,3512.0,2276.0,5788.0,7979.0,1,0.1295,0.4204,278.0,0.125
PA,0,Suburb,11472.0,39838.0,0,0,3.18,34.0,Community College,18744.0,133.1,7,-0.5,-0.866,86.4,1104.0,1583.0,2687.0,16057.0,0,0.4031,0.1434,4585.0,0.0973
SC,0,Town,11769.0,70781.0,0,0,1.98,26.0,Liberal Arts College,77086.0,401.4,3,1.0,0.0,70.2,14116.0,10484.0,24600.0,52486.0,1,0.7415,0.3191,40717.0,0.1556
FL,0,Suburb,14658.0,35941.0,0,0,3.51,74.0,R2 Doctoral,61190.0,34.0,12,-0.0,1.0,57.9,22294.0,8623.0,30917.0,30273.0,0,0.8423,0.5053,15615.0,0.1099
WA,0,Suburb,7204.0,46381.0,0,1,2.1,31.0,R2 Doctoral,67597.0,1241.4,2,0.866,0.5,61.0,11888.0,24887.0,36775.0,30822.0,0,0.6645,0.544,23618.0,0.0403
IA,0,City,12024.0,46552.0,0,0,3.48,76.0,R1 Research,59776.0,117.4,1,0.5,0.866,62.1,19040.0,8241.0,27281.0,32495.0,0,0.698,0.4564,20471.0,0.0455
NJ,0,Suburb,22530.0,77747.0,0,0,2.36,44.0,R1 Research,75075.0,195.3,6,0.0,-1.0,61.0,11988.0,9680.0,21668.0,53407.0,1,0.6869,0.2886,30877.0,0.0814
TX,0,City,17750.0,63078.0,1,0,3.42,86.0,R1 Research,93407.0,57.5,4,0.866,-0.5,65.3,30526.0,12282.0,42808.0,50599.0,0,0.8022,0.4583,32849.0,0.0709
PA,0,Suburb,20024.0,90630.0,1,0,3.37,72.0,Liberal Arts College,63824.0,420.4,5,0.5,-0.866,74.8,23226.0,6622.0,29848.0,33976.0,1,0.3749,0.4677,13952.0,0.0811
VA,0,Town,7058.0,58277.0,0,1,2.83,61.0,R2 Doctoral,50140.0,111.0,4,0.866,-0.5,96.4,16283.0,17818.0,34101.0,16039.0,1,0.2752,0.6801,8981.0,0.275
NC,0,City,7635.0,41464.0,1,1,2.88,62.0,R1 Research,80746.0,83.8,7,-0.5,-0.866,87.2,19615.0,39253.0,58868.0,21878.0,0,0.5276,0.7291,14243.0,0.156
TX,0,Suburb,12796.0,72238.0,0,0,3.48,58.0,Community College,19472.0,69.2,3,1.0,0.0,52.9,3319.0,1499.0,4818.0,14654.0,0,0.2029,0.2474,1858.0,0.0602
GA,0,City,5800.0,32521.0,1,1,2.71,33.0,Liberal Arts College,79755.0,95.6,1,0.5,0.866,55.5,16937.0,21779.0,38716.0,41039.0,0,1.2619,0.4854,35239.0,0.0521
NJ,0,City,27114.0,94825.0,0,0,1.73,,Regional Comprehensive,47791.0,196.6,1,0.5,0.866,53.2,7415.0,4664.0,12079.0,35712.0,0,0.3766,0.2527,8598.0,0.1282
FL,0,City,6109.0,51250.0,0,1,3.67,89.0,Regional Comprehensive,48329.0,151.9,1,0.5,0.866,51.2,24793.0,13870.0,38663.0,9666.0,0,0.1886,0.8,3557.0,0.1509
WA,0,City,10363.0,72930.0,1,0,3.09,49.0,Community College,20059.0,121.5,12,-0.0,1.0,25.4,1429.0,2186.0,3615.0,16444.0,0,0.2255,0.1802,6081.0,0.0362
CA,0,Rural,12076.0,73749.0,0,0,2.5,10.0,Regional Comprehensive,47455.0,60.0,12,-0.0,1.0,54.8,10482.0,5618.0,16100.0,31355.0,1,0.4252,0.3393,19279.0,0.0476
PA,0,Rural,43582.0,199409.0,0,0,2.83,35.0,R1 Research,61216.0,56.5,3,1.0,0.0,53.5,12952.0,3381.0,16333.0,44883.0,1,0.2251,0.2668,1301.0,0.0183
SC,0,Town,14489.0,82846.0,0,0,3.29,61.0,Regional Comprehensive,49419.0,78.1,6,0.0,-1.0,57.7,18010.0,7715.0,25725.0,23694.0,0,0.286,0.5205,9205.0,0.1087
FL,0,Suburb,10730.0,66351.0,0,0,3.5,80.0,Regional Comprehensive,52038.0,205.4,1,0.5,0.866,53.7,24943.0,6371.0,31314.0,20724.0,1,0.3123,0.6018,9994.0,0.0909
WA,0,Town,5987.0,38234.0,0,1,3.03,73.0,Community College,21773.0,254.0,7,-0.5,-0.866,58.4,3818.0,7343.0,11161.0,10612.0,0,0.2776,0.5126,4625.0,0.0583
IL,0,Rural,13991.0,112164.0,1,0,1.88,25.0,Regional Comprehensive,47246.0,292.6,3,1.0,0.0,53.1,7230.0,6025.0,13255.0,33991.0,0,0.303,0.2806,20000.0,0.0353
NY,0,Suburb,9599.0,51816.0,0,0,2.55,40.0,Liberal Arts College,95871.0,126.5,4,0.866,-0.5,48.5,26470.0,16334.0,42804.0,53067.0,0,1.0241,0.4465,43468.0,0.0479
NV,0,City,4341.0,20987.0,1,1,3.61,67.0,Community College,19467.0,189.5,1,0.5,0.866,100.0,4385.0,7156.0,11541.0,7926.0,1,0.3777,0.5928,3585.0,0.3438
PA,0,Town,12363.0,54695.0,0,0,2.43,7.0,R1 Research,80937.0,106.2,3,1.0,0.0,38.9,10663.0,12622.0,23285.0,57652.0,0,1.0541,0.2877,45289.0,0.0345
FL,0,Rural,9245.0,72249.0,1,0,3.26,59.0,Community College,23233.0,20.3,1,0.5,0.866,100.0,2028.0,1992.0,4020.0,19213.0,0,0.2659,0.173,9968.0,0.1333
NV,0,City,6116.0,34915.0,1,1,3.04,53.0,Regional Comprehensive,43363.0,101.0,1,0.5,0.866,42.3,13780.0,11097.0,24877.0,18486.0,0,0.5295,0.5737,12370.0,0.0148
WI,0,Suburb,14160.0,57810.0,1,0,2.79,48.0,Community College,22277.0,85.4,3,1.0,0.0,50.0,560.0,2149.0,2709.0,19568.0,0,0.3385,0.1216,5408.0,0.1163
TN,0,Suburb,5895.0,59786.0,1,1,2.72,56.0,Regional Comprehensive,39907.0,42.6,1,0.5,0.866,44.0,13421.0,15480.0,28901.0,11006.0,0,0.1841,0.7242,5111.0,0.0857
CA,0,Suburb,16225.0,60461.0,0,0,3.61,87.0,Regional Comprehensive,41111.0,69.8,1,0.5,0.866,55.7,21813.0,5553.0,27366.0,13745.0,1,0.2273,0.6657,0.0,0.0769
TX,0,Town,25553.0,153115.0,0,0,3.16,62.0,R2 Doctoral,50100.0,146.0,2,0.866,0.5,0.9,17985.0,6304.0,24289.0,25811.0,0,0.1686,0.4848,258.0,0.0
AZ,0,Suburb,7673.0,24482.0,1,1,2.88,45.0,R2 Doctoral,43104.0,38.5,3,1.0,0.0,82.7,11606.0,19293.0,30899.0,12205.0,1,0.4985,0.7168,4532.0,0.0783
TX,0,Rural,54628.0,272212.0,0,0,3.77,64.0,Liberal Arts College,69835.0,60.1,2,0.866,0.5,47.0,27854.0,3171.0,31025.0,38810.0,0,0.1426,0.4443,0.0,0.035
FL,0,Town,11627.0,61473.0,0,0,3.2,52.0,R1 Research,72737.0,643.6,12,-0.0,1.0,58.6,17256.0,15296.0,32552.0,40185.0,0,0.6537,0.4475,28558.0,0.0629
MN,0,City,22743.0,95583.0,1,0,3.62,66.0,R2 Doctoral,54164.0,23.5,11,-0.5,0.866,88.8,22206.0,5058.0,27264.0,26900.0,0,0.2814,0.5034,4157.0,0.0611
NY,0,Town,23223.0,69012.0,1,0,3.66,99.0,Regional Comprehensive,39260.0,104.5,2,0.866,0.5,56.5,18912.0,3084.0,21996.0,17264.0,1,0.2502,0.5603,0.0,0.0331
CA,0,Town,5777.0,18165.0,0,1,3.0,81.0,R2 Doctoral,41206.0,37.2,3,1.0,0.0,68.0,15541.0,13977.0,29518.0,11688.0,0,0.6434,0.7164,5911.0,0.1688
CA,0,Suburb,7442.0,29415.0,1,1,2.26,11.0,Regional Comprehensive,41623.0,57.5,5,0.5,-0.866,46.7,7090.0,12722.0,19812.0,21811.0,0,0.7415,0.476,14369.0,0.0479
OH,1,Suburb,3159.0,43154.0,1,1,2.06,24.0,Regional Comprehensive,27180.0,29.8,1,0.5,0.866,81.7,6802.0,9062.0,15864.0,11316.0,1,0.2622,0.5837,8157.0,0.3659
WA,0,Town,28153.0,128731.0,0,0,3.09,41.0,R2 Doctoral,67368.0,44.9,5,0.5,-0.866,65.4,18844.0,7676.0,26520.0,40848.0,1,0.3173,0.3937,12695.0,0.0877
OK,0,Suburb,1691.0,23232.0,0,1,3.48,76.0,Liberal Arts College,76808.0,231.5,3,1.0,0.0,38.4,30946.0,33881.0,64827.0,11981.0,1,0.5157,0.844,10290.0,0.2667
CA,0,City,2835.0,33992.0,0,1,2.78,40.0,R2 Doctoral,66522.0,523.5,1,0.5,0.866,87.2,19939.0,17561.0,37500.0,29022.0,0,0.8538,0.5637,26187.0,0.0268
TX,0,Suburb,14375.0,70876.0,0,0,2.33,28.0,R2 Doctoral,51698.0,306.6,2,0.866,0.5,59.9,10990.0,7006.0,17996.0,33702.0,1,0.4755,0.3481,19327.0,0.1341
MI,0,City,19939.0,88473.0,0,0,3.17,75.0,R1 Research,81466.0,371.6,1,0.5,0.866,59.7,23943.0,14479.0,38422.0,43044.0,1,0.4865,0.4716,23105.0,0.0333
PA,0,Suburb,13762.0,86574.0,1,0,2.75,50.0,R2 Doctoral,57465.0,29.8,10,-0.866,0.5,71.1,14361.0,9733.0,24094.0,33371.0,1,0.3855,0.4193,19609.0,0.0208
NC,0,City,8830.0,30993.0,1,1,3.6,89.0,R1 Research,64706.0,98.2,4,0.866,-0.5,82.6,21341.0,22170.0,43511.0,21195.0,1,0.6839,0.6724,12365.0,0.18
AR,0,Suburb,5189.0,19919.0,1,1,2.79,54.0,Liberal Arts College,79569.0,207.0,1,0.5,0.866,48.2,24579.0,23757.0,48336.0,31233.0,0,1.568,0.6075,26044.0,0.12
NJ,0,Suburb,11045.0,92793.0,0,0,2.88,41.0,Regional Comprehensive,44072.0,316.3,4,0.866,-0.5,76.8,13898.0,6633.0,20531.0,23541.0,0,0.2537,0.4659,12496.0,0.0659
OH,1,Town,33806.0,176637.0,0,0,1.77,,R1 Research,55255.0,231.2,3,1.0,0.0,61.7,1832.0,5084.0,6916.0,48339.0,1,0.2737,0.1252,14533.0,0.1475
SD,0,Suburb,12132.0,49089.0,0,0,3.09,55.0,Regional Comprehensive,37527.0,389.3,3,1.0,0.0,56.6,14134.0,5584.0,19718.0,17809.0,0,0.3628,0.5254,5677.0,0.0444
CA,0,Rural,5880.0,27607.0,1,1,2.09,17.0,Community College,23925.0,324.8,2,0.866,0.5,54.2,2552.0,6130.0,8682.0,15243.0,0,0.5521,0.3629,9363.0,0.0645
MS,0,Rural,7733.0,46189.0,1,1,2.16,16.0,Regional Comprehensive,47444.0,2012.5,5,0.5,-0.866,67.2,8553.0,15837.0,24390.0,23054.0,1,0.4991,0.5141,15321.0,0.0634
NC,0,City,28576.0,83594.0,0,0,3.07,49.0,Community College,16216.0,140.2,10,-0.866,0.5,29.2,2037.0,0.0,2037.0,14179.0,0,0.1696,0.1256,0.0,0.0577
NC,0,Suburb,8045.0,53217.0,1,1,3.44,73.0,R1 Research,75512.0,93.5,4,0.866,-0.5,49.1,20999.0,20107.0,41106.0,34406.0,1,0.6465,0.5444,26361.0,0.0577
AR,0,City,36885.0,173369.0,0,0,3.01,73.0,Regional Comprehensive,43435.0,152.6,1,0.5,0.866,32.5,20649.0,1024.0,21673.0,21762.0,1,0.1255,0.499,0.0,0.0506
NC,0,Town,19103.0,122514.0,0,0,3.01,28.0,Regional Comprehensive,51305.0,48.5,2,0.866,0.5,76.9,13422.0,5387.0,18809.0,32496.0,1,0.2652,0.3666,13393.0,0.0779
OH,1,Suburb,11838.0,71878.0,0,0,3.47,57.0,Regional Comprehensive,29689.0,39.4,2,0.866,0.5,64.9,11715.0,4793.0,16508.0,13181.0,1,0.1834,0.556,1343.0,0.1296
FL,0,City,4111.0,15412.0,1,1,3.5,77.0,Regional Comprehensive,44794.0,20.7,10,-0.866,0.5,62.9,19660.0,19157.0,38817.0,5977.0,0,0.3878,0.8666,1866.0,0.0849
MA,0,City,7953.0,38237.0,0,1,2.32,5.0,Regional Comprehensive,42186.0,72.7,5,0.5,-0.866,50.9,6061.0,11534.0,17595.0,24591.0,0,0.6431,0.4171,16638.0,0.0795
VA,0,Suburb,6914.0,42422.0,0,1,1.98,,Community College,20204.0,112.3,11,-0.5,0.866,50.3,3166.0,7068.0,10234.0,9970.0,1,0.235,0.5065,3056.0,0.1951
FL,0,Town,12201.0,36770.0,1,0,3.09,86.0,Regional Comprehensive,44926.0,343.4,2,0.866,0.5,62.4,22929.0,7891.0,30820.0,14106.0,1,0.3836,0.686,1905.0,0.0552
MO,0,Town,19923.0,72214.0,1,0,3.04,64.0,Regional Comprehensive,50624.0,406.9,10,-0.866,0.5,64.8,19264.0,7248.0,26512.0,24112.0,1,0.3339,0.5237,4189.0,0.0504
MA,0,City,9104.0,73294.0,0,0,3.03,91.0,R2 Doctoral,57849.0,46.1,9,-1.0,-0.0,28.0,28357.0,13480.0,41837.0,16012.0,1,0.2185,0.7232,6908.0,0.0076
IL,0,Suburb,806.0,18858.0,1,1,3.7,59.0,Regional Comprehensive,55997.0,1120.7,12,-0.0,1.0,58.6,25730.0,21909.0,47639.0,8358.0,0,0.4432,0.8507,7552.0,0.1231
CA,0,Suburb,19759.0,112343.0,1,0,3.18,89.0,Regional Comprehensive,44370.0,148.1,2,0.866,0.5,74.1,22677.0,5250.0,27927.0,16443.0,1,0.1464,0.6294,0.0,0.05
OH,1,Suburb,14879.0,63679.0,0,0,1.81,,Liberal Arts College,55073.0,47.2,12,-0.0,1.0,61.8,6665.0,9452.0,16117.0,38956.0,1,0.6118,0.2926,24077.0,0.1455
CA,0,City,20489.0,81430.0,1,0,3.43,83.0,Community College,17188.0,23.2,6,0.0,-1.0,98.4,4192.0,0.0,4192.0,12996.0,1,0.1596,0.2439,0.0,0.1132
CA,0,Suburb,24307.0,107611.0,0,0,3.67,52.0,Liberal Arts College,69797.0,66.1,8,-0.866,-0.5,61.3,26525.0,11933.0,38458.0,31339.0,1,0.2912,0.551,7032.0,0.1071
OH,1,Rural,7019.0,36235.0,1,1,2.72,48.0,Liberal Arts College,54867.0,110.4,1,0.5,0.866,82.5,15218.0,22049.0,37267.0,17600.0,0,0.4857,0.6792,10581.0,0.2
CA,0,Suburb,46233.0,155813.0,0,0,2.6,44.0,Regional Comprehensive,51839.0,151.4,2,0.866,0.5,79.0,16032.0,1470.0,17502.0,34337.0,1,0.2204,0.3376,0.0,0.0957
FL,0,Town,13205.0,56835.0,1,0,3.29,60.0,R2 Doctoral,54464.0,141.9,12,-0.0,1.0,43.5,18042.0,7774.0,25816.0,28648.0,0,0.5041,0.474,15443.0,0.0625
MA,0,Suburb,51711.0,187032.0,0,0,2.78,29.0,Liberal Arts College,80034.0,160.8,9,-1.0,-0.0,69.8,18720.0,6066.0,24786.0,55248.0,1,0.2954,0.3097,3537.0,0.0748
NY,0,Suburb,6637.0,33070.0,0,1,2.07,16.0,Regional Comprehensive,39270.0,27.8,10,-0.866,0.5,20.1,9037.0,15827.0,24864.0,14406.0,0,0.4356,0.6332,7769.0,0.0
VT,0,Suburb,25490.0,177289.0,0,0,3.33,71.0,Community College,19012.0,114.5,2,0.866,0.5,47.3,2697.0,0.0,2697.0,16315.0,0,0.092,0.1419,0.0,0.0541
NV,0,City,10738.0,32831.0,0,0,3.35,53.0,Community College,13158.0,555.9,4,0.866,-0.5,72.6,1390.0,599.0,1989.0,11169.0,1,0.3402,0.1512,431.0,0.1429
VA,0,City,97896.0,394401.0,0,0,3.14,58.0,R1 Research,75242.0,396.6,4,0.866,-0.5,39.9,21968.0,0.0,21968.0,53274.0,0,0.1351,0.292,0.0,0.058
ID,0,Rural,1551.0,31719.0,1,1,3.31,66.0,R1 Research,67275.0,111.1,2,0.866,0.5,85.5,19146.0,30664.0,49810.0,17465.0,1,0.5506,0.7404,15914.0,0.1648
OK,0,Rural,26543.0,134692.0,1,0,2.83,54.0,Regional Comprehensive,52237.0,654.4,1,0.5,0.866,85.6,20380.0,6740.0,27120.0,25117.0,1,0.1865,0.5192,0.0,0.1238
NY,0,Town,12027.0,48488.0,1,0,3.52,54.0,R2 Doctoral,61004.0,33.8,1,0.5,0.866,74.7,19340.0,9941.0,29281.0,31723.0,0,0.6542,0.48,19696.0,0.2105
WI,0,City,16902.0,105326.0,1,0,2.99,47.0,R2 Doctoral,60870.0,45.7,2,0.866,0.5,71.3,16692.0,7776.0,24468.0,36402.0,1,0.3456,0.402,19500.0,0.0877
TX,0,City,12100.0,61134.0,0,0,2.65,44.0,Regional Comprehensive,41094.0,896.6,3,1.0,0.0,56.9,12841.0,7971.0,20812.0,20282.0,1,0.3318,0.5064,8182.0,0.0515
IN,0,City,6208.0,28690.0,0,1,2.14,17.0,Liberal Arts College,80699.0,232.5,1,0.5,0.866,66.3,15109.0,39373.0,54482.0,26217.0,1,0.9138,0.6751,20009.0,0.082
NC,0,Rural,114.0,8402.0,0,1,2.22,11.0,R1 Research,89694.0,93.6,3,1.0,0.0,79.6,11732.0,33738.0,45470.0,44224.0,0,5.0,0.5069,44110.0,0.0538
CA,0,Town,105202.0,382874.0,0,0,3.82,98.0,Community College,17119.0,119.6,4,0.866,-0.5,81.1,4290.0,0.0,4290.0,12829.0,1,0.0335,0.2506,0.0,0.1364
FL,0,Suburb,18523.0,66342.0,0,0,2.69,56.0,Regional Comprehensive,41257.0,54.3,3,1.0,0.0,63.0,19821.0,4370.0,24191.0,17066.0,1,0.2572,0.5863,0.0,0.2
NE,0,Rural,-1500.0,7560.0,1,1,2.92,62.0,Liberal Arts College,77615.0,169.4,5,0.5,-0.866,39.3,25034.0,24196.0,49230.0,28385.0,0,3.7546,0.6343,29885.0,0.1569
NY,0,City,12262.0,78267.0,1,0,2.77,42.0,R1 Research,74317.0,155.9,1,0.5,0.866,61.8,14637.0,8790.0,23427.0,50890.0,0,0.6502,0.3152,38628.0,0.075
TX,0,Suburb,16261.0,103415.0,0,0,2.92,49.0,R1 Research,78158.0,129.4,10,-0.866,0.5,59.5,18664.0,12765.0,31429.0,46729.0,0,0.4519,0.4021,30468.0,0.1273
TX,0,City,5692.0,37614.0,1,1,2.69,59.0,R2 Doctoral,59305.0,37.5,2,0.866,0.5,80.5,21074.0,18702.0,39776.0,19529.0,1,0.5192,0.6707,13837.0,0.0696
NC,0,Suburb,1840.0,37797.0,0,1,2.57,49.0,Community College,19604.0,167.3,3,1.0,0.0,68.9,1526.0,7205.0,8731.0,10873.0,1,0.2877,0.4454,9033.0,0.0758
KY,0,Rural,11156.0,62051.0,0,0,2.4,49.0,Community College,17257.0,72.7,10,-0.866,0.5,78.1,1541.0,1304.0,2845.0,14412.0,1,0.2323,0.1649,3256.0,0.049
WI,0,Rural,37448.0,149622.0,0,0,3.06,58.0,R2 Doctoral,68000.0,45.0,7,-0.5,-0.866,45.3,21530.0,6831.0,28361.0,39639.0,1,0.2649,0.4171,2191.0,0.0137
OH,1,City,14891.0,67641.0,1,0,3.62,86.0,Regional Comprehensive,37879.0,138.7,7,-0.5,-0.866,49.4,19797.0,3785.0,23582.0,14297.0,0,0.2114,0.6226,0.0,0.0933
TX,0,City,37696.0,180507.0,1,0,1.77,17.0,Regional Comprehensive,47204.0,1236.5,9,-1.0,-0.0,77.7,8135.0,2173.0,10308.0,36896.0,0,0.2044,0.2184,0.0,0.0909
CA,0,Suburb,33208.0,142127.0,0,0,2.02,37.0,Regional Comprehensive,50738.0,974.2,12,-0.0,1.0,36.6,13739.0,4383.0,18122.0,32616.0,0,0.2295,0.3572,0.0,0.0256
GA,0,City,18067.0,53384.0,1,0,3.37,39.0,Community College,18969.0,250.8,1,0.5,0.866,48.3,3804.0,195.0,3999.0,14970.0,0,0.2804,0.2108,0.0,0.05
AL,0,Suburb,5334.0,20317.0,0,1,3.41,72.0,Liberal Arts College,65190.0,95.9,12,-0.0,1.0,54.1,26365.0,32088.0,58453.0,6737.0,0,0.3316,0.8967,1403.0,0.0847
MD,0,Suburb,5624.0,53466.0,0,1,3.45,84.0,Regional Comprehensive,49199.0,117.7,11,-0.5,0.866,67.5,25244.0,18022.0,43266.0,5933.0,1,0.111,0.8794,309.0,0.1875
IL,0,City,18542.0,91956.0,1,0,3.3,82.0,R1 Research,60956.0,194.0,1,0.5,0.866,70.9,17786.0,11846.0,29632.0,31324.0,0,0.3406,0.4861,12782.0,0.2759
VA,0,City,17717.0,65718.0,0,0,2.96,48.0,R1 Research,90996.0,81.5,2,0.866,0.5,14.8,21239.0,15757.0,36996.0,54000.0,0,0.8217,0.4066,36283.0,0.0294
OH,1,City,12582.0,99388.0,0,0,1.6,7.0,Regional Comprehensive,26122.0,146.5,6,0.0,-1.0,55.9,2457.0,3434.0,5891.0,20231.0,1,0.2036,0.2255,7649.0,0.0312
VA,0,Rural,29246.0,117203.0,0,0,3.7,91.0,Liberal Arts College,91583.0,15.0,10,-0.866,0.5,41.4,41657.0,16824.0,58481.0,33102.0,0,0.2824,0.6386,3856.0,0.0674
MI,0,Suburb,17862.0,92246.0,0,0,3.53,91.0,Regional Comprehensive,53660.0,92.9,4,0.866,-0.5,81.7,28712.0,5857.0,34569.0,19091.0,1,0.207,0.6442,1229.0,0.2115
TN,0,Suburb,6355.0,51625.0,1,1,2.91,56.0,Community College,15749.0,293.8,4,0.866,-0.5,36.5,165.0,4595.0,4760.0,10989.0,0,0.2129,0.3022,4634.0,0.0455
NC,0,Suburb,19339.0,91520.0,0,0,3.5,77.0,Liberal Arts College,63022.0,52.2,1,0.5,0.866,73.2,26156.0,11149.0,37305.0,25717.0,1,0.281,0.5919,6378.0,0.1429
KS,0,Town,74628.0,314755.0,0,0,3.76,80.0,Community College,20414.0,98.5,7,-0.5,-0.866,57.7,2445.0,0.0,2445.0,17969.0,1,0.0571,0.1198,0.0,0.0576
OH,1,City,4450.0,21532.0,0,1,3.85,99.0,Regional Comprehensive,38214.0,68.4,4,0.866,-0.5,64.9,24000.0,13524.0,36303.0,1911.0,1,0.0888,0.95,0.0,0.0821
CA,0,City,25542.0,89397.0,0,0,3.59,94.0,Community College,20922.0,623.9,1,0.5,0.866,77.2,5656.0,0.0,5656.0,15266.0,0,0.1708,0.2703,0.0,0.1884
FL,0,Town,45891.0,235400.0,0,0,3.43,85.0,Regional Comprehensive,41567.0,32.6,11,-0.5,0.866,50.1,17588.0,0.0,17588.0,23979.0,1,0.1019,0.4231,0.0,0.0745
NC,0,Town,-1230.0,27019.0,0,1,3.06,67.0,R1 Research,86539.0,30.1,2,0.866,0.5,63.7,21600.0,30771.0,52371.0,34168.0,1,1.2646,0.6052,35398.0,0.0986
MI,0,City,28546.0,129417.0,1,0,3.36,72.0,Community College,24780.0,46.9,4,0.866,-0.5,95.4,6058.0,0.0,6058.0,18722.0,1,0.1447,0.2445,0.0,0.2903
NJ,0,Suburb,36354.0,142486.0,0,0,3.17,54.0,R2 Doctoral,50731.0,25.2,10,-0.866,0.5,72.8,19582.0,2567.0,22149.0,28582.0,1,0.2006,0.4366,0.0,0.1579
MO,0,Rural,2179.0,21735.0,0,1,2.25,17.0,R2 Doctoral,58736.0,27.2,6,0.0,-1.0,75.1,11090.0,23467.0,34557.0,24179.0,1,1.1124,0.5883,22000.0,0.0986
FL,0,City,24120.0,105124.0,0,0,3.65,93.0,Regional Comprehensive,48167.0,45.6,2,0.866,0.5,78.1,25378.0,3940.0,29318.0,18849.0,1,0.1793,0.6087,0.0,0.117
TN,0,City,3006.0,51774.0,0,1,2.54,52.0,Regional Comprehensive,44080.0,462.7,12,-0.0,1.0,87.1,14370.0,13843.0,28213.0,15867.0,1,0.3065,0.64,12861.0,0.0656
MO,0,Suburb,13225.0,60263.0,0,0,3.08,61.0,R1 Research,64605.0,91.3,1,0.5,0.866,73.3,16550.0,8650.0,25200.0,39405.0,0,0.6539,0.3901,26180.0,0.0361
OH,1,City,6204.0,49813.0,0,1,1.89,16.0,Regional Comprehensive,26552.0,37.9,9,-1.0,-0.0,57.9,2889.0,10665.0,13554.0,12998.0,1,0.2609,0.5105,6794.0,0.1622
IL,0,Suburb,39726.0,161965.0,0,0,2.56,41.0,R2 Doctoral,45791.0,46.5,3,1.0,0.0,72.5,12858.0,1176.0,14034.0,31757.0,1,0.1961,0.3065,0.0,0.128
TX,0,Suburb,3173.0,58062.0,0,1,2.77,62.0,R1 Research,80452.0,246.4,1,0.5,0.866,52.8,18519.0,30778.0,49297.0,31155.0,1,0.5366,0.6128,27982.0,0.0735
OH,1,Suburb,13509.0,45090.0,1,0,2.02,28.0,Community College,17904.0,262.9,2,0.866,0.5,81.2,2154.0,687.0,2841.0,15063.0,1,0.3341,0.1587,1554.0,0.1948
MN,0,Suburb,10342.0,45643.0,0,0,3.45,67.0,R2 Doctoral,66415.0,49.9,1,0.5,0.866,81.3,24552.0,12372.0,36924.0,29491.0,1,0.6461,0.556,19149.0,0.18
NV,0,Suburb,12768.0,49241.0,0,0,2.42,40.0,Regional Comprehensive,47782.0,775.0,2,0.866,0.5,56.0,15199.0,5825.0,21024.0,26758.0,0,0.5434,0.44,13990.0,0.035
VA,0,Town,7779.0,28933.0,0,1,2.35,10.0,R1 Research,71903.0,185.8,10,-0.866,0.5,52.4,8277.0,27451.0,35728.0,36175.0,0,1.2503,0.4969,28396.0,0.04
NY,0,City,12779.0,44804.0,1,0,2.71,36.0,Community College,22811.0,129.0,2,0.866,0.5,72.3,73.0,2167.0,2240.0,20571.0,0,0.4591,0.0982,7792.0,0.1667
TN,0,Suburb,31607.0,68509.0,0,0,2.71,21.0,R1 Research,71962.0,192.9,5,0.5,-0.866,47.9,10586.0,8609.0,19195.0,52767.0,0,0.7702,0.2667,21160.0,0.0342
WI,0,Suburb,10473.0,84217.0,0,0,1.97,5.0,R1 Research,67558.0,190.9,1,0.5,0.866,44.2,6859.0,11491.0,18350.0,49208.0,0,0.5843,0.2716,38735.0,0.043
NY,0,Suburb,31589.0,149778.0,0,0,3.12,50.0,Regional Comprehensive,48612.0,890.5,2,0.866,0.5,57.6,17356.0,2744.0,20100.0,28512.0,0,0.1904,0.4135,0.0,0.0465
LA,0,City,8468.0,74870.0,1,1,3.67,53.0,R1 Research,67601.0,218.8,2,0.866,0.5,67.3,16619.0,21966.0,38585.0,29016.0,1,0.3876,0.5708,20548.0,0.0864
CA,0,Suburb,6694.0,44729.0,0,1,3.55,91.0,R2 Doctoral,57363.0,223.6,12,-0.0,1.0,64.9,24121.0,19138.0,43259.0,14104.0,0,0.3153,0.7541,7410.0,0.1031
CA,0,Town,6297.0,30396.0,1,1,3.18,55.0,R2 Doctoral,58476.0,81.4,2,0.866,0.5,76.0,19144.0,24859.0,44003.0,14473.0,0,0.4761,0.7525,8176.0,0.3043
TX,0,City,21199.0,77810.0,0,0,2.68,39.0,Regional Comprehensive,45488.0,305.8,6,0.0,-1.0,57.6,14683.0,6760.0,21443.0,24045.0,0,0.309,0.4714,2846.0,0.08
TX,0,Town,13763.0,57843.0,1,0,2.48,24.0,Community College,20069.0,46.4,3,1.0,0.0,75.4,1416.0,1514.0,2930.0,17139.0,1,0.2963,0.146,3376.0,0.034
CT,0,Town,5442.0,59236.0,1,1,3.6,85.0,Regional Comprehensive,46930.0,142.1,1,0.5,0.866,57.4,24356.0,16542.0,40898.0,6032.0,1,0.1018,0.8715,590.0,0.1961
OH,1,Suburb,14802.0,76040.0,1,0,3.17,79.0,Liberal Arts College,65245.0,600.0,4,0.866,-0.5,37.0,27237.0,9102.0,36339.0,28906.0,1,0.3801,0.557,14104.0,0.0526
FL,0,City,17189.0,91488.0,1,0,3.68,88.0,Community College,17777.0,15.0,3,1.0,0.0,61.4,2755.0,97.0,2852.0,14925.0,0,0.1631,0.1604,0.0,0.2432
OH,1,Town,11010.0,76436.0,0,0,3.18,66.0,Community College,16502.0,46.9,10,-0.866,0.5,59.2,2772.0,880.0,3652.0,12850.0,1,0.1681,0.2213,1840.0,0.0471
IL,0,City,12155.0,55672.0,1,0,3.51,49.0,Community College,17236.0,168.5,11,-0.5,0.866,47.4,188.0,819.0,1007.0,16229.0,1,0.2915,0.0584,4074.0,0.0469
NY,0,Rural,6874.0,35348.0,0,1,1.92,13.0,Liberal Arts College,70573.0,99.7,5,0.5,-0.866,32.9,14064.0,27462.0,41526.0,29047.0,1,0.8217,0.5884,22173.0,0.0408
TX,0,Town,12036.0,40489.0,1,0,2.69,52.0,R1 Research,78209.0,102.2,2,0.866,0.5,50.4,17689.0,14001.0,31690.0,46519.0,1,1.1489,0.4052,34483.0,0.141
MA,0,City,18708.0,115931.0,0,0,2.39,47.0,R1 Research,87801.0,139.5,4,0.866,-0.5,38.5,17650.0,17750.0,35400.0,52401.0,1,0.452,0.4032,33693.0,0.0148
TX,0,Town,11947.0,46398.0,1,0,3.28,74.0,R2 Doctoral,56142.0,97.2,10,-0.866,0.5,34.2,21460.0,8822.0,30282.0,25860.0,1,0.5574,0.5394,13913.0,0.0268
CO,0,Suburb,2646.0,23881.0,0,1,3.66,99.0,Liberal Arts College,89599.0,160.0,6,0.0,-1.0,59.4,46514.0,31888.0,78402.0,11197.0,0,0.4689,0.875,8551.0,0.0822
TX,0,Suburb,24382.0,145059.0,0,0,2.7,34.0,Regional Comprehensive,41969.0,75.9,1,0.5,0.866,84.3,12716.0,2492.0,15208.0,26761.0,0,0.1845,0.3624,2379.0,0.1224
MD,0,Suburb,608.0,31936.0,0,1,2.81,38.0,Regional Comprehensive,44474.0,1059.3,1,0.5,0.866,63.6,14644.0,14881.0,29525.0,14949.0,1,0.4681,0.6639,14341.0,0.0746
SC,0,Suburb,5379.0,64562.0,0,1,2.38,36.0,Community College,18644.0,97.2,1,0.5,0.866,84.0,1636.0,6937.0,8573.0,10071.0,1,0.156,0.4598,4692.0,0.0413
TX,0,Town,10215.0,89647.0,0,0,3.47,89.0,R1 Research,77581.0,230.4,4,0.866,-0.5,13.2,24217.0,10950.0,35167.0,42414.0,1,0.4731,0.4533,32199.0,0.0968
CA,0,Rural,10521.0,63090.0,1,0,3.61,97.0,Community College,17526.0,62.8,1,0.5,0.866,70.4,0.0,1126.0,1126.0,16400.0,0,0.2599,0.0642,5879.0,0.0526
NM,0,City,-1500.0,10570.0,1,1,2.45,8.0,Regional Comprehensive,48460.0,337.5,2,0.866,0.5,76.1,10709.0,20436.0,31145.0,17315.0,0,1.6381,0.6427,18815.0,0.0584
GA,0,Suburb,10140.0,83379.0,1,0,1.5,,Regional Comprehensive,46695.0,273.7,4,0.866,-0.5,50.4,6610.0,7470.0,14080.0,32615.0,1,0.3912,0.3015,22475.0,0.0621
AZ,0,Suburb,28632.0,163579.0,0,0,2.39,44.0,R2 Doctoral,57142.0,196.8,4,0.866,-0.5,44.2,12548.0,4824.0,17372.0,39770.0,0,0.2431,0.304,11138.0,0.0714
CA,0,Suburb,26125.0,110891.0,1,0,3.64,91.0,R1 Research,67100.0,43.1,10,-0.866,0.5,52.4,21149.0,7078.0,28227.0,38873.0,0,0.3506,0.4207,12748.0,0.0694
NY,0,Suburb,2011.0,13639.0,1,1,2.12,29.0,Regional Comprehensive,37640.0,57.5,3,1.0,0.0,81.1,6984.0,18348.0,25332.0,12308.0,1,0.9024,0.673,10297.0,0.1182
NC,0,Suburb,89963.0,291156.0,0,0,2.64,40.0,Community College,17936.0,744.2,9,-1.0,-0.0,34.5,638.0,0.0,638.0,17298.0,1,0.0594,0.0356,0.0,0.0
CT,0,Town,3285.0,24231.0,1,1,3.3,27.0,Liberal Arts College,84723.0,56.8,1,0.5,0.866,52.1,22908.0,28096.0,51004.0,33719.0,0,1.3916,0.602,30434.0,0.0649
FL,0,Suburb,3188.0,28956.0,0,1,3.32,94.0,Liberal Arts College,59550.0,248.3,4,0.866,-0.5,36.6,27766.0,17912.0,45678.0,13872.0,0,0.4791,0.7671,10684.0,0.0424
CO,0,City,27904.0,110520.0,0,0,2.97,62.0,Regional Comprehensive,38000.0,47.0,3,1.0,0.0,71.9,14823.0,1463.0,16286.0,21714.0,1,0.1965,0.4286,0.0,0.0612
TN,0,Suburb,15768.0,87208.0,0,0,1.85,,Regional Comprehensive,43780.0,365.3,11,-0.5,0.866,41.2,5848.0,7730.0,13578.0,30202.0,0,0.3463,0.3101,14434.0,0.048
CA,0,City,16333.0,66692.0,0,0,3.63,75.0,Regional Comprehensive,41275.0,61.6,7,-0.5,-0.866,55.7,18480.0,4867.0,23347.0,17928.0,0,0.2688,0.5656,1595.0,0.1373
NY,0,City,8457.0,41774.0,0,1,3.0,58.0,R1 Research,101031.0,46.1,7,-0.5,-0.866,66.0,24003.0,45111.0,69114.0,31917.0,0,0.764,0.6841,23460.0,0.2105
FL,0,City,48686.0,164098.0,0,0,3.13,66.0,Regional Comprehensive,46134.0,60.0,11,-0.5,0.866,44.9,16554.0,0.0,16554.0,29580.0,0,0.1803,0.3588,0.0,0.0299
OH,1,Suburb,13795.0,61187.0,1,0,2.1,3.0,R1 Research,54466.0,20.5,2,0.866,0.5,39.5,4711.0,8220.0,12931.0,41535.0,0,0.6788,0.2374,27740.0,0.029
AZ,0,Rural,2580.0,20386.0,0,1,3.5,61.0,Liberal Arts College,88466.0,193.8,8,-0.866,-0.5,65.6,35343.0,47078.0,82421.0,6045.0,1,0.2965,0.9317,3465.0,0.1143
OH,1,Suburb,29497.0,152857.0,1,0,2.49,42.0,Community College,18859.0,39.4,10,-0.866,0.5,69.1,0.0,0.0,0.0,18859.0,1,0.1234,0.0,0.0,0.0973
FL,0,City,4838.0,73709.0,1,1,3.21,55.0,Community College,18806.0,40.1,12,-0.0,1.0,85.8,1918.0,6905.0,8823.0,9983.0,1,0.1354,0.4692,5145.0,0.1024
IN,0,Town,30271.0,140478.0,1,0,2.89,28.0,Regional Comprehensive,53248.0,123.0,3,1.0,0.0,70.6,13378.0,5689.0,19067.0,34181.0,1,0.2433,0.3581,3910.0,0.0685
VA,0,City,12335.0,95057.0,1,0,3.67,70.0,Regional Comprehensive,35663.0,38.1,6,0.0,-1.0,63.6,14297.0,4741.0,19038.0,16625.0,0,0.1749,0.5338,4290.0,0.0854
MI,0,Rural,92233.0,352205.0,1,0,2.31,29.0,Liberal Arts College,67421.0,249.0,1,0.5,0.866,71.8,16613.0,0.0,16613.0,50808.0,1,0.1443,0.2464,0.0,0.1538
NJ,0,Suburb,8249.0,50353.0,0,1,3.81,64.0,Regional Comprehensive,47422.0,301.9,4,0.866,-0.5,56.8,23201.0,19242.0,42443.0,4979.0,1,0.0989,0.895,0.0,0.1739
FL,0,City,17890.0,63678.0,0,0,2.82,69.0,R1 Research,63465.0,123.6,3,1.0,0.0,60.4,17413.0,7536.0,24949.0,38516.0,0,0.6049,0.3931,20626.0,0.088
TN,0,Suburb,22388.0,105691.0,0,0,2.58,54.0,Regional Comprehensive,40677.0,168.5,1,0.5,0.866,52.0,11820.0,2706.0,14526.0,26151.0,1,0.2474,0.3571,3763.0,0.0652
IL,0,Suburb,10668.0,50578.0,0,0,1.86,24.0,Regional Comprehensive,48748.0,797.6,11,-0.5,0.866,58.6,10825.0,7417.0,18242.0,30506.0,0,0.6031,0.3742,19838.0,0.0744
PA,0,Town,31619.0,112184.0,0,0,3.29,67.0,Community College,17326.0,107.4,11,-0.5,0.866,58.9,3174.0,0.0,3174.0,14152.0,0,0.1261,0.1832,0.0,0.0084
TX,0,City,-1500.0,7539.0,1,1,3.78,69.0,Community College,19938.0,47.0,12,-0.0,1.0,53.9,5615.0,8691.0,14306.0,5632.0,0,0.747,0.7175,7132.0,0.037
WA,0,Rural,12210.0,59730.0,1,0,3.81,75.0,Regional Comprehensive,43889.0,232.8,1,0.5,0.866,49.9,20255.0,5273.0,25528.0,18361.0,1,0.3074,0.5816,6151.0,0.125
WA,0,Town,9579.0,58445.0,0,0,3.66,97.0,R1 Research,75209.0,38.6,1,0.5,0.866,36.1,27287.0,11727.0,39014.0,36195.0,1,0.6193,0.5187,26616.0,0.0349
PA,0,Rural,10874.0,56941.0,1,0,2.96,43.0,Regional Comprehensive,44589.0,101.6,8,-0.866,-0.5,50.9,13365.0,8128.0,21493.0,23096.0,1,0.4056,0.482,12222.0,0.0476
OR,0,Rural,1269.0,33477.0,0,1,2.08,20.0,Community College,21108.0,67.6,2,0.866,0.5,50.4,0.0,7814.0,7814.0,13294.0,0,0.3971,0.3702,12025.0,0.0417
KY,0,City,25641.0,120862.0,0,0,1.87,8.0,R1 Research,80618.0,60.6,5,0.5,-0.866,52.1,5530.0,14170.0,19700.0,60918.0,1,0.504,0.2444,35277.0,0.0379
CA,0,Suburb,15538.0,43774.0,0,0,2.98,52.0,Community College,17268.0,97.4,4,0.866,-0.5,51.8,1819.0,439.0,2258.0,15010.0,1,0.3429,0.1308,0.0,0.122
IN,0,Town,15776.0,72707.0,1,0,3.19,61.0,R1 Research,57519.0,325.9,5,0.5,-0.866,94.1,14038.0,5935.0,19973.0,37546.0,1,0.5164,0.3472,21770.0,0.0866
IL,0,Suburb,13128.0,61282.0,0,0,3.55,73.0,Community College,18667.0,404.6,4,0.866,-0.5,53.1,3210.0,1180.0,4390.0,14277.0,0,0.233,0.2352,1149.0,0.3056
WY,0,City,17091.0,90243.0,0,0,3.32,61.0,Community College,17552.0,335.1,1,0.5,0.866,38.8,2994.0,70.0,3064.0,14488.0,1,0.1605,0.1746,0.0,0.0964
FL,0,City,44345.0,176362.0,1,0,3.11,55.0,Community College,17222.0,180.4,2,0.866,0.5,66.2,1846.0,0.0,1846.0,15376.0,1,0.0872,0.1072,0.0,0.1818
NY,0,City,18019.0,72437.0,0,0,3.85,85.0,Regional Comprehensive,37209.0,96.7,11,-0.5,0.866,46.9,16652.0,3084.0,19736.0,17473.0,1,0.2412,0.5304,0.0,0.0676
OH,1,Rural,22484.0,115359.0,1,0,3.26,53.0,Community College,17984.0,3.1,3,1.0,0.0,98.5,450.0,0.0,450.0,17534.0,1,0.152,0.025,0.0,0.128
FL,0,Suburb,10978.0,69864.0,0,0,2.0,,Regional Comprehensive,45191.0,186.4,2,0.866,0.5,67.3,6792.0,5764.0,12556.0,32635.0,1,0.4671,0.2778,21657.0,0.069
IN,0,Suburb,9913.0,43725.0,0,0,3.85,82.0,R1 Research,66683.0,15.0,1,0.5,0.866,78.9,22935.0,12061.0,34996.0,31687.0,1,0.7247,0.5248,21774.0,0.0917
NC,0,Rural,21147.0,56845.0,0,0,3.25,53.0,Regional Comprehensive,44778.0,16.8,3,1.0,0.0,61.5,17488.0,4619.0,22107.0,22671.0,0,0.3988,0.4937,1524.0,0.1268
FL,0,City,7890.0,51321.0,1,1,1.66,3.0,Community College,20627.0,106.9,2,0.866,0.5,69.4,1980.0,4590.0,6570.0,14057.0,1,0.2739,0.3185,6167.0,0.0517
NC,0,Town,9017.0,94758.0,1,0,3.32,53.0,R1 Research,84766.0,167.3,4,0.866,-0.5,54.5,21378.0,18265.0,39643.0,45123.0,1,0.4762,0.4677,36106.0,0.1481
UT,0,City,9796.0,67968.0,0,0,2.84,24.0,Regional Comprehensive,51911.0,78.9,7,-0.5,-0.866,56.5,14248.0,8952.0,23200.0,28711.0,1,0.4224,0.4469,18915.0,0.0598
MN,0,City,3761.0,35530.0,0,1,1.55,19.0,Regional Comprehensive,42079.0,635.3,1,0.5,0.866,46.5,7609.0,11313.0,18922.0,23157.0,0,0.6518,0.4497,19396.0,0.0735
NC,0,City,10894.0,53647.0,0,0,2.33,21.0,Community College,17127.0,205.8,7,-0.5,-0.866,49.5,2502.0,1515.0,4017.0,13110.0,1,0.2444,0.2345,2216.0,0.0674
NY,0,Suburb,-1500.0,20980.0,0,1,3.98,63.0,R2 Doctoral,47707.0,97.5,1,0.5,0.866,68.5,18646.0,18391.0,37037.0,10670.0,1,0.5086,0.7763,12170.0,0.1461
TX,0,Suburb,9419.0,55110.0,0,0,3.55,86.0,R1 Research,79344.0,543.2,6,0.0,-1.0,65.2,25973.0,17369.0,43342.0,36002.0,0,0.6533,0.5463,26583.0,0.0451
CT,0,Suburb,15365.0,63003.0,0,0,2.8,41.0,R2 Doctoral,57102.0,655.4,1,0.5,0.866,66.7,15675.0,10887.0,26562.0,30540.0,1,0.4847,0.4652,15175.0,0.11
MO,0,City,34112.0,231442.0,0,0,3.05,56.0,Regional Comprehensive,51388.0,217.0,2,0.866,0.5,50.9,19245.0,3266.0,22511.0,28877.0,0,0.1248,0.4381,0.0,0.0379
VA,0,City,48929.0,166190.0,0,0,1.81,11.0,Regional Comprehensive,45815.0,56.1,1,0.5,0.866,100.0,6843.0,0.0,6843.0,38972.0,1,0.2345,0.1494,0.0,0.0541
CT,0,Suburb,6300.0,29896.0,1,1,1.97,28.0,Regional Comprehensive,42493.0,71.1,4,0.866,-0.5,62.4,8239.0,13477.0,21716.0,20777.0,1,0.695,0.511,14477.0,0.3043
TX,0,City,23345.0,72786.0,0,0,1.82,13.0,Regional Comprehensive,44781.0,27.7,9,-1.0,-0.0,60.0,4749.0,3860.0,8609.0,36172.0,1,0.497,0.1922,12827.0,0.0991
TN,0,Town,20590.0,73711.0,1,0,2.09,1.0,Regional Comprehensive,44024.0,121.2,4,0.866,-0.5,86.8,7357.0,5350.0,12707.0,31317.0,1,0.4249,0.2886,10727.0,0.3077
FL,0,Rural,13473.0,53321.0,1,0,3.46,56.0,R1 Research,65526.0,42.1,11,-0.5,0.866,41.0,18219.0,9838.0,28057.0,37469.0,0,0.7027,0.4282,23996.0,0.1096
TX,0,Town,8407.0,55825.0,1,1,2.99,35.0,R1 Research,72768.0,89.7,1,0.5,0.866,63.6,15363.0,21564.0,36927.0,35841.0,1,0.642,0.5075,27434.0,0.0787
GA,0,Suburb,4953.0,48784.0,1,1,2.7,36.0,Regional Comprehensive,41064.0,166.6,2,0.866,0.5,98.9,12564.0,15712.0,28276.0,12788.0,1,0.2621,0.6886,7835.0,0.2766
IL,0,Suburb,74290.0,242401.0,0,0,3.28,70.0,Community College,22475.0,15.8,3,1.0,0.0,69.2,2518.0,0.0,2518.0,19957.0,1,0.0823,0.112,0.0,0.0909
KS,0,Suburb,7101.0,46646.0,1,1,3.06,46.0,Regional Comprehensive,37253.0,33.6,2,0.866,0.5,80.2,15601.0,8341.0,23942.0,13311.0,0,0.2854,0.6427,6210.0,0.0682
NY,0,Rural,14161.0,80457.0,0,0,1.88,2.0,Regional Comprehensive,50413.0,74.4,3,1.0,0.0,54.3,8301.0,6121.0,14422.0,35991.0,1,0.4473,0.2861,21830.0,0.0976
AL,0,Rural,3379.0,10189.0,1,1,1.62,,Community College,17744.0,119.9,5,0.5,-0.866,55.8,3441.0,5796.0,9237.0,8507.0,1,0.8349,0.5206,5128.0,0.0735
WI,0,Suburb,23635.0,113888.0,1,0,2.73,36.0,Regional Comprehensive,31928.0,75.4,1,0.5,0.866,47.4,8351.0,1660.0,10011.0,21917.0,1,0.1924,0.3135,0.0,0.0333
TN,0,Suburb,32833.0,147659.0,1,0,3.37,77.0,R1 Research,55807.0,95.4,2,0.866,0.5,100.0,16804.0,5399.0,22203.0,33604.0,1,0.2276,0.3979,771.0,0.1329
AR,0,Town,7129.0,29512.0,0,1,3.22,58.0,Regional Comprehensive,44704.0,60.4,1,0.5,0.866,54.7,17439.0,20305.0,37744.0,6960.0,1,0.2358,0.8443,0.0,0.2195
IL,0,City,8570.0,43540.0,1,1,3.36,82.0,R1 Research,68202.0,27.7,2,0.866,0.5,41.6,23483.0,19975.0,43458.0,24744.0,0,0.5683,0.6372,16174.0,0.2075
IL,0,Suburb,13335.0,87124.0,0,0,2.64,33.0,Community College,20020.0,72.3,6,0.0,-1.0,79.5,0.0,954.0,954.0,19066.0,1,0.2188,0.0477,5731.0,0.1449
TX,0,Suburb,14383.0,63832.0,0,0,3.14,60.0,Community College,17937.0,101.3,4,0.866,-0.5,48.1,2917.0,629.0,3546.0,14391.0,0,0.2255,0.1977,8.0,0.0645
FL,0,Town,12595.0,88061.0,1,0,3.35,65.0,R2 Doctoral,59467.0,91.5,2,0.866,0.5,78.6,21569.0,9107.0,30676.0,28791.0,1,0.3269,0.5158,16196.0,0.2812
CT,0,Suburb,10007.0,51184.0,0,0,3.76,87.0,Regional Comprehensive,45047.0,142.5,12,-0.0,1.0,65.0,24636.0,7689.0,32325.0,12722.0,0,0.2486,0.7176,2715.0,0.0351
GA,0,City,46243.0,240759.0,0,0,3.32,73.0,R1 Research,77860.0,196.7,5,0.5,-0.866,77.9,22139.0,8189.0,30328.0,47532.0,1,0.1974,0.3895,1289.0,0.0873
PA,0,City,9623.0,38863.0,1,0,3.71,81.0,R2 Doctoral,61200.0,259.2,2,0.866,0.5,40.8,23133.0,9947.0,33080.0,28120.0,0,0.7236,0.5405,18497.0,0.1373
FL,0,Suburb,136499.0,437107.0,0,0,3.39,99.0,R1 Research,76565.0,65.1,1,0.5,0.866,69.6,29430.0,0.0,29430.0,47135.0,0,0.1078,0.3844,0.0,0.1935
NC,0,Rural,29467.0,153920.0,1,0,2.07,39.0,R1 Research,69321.0,24.2,2,0.866,0.5,46.4,11825.0,6708.0,18533.0,50788.0,1,0.33,0.2674,21321.0,0.1136
MO,0,Rural,20006.0,114591.0,0,0,2.76,38.0,Regional Comprehensive,51400.0,481.6,4,0.866,-0.5,61.2,17029.0,7886.0,24915.0,26485.0,0,0.2311,0.4847,6479.0,0.0769
NY,0,Suburb,5687.0,29758.0,1,1,3.85,99.0,Regional Comprehensive,44697.0,189.9,2,0.866,0.5,81.3,24280.0,21171.0,42462.0,2235.0,1,0.0751,0.95,0.0,0.1765
WI,0,City,19871.0,121173.0,0,0,3.68,96.0,Liberal Arts College,69731.0,46.5,2,0.866,0.5,31.1,36153.0,9500.0,45653.0,24078.0,0,0.1987,0.6547,4207.0,0.04
AZ,0,Town,12196.0,97230.0,1,0,3.31,49.0,Community College,17936.0,169.6,12,-0.0,1.0,49.0,3151.0,1125.0,4276.0,13660.0,1,0.1405,0.2384,1464.0,0.0272
MN,0,Town,5748.0,13683.0,1,1,2.99,27.0,Community College,19965.0,388.9,11,-0.5,0.866,40.8,3537.0,4189.0,7726.0,12239.0,0,0.8945,0.387,6491.0,0.0204
FL,0,Suburb,8857.0,22895.0,1,1,2.84,51.0,R1 Research,80974.0,778.6,4,0.866,-0.5,67.0,18233.0,28961.0,47194.0,33780.0,0,1.4754,0.5828,24923.0,0.125
AZ,0,Suburb,19023.0,81429.0,0,0,3.25,62.0,Regional Comprehensive,47999.0,164.8,10,-0.866,0.5,34.6,21582.0,5529.0,27111.0,20888.0,0,0.2565,0.5648,1865.0,0.0909
TX,0,City,10268.0,57184.0,0,0,3.52,42.0,Community College,20674.0,385.5,2,0.866,0.5,74.2,3056.0,2607.0,5663.0,15011.0,1,0.2625,0.2739,4743.0,0.1304
PA,0,Town,11747.0,43397.0,1,0,3.54,77.0,Community College,18077.0,35.6,8,-0.866,-0.5,56.0,0.0,1107.0,1107.0,16970.0,0,0.391,0.0612,5223.0,0.0348
MD,0,Suburb,33238.0,136878.0,0,0,3.26,65.0,Liberal Arts College,87864.0,122.0,11,-0.5,0.866,52.8,35873.0,14363.0,50236.0,37628.0,1,0.2749,0.5717,4390.0,0.1757
AZ,0,Suburb,4879.0,33312.0,0,1,2.27,19.0,R2 Doctoral,56040.0,89.1,10,-0.866,0.5,58.8,11125.0,27274.0,38399.0,17641.0,1,0.5296,0.6852,12762.0,0.0656
TX,0,Rural,12045.0,45353.0,0,0,2.24,46.0,Regional Comprehensive,42552.0,181.6,5,0.5,-0.866,8.9,11900.0,5437.0,17337.0,25215.0,0,0.556,0.4074,13170.0,0.0067
OR,0,Suburb,5326.0,39503.0,1,1,3.16,58.0,R2 Doctoral,44538.0,687.9,10,-0.866,0.5,39.5,14527.0,19179.0,33706.0,10832.0,0,0.2742,0.7568,5506.0,0.1207
CA,0,Rural,16295.0,90882.0,0,0,3.51,69.0,R2 Doctoral,59632.0,164.7,1,0.5,0.866,89.1,21057.0,7103.0,28160.0,31472.0,1,0.3463,0.4722,15177.0,0.175
WA,0,Suburb,3379.0,18251.0,1,1,2.74,45.0,R2 Doctoral,52485.0,47.3,3,1.0,0.0,42.8,14588.0,20535.0,35123.0,17362.0,0,0.9513,0.6692,13983.0,0.0288
RI,0,Suburb,10666.0,43988.0,0,0,3.57,59.0,Liberal Arts College,66131.0,33.6,8,-0.866,-0.5,37.5,26504.0,15414.0,41918.0,24213.0,1,0.5504,0.6339,13547.0,0.1875
MI,0,Rural,4156.0,18208.0,1,1,3.71,70.0,Liberal Arts College,64200.0,713.3,3,1.0,0.0,58.5,27561.0,25519.0,53080.0,11120.0,0,0.6107,0.8268,6964.0,0.0244
SC,0,Rural,14509.0,50248.0,1,0,2.89,14.0,Regional Comprehensive,49027.0,217.3,1,0.5,0.866,80.9,12320.0,6758.0,19078.0,29949.0,1,0.596,0.3891,15440.0,0.1053
WA,0,Rural,15270.0,105937.0,0,0,2.56,43.0,Community College,19427.0,202.8,9,-1.0,-0.0,30.6,932.0,742.0,1674.0,17753.0,0,0.1676,0.0862,2483.0,0.1154
MN,0,Town,25156.0,107307.0,0,0,2.57,50.0,Liberal Arts College,82128.0,88.3,5,0.5,-0.866,54.4,23306.0,9379.0,32685.0,49443.0,0,0.4608,0.398,24287.0,0.0268
MA,0,Suburb,11751.0,37277.0,1,0,2.79,50.0,Regional Comprehensive,44019.0,167.9,4,0.866,-0.5,86.1,15044.0,8805.0,23849.0,20170.0,1,0.5411,0.5418,8419.0,0.0763
IN,0,City,13457.0,92410.0,1,0,3.6,80.0,Community College,19099.0,44.9,2,0.866,0.5,71.6,3124.0,1125.0,4249.0,14850.0,1,0.1607,0.2225,1393.0,0.1395
FL,0,Suburb,10640.0,55088.0,0,0,3.08,57.0,R2 Doctoral,55741.0,190.3,1,0.5,0.866,45.0,17363.0,10729.0,28092.0,27649.0,0,0.5019,0.504,17009.0,0.075
WI,0,Rural,24067.0,167708.0,0,0,3.74,99.0,Regional Comprehensive,39769.0,36.9,10,-0.866,0.5,73.3,22419.0,2872.0,25291.0,14478.0,1,0.0863,0.6359,0.0,0.2195
FL,0,Suburb,8562.0,57321.0,1,1,3.58,75.0,R1 Research,79336.0,86.9,2,0.866,0.5,59.9,25913.0,38000.0,63913.0,15423.0,1,0.2691,0.8056,6861.0,0.1842
MT,0,Town,2195.0,7401.0,1,1,3.37,80.0,Community College,16853.0,64.5,5,0.5,-0.866,71.5,3795.0,5248.0,9043.0,7810.0,0,1.0553,0.5366,5615.0,0.098
FL,0,Rural,31486.0,119871.0,0,0,2.81,58.0,R2 Doctoral,52749.0,15.0,2,0.866,0.5,47.8,15559.0,4865.0,20424.0,32325.0,0,0.2697,0.3872,839.0,0.1111
FL,0,Rural,3358.0,45227.0,1,1,3.6,59.0,R1 Research,75324.0,88.0,2,0.866,0.5,83.7,18777.0,24382.0,43159.0,32165.0,0,0.7112,0.573,28807.0,0.1037
OR,0,Rural,13034.0,51667.0,0,0,2.21,33.0,Liberal Arts College,87353.0,49.3,3,1.0,0.0,55.1,20879.0,20023.0,40902.0,46451.0,0,0.899,0.4682,33417.0,0.0435
FL,0,Suburb,19482.0,80167.0,1,0,3.68,66.0,Community College,17452.0,101.6,8,-0.866,-0.5,64.5,1886.0,0.0,1886.0,15566.0,0,0.1942,0.1081,0.0,0.087
PA,0,Suburb,4456.0,22566.0,0,1,3.36,61.0,Community College,20904.0,126.9,2,0.866,0.5,29.0,2583.0,5424.0,8007.0,12897.0,1,0.5715,0.383,8441.0,0.0286
MO,0,Rural,7248.0,66420.0,0,1,3.2,60.0,Regional Comprehensive,46478.0,810.9,1,0.5,0.866,89.8,17687.0,12831.0,30518.0,15960.0,1,0.2403,0.6566,8712.0,0.1625
TX,0,City,21715.0,92488.0,0,0,3.78,99.0,Community College,18447.0,174.5,4,0.866,-0.5,83.6,5454.0,0.0,5454.0,12993.0,1,0.1405,0.2957,0.0,0.1711
TX,0,City,14319.0,81808.0,1,0,3.39,60.0,R2 Doctoral,55491.0,179.9,4,0.866,-0.5,42.8,18771.0,10164.0,28935.0,26556.0,1,0.3246,0.5214,12237.0,0.2368
NC,0,Rural,2046.0,40895.0,0,1,3.02,60.0,R2 Doctoral,55427.0,213.2,6,0.0,-1.0,85.9,20885.0,18976.0,39861.0,15566.0,1,0.3806,0.7192,13520.0,0.0207
FL,0,Suburb,24023.0,128565.0,0,0,3.31,46.0,R2 Doctoral,57370.0,316.5,3,1.0,0.0,36.9,19002.0,9204.0,28206.0,29164.0,0,0.2268,0.4917,5141.0,0.0299
FL,0,Suburb,6678.0,30693.0,0,1,2.22,22.0,R1 Research,82364.0,204.1,3,1.0,0.0,38.2,13704.0,39226.0,52930.0,29434.0,0,0.959,0.6426,22756.0,0.0238
CA,0,City,12093.0,40120.0,0,0,2.11,14.0,Regional Comprehensive,46314.0,170.3,1,0.5,0.866,59.1,8626.0,6416.0,15042.0,31272.0,0,0.7795,0.3248,19179.0,0.1667
PA,0,Suburb,13307.0,57073.0,1,0,3.5,90.0,Liberal Arts College,74275.0,267.4,2,0.866,0.5,69.2,33334.0,9593.0,42927.0,31348.0,0,0.5493,0.5779,18041.0,0.0297
NY,0,Rural,15622.0,77865.0,0,0,2.75,35.0,Regional Comprehensive,42970.0,15.0,2,0.866,0.5,77.9,13719.0,4486.0,18205.0,24765.0,1,0.3181,0.4237,9143.0,0.0959
CA,0,Suburb,11411.0,49828.0,0,0,2.6,19.0,Regional Comprehensive,45636.0,1136.1,1,0.5,0.866,61.2,11378.0,8873.0,20251.0,25385.0,0,0.5095,0.4438,13974.0,0.1702
AZ,0,Suburb,31723.0,152449.0,0,0,3.62,72.0,Regional Comprehensive,42864.0,672.5,12,-0.0,1.0,33.8,19044.0,1956.0,21000.0,21864.0,0,0.1434,0.4899,0.0,0.1
AZ,0,Suburb,23206.0,77855.0,0,0,3.56,68.0,Community College,14555.0,159.1,1,0.5,0.866,82.1,2986.0,0.0,2986.0,11569.0,0,0.1486,0.2052,0.0,0.3036
CA,0,Rural,14805.0,66468.0,0,0,3.55,79.0,R2 Doctoral,62876.0,28.7,5,0.5,-0.866,56.1,26289.0,9184.0,35473.0,27403.0,0,0.4123,0.5642,12598.0,0.1467
NY,0,Rural,4993.0,75910.0,0,1,2.16,40.0,Regional Comprehensive,44428.0,451.6,3,1.0,0.0,72.6,9227.0,16774.0,26001.0,18427.0,1,0.2427,0.5852,13434.0,0.1122
OK,0,Suburb,22650.0,106691.0,0,0,3.7,77.0,Community College,18551.0,61.1,4,0.866,-0.5,77.3,3569.0,0.0,3569.0,14982.0,0,0.1404,0.1924,0.0,0.1056
VA,0,Suburb,11548.0,74859.0,0,0,3.66,84.0,R2 Doctoral,64097.0,221.9,5,0.5,-0.866,49.2,28671.0,9122.0,37793.0,26304.0,0,0.3514,0.5896,14756.0,0.0886
OH,1,City,-889.0,17105.0,0,1,3.38,68.0,R1 Research,53384.0,9.5,4,0.866,-0.5,55.6,13073.0,21819.0,34892.0,18492.0,0,1.0811,0.6536,19381.0,0.0811
GA,0,Suburb,32743.0,137922.0,0,0,2.92,58.0,Regional Comprehensive,46917.0,1312.4,2,0.866,0.5,73.7,20358.0,2853.0,23211.0,23706.0,0,0.1719,0.4947,0.0,0.0727
TX,0,City,8437.0,68608.0,1,1,3.86,75.0,Liberal Arts College,76956.0,27.9,2,0.866,0.5,83.3,36652.0,21003.0,57655.0,19301.0,1,0.2813,0.7492,10864.0,0.1525
AL,0,Suburb,15494.0,103063.0,0,0,2.83,48.0,R1 Research,75101.0,136.2,1,0.5,0.866,51.9,14250.0,13103.0,27353.0,47748.0,1,0.4633,0.3642,32254.0,0.1159
NV,0,Suburb,12601.0,46991.0,1,0,2.49,47.0,R2 Doctoral,52417.0,15.0,3,1.0,0.0,64.5,13350.0,6384.0,19734.0,32683.0,0,0.6955,0.3765,20082.0,0.0725
NV,0,Suburb,-229.0,16895.0,1,1,2.55,28.0,Regional Comprehensive,49067.0,121.3,3,1.0,0.0,40.1,11362.0,14981.0,26343.0,22724.0,0,1.345,0.5369,22953.0,0.0204
FL,0,City,3978.0,12200.0,0,1,3.66,77.0,Regional Comprehensive,52992.0,81.1,12,-0.0,1.0,45.7,23592.0,26491.0,50083.0,2909.0,1,0.2384,0.9451,0.0,0.0816
NY,0,City,3125.0,31890.0,0,1,3.65,78.0,Community College,16657.0,418.2,1,0.5,0.866,89.5,2845.0,4979.0,7824.0,8833.0,0,0.277,0.4697,5708.0,0.25
TX,0,City,11872.0,91350.0,1,0,3.01,36.0,Regional Comprehensive,48417.0,81.1,5,0.5,-0.866,30.3,15446.0,9694.0,25140.0,23277.0,0,0.2548,0.5192,11405.0,0.0606
NY,0,Town,40427.0,160249.0,1,0,2.41,41.0,Community College,19301.0,418.8,12,-0.0,1.0,89.6,286.0,0.0,286.0,19015.0,0,0.1187,0.0148,0.0,0.1176
NY,0,City,11942.0,78231.0,0,0,3.14,52.0,Regional Comprehensive,46656.0,43.2,11,-0.5,0.866,87.0,16130.0,8669.0,24799.0,21857.0,1,0.2794,0.5315,9915.0,0.125
AZ,0,City,4495.0,29507.0,1,1,3.52,74.0,Regional Comprehensive,47088.0,94.2,7,-0.5,-0.866,39.9,21604.0,23143.0,44734.0,2354.0,1,0.0798,0.95,0.0,0.0259
TX,0,Rural,7209.0,35790.0,1,1,2.88,58.0,Regional Comprehensive,39361.0,96.2,3,1.0,0.0,46.1,15120.0,16225.0,31345.0,8016.0,0,0.224,0.7963,807.0,0.0943
AR,0,City,29893.0,167672.0,0,0,3.74,92.0,R1 Research,64881.0,213.2,7,-0.5,-0.866,57.8,21504.0,7451.0,28955.0,35926.0,1,0.2143,0.4463,6033.0,0.0547
CA,0,Rural,4928.0,24495.0,1,1,3.19,46.0,R1 Research,69807.0,186.5,11,-0.5,0.866,50.5,16737.0,32282.0,49019.0,20788.0,0,0.8487,0.7022,15860.0,0.0714
CA,0,Suburb,50442.0,285865.0,0,0,3.87,93.0,R2 Doctoral,63339.0,270.5,4,0.866,-0.5,79.2,29853.0,3306.0,33159.0,30180.0,1,0.1056,0.5235,0.0,0.1705
OR,0,Town,48334.0,242983.0,1,0,3.15,73.0,R1 Research,69267.0,167.7,2,0.866,0.5,80.0,21247.0,4494.0,25741.0,43526.0,1,0.1791,0.3716,0.0,0.0515
MO,0,Suburb,71339.0,292728.0,0,0,3.49,65.0,Liberal Arts College,81682.0,253.7,1,0.5,0.866,61.5,33009.0,1931.0,34940.0,46742.0,1,0.1597,0.4278,0.0,0.069
PA,0,City,28260.0,82794.0,0,0,3.92,99.0,Community College,19140.0,49.4,4,0.866,-0.5,36.5,3408.0,0.0,3408.0,15732.0,1,0.19,0.1781,0.0,0.0943
WA,0,Town,8881.0,49222.0,1,0,2.98,59.0,Regional Comprehensive,45306.0,190.6,1,0.5,0.866,62.1,16810.0,9015.0,25825.0,19481.0,0,0.3958,0.57,10600.0,0.2162
FL,0,Town,16249.0,81354.0,0,0,2.13,28.0,R1 Research,73368.0,685.7,2,0.866,0.5,100.0,10643.0,15505.0,26148.0,47220.0,0,0.5804,0.3564,30971.0,0.3235
TX,0,Suburb,34056.0,121077.0,0,0,3.52,86.0,R1 Research,64670.0,21.7,5,0.5,-0.866,63.5,21483.0,5417.0,26900.0,37770.0,1,0.312,0.416,3714.0,0.2895
GA,0,Town,4709.0,39397.0,0,1,2.89,39.0,Regional Comprehensive,44307.0,211.7,2,0.866,0.5,88.0,14108.0,21027.0,35135.0,9172.0,1,0.2328,0.793,4463.0,0.1667
PA,0,Suburb,-147.0,28485.0,1,1,2.71,31.0,Regional Comprehensive,43158.0,257.9,2,0.866,0.5,72.9,12740.0,19593.0,32333.0,10825.0,0,0.38,0.7492,10972.0,0.1897
WA,0,Rural,7798.0,51306.0,0,1,1.96,30.0,Community College,18857.0,587.6,5,0.5,-0.866,90.8,108.0,4394.0,4502.0,14355.0,1,0.2798,0.2387,6557.0,0.0704
FL,0,Town,16426.0,36096.0,1,0,3.09,54.0,Community College,17304.0,271.6,1,0.5,0.866,65.9,2871.0,129.0,3000.0,14304.0,0,0.3963,0.1734,0.0,0.2683
TN,0,City,29315.0,153805.0,0,0,3.57,57.0,Community College,23541.0,140.8,11,-0.5,0.866,76.0,624.0,0.0,624.0,22917.0,0,0.149,0.0265,0.0,0.1857
CO,0,Rural,2104.0,40383.0,0,1,2.08,18.0,Regional Comprehensive,37320.0,199.0,12,-0.0,1.0,70.8,8398.0,16503.0,24901.0,12419.0,1,0.3075,0.6672,10315.0,0.0893
TX,0,Rural,10984.0,67431.0,1,0,2.8,46.0,Community College,14814.0,58.6,12,-0.0,1.0,58.8,1123.0,682.0,1805.0,13009.0,1,0.1929,0.1218,2025.0,0.0381
CA,0,Town,24875.0,127745.0,0,0,3.36,72.0,Community College,20067.0,84.3,1,0.5,0.866,64.8,928.0,0.0,928.0,19139.0,0,0.1498,0.0462,0.0,0.0811
OH,1,City,48064.0,158180.0,0,0,2.12,16.0,R2 Doctoral,46943.0,9.0,1,0.5,0.866,36.7,6177.0,0.0,6177.0,40766.0,0,0.2577,0.1316,0.0,0.0851
CO,0,Town,10511.0,73142.0,0,0,3.23,86.0,Regional Comprehensive,52230.0,603.8,1,0.5,0.866,56.3,25537.0,8222.0,33759.0,18471.0,0,0.2525,0.6464,7960.0,0.0526
MA,0,Suburb,16769.0,83008.0,0,0,2.53,25.0,Regional Comprehensive,43823.0,203.3,11,-0.5,0.866,99.0,11190.0,5602.0,16792.0,27031.0,0,0.3256,0.3832,10262.0,0.127
IN,0,Suburb,4599.0,30266.0,1,1,3.61,53.0,Regional Comprehensive,45019.0,48.4,10,-0.866,0.5,91.4,18563.0,16766.0,35329.0,9690.0,0,0.3202,0.7848,5091.0,0.0463
IL,0,Rural,18304.0,131479.0,1,0,2.42,14.0,Regional Comprehensive,47255.0,168.5,1,0.5,0.866,65.7,9656.0,7996.0,17652.0,29603.0,1,0.2252,0.3735,11299.0,0.0816
FL,0,Suburb,25886.0,156332.0,0,0,3.03,46.0,R2 Doctoral,64405.0,428.0,1,0.5,0.866,47.9,18386.0,5595.0,23981.0,40424.0,1,0.2586,0.3723,14538.0,0.0741
MI,0,Rural,-274.0,16372.0,0,1,3.39,76.0,Liberal Arts College,63896.0,359.3,2,0.866,0.5,84.6,27111.0,32445.0,59556.0,4340.0,1,0.2651,0.9321,4614.0,0.1753
TX,0,Suburb,50843.0,223982.0,0,0,2.39,29.0,R1 Research,73741.0,47.8,2,0.866,0.5,67.6,12311.0,5699.0,18010.0,55731.0,1,0.2488,0.2442,4888.0,0.3333
MD,0,City,10821.0,38007.0,0,0,3.67,85.0,R2 Doctoral,59841.0,15.0,1,0.5,0.866,71.9,24364.0,9992.0,34356.0,25485.0,1,0.6705,0.5741,14664.0,0.0795
TX,0,Rural,19821.0,96581.0,1,0,2.47,26.0,Community College,18165.0,191.9,1,0.5,0.866,61.9,0.0,0.0,0.0,18165.0,1,0.1881,0.0,0.0,0.1633
NY,0,Suburb,22564.0,66559.0,0,0,3.63,84.0,Community College,20084.0,49.9,6,0.0,-1.0,85.7,1897.0,0.0,1897.0,18187.0,0,0.2732,0.0945,0.0,0.0446
NC,0,Suburb,16284.0,60266.0,1,0,2.83,28.0,Community College,17469.0,243.5,5,0.5,-0.866,68.4,1675.0,197.0,1872.0,15597.0,1,0.2588,0.1072,0.0,0.1099
NC,0,Suburb,12603.0,54247.0,0,0,3.12,61.0,Community College,22053.0,343.7,2,0.866,0.5,73.7,3823.0,1335.0,5158.0,16895.0,1,0.3114,0.2339,4292.0,0.1475
WA,0,City,4375.0,30803.0,1,1,2.93,60.0,R1 Research,56128.0,408.0,2,0.866,0.5,47.4,11122.0,22086.0,33208.0,22920.0,0,0.7441,0.5916,18545.0,0.0519
OH,1,Suburb,23228.0,91781.0,0,0,3.34,56.0,Regional Comprehensive,29830.0,229.1,3,1.0,0.0,47.4,11014.0,1505.0,12519.0,17311.0,0,0.1886,0.4197,0.0,0.0522
AR,0,Suburb,5280.0,51228.0,0,1,2.44,55.0,R1 Research,77118.0,464.1,5,0.5,-0.866,39.0,17268.0,22952.0,40220.0,36898.0,0,0.7203,0.5215,31618.0,0.0674
KY,0,Rural,-1500.0,24519.0,1,1,1.86,,Regional Comprehensive,43703.0,795.4,2,0.866,0.5,74.4,6065.0,13552.0,19617.0,24086.0,0,0.9823,0.4489,25586.0,0.1091
CT,0,Rural,7756.0,29876.0,1,1,1.81,19.0,Liberal Arts College,85543.0,539.1,1,0.5,0.866,68.7,14419.0,42473.0,56892.0,28651.0,0,0.959,0.6651,20895.0,0.0727
AZ,0,Town,1812.0,24821.0,0,1,3.8,96.0,Community College,19175.0,590.7,11,-0.5,0.866,30.1,2284.0,5377.0,7661.0,11514.0,0,0.4639,0.3995,9702.0,0.0
AZ,0,City,13734.0,43144.0,0,0,3.92,78.0,Community College,19753.0,121.4,1,0.5,0.866,68.8,1756.0,957.0,2713.0,17040.0,0,0.395,0.1373,3306.0,0.2
WA,0,Town,11434.0,89257.0,0,0,3.47,77.0,Regional Comprehensive,47542.0,32.7,10,-0.866,0.5,57.3,22697.0,6421.0,29118.0,18424.0,0,0.2064,0.6125,6990.0,0.0345
OH,1,City,8323.0,37722.0,1,1,2.3,17.0,Regional Comprehensive,30764.0,497.0,4,0.866,-0.5,30.7,6833.0,9273.0,16106.0,14658.0,0,0.3886,0.5235,6335.0,0.0427
NY,0,Town,29602.0,127048.0,1,0,3.34,71.0,Regional Comprehensive,37551.0,135.4,3,1.0,0.0,52.1,16378.0,1121.0,17499.0,20052.0,1,0.1578,0.466,0.0,0.049
VA,0,Suburb,13368.0,57767.0,0,0,2.99,51.0,Regional Comprehensive,52886.0,460.4,2,0.866,0.5,66.5,21915.0,5988.0,27903.0,24983.0,0,0.4325,0.5276,11615.0,0.0738
CA,0,Rural,13939.0,51105.0,1,0,2.91,51.0,R1 Research,84305.0,71.1,7,-0.5,-0.866,42.9,21586.0,17828.0,39414.0,44891.0,0,0.8784,0.4675,30952.0,0.0775
CA,0,Suburb,8888.0,63708.0,1,0,2.68,35.0,Regional Comprehensive,48257.0,348.6,4,0.866,-0.5,59.5,14681.0,10610.0,25291.0,22966.0,1,0.3605,0.5241,14078.0,0.0616
KY,0,City,45102.0,171873.0,1,0,3.33,60.0,R1 Research,68737.0,15.0,1,0.5,0.866,53.4,19957.0,6538.0,26495.0,42242.0,1,0.2458,0.3855,0.0,0.08
CA,0,Rural,7284.0,23450.0,0,1,3.21,53.0,R1 Research,76024.0,82.3,10,-0.866,0.5,26.3,20062.0,26544.0,46606.0,29418.0,0,1.2545,0.613,22134.0,0.0275
MI,0,Suburb,41588.0,207437.0,1,0,3.11,67.0,Community College,14684.0,114.3,6,0.0,-1.0,24.2,1376.0,0.0,1376.0,13308.0,0,0.0642,0.0937,0.0,0.0444
WA,0,Rural,30536.0,125658.0,1,0,2.72,66.0,R2 Doctoral,46623.0,205.9,8,-0.866,-0.5,39.3,13389.0,2361.0,15750.0,30873.0,0,0.2457,0.3378,337.0,0.02
TX,0,Rural,10518.0,61970.0,0,0,3.29,95.0,Regional Comprehensive,55845.0,390.5,2,0.866,0.5,97.7,29559.0,10496.0,40055.0,15790.0,0,0.2548,0.7173,5272.0,0.1538
UT,0,Suburb,31301.0,147529.0,0,0,2.81,60.0,Liberal Arts College,64603.0,40.2,2,0.866,0.5,39.6,22006.0,7915.0,29921.0,34682.0,1,0.2351,0.4632,3381.0,0.0357
TX,0,Suburb,12467.0,49902.0,0,0,3.15,60.0,Regional Comprehensive,43635.0,253.4,2,0.866,0.5,58.7,18557.0,6822.0,25379.0,18256.0,1,0.3658,0.5816,5789.0,0.0538
CT,0,Suburb,24816.0,77318.0,0,0,3.27,78.0,Community College,19361.0,459.4,1,0.5,0.866,61.6,3825.0,0.0,3825.0,15536.0,1,0.2009,0.1976,0.0,0.0656
CO,0,Town,-1500.0,42624.0,1,1,3.11,63.0,Community College,19862.0,1487.8,10,-0.866,0.5,93.6,105.0,10417.0,10522.0,9340.0,0,0.2191,0.5298,10840.0,0.1569
FL,0,Rural,28795.0,126230.0,0,0,3.45,67.0,R2 Doctoral,55995.0,266.1,3,1.0,0.0,23.7,21715.0,7243.0,28958.0,27037.0,1,0.2142,0.5172,0.0,0.0306
TX,0,Suburb,3084.0,37827.0,1,1,1.89,38.0,Regional Comprehensive,43337.0,78.2,2,0.866,0.5,52.9,13099.0,13608.0,26707.0,16630.0,1,0.4396,0.6163,13546.0,0.0671
NY,0,Town,11086.0,60659.0,0,0,1.85,24.0,R2 Doctoral,55390.0,33.3,3,1.0,0.0,66.1,9098.0,10157.0,19255.0,36135.0,1,0.5957,0.3476,25049.0,0.3143
IL,0,City,20740.0,102640.0,1,0,3.16,51.0,Community College,21842.0,864.8,12,-0.0,1.0,54.5,2910.0,194.0,3104.0,18738.0,1,0.1826,0.1421,0.0,0.04
FL,0,Suburb,27511.0,133880.0,1,0,2.0,29.0,R1 Research,77746.0,274.8,3,1.0,0.0,57.1,13214.0,9248.0,22462.0,55284.0,0,0.4129,0.2889,27773.0,0.036
WY,0,Town,7330.0,34849.0,0,1,3.57,84.0,Community College,20705.0,123.8,11,-0.5,0.866,63.5,818.0,4761.0,5579.0,15126.0,0,0.434,0.2695,7796.0,0.0722
FL,0,Rural,27161.0,108257.0,0,0,2.94,40.0,Community College,14153.0,23.1,11,-0.5,0.866,15.4,0.0,0.0,0.0,14153.0,1,0.1307,0.0,0.0,0.0235
LA,0,Suburb,8629.0,31038.0,1,1,3.64,80.0,Community College,20315.0,47.7,2,0.866,0.5,60.2,2689.0,4242.0,6931.0,13384.0,1,0.4312,0.3412,4755.0,0.2045
TX,0,Suburb,1110.0,13383.0,1,1,3.76,83.0,Regional Comprehensive,45572.0,245.9,5,0.5,-0.866,52.5,20515.0,15811.0,36326.0,9246.0,0,0.6909,0.7971,8136.0,0.0395
MT,0,City,9000.0,36732.0,0,0,2.52,3.0,Regional Comprehensive,42140.0,183.7,6,0.0,-1.0,73.8,9886.0,7458.0,17344.0,24796.0,0,0.6751,0.4116,15796.0,0.0522
FL,0,City,22287.0,114801.0,1,0,2.73,26.0,Regional Comprehensive,53287.0,16.4,2,0.866,0.5,27.2,15570.0,8092.0,23662.0,29625.0,1,0.2581,0.444,7338.0,0.029
OH,1,Suburb,13622.0,62393.0,0,0,3.36,83.0,R2 Doctoral,33189.0,71.3,12,-0.0,1.0,48.4,15316.0,2925.0,18241.0,14948.0,1,0.2396,0.5496,1326.0,0.0763
NJ,0,Rural,5754.0,42822.0,1,1,2.26,17.0,R1 Research,71692.0,24.4,5,0.5,-0.866,59.4,9950.0,23443.0,33393.0,38299.0,1,0.8944,0.4658,32545.0,0.0803
TX,0,Suburb,17466.0,65509.0,1,0,3.65,87.0,Liberal Arts College,88820.0,525.1,7,-0.5,-0.866,52.9,43305.0,13419.0,56724.0,32096.0,1,0.4899,0.6386,14630.0,0.064
AL,0,Suburb,12770.0,63967.0,0,0,3.2,79.0,Regional Comprehensive,45702.0,157.7,7,-0.5,-0.866,46.0,20744.0,7355.0,28099.0,17603.0,1,0.2752,0.6148,4833.0,0.0532
FL,0,Town,8803.0,98496.0,0,1,3.15,34.0,Community College,14095.0,77.9,2,0.866,0.5,58.6,1934.0,1590.0,3524.0,10571.0,0,0.1073,0.25,1768.0,0.1379
NJ,0,City,4673.0,19724.0,1,1,2.97,75.0,R2 Doctoral,64646.0,358.4,5,0.5,-0.866,82.0,26482.0,17335.0,43817.0,20829.0,0,1.056,0.6778,16156.0,0.068
NJ,0,City,8879.0,58472.0,1,0,2.48,33.0,R2 Doctoral,45787.0,183.6,10,-0.866,0.5,69.5,8622.0,5988.0,14610.0,31177.0,1,0.5332,0.3191,22298.0,0.1205
WA,0,Rural,15029.0,68836.0,0,0,2.77,51.0,Regional Comprehensive,39614.0,509.3,8,-0.866,-0.5,42.6,16142.0,4425.0,20567.0,19047.0,0,0.2767,0.5192,4018.0,0.039
CA,0,City,2584.0,23551.0,0,1,3.16,86.0,R1 Research,80701.0,137.9,3,1.0,0.0,47.0,22391.0,27842.0,50233.0,30468.0,0,1.2937,0.6225,27884.0,0.0376
TX,0,Suburb,1170.0,23320.0,0,1,3.37,82.0,Liberal Arts College,67363.0,146.6,4,0.866,-0.5,39.4,29302.0,24479.0,53781.0,13582.0,0,0.5824,0.7984,12412.0,0.0219
TX,0,Suburb,18688.0,48407.0,1,0,2.76,44.0,R1 Research,69696.0,93.9,6,0.0,-1.0,79.4,15668.0,14042.0,29710.0,39986.0,1,0.826,0.4263,21298.0,0.0377
NY,0,City,19492.0,63331.0,1,0,1.99,10.0,Regional Comprehensive,40614.0,167.0,3,1.0,0.0,53.1,6104.0,3621.0,9725.0,30889.0,1,0.4877,0.2394,11397.0,0.0465
TX,0,City,17187.0,63492.0,0,0,2.63,35.0,R1 Research,72647.0,753.5,2,0.866,0.5,38.6,14277.0,11047.0,25324.0,47323.0,0,0.7453,0.3486,30136.0,0.1463
AR,0,City,8353.0,42169.0,0,1,3.03,49.0,Regional Comprehensive,50386.0,74.7,3,1.0,0.0,61.3,18343.0,18671.0,37014.0,13372.0,0,0.3171,0.7346,5019.0,0.1639
MI,0,Suburb,9335.0,40942.0,0,0,2.23,42.0,Regional Comprehensive,37897.0,250.2,12,-0.0,1.0,56.5,11449.0,5577.0,17026.0,20871.0,0,0.5098,0.4493,11536.0,0.0317
AZ,0,Rural,12860.0,47357.0,0,0,2.55,45.0,Regional Comprehensive,46093.0,50.3,7,-0.5,-0.866,50.9,13902.0,6617.0,20519.0,25574.0,1,0.54,0.4452,12714.0,0.1489
PA,0,Suburb,18379.0,78037.0,0,0,3.61,81.0,Community College,14696.0,15.0,1,0.5,0.866,63.3,1095.0,0.0,1095.0,13601.0,1,0.1743,0.0745,0.0,0.0533
NY,0,Suburb,49218.0,154219.0,0,0,3.52,72.0,Liberal Arts College,97998.0,157.5,1,0.5,0.866,58.2,41420.0,13352.0,54772.0,43226.0,1,0.2803,0.5589,0.0,0.0855
NC,0,Suburb,1672.0,12725.0,1,1,3.29,75.0,Regional Comprehensive,40852.0,186.9,1,0.5,0.866,74.4,17787.0,11956.0,29743.0,11109.0,0,0.873,0.7281,9437.0,0.3256
NY,0,Rural,22198.0,98574.0,0,0,3.13,35.0,Regional Comprehensive,47530.0,112.9,10,-0.866,0.5,58.0,15363.0,4813.0,20176.0,27354.0,0,0.2775,0.4245,5156.0,0.1795
PA,0,City,14594.0,58103.0,1,0,3.57,99.0,Liberal Arts College,79929.0,26.3,1,0.5,0.866,53.7,39034.0,16104.0,55138.0,24791.0,1,0.4267,0.6898,10197.0,0.0476
GA,0,Rural,20384.0,91906.0,0,0,3.02,52.0,Community College,19338.0,174.4,3,1.0,0.0,71.1,2377.0,0.0,2377.0,16961.0,1,0.1845,0.1229,0.0,0.1059
NC,0,Suburb,25671.0,147796.0,0,0,2.62,28.0,R1 Research,68046.0,167.6,6,0.0,-1.0,41.3,11140.0,7508.0,18648.0,49398.0,0,0.3342,0.274,23727.0,0.1944
RI,0,Rural,3031.0,36545.0,1,1,3.43,86.0,Liberal Arts College,63308.0,49.8,9,-1.0,-0.0,38.7,27866.0,25711.0,53577.0,9731.0,1,0.2663,0.8463,6700.0,0.0145
FL,0,Suburb,15107.0,124231.0,0,0,2.82,63.0,R1 Research,85263.0,30.6,2,0.866,0.5,63.3,19812.0,10801.0,30613.0,54650.0,1,0.4399,0.359,39543.0,0.2105
NC,0,City,6606.0,25517.0,1,1,2.41,32.0,R1 Research,63509.0,97.2,2,0.866,0.5,71.1,11263.0,29146.0,40409.0,23100.0,1,0.9053,0.6363,16494.0,0.1058
TX,0,Suburb,15187.0,69001.0,0,0,3.28,83.0,Liberal Arts College,75818.0,251.5,1,0.5,0.866,76.7,31469.0,11189.0,42658.0,33160.0,1,0.4806,0.5626,17973.0,0.1579
PA,0,City,15036.0,52859.0,1,0,3.59,90.0,Regional Comprehensive,43440.0,196.2,1,0.5,0.866,98.6,22657.0,5535.0,28192.0,15248.0,1,0.2885,0.649,212.0,0.0629
MO,0,Town,7028.0,65077.0,0,1,2.66,47.0,Liberal Arts College,86830.0,50.2,1,0.5,0.866,28.2,27403.0,22925.0,50328.0,36502.0,1,0.5609,0.5796,29474.0,0.0234
TX,0,Suburb,11371.0,30881.0,1,0,3.09,37.0,Regional Comprehensive,55234.0,146.3,6,0.0,-1.0,50.2,20256.0,10083.0,30339.0,24895.0,0,0.8062,0.5493,13524.0,0.0682
VA,0,Suburb,18207.0,86211.0,0,0,3.46,74.0,R1 Research,65866.0,321.6,1,0.5,0.866,63.5,19831.0,7129.0,26960.0,38906.0,1,0.4513,0.4093,20699.0,0.1622
OH,1,City,43413.0,197230.0,0,0,3.69,81.0,Regional Comprehensive,31627.0,10.7,6,0.0,-1.0,87.2,19723.0,0.0,19723.0,11904.0,1,0.0604,0.6236,0.0,0.08
CA,0,Town,1454.0,31265.0,0,1,3.11,56.0,Regional Comprehensive,49838.0,135.4,10,-0.866,0.5,46.0,19815.0,22184.0,41999.0,7839.0,1,0.2507,0.8427,6385.0,0.15
MS,0,Suburb,12652.0,72153.0,1,0,3.38,65.0,R2 Doctoral,63987.0,517.2,4,0.866,-0.5,33.0,23235.0,13274.0,36509.0,27478.0,0,0.3808,0.5706,14826.0,0.0213
OH,1,Rural,17567.0,116568.0,0,0,2.92,62.0,Regional Comprehensive,30302.0,9.6,12,-0.0,1.0,31.7,14487.0,3047.0,17534.0,12768.0,0,0.1095,0.5786,0.0,0.0612
MN,0,Town,6166.0,50835.0,0,1,2.71,28.0,Regional Comprehensive,44472.0,426.3,3,1.0,0.0,55.8,10723.0,12588.0,23311.0,21161.0,0,0.4163,0.5242,14995.0,0.0536
OH,1,Suburb,28301.0,167625.0,0,0,3.51,90.0,R2 Doctoral,49700.0,200.8,3,1.0,0.0,66.5,21301.0,4391.0,25692.0,24008.0,1,0.1432,0.5169,0.0,0.0519
KS,0,Rural,9723.0,46195.0,0,0,3.45,71.0,Liberal Arts College,58542.0,100.3,1,0.5,0.866,100.0,23787.0,8281.0,32068.0,26474.0,1,0.5731,0.5478,16751.0,0.2373
NY,0,Suburb,9338.0,57888.0,0,0,3.83,76.0,Regional Comprehensive,49102.0,88.4,5,0.5,-0.866,45.9,21916.0,8113.0,30029.0,19073.0,1,0.3295,0.6116,9735.0,0.0707
OH,1,Suburb,5910.0,30789.0,0,1,3.39,66.0,R1 Research,50807.0,108.5,8,-0.866,-0.5,64.5,15966.0,13455.0,29421.0,21386.0,1,0.6946,0.5791,15476.0,0.0328
CO,0,City,12310.0,68951.0,0,0,3.34,71.0,Regional Comprehensive,45670.0,104.2,2,0.866,0.5,79.0,20383.0,8927.0,29310.0,16360.0,1,0.2373,0.6418,4050.0,0.0645
PA,0,Suburb,16470.0,63081.0,1,0,3.18,81.0,R2 Doctoral,56375.0,15.0,5,0.5,-0.866,51.3,22797.0,10245.0,33042.0,23333.0,0,0.3699,0.5861,6863.0,0.0488
PA,0,Suburb,18190.0,99494.0,0,0,3.18,71.0,Community College,17482.0,114.2,3,1.0,0.0,89.4,3189.0,0.0,3189.0,14293.0,1,0.1437,0.1824,0.0,0.1667
AK,0,City,9707.0,39812.0,0,0,3.17,77.0,Regional Comprehensive,46399.0,207.6,12,-0.0,1.0,40.7,17993.0,7963.0,25956.0,20443.0,0,0.5135,0.5594,10736.0,0.1
NJ,0,Town,4442.0,38521.0,1,1,3.45,71.0,R1 Research,68778.0,275.6,1,0.5,0.866,46.4,22270.0,27079.0,49349.0,19429.0,0,0.5044,0.7175,14987.0,0.0316
IN,0,City,15257.0,87816.0,0,0,3.47,70.0,Liberal Arts College,87118.0,50.3,3,1.0,0.0,87.0,34745.0,16761.0,51506.0,35612.0,1,0.4055,0.5912,20355.0,0.125
MA,0,Suburb,29985.0,172125.0,0,0,3.56,99.0,R2 Doctoral,51401.0,95.4,3,1.0,0.0,58.4,24804.0,5221.0,30025.0,21376.0,0,0.1242,0.5841,0.0,0.09
LA,0,City,21755.0,99001.0,0,0,2.02,16.0,Community College,16384.0,353.4,3,1.0,0.0,39.1,0.0,0.0,0.0,16384.0,1,0.1655,0.0,0.0,0.0833
OR,0,Suburb,73273.0,238026.0,0,0,2.71,37.0,R1 Research,72998.0,119.0,2,0.866,0.5,52.2,14981.0,0.0,14981.0,58017.0,1,0.2437,0.2052,0.0,0.0274
NJ,0,Rural,26587.0,93885.0,1,0,2.9,43.0,R1 Research,71346.0,25.4,2,0.866,0.5,51.2,14601.0,8541.0,23142.0,48204.0,1,0.5134,0.3244,21617.0,0.0556
NY,0,City,22151.0,91481.0,0,0,3.05,61.0,Community College,22777.0,464.7,2,0.866,0.5,50.1,2963.0,161.0,3124.0,19653.0,0,0.2148,0.1372,0.0,0.0814
CA,0,Suburb,25225.0,102651.0,1,0,2.5,22.0,Community College,18936.0,101.2,1,0.5,0.866,68.2,1112.0,0.0,1112.0,17824.0,1,0.1736,0.0587,0.0,0.1449
WA,0,Suburb,30456.0,183778.0,0,0,3.13,62.0,R1 Research,71988.0,398.5,1,0.5,0.866,54.8,19562.0,8548.0,28110.0,43878.0,1,0.2388,0.3905,13422.0,0.14
LA,0,Rural,55245.0,153438.0,0,0,2.67,45.0,Regional Comprehensive,39559.0,29.3,11,-0.5,0.866,89.1,12150.0,0.0,12150.0,27409.0,1,0.1786,0.3071,0.0,0.0775
GA,0,City,3808.0,28822.0,0,1,2.55,46.0,Community College,19481.0,111.6,4,0.866,-0.5,51.8,1074.0,5796.0,6870.0,12611.0,1,0.4375,0.3527,8803.0,0.0633
TX,0,Town,20274.0,112018.0,0,0,1.81,,R2 Doctoral,49147.0,216.4,9,-1.0,-0.0,51.0,7369.0,5705.0,13074.0,36073.0,0,0.322,0.266,15799.0,0.0877
NY,0,Suburb,8900.0,76195.0,1,0,3.29,40.0,Community College,18531.0,115.6,2,0.866,0.5,90.7,3782.0,2311.0,6093.0,12438.0,1,0.1632,0.3288,3538.0,0.1215
NC,0,Suburb,6524.0,54737.0,0,1,3.47,67.0,Regional Comprehensive,40873.0,36.6,11,-0.5,0.866,74.4,20692.0,10590.0,31282.0,9591.0,1,0.1752,0.7653,3067.0,0.3953
LA,0,Suburb,4774.0,17562.0,0,1,3.65,78.0,Community College,20284.0,15.0,9,-1.0,-0.0,67.3,2963.0,5820.0,8783.0,11501.0,0,0.6549,0.433,6727.0,0.1364
TX,0,Suburb,1148.0,20766.0,0,1,3.59,63.0,Liberal Arts College,75911.0,627.2,12,-0.0,1.0,43.9,30302.0,32237.0,62539.0,13372.0,1,0.6439,0.8238,12224.0,0.1053
WA,0,Suburb,11552.0,48416.0,0,0,2.74,27.0,Community College,21875.0,164.4,9,-1.0,-0.0,79.7,1924.0,2615.0,4539.0,17336.0,0,0.3581,0.2075,5784.0,0.0565
WI,0,City,6949.0,21927.0,0,1,3.06,63.0,Regional Comprehensive,40482.0,431.4,7,-0.5,-0.866,48.6,15029.0,15214.0,30243.0,10239.0,0,0.467,0.7471,3290.0,0.1224
KS,0,Suburb,9952.0,49143.0,0,0,3.05,53.0,Community College,19094.0,335.9,5,0.5,-0.866,38.2,278.0,1981.0,2259.0,16835.0,1,0.3426,0.1183,6883.0,0.0365
CA,0,Suburb,20819.0,105274.0,0,0,1.5,9.0,Regional Comprehensive,45557.0,237.1,9,-1.0,-0.0,43.0,5194.0,4431.0,9625.0,35932.0,1,0.3413,0.2113,15113.0,0.0625
AR,0,Suburb,7327.0,41428.0,1,1,3.26,47.0,R1 Research,70619.0,90.4,2,0.866,0.5,78.4,16109.0,34391.0,50500.0,20119.0,1,0.4856,0.7151,12792.0,0.1176
WA,0,City,18415.0,66842.0,1,0,2.84,48.0,Liberal Arts College,87765.0,211.9,1,0.5,0.866,60.2,28209.0,16829.0,45038.0,42727.0,0,0.6392,0.5132,24312.0,0.0857
CO,0,Suburb,5948.0,29133.0,0,1,2.39,54.0,R2 Doctoral,55516.0,570.2,2,0.866,0.5,63.7,16430.0,15092.0,31522.0,23994.0,0,0.8236,0.5678,18046.0,0.0634
CA,0,Suburb,24926.0,78051.0,0,0,3.37,65.0,R1 Research,62504.0,138.2,9,-1.0,-0.0,36.1,14786.0,6415.0,21201.0,41303.0,1,0.5292,0.3392,16377.0,0.0208
NC,0,Suburb,8324.0,90749.0,0,1,3.06,50.0,Liberal Arts College,80893.0,933.2,1,0.5,0.866,75.8,25673.0,32674.0,58347.0,22546.0,1,0.2484,0.7213,14222.0,0.3095
AZ,0,Rural,577.0,22595.0,1,1,2.78,58.0,Liberal Arts College,94778.0,26.2,11,-0.5,0.866,42.7,32499.0,40187.0,72686.0,22092.0,0,0.9777,0.7669,21515.0,0.0396
NY,0,Suburb,5728.0,36631.0,0,1,2.43,49.0,Regional Comprehensive,41874.0,23.4,4,0.866,-0.5,42.4,13335.0,15670.0,29005.0,12869.0,1,0.3513,0.6927,7141.0,0.0789
OH,1,Suburb,2887.0,25277.0,0,1,2.78,38.0,R2 Doctoral,41501.0,103.5,9,-1.0,-0.0,50.0,10570.0,14700.0,25270.0,16231.0,0,0.6421,0.6089,13344.0,0.0561
NJ,0,City,25561.0,90820.0,0,0,2.41,25.0,R2 Doctoral,57145.0,53.6,4,0.866,-0.5,34.8,11517.0,8603.0,20120.0,37025.0,1,0.4077,0.3521,11464.0,0.175
NJ,0,Rural,10075.0,70833.0,0,0,3.46,84.0,R2 Doctoral,61562.0,1082.9,10,-0.866,0.5,36.3,25887.0,8463.0,34350.0,27212.0,0,0.3842,0.558,17137.0,0.0877
CA,0,Suburb,5073.0,60731.0,0,1,2.73,49.0,Liberal Arts College,84373.0,516.0,12,-0.0,1.0,35.4,26555.0,26208.0,52763.0,31610.0,1,0.5205,0.6254,26537.0,0.06
OH,1,Suburb,14524.0,57391.0,1,0,1.5,2.0,R1 Research,59001.0,194.2,9,-1.0,-0.0,61.9,2536.0,8271.0,10807.0,48194.0,0,0.8397,0.1832,33670.0,0.0671
FL,0,City,13999.0,79415.0,1,0,2.93,55.0,Community College,17923.0,320.7,10,-0.866,0.5,44.1,0.0,1001.0,1001.0,16922.0,0,0.2131,0.0559,2923.0,0.0948
NV,0,City,13540.0,80568.0,0,0,3.03,55.0,Community College,17797.0,48.1,10,-0.866,0.5,58.3,1900.0,1149.0,3049.0,14748.0,0,0.1831,0.1713,1208.0,0.061
ME,0,Town,12015.0,44055.0,0,0,3.0,68.0,Community College,20173.0,22.2,3,1.0,0.0,56.3,3584.0,1517.0,5101.0,15072.0,0,0.3421,0.2529,3057.0,0.1957
NY,0,City,9231.0,39830.0,0,0,2.97,72.0,Regional Comprehensive,41748.0,609.1,2,0.866,0.5,51.6,16699.0,5518.0,22217.0,19531.0,0,0.4904,0.5322,10300.0,0.0806
TX,0,City,4440.0,60326.0,0,1,3.26,51.0,Regional Comprehensive,38745.0,26.2,4,0.866,-0.5,80.5,17937.0,16165.0,34102.0,4643.0,1,0.077,0.8802,203.0,0.3529
FL,0,City,6813.0,54907.0,1,1,3.67,92.0,Regional Comprehensive,43940.0,669.1,2,0.866,0.5,34.4,24192.0,18288.0,41743.0,2197.0,0,0.04,0.95,0.0,0.0625
GA,0,Rural,52913.0,277532.0,0,0,3.6,77.0,Regional Comprehensive,42637.0,255.9,3,1.0,0.0,70.2,19575.0,0.0,19575.0,23062.0,1,0.0831,0.4591,0.0,0.0276
OK,0,Town,8896.0,47743.0,0,0,3.55,59.0,Community College,18029.0,117.0,1,0.5,0.866,40.5,0.0,1399.0,1399.0,16630.0,1,0.3483,0.0776,7734.0,0.1754
NC,0,Rural,19151.0,77541.0,0,0,3.83,75.0,Community College,20319.0,201.5,2,0.866,0.5,45.4,4066.0,230.0,4296.0,16023.0,0,0.2066,0.2114,0.0,0.0682
CA,0,Rural,25040.0,88033.0,0,0,2.94,47.0,R2 Doctoral,56528.0,206.5,7,-0.5,-0.866,47.8,15309.0,7254.0,22563.0,33965.0,1,0.3858,0.3991,8925.0,0.0345
CA,0,Rural,44906.0,172539.0,0,0,3.17,75.0,R1 Research,69855.0,102.4,1,0.5,0.866,56.8,19591.0,3531.0,23122.0,46733.0,1,0.2709,0.331,1827.0,0.1154
FL,0,Suburb,4329.0,35100.0,0,1,3.45,59.0,Regional Comprehensive,39636.0,566.1,11,-0.5,0.866,51.0,15189.0,9779.0,24968.0,14668.0,0,0.4179,0.6299,10339.0,0.12
KY,0,City,39822.0,165140.0,0,0,2.98,31.0,R1 Research,68335.0,546.1,1,0.5,0.866,62.8,11750.0,5793.0,17543.0,50792.0,1,0.3076,0.2567,10970.0,0.125
AZ,0,Suburb,10691.0,56606.0,1,0,2.36,27.0,Liberal Arts College,60772.0,149.2,2,0.866,0.5,54.8,13016.0,7471.0,20487.0,40285.0,0,0.7117,0.3371,29594.0,0.014
NJ,0,City,87191.0,381158.0,0,0,3.16,55.0,Liberal Arts College,69208.0,67.5,12,-0.0,1.0,8.1,23562.0,0.0,23562.0,45646.0,1,0.1198,0.3405,0.0,0.0556
NY,0,Town,5613.0,81722.0,1,1,2.34,44.0,Liberal Arts College,68911.0,499.2,10,-0.866,0.5,43.6,17292.0,24846.0,42138.0,26773.0,0,0.3276,0.6115,21160.0,0.0625
MS,0,City,5088.0,25982.0,1,1,2.17,27.0,R2 Doctoral,56044.0,15.2,1,0.5,0.866,79.8,10058.0,23496.0,33554.0,22490.0,1,0.8656,0.5987,17402.0,0.1212
NY,0,City,3275.0,54614.0,0,1,3.6,87.0,Liberal Arts College,77541.0,201.9,10,-0.866,0.5,62.8,38755.0,40669.0,73664.0,3877.0,1,0.071,0.95,602.0,0.0597
LA,0,Suburb,26107.0,164738.0,0,0,2.22,20.0,R2 Doctoral,54470.0,275.5,10,-0.866,0.5,63.3,11072.0,4425.0,15497.0,38973.0,0,0.2366,0.2845,12866.0,0.1071
UT,0,City,10062.0,66750.0,0,0,3.25,49.0,Regional Comprehensive,39857.0,53.1,4,0.866,-0.5,53.6,14484.0,7634.0,22118.0,17739.0,1,0.2658,0.5549,7677.0,0.1045
NC,0,City,12051.0,60299.0,0,0,3.41,88.0,Liberal Arts College,59745.0,352.2,10,-0.866,0.5,61.3,24562.0,7610.0,32172.0,27573.0,1,0.4573,0.5385,15522.0,0.1071
UT,0,City,29430.0,105628.0,0,0,3.81,78.0,R2 Doctoral,64079.0,123.2,4,0.866,-0.5,49.6,27642.0,9430.0,37072.0,27007.0,1,0.2557,0.5785,0.0,0.0612
NY,0,Suburb,10155.0,49099.0,0,0,2.3,37.0,Community College,16880.0,71.4,1,0.5,0.866,54.0,4089.0,1613.0,5702.0,11178.0,1,0.2277,0.3378,1023.0,0.2083
MA,0,City,7759.0,54083.0,1,1,3.01,51.0,Regional Comprehensive,43693.0,348.4,2,0.866,0.5,53.2,18184.0,12308.0,30492.0,13201.0,0,0.2441,0.6979,5442.0,0.0796
CA,0,City,-1500.0,31883.0,0,1,3.22,72.0,Community College,17791.0,40.5,2,0.866,0.5,77.1,2076.0,6191.0,8267.0,9524.0,0,0.2987,0.4647,11024.0,0.0738
GA,0,City,39443.0,218546.0,0,0,1.82,14.0,Community College,21152.0,315.6,2,0.866,0.5,13.2,1579.0,0.0,1579.0,19573.0,0,0.0896,0.0747,0.0,0.0476
FL,0,Town,4554.0,26101.0,1,1,2.7,45.0,Regional Comprehensive,46310.0,15.8,8,-0.866,-0.5,60.4,13145.0,14841.0,27986.0,18324.0,0,0.702,0.6043,13770.0,0.1628
CA,0,City,13115.0,71112.0,0,0,3.55,81.0,R1 Research,65546.0,171.0,2,0.866,0.5,61.8,21460.0,14556.0,36016.0,29530.0,1,0.4153,0.5495,16415.0,0.0435
CA,0,City,30214.0,88922.0,0,0,4.0,90.0,R2 Doctoral,59092.0,132.7,8,-0.866,-0.5,57.9,28125.0,7109.0,35234.0,23858.0,1,0.2683,0.5963,0.0,0.0855
NY,0,Rural,6321.0,62328.0,1,1,2.08,,Liberal Arts College,63470.0,71.9,4,0.866,-0.5,60.3,9589.0,29452.0,39041.0,24429.0,1,0.3919,0.6151,18108.0,0.1622
VA,0,Rural,909.0,25520.0,0,1,2.21,29.0,R1 Research,71090.0,190.7,5,0.5,-0.866,79.1,13048.0,20539.0,33587.0,37503.0,0,1.4696,0.4725,36594.0,0.194
GA,0,City,3080.0,30665.0,1,1,3.46,87.0,Community College,11491.0,116.5,7,-0.5,-0.866,59.8,2668.0,4101.0,6769.0,4722.0,1,0.154,0.5891,1642.0,0.1
NY,0,City,13241.0,91694.0,0,0,3.36,68.0,Regional Comprehensive,46410.0,383.5,9,-1.0,-0.0,49.5,17563.0,5020.0,22583.0,23827.0,1,0.2599,0.4866,10586.0,0.0515
SD,0,City,7044.0,35900.0,1,1,3.72,78.0,Liberal Arts College,72753.0,228.2,3,1.0,0.0,74.4,32138.0,25870.0,58008.0,14745.0,0,0.4107,0.7973,7701.0,0.1319
KS,0,Town,2534.0,14160.0,1,1,2.82,52.0,Liberal Arts College,74734.0,203.8,6,0.0,-1.0,31.4,25437.0,27180.0,52617.0,22117.0,0,1.5619,0.7041,19583.0,0.1667
TX,0,City,18365.0,83169.0,0,0,2.94,65.0,Liberal Arts College,89081.0,172.1,1,0.5,0.866,47.4,30044.0,18110.0,48154.0,40927.0,1,0.4921,0.5406,22562.0,0.0602
OH,1,Rural,6453.0,33584.0,0,1,3.07,54.0,R1 Research,51249.0,22.3,9,-1.0,-0.0,72.3,12768.0,24104.0,36872.0,14377.0,1,0.4281,0.7195,7924.0,0.125
MA,0,Town,30432.0,99159.0,1,0,1.98,,Liberal Arts College,69931.0,92.3,8,-0.866,-0.5,63.2,8633.0,8122.0,16755.0,53176.0,1,0.5363,0.2396,22744.0,0.0813
MD,0,Suburb,11943.0,54439.0,0,0,3.92,92.0,Liberal Arts College,62112.0,164.4,12,-0.0,1.0,25.4,29124.0,8798.0,37922.0,24190.0,1,0.4444,0.6105,12247.0,0.0169
PA,0,City,14766.0,52582.0,1,0,2.96,58.0,Regional Comprehensive,45213.0,105.6,1,0.5,0.866,100.0,18359.0,7063.0,25422.0,19791.0,1,0.3764,0.5623,5025.0,0.1875
WI,0,Rural,9237.0,65356.0,0,0,1.51,,Community College,18828.0,407.0,1,0.5,0.866,57.6,0.0,2098.0,2098.0,16730.0,0,0.256,0.1114,7493.0,0.0376
TX,0,Town,5467.0,27730.0,0,1,3.07,51.0,Regional Comprehensive,48276.0,139.8,11,-0.5,0.866,37.8,20693.0,21151.0,41844.0,6432.0,0,0.232,0.8668,965.0,0.0806
NY,0,Town,8592.0,34741.0,1,1,1.59,6.0,Regional Comprehensive,44838.0,188.0,2,0.866,0.5,37.9,5465.0,12395.0,17860.0,26978.0,0,0.7765,0.3983,18386.0,0.0426
MO,0,City,10155.0,52201.0,1,0,3.58,74.0,Regional Comprehensive,46504.0,29.1,5,0.5,-0.866,85.3,23173.0,7831.0,31004.0,15500.0,0,0.2969,0.6667,5345.0,0.3261
AZ,0,Town,7107.0,27614.0,0,1,2.98,49.0,Liberal Arts College,82210.0,341.1,12,-0.0,1.0,33.8,29073.0,30626.0,59699.0,22511.0,1,0.8152,0.7262,15404.0,0.1622
LA,0,Town,17099.0,105235.0,0,0,2.53,33.0,Community College,19904.0,68.8,6,0.0,-1.0,49.1,2110.0,483.0,2593.0,17311.0,0,0.1645,0.1303,212.0,0.0439
CA,0,Rural,20925.0,50447.0,0,0,3.38,72.0,Regional Comprehensive,44409.0,42.4,2,0.866,0.5,65.6,19790.0,5038.0,24828.0,19581.0,0,0.3881,0.5591,0.0,0.1522
TX,0,Suburb,515.0,22168.0,0,1,3.5,78.0,Regional Comprehensive,47417.0,713.6,1,0.5,0.866,24.4,23353.0,23961.0,45046.0,2371.0,1,0.107,0.95,1856.0,0.0296
CA,0,Suburb,8676.0,42087.0,0,1,3.18,55.0,Regional Comprehensive,47903.0,263.6,2,0.866,0.5,74.4,20772.0,18149.0,38921.0,8982.0,1,0.2134,0.8125,306.0,0.1441
TX,0,Suburb,15681.0,67702.0,0,0,2.65,44.0,Community College,21507.0,353.5,6,0.0,-1.0,39.9,2486.0,1470.0,3956.0,17551.0,1,0.2592,0.1839,1870.0,0.1212
CA,0,Town,10128.0,45653.0,0,0,2.03,23.0,R2 Doctoral,69679.0,204.2,12,-0.0,1.0,70.1,11378.0,12960.0,24338.0,45341.0,0,0.9932,0.3493,35213.0,0.0449
NC,0,Rural,19608.0,83941.0,0,0,3.83,94.0,Community College,16503.0,114.9,1,0.5,0.866,65.7,467.0,0.0,467.0,16036.0,0,0.191,0.0283,0.0,0.1471
MI,0,Suburb,15584.0,95159.0,1,0,3.26,71.0,Community College,20294.0,94.5,3,1.0,0.0,83.4,3120.0,917.0,4037.0,16257.0,0,0.1708,0.1989,673.0,0.0735
MA,0,City,76967.0,354770.0,0,0,1.69,22.0,Regional Comprehensive,44928.0,287.1,9,-1.0,-0.0,57.1,6692.0,0.0,6692.0,38236.0,1,0.1078,0.1489,0.0,0.0645
IL,0,City,29321.0,144129.0,0,0,3.66,89.0,Community College,19502.0,416.1,10,-0.866,0.5,71.0,4346.0,0.0,4346.0,15156.0,1,0.1052,0.2228,0.0,0.1139
CA,0,Suburb,6480.0,19376.0,0,1,3.73,99.0,Liberal Arts College,84570.0,118.0,10,-0.866,0.5,60.7,44572.0,24822.0,69394.0,15176.0,1,0.7832,0.8206,8696.0,0.1579
TN,0,Rural,4811.0,48564.0,1,1,2.47,48.0,Community College,19555.0,1116.6,9,-1.0,-0.0,56.4,2682.0,7400.0,10082.0,9473.0,0,0.1951,0.5156,4662.0,0.042
CA,0,City,10205.0,51949.0,1,0,3.82,99.0,Regional Comprehensive,40205.0,103.0,1,0.5,0.866,70.8,22083.0,7999.0,30082.0,10123.0,1,0.1949,0.7482,0.0,0.24
OK,0,Suburb,10171.0,95230.0,1,0,1.97,,Liberal Arts College,71785.0,29.3,2,0.866,0.5,10.3,10395.0,13055.0,23450.0,48335.0,0,0.5076,0.3267,38164.0,0.0164
CA,0,Rural,4421.0,32139.0,1,1,3.04,66.0,Regional Comprehensive,47578.0,20.8,5,0.5,-0.866,51.3,19243.0,17524.0,36767.0,10811.0,1,0.3364,0.7728,6390.0,0.0882
MI,0,Suburb,8194.0,42937.0,1,1,3.05,68.0,Regional Comprehensive,41510.0,21.5,1,0.5,0.866,85.9,16580.0,14292.0,30872.0,10638.0,1,0.2478,0.7437,2444.0,0.1324
UT,0,City,6648.0,25694.0,0,1,1.99,16.0,R2 Doctoral,49387.0,82.1,3,1.0,0.0,35.9,7192.0,21902.0,29094.0,20293.0,1,0.7898,0.5891,13645.0,0.2
VA,0,Suburb,4194.0,40797.0,1,1,3.47,46.0,Regional Comprehensive,43633.0,99.3,2,0.866,0.5,53.3,16626.0,12269.0,28895.0,14738.0,1,0.3613,0.6622,10544.0,0.0667
WA,0,Suburb,16581.0,41908.0,1,0,2.13,,R1 Research,58991.0,259.5,2,0.866,0.5,36.5,6077.0,6824.0,12901.0,46090.0,0,1.0998,0.2187,29509.0,0.007
TN,0,City,2292.0,50243.0,0,1,2.59,36.0,Community College,17094.0,123.0,9,-1.0,-0.0,21.6,3311.0,5338.0,8649.0,8445.0,1,0.1681,0.506,6153.0,0.0172
TX,0,Suburb,5086.0,26788.0,0,1,2.48,28.0,Regional Comprehensive,53725.0,307.2,6,0.0,-1.0,49.1,14607.0,26719.0,41326.0,12399.0,1,0.4629,0.7692,7313.0,0.3
TN,0,Suburb,35156.0,127651.0,0,0,3.88,69.0,Regional Comprehensive,42539.0,132.8,1,0.5,0.866,68.0,18042.0,1411.0,19453.0,23086.0,1,0.1809,0.4573,0.0,0.1029
CT,0,Suburb,29282.0,88432.0,0,0,3.24,69.0,Community College,19957.0,128.5,11,-0.5,0.866,46.5,3269.0,0.0,3269.0,16688.0,0,0.1887,0.1638,0.0,0.0225
NH,0,Suburb,2534.0,22178.0,1,1,3.78,70.0,Regional Comprehensive,41287.0,69.1,4,0.866,-0.5,39.1,19389.0,19609.0,38998.0,2289.0,1,0.1032,0.9446,0.0,0.0469
OH,1,City,14837.0,64132.0,0,0,3.51,53.0,R1 Research,63663.0,163.3,6,0.0,-1.0,34.6,17333.0,10651.0,27984.0,35679.0,0,0.5563,0.4396,20842.0,0.1429
PA,0,City,-245.0,20394.0,0,1,2.76,73.0,Regional Comprehensive,43819.0,25.4,5,0.5,-0.866,39.3,17238.0,13165.0,30403.0,13416.0,1,0.6578,0.6938,13661.0,0.0479
WI,0,City,33338.0,165450.0,0,0,2.94,59.0,Community College,20975.0,173.9,1,0.5,0.866,54.9,2400.0,0.0,2400.0,18575.0,0,0.1123,0.1144,0.0,0.1011
NJ,0,City,33722.0,201221.0,0,0,3.66,75.0,Community College,18193.0,104.7,10,-0.866,0.5,35.0,5014.0,0.0,5014.0,13179.0,1,0.0655,0.2756,0.0,0.0744
FL,0,Town,8573.0,60468.0,1,1,3.39,51.0,Liberal Arts College,72320.0,287.9,6,0.0,-1.0,79.5,25315.0,27764.0,53079.0,19241.0,0,0.3182,0.7339,10668.0,0.0841
TX,0,City,4467.0,34067.0,1,1,2.92,40.0,Liberal Arts College,75480.0,124.0,2,0.866,0.5,50.4,21529.0,33005.0,54534.0,20946.0,0,0.6148,0.7225,16479.0,0.1163
TX,0,Suburb,7202.0,39016.0,0,1,3.62,70.0,Regional Comprehensive,45020.0,127.9,1,0.5,0.866,51.4,19501.0,12738.0,32239.0,12781.0,1,0.3276,0.7161,5579.0,0.066
GA,0,City,5495.0,45402.0,1,1,3.79,78.0,Regional Comprehensive,46028.0,95.8,12,-0.0,1.0,63.8,20941.0,11863.0,32804.0,13224.0,1,0.2913,0.7127,7729.0,0.1364
TX,0,City,20785.0,58284.0,0,0,2.59,35.0,Regional Comprehensive,41874.0,547.2,11,-0.5,0.866,14.6,12777.0,5680.0,18457.0,23417.0,0,0.4018,0.4408,2632.0,0.0203
CA,0,City,42307.0,168845.0,0,0,3.8,70.0,Regional Comprehensive,40957.0,127.0,7,-0.5,-0.866,82.1,20932.0,0.0,20932.0,20025.0,0,0.1186,0.5111,0.0,0.0714
CA,0,Suburb,25725.0,125246.0,0,0,4.0,82.0,Community College,15466.0,1002.2,4,0.866,-0.5,72.4,1474.0,0.0,1474.0,13992.0,0,0.1117,0.0953,0.0,0.0706
MS,0,Suburb,21878.0,126642.0,0,0,3.34,46.0,Community College,17531.0,168.6,5,0.5,-0.866,71.0,2703.0,0.0,2703.0,14828.0,1,0.1171,0.1542,0.0,0.0722
CA,0,Town,14550.0,71169.0,0,0,2.55,12.0,Community College,14770.0,129.6,4,0.866,-0.5,44.2,2501.0,47.0,2548.0,12222.0,0,0.1717,0.1725,0.0,0.0407
CA,0,City,5166.0,27430.0,1,1,2.52,17.0,R2 Doctoral,48321.0,108.8,10,-0.866,0.5,40.6,9655.0,20939.0,30594.0,17727.0,0,0.6463,0.6331,12561.0,0.0741
GA,0,Suburb,5507.0,36155.0,0,1,3.06,49.0,R2 Doctoral,54543.0,229.1,8,-0.866,-0.5,42.9,16609.0,13967.0,30576.0,23967.0,0,0.6629,0.5606,18460.0,0.0221
FL,0,Town,11987.0,65757.0,1,0,3.32,63.0,Community College,20460.0,68.3,1,0.5,0.866,57.2,1529.0,2063.0,3592.0,16868.0,0,0.2565,0.1756,4881.0,0.1059
ID,0,Suburb,5545.0,26508.0,0,1,2.42,39.0,R1 Research,68955.0,147.7,2,0.866,0.5,82.1,13904.0,33717.0,47621.0,21334.0,1,0.8048,0.6906,15789.0,0.0826
NV,0,City,17421.0,78344.0,0,0,2.84,54.0,Regional Comprehensive,53963.0,127.8,7,-0.5,-0.866,19.7,18818.0,9188.0,28006.0,25957.0,0,0.3313,0.519,8536.0,0.0138
IL,0,City,19119.0,112385.0,0,0,2.02,26.0,R1 Research,74732.0,178.3,12,-0.0,1.0,73.8,11690.0,15318.0,27008.0,47724.0,1,0.4246,0.3614,28605.0,0.0795
GA,0,City,18141.0,93214.0,0,0,3.62,75.0,R2 Doctoral,57221.0,183.0,8,-0.866,-0.5,50.1,22047.0,8067.0,30114.0,27107.0,1,0.2908,0.5263,8966.0,0.0588
IL,0,Rural,10044.0,90557.0,1,0,2.4,41.0,Regional Comprehensive,39907.0,193.2,4,0.866,-0.5,80.9,11883.0,7841.0,19724.0,20183.0,0,0.2229,0.4942,10139.0,0.0916
CA,0,Suburb,9926.0,16420.0,0,0,2.28,,R1 Research,77234.0,140.0,8,-0.866,-0.5,60.9,10102.0,15941.0,26043.0,51191.0,0,3.1176,0.3372,41265.0,0.1495
NY,0,Suburb,35277.0,164393.0,0,0,3.47,81.0,Regional Comprehensive,47594.0,658.0,7,-0.5,-0.866,66.4,23321.0,3185.0,26506.0,21088.0,1,0.1283,0.5569,0.0,0.275
TX,0,Town,2892.0,20363.0,1,1,2.15,22.0,Regional Comprehensive,40735.0,197.5,7,-0.5,-0.866,76.1,7815.0,10960.0,18775.0,21960.0,0,1.0784,0.4609,19068.0,0.0744
CA,0,Suburb,19009.0,56389.0,0,0,3.45,85.0,Regional Comprehensive,45177.0,1955.0,12,-0.0,1.0,48.2,20240.0,3668.0,23908.0,21269.0,0,0.3772,0.5292,2260.0,0.1038
NJ,0,Suburb,23244.0,98258.0,0,0,3.03,21.0,Liberal Arts College,92299.0,133.5,5,0.5,-0.866,39.6,23621.0,17176.0,40797.0,51502.0,0,0.5242,0.442,28258.0,0.035
CA,0,City,25307.0,81486.0,0,0,1.5,10.0,Regional Comprehensive,46175.0,346.8,4,0.866,-0.5,41.3,8282.0,4507.0,12789.0,33386.0,1,0.4097,0.277,8079.0,0.056
CA,0,Suburb,4737.0,25083.0,0,1,2.74,24.0,R1 Research,79650.0,59.1,8,-0.866,-0.5,71.4,15109.0,22643.0,37752.0,41898.0,0,1.6704,0.474,37161.0,0.04
NC,0,City,472.0,28544.0,1,1,2.49,50.0,Liberal Arts College,73618.0,551.5,10,-0.866,0.5,84.0,24692.0,23800.0,48492.0,25126.0,0,0.8803,0.6587,24654.0,0.1594
OH,1,City,10803.0,77396.0,1,0,2.15,12.0,Liberal Arts College,45448.0,17.5,5,0.5,-0.866,47.6,11924.0,5596.0,17520.0,27928.0,0,0.3608,0.3855,17125.0,0.0427
TX,0,City,19223.0,90927.0,1,0,3.58,82.0,Regional Comprehensive,47165.0,204.5,1,0.5,0.866,84.4,22841.0,4755.0,27596.0,19569.0,1,0.2152,0.5851,346.0,0.1008
CA,0,Town,3357.0,28362.0,1,1,3.09,57.0,R1 Research,70580.0,96.0,1,0.5,0.866,81.8,18901.0,36859.0,55760.0,14820.0,0,0.5225,0.79,11463.0,0.1149
TX,0,Suburb,15550.0,83505.0,0,0,3.81,99.0,Community College,19603.0,203.7,10,-0.866,0.5,25.1,3193.0,872.0,4065.0,15538.0,0,0.1861,0.2074,0.0,0.1176
FL,0,Town,5871.0,21142.0,1,1,2.52,39.0,R2 Doctoral,56285.0,99.0,4,0.866,-0.5,78.4,13012.0,27424.0,40436.0,15849.0,0,0.7496,0.7184,9978.0,0.0887
SC,0,City,23568.0,98672.0,0,0,2.01,38.0,R2 Doctoral,51286.0,55.3,12,-0.0,1.0,39.8,11568.0,4647.0,16215.0,35071.0,0,0.3554,0.3162,11503.0,0.0273
NV,0,Rural,4275.0,33311.0,1,1,3.59,68.0,R2 Doctoral,56382.0,95.3,2,0.866,0.5,90.8,21870.0,21075.0,42945.0,13437.0,1,0.4034,0.7617,9162.0,0.0833
IL,0,City,13437.0,66701.0,1,0,3.36,55.0,Regional Comprehensive,42143.0,639.4,7,-0.5,-0.866,63.6,16563.0,6118.0,22681.0,19462.0,1,0.2918,0.5382,6025.0,0.037
IL,0,Town,19061.0,59105.0,1,0,2.79,39.0,Regional Comprehensive,40367.0,207.0,3,1.0,0.0,100.0,11864.0,5429.0,17293.0,23074.0,1,0.3904,0.4284,4013.0,0.1205
MO,0,Town,19109.0,145172.0,0,0,2.61,48.0,Community College,20956.0,32.7,1,0.5,0.866,60.3,2206.0,265.0,2471.0,18485.0,0,0.1273,0.1179,0.0,0.1538
AZ,0,Suburb,17832.0,74932.0,0,0,2.02,27.0,Regional Comprehensive,41197.0,400.2,3,1.0,0.0,48.0,8448.0,4725.0,13173.0,28024.0,0,0.374,0.3198,10192.0,0.0417
TX,0,Suburb,14498.0,40890.0,1,0,3.74,66.0,R2 Doctoral,55112.0,49.7,1,0.5,0.866,74.6,21075.0,6966.0,28041.0,27071.0,0,0.662,0.5088,12573.0,0.0652
CA,0,Town,15877.0,81545.0,1,0,1.69,,Liberal Arts College,68115.0,276.5,4,0.866,-0.5,76.3,6079.0,13126.0,19205.0,48910.0,1,0.5998,0.2819,33033.0,0.3333
OH,1,Town,47822.0,294354.0,0,0,2.78,50.0,R2 Doctoral,50676.0,65.6,10,-0.866,0.5,63.4,13457.0,577.0,14034.0,36642.0,1,0.1245,0.2769,0.0,0.1026
NJ,0,City,19040.0,107247.0,0,0,3.1,75.0,Community College,20224.0,242.0,12,-0.0,1.0,44.5,1785.0,166.0,1951.0,18273.0,0,0.1704,0.0965,0.0,0.0429
TX,0,Town,2387.0,60319.0,1,1,3.42,62.0,R1 Research,63049.0,886.9,4,0.866,-0.5,76.6,17858.0,18129.0,35987.0,27062.0,0,0.4486,0.5708,24675.0,0.1379
NY,0,City,2429.0,34537.0,1,1,3.68,62.0,Regional Comprehensive,45026.0,53.1,11,-0.5,0.866,35.1,19817.0,13703.0,33520.0,11506.0,1,0.3331,0.7445,9077.0,0.0943
NY,0,Suburb,4284.0,40381.0,1,1,3.45,85.0,Community College,19061.0,240.6,10,-0.866,0.5,16.3,1859.0,4146.0,6005.0,13056.0,0,0.3233,0.315,8772.0,0.0377
FL,0,Suburb,19595.0,102703.0,1,0,3.12,37.0,Liberal Arts College,78071.0,475.5,1,0.5,0.866,71.8,22783.0,10836.0,33619.0,44452.0,0,0.4328,0.4306,24857.0,0.119
GA,0,Town,7845.0,33264.0,1,1,3.83,94.0,Regional Comprehensive,42216.0,64.5,1,0.5,0.866,100.0,22972.0,18015.0,40105.0,2111.0,1,0.0635,0.95,0.0,0.4062
MA,0,Suburb,12863.0,63066.0,0,0,3.29,38.0,Liberal Arts College,70266.0,57.9,10,-0.866,0.5,64.3,21433.0,13191.0,34624.0,35642.0,1,0.5652,0.4928,22779.0,0.1277
NC,0,City,36314.0,177209.0,0,0,2.93,51.0,R1 Research,85313.0,93.7,5,0.5,-0.866,43.8,18568.0,8500.0,27068.0,58245.0,1,0.3287,0.3173,21931.0,0.0978
TX,0,Suburb,15211.0,70142.0,0,0,2.17,19.0,R1 Research,63934.0,178.2,9,-1.0,-0.0,48.4,9859.0,7478.0,17337.0,46597.0,0,0.6643,0.2712,31386.0,0.0606
CA,0,City,6928.0,28941.0,0,1,3.82,76.0,Regional Comprehensive,40306.0,28.8,6,0.0,-1.0,56.9,17553.0,11635.0,29188.0,11118.0,0,0.3842,0.7242,4190.0,0.0473
AL,0,Suburb,72015.0,301960.0,0,0,3.36,87.0,Community College,14435.0,226.1,2,0.866,0.5,44.2,519.0,0.0,519.0,13916.0,1,0.0461,0.036,0.0,0.1034
NC,0,Suburb,55541.0,223902.0,0,0,2.53,36.0,Regional Comprehensive,43859.0,28.9,3,1.0,0.0,41.8,14030.0,0.0,14030.0,29829.0,0,0.1332,0.3199,0.0,0.08
CA,0,Town,14705.0,90296.0,0,0,3.38,67.0,R1 Research,60393.0,492.7,2,0.866,0.5,67.3,15587.0,11144.0,26731.0,33662.0,1,0.3728,0.4426,18957.0,0.0941
FL,0,City,35746.0,157715.0,1,0,3.36,65.0,Regional Comprehensive,54890.0,217.3,7,-0.5,-0.866,67.8,25482.0,4879.0,30361.0,24529.0,1,0.1555,0.5531,0.0,0.1944
SC,0,City,8086.0,51936.0,0,1,2.68,33.0,Community College,15596.0,944.5,1,0.5,0.866,44.6,0.0,3517.0,3517.0,12079.0,0,0.2326,0.2255,3993.0,0.1084
WI,0,Suburb,17240.0,106044.0,0,0,3.86,99.0,Regional Comprehensive,41540.0,255.7,3,1.0,0.0,34.8,21577.0,5195.0,26772.0,14768.0,1,0.1393,0.6445,0.0,0.0741
OK,0,City,12439.0,46400.0,0,0,3.9,84.0,R2 Doctoral,69037.0,92.0,2,0.866,0.5,56.4,28734.0,9908.0,38642.0,30395.0,1,0.6551,0.5597,17956.0,0.0382
WA,0,City,-897.0,23721.0,0,1,3.07,82.0,Community College,21699.0,54.8,7,-0.5,-0.866,48.0,925.0,10247.0,11172.0,10527.0,0,0.4438,0.5149,11424.0,0.0759
OH,1,Suburb,127494.0,406844.0,0,0,3.92,79.0,Community College,14430.0,47.1,3,1.0,0.0,70.7,4245.0,0.0,4245.0,10185.0,1,0.025,0.2942,0.0,0.0598
OH,1,Suburb,4255.0,22863.0,1,1,3.43,72.0,Regional Comprehensive,31048.0,35.5,7,-0.5,-0.866,46.1,15650.0,7455.0,23105.0,7943.0,1,0.3474,0.7442,3688.0,0.0172
TX,0,City,9499.0,77983.0,0,0,1.94,9.0,Community College,19592.0,440.2,9,-1.0,-0.0,59.6,0.0,2796.0,2796.0,16796.0,0,0.2154,0.1427,7297.0,0.0978
MA,0,Suburb,17047.0,77330.0,0,0,2.86,39.0,R2 Doctoral,50078.0,47.8,8,-0.866,-0.5,62.0,15755.0,8125.0,23880.0,26198.0,1,0.3388,0.4769,9151.0,0.0699
VA,0,Rural,14690.0,91265.0,1,0,2.88,48.0,R2 Doctoral,59679.0,1057.6,11,-0.5,0.866,70.1,15458.0,6503.0,21961.0,37718.0,0,0.4133,0.368,23028.0,0.0692
TX,0,Suburb,4528.0,59008.0,1,1,2.54,59.0,Regional Comprehensive,38585.0,483.2,1,0.5,0.866,63.4,17865.0,13160.0,31025.0,7560.0,0,0.1281,0.8041,3032.0,0.05
CT,0,City,13510.0,59453.0,1,0,2.27,44.0,Community College,14719.0,102.3,1,0.5,0.866,52.5,1028.0,272.0,1300.0,13419.0,1,0.2257,0.0883,0.0,0.0435
PA,0,City,12643.0,69540.0,1,0,3.35,69.0,Liberal Arts College,86457.0,836.8,2,0.866,0.5,58.5,33683.0,19320.0,53003.0,33454.0,1,0.4811,0.6131,20811.0,0.25
CA,0,City,28017.0,88921.0,0,0,3.51,57.0,Community College,20413.0,55.7,3,1.0,0.0,55.6,3227.0,0.0,3227.0,17186.0,1,0.1933,0.1581,0.0,0.0612
NY,0,Suburb,13276.0,62862.0,0,0,3.67,85.0,Liberal Arts College,95343.0,157.2,4,0.866,-0.5,93.9,42832.0,13756.0,56588.0,38755.0,0,0.6165,0.5935,25479.0,0.0862
OK,0,Suburb,8160.0,59921.0,0,1,3.7,75.0,Liberal Arts College,75852.0,33.2,11,-0.5,0.866,42.3,31180.0,30754.0,61934.0,13918.0,1,0.2323,0.8165,5758.0,0.1091
NV,0,City,163.0,24314.0,0,1,3.13,47.0,Community College,22877.0,880.7,12,-0.0,1.0,84.9,1764.0,9422.0,11186.0,11691.0,1,0.4808,0.489,11528.0,0.0806
NC,0,City,75268.0,268297.0,0,0,2.75,54.0,R1 Research,66875.0,22.5,2,0.866,0.5,60.8,15616.0,0.0,15616.0,51259.0,1,0.1911,0.2335,0.0,0.0972
NE,0,Suburb,19519.0,92568.0,0,0,2.04,2.0,Liberal Arts College,88392.0,27.9,12,-0.0,1.0,43.7,9028.0,15619.0,24647.0,63745.0,0,0.6886,0.2788,44226.0,0.0208
OK,0,Suburb,12074.0,73161.0,1,0,1.5,,R1 Research,88708.0,65.1,2,0.866,0.5,51.8,5114.0,20331.0,25445.0,63263.0,0,0.8647,0.2868,51189.0,0.0577
LA,0,Rural,5848.0,40150.0,1,1,2.25,32.0,Regional Comprehensive,40839.0,507.9,1,0.5,0.866,45.3,13185.0,10266.0,23451.0,17388.0,0,0.4331,0.5742,11540.0,0.0519
OR,0,City,6824.0,30558.0,0,1,3.57,85.0,Regional Comprehensive,36903.0,345.3,7,-0.5,-0.866,52.0,18244.0,11552.0,29796.0,7107.0,1,0.2326,0.8074,283.0,0.0507
IL,0,City,16552.0,116914.0,1,0,3.65,63.0,Liberal Arts College,79119.0,144.0,3,1.0,0.0,61.7,28448.0,13607.0,42055.0,37064.0,0,0.317,0.5315,20512.0,0.0381
WI,0,Suburb,9904.0,56100.0,0,0,2.84,71.0,Community College,19468.0,369.3,9,-1.0,-0.0,53.7,2322.0,2063.0,4385.0,15083.0,0,0.2689,0.2252,5179.0,0.1062
VA,0,City,21288.0,98436.0,0,0,2.02,21.0,R1 Research,70490.0,112.2,11,-0.5,0.866,91.5,10095.0,12529.0,22624.0,47866.0,1,0.4863,0.321,26578.0,0.112
MO,0,City,6787.0,23776.0,0,1,3.62,78.0,Community College,21395.0,197.4,5,0.5,-0.866,82.0,3008.0,6460.0,9468.0,11927.0,0,0.5016,0.4425,5140.0,0.0918
TX,0,Suburb,37642.0,191709.0,0,0,2.31,11.0,Liberal Arts College,65669.0,717.8,10,-0.866,0.5,54.2,13064.0,4196.0,17260.0,48409.0,1,0.2525,0.2628,10767.0,0.1053
MD,0,Suburb,13650.0,120450.0,0,0,3.59,66.0,Regional Comprehensive,44410.0,97.8,2,0.866,0.5,52.4,19222.0,6070.0,25292.0,19118.0,0,0.1587,0.5695,5468.0,0.0308
WV,0,City,9508.0,59375.0,0,0,2.56,33.0,Liberal Arts College,69177.0,56.7,1,0.5,0.866,35.2,19189.0,12824.0,32013.0,37164.0,0,0.6259,0.4628,27656.0,0.1515
NY,0,Suburb,19891.0,88141.0,1,0,3.14,60.0,R2 Doctoral,65725.0,207.6,4,0.866,-0.5,66.7,21898.0,10138.0,32036.0,33689.0,1,0.3822,0.4874,13798.0,0.0439
DE,0,Suburb,23661.0,107315.0,0,0,3.59,82.0,R1 Research,78888.0,275.7,12,-0.0,1.0,68.6,25710.0,10370.0,36080.0,42808.0,1,0.3989,0.4574,19147.0,0.0588
IL,0,City,4039.0,24038.0,0,1,3.85,82.0,R2 Doctoral,51693.0,142.3,5,0.5,-0.866,80.6,22814.0,23501.0,46315.0,5378.0,1,0.2237,0.896,1339.0,0.0901
TX,0,Rural,30128.0,210667.0,0,0,2.65,60.0,Regional Comprehensive,45165.0,363.4,7,-0.5,-0.866,45.2,17228.0,3837.0,21065.0,24100.0,1,0.1144,0.4664,0.0,0.0208
CA,0,City,22712.0,89139.0,0,0,3.05,52.0,Regional Comprehensive,44184.0,102.6,11,-0.5,0.866,27.2,16548.0,5351.0,21899.0,22285.0,1,0.25,0.4956,0.0,0.0303
MN,0,Rural,5465.0,37913.0,0,1,3.27,67.0,R1 Research,60059.0,144.9,9,-1.0,-0.0,53.6,15814.0,24499.0,40313.0,19746.0,1,0.5208,0.6712,14281.0,0.2143
NJ,0,Rural,11038.0,28580.0,0,0,3.23,78.0,Liberal Arts College,92808.0,187.8,5,0.5,-0.866,65.7,41110.0,16038.0,57148.0,35660.0,0,1.2477,0.6158,24622.0,0.0964
NY,0,Suburb,24565.0,128118.0,0,0,1.88,5.0,Regional Comprehensive,43034.0,171.3,9,-1.0,-0.0,47.5,5159.0,4605.0,9764.0,33270.0,0,0.2597,0.2269,8705.0,0.2333
WA,0,City,14042.0,73279.0,1,0,2.53,19.0,Liberal Arts College,107801.0,689.4,2,0.866,0.5,72.2,21967.0,16968.0,38935.0,68866.0,0,0.9398,0.3612,54824.0,0.3409
NY,0,Town,18363.0,89096.0,0,0,2.76,40.0,R1 Research,72263.0,186.8,5,0.5,-0.866,55.0,11983.0,9891.0,21874.0,50389.0,1,0.5656,0.3027,32026.0,0.1008
GA,0,Suburb,13353.0,64164.0,0,0,3.01,67.0,Regional Comprehensive,50593.0,92.1,10,-0.866,0.5,55.3,20000.0,6304.0,26304.0,24289.0,1,0.3785,0.5199,10936.0,0.1739
OR,0,City,10452.0,30578.0,0,0,3.22,64.0,Community College,19061.0,220.6,3,1.0,0.0,63.1,1564.0,2350.0,3914.0,15147.0,0,0.4954,0.2053,4695.0,0.1184
TN,0,Suburb,14584.0,90781.0,0,0,2.11,30.0,Community College,19759.0,365.5,10,-0.866,0.5,51.2,1468.0,1170.0,2638.0,17121.0,1,0.1886,0.1335,2537.0,0.0635
CO,0,Suburb,5651.0,54599.0,0,1,3.56,59.0,Liberal Arts College,72800.0,285.7,7,-0.5,-0.866,32.1,27006.0,20397.0,47403.0,25397.0,0,0.4652,0.6511,19746.0,0.0972
VA,0,Rural,5348.0,61969.0,1,1,3.58,56.0,Regional Comprehensive,36899.0,269.5,2,0.866,0.5,85.5,17661.0,17302.0,34963.0,1936.0,1,0.0312,0.9475,0.0,0.2326
SD,0,Town,84726.0,348517.0,0,0,3.03,63.0,Community College,23167.0,26.3,6,0.0,-1.0,45.4,1826.0,0.0,1826.0,21341.0,0,0.0612,0.0788,0.0,0.0407
FL,0,Rural,26389.0,117681.0,0,0,3.13,64.0,R1 Research,66473.0,15.0,3,1.0,0.0,16.8,17005.0,7613.0,24618.0,41855.0,1,0.3557,0.3703,15466.0,0.0206
FL,0,Town,24038.0,122672.0,0,0,3.38,57.0,R1 Research,85161.0,483.4,2,0.866,0.5,57.5,22694.0,11762.0,34456.0,50705.0,1,0.4133,0.4046,26667.0,0.09
CA,0,Suburb,106525.0,446313.0,0,0,3.96,76.0,Liberal Arts College,97898.0,200.9,7,-0.5,-0.866,61.6,45586.0,0.0,45586.0,52312.0,1,0.1172,0.4656,0.0,0.1235
NJ,0,Suburb,30836.0,83025.0,0,0,3.12,57.0,Regional Comprehensive,42035.0,123.9,1,0.5,0.866,77.3,17907.0,2834.0,20741.0,21294.0,1,0.2565,0.4934,0.0,0.0483
WA,0,Rural,12404.0,68610.0,0,0,2.04,18.0,R1 Research,64380.0,262.7,6,0.0,-1.0,59.4,9131.0,10598.0,19729.0,44651.0,1,0.6508,0.3064,32247.0,0.0606
MD,0,Rural,6035.0,38599.0,0,1,2.75,29.0,Community College,17539.0,958.7,1,0.5,0.866,61.6,2206.0,4966.0,7172.0,10367.0,1,0.2686,0.4089,4332.0,0.0588
PA,0,Town,9743.0,45441.0,0,0,3.25,63.0,R1 Research,54797.0,559.0,4,0.866,-0.5,60.2,15142.0,10083.0,25225.0,29572.0,0,0.6508,0.4603,19829.0,0.0625
CA,0,Town,3503.0,14416.0,0,1,3.5,55.0,Liberal Arts College,80441.0,348.0,8,-0.866,-0.5,41.2,28814.0,39894.0,68708.0,11733.0,1,0.8139,0.8541,8230.0,0.1139
AZ,0,Suburb,26385.0,111202.0,0,0,2.26,18.0,Regional Comprehensive,50820.0,49.9,6,0.0,-1.0,49.5,9843.0,6660.0,16503.0,34317.0,1,0.3086,0.3247,7932.0,0.0732
WY,0,City,6329.0,25281.0,1,1,3.18,44.0,Regional Comprehensive,40733.0,57.2,3,1.0,0.0,78.2,10979.0,15330.0,26309.0,14424.0,0,0.5705,0.6459,8095.0,0.1519
NY,0,Rural,23406.0,120568.0,1,0,2.74,43.0,Regional Comprehensive,47107.0,15.0,3,1.0,0.0,53.2,14467.0,3343.0,17810.0,29297.0,1,0.243,0.3781,5891.0,0.0918
TX,0,City,6929.0,61024.0,0,1,3.25,56.0,Regional Comprehensive,43975.0,246.4,2,0.866,0.5,61.8,18049.0,16242.0,34291.0,9684.0,0,0.1587,0.7798,2755.0,0.0707
NY,0,City,22102.0,69023.0,0,0,3.62,96.0,R1 Research,70007.0,405.8,3,1.0,0.0,50.7,24254.0,10165.0,34419.0,35588.0,1,0.5156,0.4917,13486.0,0.0946
OH,1,Suburb,5876.0,61053.0,0,1,3.17,65.0,Liberal Arts College,62794.0,128.0,11,-0.5,0.866,39.9,24438.0,16952.0,41390.0,21404.0,1,0.3506,0.6591,15528.0,0.0268
FL,0,Suburb,43448.0,170753.0,1,0,2.86,32.0,Regional Comprehensive,46488.0,257.5,10,-0.866,0.5,52.8,16525.0,525.0,17050.0,29438.0,0,0.1724,0.3668,0.0,0.175
PA,0,Suburb,40479.0,150362.0,0,0,2.72,56.0,Regional Comprehensive,42123.0,107.8,1,0.5,0.866,57.2,14949.0,393.0,15342.0,26781.0,1,0.1781,0.3642,0.0,0.0952
AZ,0,City,16682.0,61648.0,0,0,3.52,72.0,Regional Comprehensive,45046.0,70.1,1,0.5,0.866,57.7,21273.0,4818.0,26091.0,18955.0,1,0.3075,0.5792,2273.0,0.0496
PA,0,City,7355.0,32949.0,1,1,2.69,53.0,Regional Comprehensive,42287.0,53.3,1,0.5,0.866,69.3,14554.0,17070.0,31624.0,10663.0,0,0.3236,0.7478,3308.0,0.2353
IL,0,City,21694.0,122418.0,0,0,3.52,58.0,R2 Doctoral,56760.0,106.7,3,1.0,0.0,24.1,18730.0,5905.0,24635.0,32125.0,1,0.2624,0.434,10431.0,0.0132
CA,0,Suburb,1000.0,31204.0,0,1,1.5,5.0,R1 Research,63718.0,45.4,10,-0.866,0.5,44.6,4853.0,28432.0,33285.0,30433.0,0,0.9753,0.5224,29433.0,0.1373
AR,0,City,8514.0,20548.0,1,1,2.9,77.0,Liberal Arts College,86079.0,800.8,5,0.5,-0.866,70.6,32258.0,32376.0,64634.0,21445.0,0,1.0437,0.7509,12931.0,0.2097
IL,0,Suburb,17447.0,90112.0,0,0,2.84,56.0,Liberal Arts College,73499.0,32.3,2,0.866,0.5,84.5,25805.0,14517.0,40322.0,33177.0,0,0.3682,0.5486,15730.0,0.2075
NY,0,City,32493.0,151344.0,0,0,2.91,44.0,R2 Doctoral,48495.0,103.0,3,1.0,0.0,36.9,15010.0,3997.0,19007.0,29488.0,1,0.1948,0.3919,0.0,0.041
CA,0,Suburb,10173.0,47020.0,1,0,1.93,29.0,R1 Research,70056.0,16.6,1,0.5,0.866,44.5,10081.0,8720.0,18801.0,51255.0,0,1.0901,0.2684,41082.0,0.0659
AZ,0,Suburb,14936.0,84225.0,0,0,3.17,52.0,Regional Comprehensive,44662.0,173.0,3,1.0,0.0,62.3,19300.0,4913.0,24213.0,20449.0,1,0.2428,0.5421,5513.0,0.06
OR,0,Suburb,6857.0,46663.0,0,1,2.83,54.0,Regional Comprehensive,42792.0,126.4,3,1.0,0.0,76.7,14852.0,16295.0,31147.0,11645.0,1,0.2496,0.7279,4788.0,0.1429
CA,0,Rural,20741.0,105856.0,0,0,3.62,99.0,Regional Comprehensive,37742.0,87.1,2,0.866,0.5,45.6,21585.0,4659.0,26244.0,11498.0,0,0.1086,0.6954,0.0,0.0563
TX,0,City,41591.0,138472.0,0,0,3.35,60.0,R2 Doctoral,55214.0,47.6,2,0.866,0.5,26.7,18855.0,2174.0,21029.0,34185.0,1,0.2469,0.3809,0.0,0.0328
TX,0,Suburb,4224.0,52090.0,1,1,3.16,67.0,Liberal Arts College,78613.0,127.0,2,0.866,0.5,67.5,30880.0,27909.0,58789.0,19824.0,0,0.3806,0.7478,15600.0,0.1695
WA,0,Suburb,136.0,30035.0,0,1,2.58,65.0,R2 Doctoral,58529.0,71.5,1,0.5,0.866,44.7,16182.0,25013.0,41195.0,17334.0,1,0.5771,0.7038,17198.0,0.1081
AR,0,City,9896.0,22047.0,0,0,3.17,74.0,Regional Comprehensive,49557.0,109.7,1,0.5,0.866,88.6,20777.0,10959.0,31736.0,17821.0,0,0.8083,0.6404,7925.0,0.1047
OH,1,Town,24139.0,122577.0,1,0,3.71,91.0,R2 Doctoral,44999.0,286.4,12,-0.0,1.0,52.1,20060.0,4369.0,24429.0,20570.0,1,0.1678,0.5429,0.0,0.1509
PA,0,Rural,1488.0,27769.0,1,1,3.2,37.0,Regional Comprehensive,46479.0,151.8,6,0.0,-1.0,38.6,16657.0,21823.0,38480.0,7999.0,1,0.2881,0.8279,6511.0,0.0448
CO,0,Suburb,23082.0,82278.0,0,0,3.22,51.0,Regional Comprehensive,47557.0,221.7,6,0.0,-1.0,39.6,17734.0,4985.0,22719.0,24838.0,1,0.3019,0.4777,1756.0,0.1304
WI,0,Rural,29005.0,110165.0,0,0,3.73,94.0,Regional Comprehensive,42446.0,77.8,3,1.0,0.0,60.9,24544.0,2658.0,27202.0,15244.0,1,0.1384,0.6409,0.0,0.0673
FL,0,Suburb,8084.0,43873.0,0,1,2.76,42.0,R1 Research,80399.0,55.6,1,0.5,0.866,54.0,16251.0,33254.0,49505.0,30894.0,1,0.7042,0.6157,22810.0,0.1067
TX,0,Suburb,8671.0,55845.0,1,1,3.12,53.0,Regional Comprehensive,44651.0,123.7,4,0.866,-0.5,63.2,15169.0,16137.0,31306.0,13345.0,1,0.239,0.7011,4674.0,0.0576
PA,0,City,32587.0,129225.0,0,0,2.61,55.0,Regional Comprehensive,44141.0,1756.3,3,1.0,0.0,100.0,17871.0,1878.0,19749.0,24392.0,0,0.1888,0.4474,0.0,0.2184
CO,0,City,10654.0,35175.0,1,0,2.97,62.0,Liberal Arts College,64525.0,93.7,2,0.866,0.5,44.3,20824.0,8562.0,29386.0,35139.0,1,0.999,0.4554,24485.0,0.0923
IN,0,City,4994.0,32696.0,0,1,2.81,37.0,R2 Doctoral,58649.0,185.2,8,-0.866,-0.5,67.3,14055.0,28597.0,42652.0,15997.0,1,0.4893,0.7272,11003.0,0.0429
TN,0,Suburb,10255.0,53169.0,1,0,1.56,10.0,Liberal Arts College,80366.0,53.1,2,0.866,0.5,87.0,10293.0,15829.0,26122.0,54244.0,1,1.0202,0.325,43989.0,0.1803
LA,0,Suburb,30853.0,157960.0,0,0,3.26,52.0,Community College,20859.0,15.0,7,-0.5,-0.866,76.1,1899.0,0.0,1899.0,18960.0,0,0.12,0.091,0.0,0.137
NY,0,City,41418.0,200732.0,0,0,3.47,52.0,Regional Comprehensive,38767.0,55.3,1,0.5,0.866,41.9,15421.0,0.0,15421.0,23346.0,1,0.1163,0.3978,0.0,0.0316
PA,0,Suburb,13001.0,58623.0,0,0,3.72,86.0,Liberal Arts College,84185.0,1543.2,4,0.866,-0.5,59.2,39729.0,18594.0,58323.0,25862.0,0,0.4412,0.6928,12861.0,0.0938
CA,0,City,-1500.0,37695.0,1,1,1.67,,Community College,18554.0,236.8,6,0.0,-1.0,33.6,3961.0,9947.0,13908.0,4646.0,1,0.1233,0.7496,6146.0,0.0877
OK,0,Suburb,25912.0,135424.0,0,0,2.42,16.0,Community College,16759.0,709.7,6,0.0,-1.0,69.7,722.0,0.0,722.0,16037.0,1,0.1184,0.0431,0.0,0.0373
VA,0,City,2408.0,18923.0,0,1,3.18,48.0,R1 Research,67837.0,87.9,12,-0.0,1.0,41.8,16906.0,34427.0,51333.0,16504.0,0,0.8722,0.7567,14096.0,0.1212
NY,0,Suburb,18688.0,75228.0,0,0,3.77,86.0,R2 Doctoral,51100.0,15.0,3,1.0,0.0,64.2,22316.0,5562.0,27878.0,23222.0,1,0.3087,0.5456,4534.0,0.0777
CA,0,Suburb,10281.0,60985.0,0,0,3.4,80.0,Regional Comprehensive,46481.0,39.6,3,1.0,0.0,82.9,18090.0,10007.0,28097.0,18384.0,1,0.3015,0.6045,8103.0,0.1048
MD,0,Town,31567.0,159780.0,0,0,2.04,14.0,Regional Comprehensive,43040.0,192.2,8,-0.866,-0.5,58.1,6157.0,2512.0,8669.0,34371.0,1,0.2151,0.2014,2804.0,0.1176
WI,0,City,36133.0,171856.0,0,0,3.6,62.0,R2 Doctoral,55504.0,162.6,1,0.5,0.866,64.0,17007.0,3713.0,20720.0,34784.0,1,0.2024,0.3733,0.0,0.0508
TN,0,Suburb,11242.0,31932.0,1,0,2.31,14.0,Community College,17832.0,125.3,4,0.866,-0.5,57.4,0.0,971.0,971.0,16861.0,0,0.528,0.0545,5619.0,0.0696
TX,0,Rural,21216.0,71021.0,0,0,3.38,49.0,Liberal Arts College,75737.0,72.6,10,-0.866,0.5,74.6,26185.0,8320.0,34505.0,41232.0,0,0.5806,0.4556,20016.0,0.1197
NV,0,City,3518.0,41738.0,0,1,3.78,93.0,R2 Doctoral,49180.0,339.9,2,0.866,0.5,49.3,23568.0,15167.0,38735.0,10445.0,1,0.2503,0.7876,6927.0,0.0794
WI,0,Suburb,4749.0,50960.0,0,1,3.6,66.0,R2 Doctoral,43943.0,74.8,4,0.866,-0.5,65.2,18472.0,15830.0,34302.0,9641.0,1,0.1892,0.7806,4892.0,0.0849
MA,0,City,12266.0,98176.0,0,0,3.09,61.0,Regional Comprehensive,56968.0,175.0,1,0.5,0.866,70.6,26026.0,6408.0,32434.0,24534.0,1,0.2499,0.5693,12268.0,0.4
MA,0,City,11508.0,49458.0,0,0,4.0,69.0,Regional Comprehensive,45166.0,155.5,12,-0.0,1.0,64.0,21718.0,7007.0,28725.0,16441.0,0,0.3324,0.636,4933.0,0.0368
IA,0,Suburb,12039.0,72376.0,1,0,3.06,73.0,R2 Doctoral,73705.0,86.0,10,-0.866,0.5,61.9,26651.0,16683.0,43334.0,30371.0,1,0.4196,0.5879,18332.0,0.1636
MS,0,City,38425.0,125396.0,0,0,2.91,51.0,Community College,18810.0,50.2,8,-0.866,-0.5,36.1,0.0,0.0,0.0,18810.0,0,0.15,0.0,0.0,0.04
WA,0,Suburb,38244.0,187384.0,0,0,3.44,51.0,Community College,18922.0,80.9,1,0.5,0.866,60.4,622.0,0.0,622.0,18300.0,1,0.0977,0.0329,0.0,0.1515
OH,1,Rural,15915.0,77486.0,0,0,2.38,23.0,Regional Comprehensive,29673.0,262.3,4,0.866,-0.5,27.8,8102.0,3408.0,11510.0,18163.0,0,0.2344,0.3879,2248.0,0.0777
PA,0,City,15065.0,68514.0,0,0,2.34,32.0,Regional Comprehensive,47515.0,407.5,2,0.866,0.5,55.1,14998.0,6551.0,21549.0,25966.0,0,0.379,0.4535,10901.0,0.028
AL,0,City,3270.0,28360.0,1,1,3.41,58.0,Regional Comprehensive,45429.0,369.9,11,-0.5,0.866,67.1,20554.0,14808.0,35362.0,10067.0,0,0.355,0.7784,6797.0,0.1032
MA,0,Town,53518.0,197161.0,0,0,2.37,35.0,Community College,15626.0,55.5,11,-0.5,0.866,69.4,268.0,0.0,268.0,15358.0,1,0.0779,0.0172,0.0,0.0761
CA,0,Suburb,15569.0,89941.0,0,0,3.07,74.0,Regional Comprehensive,40221.0,28.0,8,-0.866,-0.5,42.8,15368.0,5388.0,20756.0,19465.0,0,0.2164,0.516,3896.0,0.0376
TX,0,Rural,11477.0,69431.0,0,0,3.8,97.0,R2 Doctoral,48673.0,400.7,6,0.0,-1.0,93.0,19756.0,7122.0,26878.0,21795.0,0,0.3139,0.5522,10318.0,0.122
IA,0,Suburb,14839.0,66919.0,0,0,3.56,75.0,Regional Comprehensive,45453.0,327.6,2,0.866,0.5,32.0,21006.0,7809.0,28815.0,16638.0,0,0.2486,0.634,1799.0,0.0154
CT,0,Suburb,20579.0,81607.0,0,0,3.05,75.0,R2 Doctoral,56877.0,146.3,1,0.5,0.866,69.1,23634.0,9385.0,33019.0,23858.0,0,0.2924,0.5805,3279.0,0.1754
NE,0,Rural,25556.0,109720.0,0,0,2.7,46.0,Regional Comprehensive,45446.0,85.9,10,-0.866,0.5,62.7,13739.0,4174.0,17913.0,27533.0,1,0.2509,0.3942,1977.0,0.0901
OH,1,City,20530.0,119946.0,0,0,2.28,25.0,R1 Research,51448.0,7.9,2,0.866,0.5,70.3,7005.0,6276.0,13281.0,38167.0,1,0.3182,0.2581,17637.0,0.0796
MN,0,Town,44357.0,200742.0,0,0,2.46,33.0,Regional Comprehensive,39490.0,315.0,2,0.866,0.5,67.1,10096.0,0.0,10096.0,29394.0,1,0.1464,0.2557,0.0,0.2222
LA,0,Suburb,10158.0,74962.0,1,0,3.08,59.0,Liberal Arts College,88257.0,440.2,2,0.866,0.5,65.4,30932.0,14493.0,45425.0,42832.0,1,0.5714,0.5147,32674.0,0.0294
NY,0,Town,41311.0,222576.0,0,0,3.69,86.0,R2 Doctoral,57137.0,62.1,2,0.866,0.5,90.4,24693.0,4178.0,28871.0,28266.0,1,0.127,0.5053,0.0,0.1667
TX,0,City,22180.0,134802.0,0,0,2.38,19.0,R2 Doctoral,59383.0,56.9,2,0.866,0.5,41.3,7446.0,9506.0,16952.0,42431.0,1,0.3148,0.2855,20251.0,0.0405
VT,0,Suburb,9068.0,60277.0,1,0,3.85,99.0,Regional Comprehensive,49235.0,466.4,2,0.866,0.5,58.2,25713.0,6605.0,32318.0,16917.0,0,0.2807,0.6564,7849.0,0.0476
CA,0,City,7201.0,18949.0,0,1,2.57,55.0,Regional Comprehensive,35712.0,64.6,1,0.5,0.866,63.0,11418.0,8948.0,20366.0,15346.0,0,0.8099,0.5703,8145.0,0.0566
WA,0,Rural,15852.0,66944.0,1,0,2.52,68.0,R1 Research,72408.0,820.5,9,-1.0,-0.0,55.2,18308.0,8776.0,27084.0,45324.0,0,0.677,0.374,29472.0,0.0648
MA,0,City,43606.0,193320.0,0,0,3.15,38.0,Regional Comprehensive,49954.0,113.0,12,-0.0,1.0,34.3,15585.0,1686.0,17271.0,32683.0,1,0.1691,0.3457,0.0,0.0513
TN,0,City,5755.0,36019.0,1,1,3.53,75.0,Liberal Arts College,64477.0,84.4,1,0.5,0.866,75.9,27880.0,27042.0,54922.0,9555.0,0,0.2653,0.8518,3800.0,0.0957
FL,0,Rural,7565.0,66794.0,0,1,3.74,72.0,Community College,16128.0,132.8,5,0.5,-0.866,61.9,1243.0,2996.0,4239.0,11889.0,1,0.178,0.2628,4324.0,0.1271
MO,0,Suburb,18814.0,70895.0,0,0,2.97,62.0,Community College,16074.0,84.4,3,1.0,0.0,89.5,3039.0,0.0,3039.0,13035.0,1,0.1839,0.1891,0.0,0.1031
FL,0,Suburb,30330.0,124036.0,0,0,3.21,78.0,R2 Doctoral,46705.0,413.4,3,1.0,0.0,73.9,18303.0,3059.0,21362.0,25343.0,1,0.2043,0.4574,0.0,0.0752
LA,0,City,8810.0,47609.0,0,1,1.93,14.0,Liberal Arts College,82552.0,321.2,8,-0.866,-0.5,74.3,13775.0,39291.0,53066.0,29486.0,1,0.6193,0.6428,20676.0,0.1316
FL,0,Suburb,3974.0,33659.0,0,1,3.39,65.0,Liberal Arts College,78662.0,397.2,8,-0.866,-0.5,73.6,32139.0,26670.0,58809.0,19853.0,0,0.5898,0.7476,15879.0,0.069
IN,0,City,19410.0,94883.0,0,0,3.37,62.0,Community College,15815.0,153.8,1,0.5,0.866,42.9,2768.0,0.0,2768.0,13047.0,1,0.1375,0.175,0.0,0.1064
MN,0,Suburb,7267.0,36856.0,0,1,3.41,68.0,R1 Research,55255.0,78.5,11,-0.5,0.866,46.2,15058.0,19324.0,34382.0,20873.0,0,0.5663,0.6222,13606.0,0.0379
TX,0,Suburb,-1500.0,16788.0,1,1,2.86,54.0,R1 Research,64027.0,125.5,1,0.5,0.866,59.8,13939.0,18037.0,31976.0,32051.0,0,1.9092,0.4994,33551.0,0.2
FL,0,Suburb,50028.0,236823.0,0,0,3.59,82.0,R2 Doctoral,62264.0,81.0,3,1.0,0.0,79.8,27765.0,3172.0,30937.0,31327.0,1,0.1323,0.4969,0.0,0.0588
MN,0,City,21569.0,122696.0,0,0,2.88,69.0,R2 Doctoral,48733.0,591.0,1,0.5,0.866,64.6,19528.0,6255.0,25783.0,22950.0,0,0.187,0.5291,1381.0,0.0647
CA,0,City,35835.0,244272.0,0,0,3.2,60.0,Liberal Arts College,59086.0,362.9,6,0.0,-1.0,57.7,23452.0,5490.0,28942.0,30144.0,0,0.1234,0.4898,0.0,0.0568
TX,0,Town,15299.0,118100.0,0,0,2.48,47.0,Community College,18487.0,115.1,3,1.0,0.0,59.2,3378.0,589.0,3967.0,14520.0,1,0.1229,0.2146,0.0,0.1333
GA,0,City,16561.0,102730.0,1,0,1.5,,Regional Comprehensive,39201.0,47.9,1,0.5,0.866,85.5,2720.0,4855.0,7575.0,31626.0,1,0.3079,0.1932,15065.0,0.0652
MS,0,City,15673.0,82131.0,0,0,3.53,58.0,Regional Comprehensive,52224.0,638.9,2,0.866,0.5,43.4,21442.0,6357.0,27799.0,24425.0,0,0.2974,0.5323,8752.0,0.0875
NJ,0,Suburb,12058.0,55053.0,1,0,3.41,83.0,Regional Comprehensive,45245.0,146.3,2,0.866,0.5,66.1,21172.0,8874.0,30046.0,15199.0,1,0.2761,0.6641,3141.0,0.0662
IL,0,Suburb,22891.0,91009.0,0,0,2.07,25.0,R1 Research,67678.0,110.5,6,0.0,-1.0,84.6,9280.0,10282.0,19562.0,48116.0,1,0.5287,0.289,25225.0,0.2
ME,0,Town,11977.0,42263.0,1,0,2.67,35.0,Regional Comprehensive,42909.0,644.8,6,0.0,-1.0,71.0,11209.0,8091.0,19300.0,23609.0,1,0.5586,0.4498,11632.0,0.1231
GA,0,Suburb,-1500.0,29148.0,0,1,3.1,47.0,R1 Research,65716.0,74.2,4,0.866,-0.5,53.0,15928.0,18793.0,34721.0,30995.0,0,1.0634,0.5283,32495.0,0.05
OH,1,Rural,7884.0,49553.0,1,1,2.54,31.0,R1 Research,52605.0,26.2,9,-1.0,-0.0,64.1,9937.0,18027.0,27964.0,24641.0,0,0.4973,0.5316,16757.0,0.0943
OH,1,Suburb,17811.0,159512.0,1,0,3.26,68.0,Liberal Arts College,86100.0,28.8,1,0.5,0.866,40.3,32316.0,15093.0,47409.0,38691.0,0,0.2426,0.5506,20880.0,0.0938
NY,0,Town,5860.0,25917.0,0,1,2.53,39.0,Regional Comprehensive,48844.0,31.8,6,0.0,-1.0,45.8,13049.0,16595.0,29644.0,19200.0,1,0.7408,0.6069,13340.0,0.0286
NY,0,Town,898.0,26216.0,0,1,3.41,52.0,Regional Comprehensive,43534.0,176.5,6,0.0,-1.0,52.3,17188.0,15760.0,32948.0,10586.0,0,0.4038,0.7568,9688.0,0.0745
IN,0,City,16393.0,96350.0,0,0,3.67,64.0,Liberal Arts College,78076.0,56.9,3,1.0,0.0,40.8,31833.0,14471.0,46304.0,31772.0,0,0.3298,0.5931,15379.0,0.021
CA,0,Rural,11577.0,46683.0,0,0,2.85,51.0,Regional Comprehensive,41137.0,69.6,10,-0.866,0.5,66.5,13345.0,8240.0,21585.0,19552.0,1,0.4188,0.5247,7975.0,0.1442
TN,0,Town,11242.0,89282.0,0,0,2.58,47.0,R2 Doctoral,61355.0,60.5,1,0.5,0.866,41.2,16145.0,8306.0,24451.0,36904.0,0,0.4133,0.3985,25662.0,0.0333
TX,0,Suburb,15559.0,128373.0,1,0,2.8,37.0,Liberal Arts College,42122.0,68.4,8,-0.866,-0.5,81.5,9864.0,5488.0,15352.0,26770.0,1,0.2085,0.3645,11211.0,0.0593
IL,0,City,5583.0,87755.0,1,1,2.94,34.0,R2 Doctoral,51674.0,52.5,2,0.866,0.5,75.2,14432.0,15153.0,29585.0,22089.0,1,0.2517,0.5725,16506.0,0.0429
TX,0,City,12207.0,39926.0,0,0,3.06,58.0,R1 Research,60975.0,164.3,1,0.5,0.866,50.6,14861.0,6861.0,21722.0,39253.0,0,0.9831,0.3562,27046.0,0.2667
NJ,0,Suburb,34613.0,158532.0,0,0,2.14,,Community College,20828.0,107.6,1,0.5,0.866,53.2,302.0,0.0,302.0,20526.0,1,0.1295,0.0145,0.0,0.0155
MD,0,Suburb,16400.0,107401.0,0,0,2.31,24.0,Community College,18538.0,133.3,2,0.866,0.5,61.3,1980.0,332.0,2312.0,16226.0,1,0.1511,0.1247,0.0,0.0211
PA,0,Suburb,8197.0,64172.0,1,1,1.75,15.0,Regional Comprehensive,36280.0,1500.2,5,0.5,-0.866,79.0,7632.0,9772.0,17404.0,18876.0,0,0.2941,0.4797,10679.0,0.0667
TX,0,Suburb,18956.0,61973.0,1,0,3.14,57.0,R1 Research,69193.0,107.6,5,0.5,-0.866,61.6,17737.0,10011.0,27748.0,41445.0,0,0.6688,0.401,22489.0,0.0882
FL,0,Suburb,29513.0,82395.0,1,0,3.23,43.0,Regional Comprehensive,43998.0,239.1,1,0.5,0.866,84.4,14539.0,3836.0,18375.0,25623.0,0,0.311,0.4176,0.0,0.1277
AL,0,City,10406.0,50280.0,1,0,2.69,63.0,Regional Comprehensive,50681.0,269.5,2,0.866,0.5,65.3,19284.0,10759.0,30043.0,20638.0,0,0.4105,0.5928,10232.0,0.1613
FL,0,City,-1347.0,19449.0,0,1,2.39,32.0,Regional Comprehensive,45268.0,118.6,1,0.5,0.866,74.0,11848.0,15390.0,27238.0,18030.0,0,0.927,0.6017,19377.0,0.1429
CO,0,City,29999.0,108025.0,0,0,1.99,19.0,R2 Doctoral,54392.0,168.9,10,-0.866,0.5,80.3,9541.0,3697.0,13238.0,41154.0,0,0.381,0.2434,11155.0,0.0721
NY,0,Town,13448.0,103501.0,1,0,3.57,88.0,Regional Comprehensive,44224.0,129.5,10,-0.866,0.5,62.2,23445.0,8349.0,31794.0,12430.0,0,0.1201,0.7189,0.0,0.0144
TX,0,Suburb,-303.0,12007.0,0,1,3.69,79.0,Community College,12700.0,156.7,2,0.866,0.5,42.6,1560.0,5155.0,6715.0,5985.0,1,0.4985,0.5287,6288.0,0.0476
MD,0,Rural,5266.0,90916.0,1,1,3.19,59.0,R2 Doctoral,49683.0,68.4,11,-0.5,0.866,54.0,18137.0,18801.0,36938.0,12745.0,1,0.1402,0.7435,7479.0,0.0574
GA,0,Town,58713.0,222942.0,0,0,3.48,89.0,Community College,13485.0,75.4,1,0.5,0.866,97.3,1128.0,0.0,1128.0,12357.0,1,0.0554,0.0836,0.0,0.1176
CA,0,Town,292.0,27948.0,0,1,2.64,31.0,Regional Comprehensive,53030.0,129.0,4,0.866,-0.5,50.6,13506.0,28390.0,41896.0,11134.0,0,0.3984,0.79,10842.0,0.0417
WV,0,Suburb,15500.0,59709.0,0,0,2.36,43.0,R2 Doctoral,51696.0,16.0,7,-0.5,-0.866,24.1,14023.0,9886.0,23909.0,27787.0,1,0.4654,0.4625,12287.0,0.008
TX,0,Town,5384.0,55214.0,1,1,3.31,52.0,Community College,20035.0,609.6,3,1.0,0.0,47.5,2931.0,7823.0,10754.0,9281.0,0,0.1681,0.5368,3897.0,0.0483
PA,0,Rural,38885.0,208042.0,0,0,3.18,52.0,R1 Research,60680.0,1225.1,1,0.5,0.866,58.1,14884.0,5174.0,20058.0,40622.0,1,0.1953,0.3306,1737.0,0.3939
IL,0,Town,32200.0,141080.0,0,0,3.01,59.0,Liberal Arts College,70701.0,151.5,8,-0.866,-0.5,64.8,24922.0,9252.0,34174.0,36527.0,1,0.2589,0.4834,4327.0,0.1892
NC,0,City,4880.0,33441.0,1,1,3.69,99.0,Regional Comprehensive,42419.0,254.8,9,-1.0,-0.0,79.7,22551.0,12392.0,34943.0,7476.0,0,0.2236,0.8238,2596.0,0.1698
MN,0,Suburb,25435.0,80525.0,0,0,3.0,57.0,R1 Research,74551.0,394.2,2,0.866,0.5,46.9,18286.0,9145.0,27431.0,47120.0,0,0.5852,0.3679,21685.0,0.0446
CA,0,City,60838.0,330355.0,0,0,2.89,33.0,Liberal Arts College,73046.0,31.5,1,0.5,0.866,86.3,18260.0,2153.0,20413.0,52633.0,0,0.1593,0.2795,0.0,0.0941
MS,0,City,7574.0,40143.0,1,1,3.12,69.0,Regional Comprehensive,40948.0,335.8,11,-0.5,0.866,70.3,15880.0,13749.0,29629.0,11319.0,1,0.282,0.7236,3745.0,0.0909
MA,0,Suburb,8073.0,62440.0,1,1,3.03,46.0,Liberal Arts College,53943.0,81.0,1,0.5,0.866,85.4,16982.0,13121.0,30103.0,23840.0,0,0.3818,0.5581,15767.0,0.1059
NM,0,Town,16638.0,91101.0,1,0,3.3,75.0,Regional Comprehensive,53908.0,1404.0,2,0.866,0.5,83.2,21661.0,9758.0,31419.0,22489.0,0,0.2469,0.5828,5851.0,0.0889
AL,0,City,-760.0,40569.0,0,1,2.81,52.0,Community College,17063.0,104.0,3,1.0,0.0,53.7,0.0,9770.0,9770.0,7293.0,1,0.1798,0.5726,8053.0,0.0619
MS,0,City,73987.0,224023.0,1,0,3.53,56.0,R1 Research,66198.0,328.8,3,1.0,0.0,97.0,15580.0,0.0,15580.0,50618.0,0,0.226,0.2354,0.0,0.1972
WA,0,Rural,9377.0,44787.0,1,0,3.15,65.0,Regional Comprehensive,41244.0,105.1,4,0.866,-0.5,87.3,18618.0,6284.0,24902.0,16342.0,1,0.3649,0.6038,6965.0,0.0941
PA,0,City,1531.0,23153.0,1,1,2.99,39.0,Regional Comprehensive,50166.0,1272.0,2,0.866,0.5,67.2,18992.0,23329.0,42321.0,7845.0,0,0.3388,0.8436,6314.0,0.2222
OH,1,City,7574.0,43132.0,1,1,3.28,83.0,Community College,16703.0,21.4,3,1.0,0.0,90.0,2733.0,3713.0,6446.0,10257.0,1,0.2378,0.3859,2683.0,0.0952
MA,0,Town,17232.0,100728.0,0,0,3.89,68.0,Community College,17146.0,430.6,11,-0.5,0.866,100.0,2119.0,0.0,2119.0,15027.0,0,0.1492,0.1236,0.0,0.0484
OH,1,Town,10488.0,35430.0,0,0,3.85,85.0,Regional Comprehensive,30787.0,70.8,10,-0.866,0.5,72.4,17559.0,5025.0,22584.0,8203.0,0,0.2315,0.7336,0.0,0.1429
MD,0,Suburb,8399.0,78244.0,0,1,3.15,48.0,R2 Doctoral,61780.0,193.7,1,0.5,0.866,28.1,17323.0,14943.0,32266.0,29514.0,0,0.3772,0.5223,21115.0,0.0889
CA,0,Suburb,16153.0,94375.0,0,0,3.2,81.0,Regional Comprehensive,43791.0,161.1,9,-1.0,-0.0,26.4,20437.0,6675.0,27112.0,16679.0,0,0.1767,0.6191,526.0,0.0556
LA,0,Suburb,3558.0,26359.0,0,1,3.78,65.0,Liberal Arts College,74962.0,62.9,4,0.866,-0.5,65.3,31755.0,22719.0,54474.0,20488.0,1,0.7773,0.7267,16930.0,0.1304
TX,0,City,7720.0,41946.0,0,1,3.56,99.0,R1 Research,68677.0,15.0,1,0.5,0.866,46.6,24018.0,23770.0,47788.0,20889.0,1,0.498,0.6958,13169.0,0.041
KS,0,Town,19716.0,80923.0,1,0,1.92,9.0,Community College,17194.0,391.5,9,-1.0,-0.0,46.6,0.0,0.0,0.0,17194.0,1,0.2125,0.0,0.0,0.0575
TX,0,Town,13568.0,104374.0,1,0,2.22,18.0,Regional Comprehensive,52188.0,75.8,1,0.5,0.866,71.2,12542.0,10745.0,23287.0,28901.0,1,0.2769,0.4462,15333.0,0.0879
TX,0,Suburb,6739.0,42705.0,1,1,2.33,40.0,Regional Comprehensive,40214.0,432.7,2,0.866,0.5,59.3,10293.0,16671.0,26964.0,13250.0,1,0.3103,0.6705,6511.0,0.1043
AL,0,City,8417.0,70212.0,0,1,3.89,88.0,Regional Comprehensive,45666.0,183.3,1,0.5,0.866,78.4,22976.0,12033.0,35009.0,10657.0,1,0.1518,0.7666,2240.0,0.1944
AL,0,City,10687.0,51306.0,1,0,3.34,57.0,Community College,16965.0,446.8,8,-0.866,-0.5,78.4,0.0,1008.0,1008.0,15957.0,1,0.311,0.0594,5270.0,0.1509
MD,0,City,21572.0,106303.0,1,0,3.29,56.0,Regional Comprehensive,46559.0,294.1,7,-0.5,-0.866,43.0,19145.0,4356.0,23501.0,23058.0,0,0.2169,0.5048,1486.0,0.0588
WV,0,City,18387.0,91489.0,0,0,3.82,80.0,R2 Doctoral,54151.0,15.0,10,-0.866,0.5,60.0,23462.0,8420.0,31882.0,22269.0,1,0.2434,0.5888,3882.0,0.1522
FL,0,City,13163.0,48103.0,0,0,3.01,46.0,Liberal Arts College,76945.0,241.7,4,0.866,-0.5,51.4,25376.0,16442.0,41818.0,35127.0,0,0.7302,0.5435,21964.0,0.2941
LA,0,Town,14038.0,88830.0,1,0,2.61,51.0,R1 Research,70542.0,88.3,3,1.0,0.0,78.2,14772.0,11704.0,26476.0,44066.0,1,0.4961,0.3753,30028.0,0.0957
PA,0,City,15433.0,46767.0,0,0,2.51,37.0,Regional Comprehensive,38908.0,430.6,4,0.866,-0.5,56.4,10600.0,5821.0,16421.0,22487.0,0,0.4808,0.422,7054.0,0.0476
MI,0,Suburb,14595.0,87492.0,1,0,2.39,38.0,R2 Doctoral,54119.0,235.7,1,0.5,0.866,83.8,11703.0,6781.0,18484.0,35635.0,0,0.4073,0.3415,21040.0,0.4118
OH,1,Suburb,15838.0,88374.0,0,0,2.48,30.0,Liberal Arts College,42301.0,69.1,9,-1.0,-0.0,54.4,10546.0,6779.0,17325.0,24976.0,0,0.2826,0.4096,9138.0,0.2564
CA,0,Town,71293.0,347025.0,0,0,3.56,85.0,Community College,18925.0,95.2,10,-0.866,0.5,83.1,2737.0,0.0,2737.0,16188.0,0,0.0466,0.1446,0.0,0.1368
VA,0,Rural,11890.0,49409.0,0,0,2.81,39.0,Community College,17102.0,48.6,1,0.5,0.866,67.6,1085.0,1289.0,2374.0,14728.0,1,0.2981,0.1388,2838.0,0.1311
WI,0,Suburb,8068.0,56857.0,1,1,1.5,,R1 Research,67704.0,80.4,11,-0.5,0.866,30.3,3064.0,18558.0,21622.0,46082.0,0,0.8105,0.3194,38014.0,0.0486
TX,0,City,7276.0,39498.0,1,1,1.9,7.0,R1 Research,69971.0,19.1,3,1.0,0.0,75.2,6665.0,18902.0,25567.0,44404.0,0,1.1242,0.3654,37128.0,0.0737
MS,0,Town,6552.0,29923.0,1,1,3.05,75.0,Community College,18737.0,68.2,2,0.866,0.5,60.5,158.0,5002.0,5160.0,13577.0,1,0.4537,0.2754,7025.0,0.0469
MI,0,City,9179.0,45313.0,0,0,3.35,61.0,Regional Comprehensive,33462.0,27.2,1,0.5,0.866,26.4,12762.0,5984.0,18746.0,14716.0,1,0.3248,0.5602,5537.0,0.0526
TX,0,City,21296.0,101607.0,1,0,3.22,56.0,R2 Doctoral,52224.0,28.0,12,-0.0,1.0,51.1,16029.0,5594.0,21623.0,30601.0,0,0.3012,0.414,9305.0,0.1
MA,0,City,15102.0,107042.0,0,0,3.06,60.0,Regional Comprehensive,45042.0,143.2,6,0.0,-1.0,68.2,17082.0,4837.0,21919.0,23123.0,0,0.216,0.4866,8021.0,0.0729
TX,0,Rural,17481.0,77877.0,0,0,2.51,35.0,Liberal Arts College,90233.0,222.0,5,0.5,-0.866,73.2,23471.0,11773.0,35244.0,54989.0,1,0.7061,0.3906,37508.0,0.2609
CA,0,City,10496.0,50871.0,1,0,1.5,,Liberal Arts College,100374.0,122.5,1,0.5,0.866,78.8,9894.0,16395.0,26289.0,74085.0,0,1.4563,0.2619,63589.0,0.3243
IN,0,Suburb,3151.0,44124.0,0,1,1.98,,Regional Comprehensive,52831.0,75.0,9,-1.0,-0.0,55.3,6658.0,25678.0,32336.0,20495.0,1,0.4645,0.6121,17344.0,0.1077
CA,0,Suburb,9961.0,32529.0,0,0,2.87,60.0,Regional Comprehensive,40579.0,46.9,5,0.5,-0.866,52.5,14727.0,5947.0,20674.0,19905.0,0,0.6119,0.5095,9944.0,0.175
CA,0,Suburb,10520.0,42152.0,0,0,3.83,71.0,R1 Research,74739.0,90.8,2,0.866,0.5,45.6,23788.0,10373.0,34161.0,40578.0,1,0.9627,0.4571,30058.0,0.0612
MD,0,City,-1500.0,24773.0,1,1,3.12,71.0,Community College,21207.0,53.4,5,0.5,-0.866,78.3,3286.0,8499.0,11785.0,9422.0,0,0.3803,0.5557,10922.0,0.4194
CA,0,Rural,48716.0,167319.0,0,0,2.47,29.0,Community College,20093.0,118.6,1,0.5,0.866,75.4,3540.0,0.0,3540.0,16553.0,1,0.0989,0.1762,0.0,0.0659
AL,0,Town,52236.0,236274.0,0,0,3.85,57.0,Community College,18348.0,25.6,3,1.0,0.0,50.4,5927.0,0.0,5927.0,12421.0,0,0.0526,0.323,0.0,0.0926
SC,0,Suburb,3111.0,15618.0,0,1,2.62,49.0,R2 Doctoral,56467.0,264.6,1,0.5,0.866,89.4,17786.0,18710.0,36496.0,19971.0,0,1.2787,0.6463,16860.0,0.3148
TX,0,Suburb,12308.0,77518.0,0,0,2.44,44.0,R2 Doctoral,57188.0,69.9,1,0.5,0.866,79.1,14508.0,6549.0,21057.0,36131.0,1,0.4661,0.3682,23823.0,0.0893
MI,0,Town,19171.0,76599.0,0,0,2.14,30.0,Regional Comprehensive,41411.0,188.1,12,-0.0,1.0,69.5,8388.0,3814.0,12202.0,29209.0,0,0.3813,0.2947,10038.0,0.0978
CA,0,Town,20891.0,73155.0,1,0,3.38,63.0,Regional Comprehensive,45399.0,321.6,2,0.866,0.5,65.5,18479.0,4011.0,22490.0,22909.0,0,0.3132,0.4954,2018.0,0.2
AZ,0,Suburb,10875.0,41078.0,1,0,3.09,54.0,R2 Doctoral,47551.0,178.8,1,0.5,0.866,100.0,15348.0,9186.0,24534.0,23017.0,1,0.5603,0.516,12142.0,0.1584
CA,0,Suburb,27771.0,131427.0,0,0,2.47,29.0,Liberal Arts College,99156.0,293.2,2,0.866,0.5,47.3,22972.0,14352.0,37324.0,61832.0,0,0.4705,0.3764,34061.0,0.3077
KS,0,City,15212.0,84588.0,0,0,2.65,32.0,R1 Research,67398.0,15.0,3,1.0,0.0,22.7,12062.0,8956.0,21018.0,46380.0,1,0.5483,0.3118,31168.0,0.1132
TX,0,City,17733.0,132530.0,0,0,3.59,81.0,R1 Research,75817.0,75.5,1,0.5,0.866,79.2,25445.0,12123.0,37568.0,38249.0,1,0.2886,0.4955,20516.0,0.0476
TN,0,City,9751.0,37012.0,1,0,3.71,79.0,Community College,19283.0,403.5,5,0.5,-0.866,80.6,2486.0,2601.0,5087.0,14196.0,0,0.3836,0.2638,4445.0,0.0971
TX,0,City,6559.0,23251.0,1,1,2.89,45.0,R2 Doctoral,56086.0,216.3,4,0.866,-0.5,79.5,16329.0,13895.0,30224.0,25862.0,0,1.1123,0.5389,19303.0,0.0276
TX,0,City,17777.0,86089.0,0,0,2.98,45.0,Community College,20259.0,882.5,2,0.866,0.5,84.3,1695.0,488.0,2183.0,18076.0,0,0.21,0.1078,299.0,0.1061
GA,0,Rural,2748.0,31467.0,0,1,2.85,51.0,Regional Comprehensive,49585.0,758.6,10,-0.866,0.5,75.6,14203.0,18000.0,32203.0,17382.0,0,0.5524,0.6495,14634.0,0.2241
VA,0,Town,27791.0,134499.0,0,0,3.85,99.0,Regional Comprehensive,45004.0,173.5,2,0.866,0.5,83.8,21896.0,3187.0,25083.0,19921.0,1,0.1481,0.5574,0.0,0.15
WY,0,Town,4168.0,13614.0,1,1,2.1,22.0,R1 Research,78455.0,97.2,1,0.5,0.866,74.0,11665.0,30987.0,42652.0,35803.0,0,2.6299,0.5436,31635.0,0.3023
CA,0,Suburb,6173.0,44921.0,1,1,3.3,49.0,Regional Comprehensive,46736.0,46.3,1,0.5,0.866,74.0,17259.0,20007.0,37266.0,9470.0,0,0.2108,0.7974,3297.0,0.1493
CA,0,Suburb,4847.0,40398.0,0,1,3.43,71.0,Community College,15561.0,76.9,9,-1.0,-0.0,58.4,2259.0,5449.0,7708.0,7853.0,0,0.1944,0.4953,3006.0,0.0611
PA,0,City,17257.0,49548.0,1,0,3.11,65.0,Liberal Arts College,76444.0,82.5,2,0.866,0.5,85.5,29146.0,11365.0,40511.0,35933.0,1,0.7252,0.5299,18676.0,0.1757
PA,0,Suburb,25065.0,75962.0,1,0,3.21,72.0,R2 Doctoral,54192.0,68.0,11,-0.5,0.866,45.5,20277.0,6692.0,26969.0,27223.0,0,0.3584,0.4977,2158.0,0.1048
CT,0,City,27750.0,83725.0,0,0,2.96,60.0,R1 Research,76804.0,48.3,1,0.5,0.866,60.6,19401.0,8108.0,27509.0,49295.0,0,0.5888,0.3582,21545.0,0.0449
NV,0,Suburb,14694.0,99769.0,0,0,2.31,31.0,R1 Research,77585.0,193.2,4,0.866,-0.5,41.3,14860.0,14956.0,29816.0,47769.0,1,0.4788,0.3843,33075.0,0.25
CT,0,Rural,19226.0,108401.0,0,0,2.15,58.0,Liberal Arts College,77471.0,752.4,2,0.866,0.5,73.8,23031.0,14821.0,37852.0,39619.0,0,0.3655,0.4886,20393.0,0.22
TX,0,Rural,16861.0,55631.0,0,0,3.06,42.0,Regional Comprehensive,46414.0,337.6,12,-0.0,1.0,82.6,15924.0,4589.0,20513.0,25901.0,0,0.4656,0.442,9040.0,0.0738
OH,1,City,118358.0,287296.0,0,0,2.83,68.0,Regional Comprehensive,31388.0,26.1,3,1.0,0.0,46.5,11563.0,0.0,11563.0,19825.0,1,0.069,0.3684,0.0,0.0247
WI,0,Town,41889.0,170878.0,0,0,3.58,84.0,Community College,17397.0,367.4,2,0.866,0.5,32.5,802.0,0.0,802.0,16595.0,1,0.0971,0.0461,0.0,0.008
NY,0,City,8668.0,50280.0,0,1,3.86,99.0,Regional Comprehensive,50296.0,182.3,1,0.5,0.866,61.8,31128.0,20927.0,47781.0,2515.0,1,0.05,0.95,0.0,0.0727
TN,0,City,14337.0,57037.0,1,0,1.74,,Regional Comprehensive,47387.0,121.4,4,0.866,-0.5,69.8,7206.0,6024.0,13230.0,34157.0,1,0.5989,0.2792,19820.0,0.3
FL,0,City,3027.0,49524.0,1,1,2.56,58.0,R1 Research,88700.0,113.7,1,0.5,0.866,64.0,20867.0,26245.0,47112.0,41588.0,0,0.8398,0.5311,38561.0,0.1031
NY,0,City,14515.0,81763.0,0,0,3.33,89.0,Liberal Arts College,74669.0,102.7,1,0.5,0.866,41.3,33376.0,16342.0,49718.0,24951.0,0,0.3052,0.6658,10436.0,0.0704
OR,0,Suburb,947.0,31263.0,1,1,3.65,78.0,Regional Comprehensive,42190.0,251.0,1,0.5,0.866,86.7,21134.0,14084.0,35218.0,6972.0,1,0.223,0.8347,6025.0,0.1622
FL,0,Suburb,5607.0,35651.0,1,1,3.5,63.0,Community College,13612.0,146.7,4,0.866,-0.5,70.2,958.0,3293.0,4251.0,9361.0,1,0.2626,0.3123,3754.0,0.0959
ID,0,City,2000.0,13220.0,0,1,3.36,96.0,R2 Doctoral,69619.0,59.0,2,0.866,0.5,94.4,31362.0,20715.0,52077.0,17542.0,0,1.3269,0.748,15542.0,0.2927
NY,0,Rural,12793.0,47239.0,0,0,2.51,26.0,R2 Doctoral,58967.0,56.0,3,1.0,0.0,78.6,14832.0,12631.0,27463.0,31504.0,0,0.6669,0.4657,18711.0,0.2895
CA,0,Suburb,22434.0,135486.0,0,0,2.67,56.0,R1 Research,78808.0,174.7,4,0.866,-0.5,45.0,18174.0,14061.0,32235.0,46573.0,0,0.3437,0.409,24139.0,0.058
FL,0,Suburb,3968.0,56415.0,1,1,3.0,74.0,Liberal Arts College,93876.0,198.7,1,0.5,0.866,75.5,39148.0,28168.0,67316.0,26560.0,1,0.4708,0.7171,22592.0,0.1591
TX,0,Suburb,11562.0,58733.0,0,0,2.72,42.0,Regional Comprehensive,45563.0,91.2,4,0.866,-0.5,70.9,13846.0,8380.0,22226.0,23337.0,1,0.3973,0.4878,11775.0,0.2368
NC,0,Suburb,15796.0,76901.0,1,0,2.9,49.0,R2 Doctoral,51645.0,38.6,3,1.0,0.0,94.4,12485.0,5261.0,17746.0,33899.0,0,0.4408,0.3436,18103.0,0.1667
CA,0,Suburb,2669.0,30589.0,1,1,1.83,33.0,Regional Comprehensive,49001.0,471.2,4,0.866,-0.5,53.8,12240.0,16966.0,29206.0,19795.0,1,0.6471,0.596,17126.0,0.0759
AZ,0,Suburb,17772.0,64100.0,1,0,1.7,2.0,R2 Doctoral,54533.0,377.1,7,-0.5,-0.866,39.0,5657.0,9374.0,15031.0,39502.0,0,0.6163,0.2756,21730.0,0.129
OK,0,Rural,23963.0,119496.0,1,0,2.66,35.0,Regional Comprehensive,36745.0,15.7,7,-0.5,-0.866,62.0,11797.0,2453.0,14250.0,22495.0,1,0.1882,0.3878,0.0,0.2308
PA,0,Suburb,9669.0,78490.0,0,0,3.54,40.0,R2 Doctoral,65011.0,517.2,7,-0.5,-0.866,53.9,18562.0,9438.0,28000.0,37011.0,1,0.4715,0.4307,27342.0,0.1471
TX,0,Suburb,22529.0,127297.0,0,0,2.22,40.0,Regional Comprehensive,39996.0,101.7,1,0.5,0.866,58.8,10093.0,3443.0,13536.0,26460.0,0,0.2079,0.3384,3931.0,0.1034
IL,0,City,32446.0,156400.0,0,0,3.73,78.0,Community College,17116.0,154.7,11,-0.5,0.866,59.9,4475.0,0.0,4475.0,12641.0,0,0.0808,0.2615,0.0,0.0561
MN,0,Rural,18827.0,101424.0,1,0,3.26,75.0,Regional Comprehensive,48438.0,418.6,9,-1.0,-0.0,9.1,21941.0,7478.0,29419.0,19019.0,1,0.1875,0.6074,192.0,0.0185
VA,0,Suburb,1979.0,37661.0,0,1,3.34,66.0,Liberal Arts College,56728.0,718.4,10,-0.866,0.5,34.4,24509.0,20414.0,44923.0,11805.0,1,0.3135,0.7919,9826.0,0.0543
CA,0,City,12870.0,49130.0,0,0,3.55,93.0,Regional Comprehensive,45346.0,363.2,1,0.5,0.866,65.1,22458.0,4985.0,27443.0,17903.0,1,0.3644,0.6052,5033.0,0.119
MI,0,Rural,45079.0,252880.0,0,0,3.45,90.0,R2 Doctoral,57408.0,163.2,5,0.5,-0.866,57.7,27975.0,3265.0,31240.0,26168.0,1,0.1035,0.5442,0.0,0.0909
GA,0,Suburb,23530.0,78921.0,0,0,3.9,76.0,Community College,21629.0,29.9,11,-0.5,0.866,89.9,6572.0,0.0,6572.0,15057.0,0,0.1908,0.3039,0.0,0.0775
NY,0,City,20012.0,71703.0,0,0,3.1,53.0,R2 Doctoral,59522.0,15.1,11,-0.5,0.866,54.0,19857.0,9222.0,29079.0,30443.0,1,0.4246,0.4885,10431.0,0.1176
CA,0,City,9829.0,33888.0,0,0,3.96,99.0,Community College,20773.0,318.6,3,1.0,0.0,36.6,3685.0,2287.0,5972.0,14801.0,0,0.4368,0.2875,4972.0,0.1321
MT,0,Suburb,8312.0,58932.0,0,1,3.5,92.0,Community College,21202.0,518.5,10,-0.866,0.5,42.2,3853.0,5107.0,8960.0,12242.0,0,0.2077,0.4226,3930.0,0.0515
TX,0,Rural,30294.0,105429.0,0,0,2.99,56.0,R2 Doctoral,64696.0,53.9,3,1.0,0.0,78.9,22009.0,7386.0,29395.0,35301.0,1,0.3348,0.4544,5007.0,0.102
TX,0,Suburb,6698.0,63620.0,1,1,1.78,11.0,R1 Research,67693.0,95.4,1,0.5,0.866,62.2,7533.0,19546.0,27079.0,40614.0,1,0.6384,0.4,33916.0,0.1067
TX,0,City,10236.0,43306.0,0,0,2.53,42.0,R2 Doctoral,49923.0,70.6,12,-0.0,1.0,16.3,12130.0,9072.0,21202.0,28721.0,0,0.6632,0.4247,18485.0,0.028
VA,0,Suburb,10643.0,51179.0,0,0,3.34,57.0,Regional Comprehensive,40678.0,68.6,2,0.866,0.5,73.9,14609.0,6663.0,21272.0,19406.0,1,0.3792,0.5229,8763.0,0.0704
OH,1,Suburb,41276.0,148466.0,0,0,3.25,59.0,Regional Comprehensive,33726.0,113.4,2,0.866,0.5,82.5,10115.0,0.0,10115.0,23611.0,1,0.159,0.2999,0.0,0.0926
FL,0,City,14045.0,101804.0,0,0,2.75,43.0,Community College,18232.0,159.4,11,-0.5,0.866,51.9,1271.0,1154.0,2425.0,15807.0,0,0.1553,0.133,1762.0,0.0714
OH,1,Rural,11327.0,92458.0,0,0,1.87,25.0,Community College,17445.0,28.8,8,-0.866,-0.5,46.6,0.0,981.0,981.0,16464.0,0,0.1781,0.0562,5137.0,0.0284
TN,0,City,24546.0,86460.0,0,0,2.47,58.0,Regional Comprehensive,49743.0,2063.7,3,1.0,0.0,76.3,16686.0,6219.0,22905.0,26838.0,0,0.3104,0.4605,2292.0,0.1075
NY,0,Rural,5328.0,26855.0,1,1,2.62,29.0,R1 Research,76979.0,28.1,9,-1.0,-0.0,23.7,16052.0,28586.0,44638.0,32341.0,0,1.2043,0.5799,27013.0,0.0364
NV,0,Town,12427.0,76580.0,1,0,3.81,95.0,Community College,22882.0,225.2,1,0.5,0.866,80.4,3554.0,2301.0,5855.0,17027.0,0,0.2223,0.2559,4600.0,0.064
NY,0,City,43257.0,135804.0,0,0,3.52,78.0,Regional Comprehensive,46163.0,42.1,5,0.5,-0.866,59.9,20257.0,465.0,20722.0,25441.0,1,0.1873,0.4489,0.0,0.0725
TX,0,Town,3146.0,52163.0,1,1,3.47,66.0,Regional Comprehensive,47403.0,107.4,2,0.866,0.5,81.8,19805.0,21302.0,41107.0,6296.0,1,0.1207,0.8672,3150.0,0.0952
NE,0,Town,26548.0,127230.0,0,0,2.74,33.0,Regional Comprehensive,43113.0,148.1,4,0.866,-0.5,39.7,11140.0,3851.0,14991.0,28122.0,1,0.221,0.3477,1574.0,0.0159
AL,0,Suburb,16843.0,93206.0,0,0,3.39,73.0,Liberal Arts College,55681.0,307.6,2,0.866,0.5,60.9,25579.0,9356.0,34935.0,20746.0,1,0.2226,0.6274,3903.0,0.0286
PA,0,Suburb,47648.0,114225.0,0,0,2.64,34.0,Regional Comprehensive,42531.0,96.3,7,-0.5,-0.866,74.9,11038.0,0.0,11038.0,31493.0,1,0.2757,0.2595,0.0,0.0493
KY,0,City,19215.0,65295.0,1,0,2.5,41.0,R1 Research,65287.0,86.2,5,0.5,-0.866,73.1,10071.0,7100.0,17171.0,48116.0,0,0.7369,0.263,28901.0,0.3
MI,0,City,30335.0,119174.0,0,0,3.53,62.0,Regional Comprehensive,38872.0,94.5,7,-0.5,-0.866,12.5,20392.0,1818.0,22210.0,16662.0,0,0.1398,0.5714,0.0,0.025
PA,0,Town,3170.0,21926.0,1,1,3.08,44.0,Regional Comprehensive,45741.0,40.8,7,-0.5,-0.866,76.8,15365.0,16855.0,32220.0,13521.0,0,0.6167,0.7044,10351.0,0.0408
KY,0,City,20896.0,64464.0,0,0,3.0,69.0,Regional Comprehensive,49104.0,246.1,8,-0.866,-0.5,75.7,18723.0,7076.0,25799.0,23305.0,0,0.3615,0.5254,2409.0,0.0737
WI,0,City,16080.0,105174.0,0,0,3.73,85.0,R2 Doctoral,53158.0,170.2,12,-0.0,1.0,60.5,22932.0,5784.0,28716.0,24442.0,1,0.2324,0.5402,8362.0,0.0099
NY,0,Suburb,14328.0,77912.0,0,0,2.94,55.0,R1 Research,75483.0,200.1,3,1.0,0.0,62.3,17971.0,15730.0,33701.0,41782.0,1,0.5363,0.4465,27454.0,0.0482
WA,0,City,32666.0,138531.0,0,0,2.67,36.0,R1 Research,66780.0,117.8,8,-0.866,-0.5,74.6,13658.0,9229.0,22887.0,43893.0,1,0.3168,0.3427,11227.0,0.0532
PA,0,Town,8559.0,56212.0,1,1,2.94,63.0,Regional Comprehensive,44283.0,103.5,2,0.866,0.5,68.1,16839.0,16452.0,33291.0,10992.0,1,0.1955,0.7518,2433.0,0.0583
CA,0,Town,11526.0,42439.0,1,0,2.64,39.0,Regional Comprehensive,42269.0,435.4,12,-0.0,1.0,24.9,9363.0,4798.0,14161.0,28108.0,0,0.6623,0.335,16582.0,0.0984
WV,0,Town,-1053.0,19339.0,1,1,2.06,29.0,R1 Research,74671.0,370.5,10,-0.866,0.5,45.5,11148.0,41394.0,52542.0,22129.0,0,1.1443,0.7036,23182.0,0.0476
NJ,0,City,8368.0,51713.0,1,1,2.81,42.0,Regional Comprehensive,47610.0,559.7,1,0.5,0.866,94.7,16465.0,15391.0,31856.0,15754.0,0,0.3046,0.6691,7386.0,0.0943
WA,0,Suburb,13677.0,91322.0,0,0,3.27,51.0,Regional Comprehensive,52695.0,187.4,9,-1.0,-0.0,51.4,19092.0,8511.0,27603.0,25092.0,1,0.2748,0.5238,11415.0,0.0882
WA,0,Town,15730.0,108872.0,0,0,2.73,35.0,Regional Comprehensive,42413.0,524.3,5,0.5,-0.866,63.4,13542.0,4426.0,17968.0,24445.0,0,0.2245,0.4236,8715.0,0.1264
NJ,0,Suburb,-1500.0,22985.0,1,1,1.95,21.0,Liberal Arts College,74838.0,81.9,3,1.0,0.0,34.9,15041.0,35747.0,50788.0,24050.0,1,1.0463,0.6786,25550.0,0.0484
NY,0,Suburb,27794.0,146713.0,0,0,2.66,29.0,Community College,21812.0,102.6,1,0.5,0.866,72.6,3523.0,0.0,3523.0,18289.0,1,0.1247,0.1615,0.0,0.1765
NH,0,Suburb,9372.0,31208.0,0,0,2.83,72.0,Regional Comprehensive,43464.0,444.4,5,0.5,-0.866,70.1,16046.0,6194.0,22240.0,21224.0,1,0.6801,0.5117,11852.0,0.1111
AZ,0,Suburb,7089.0,57686.0,0,1,3.33,50.0,Liberal Arts College,82019.0,307.2,4,0.866,-0.5,100.0,27257.0,33968.0,61225.0,20794.0,0,0.3605,0.7465,13705.0,0.1949
TN,0,City,2467.0,41792.0,1,1,2.4,30.0,R2 Doctoral,52969.0,93.4,10,-0.866,0.5,73.2,11578.0,17953.0,29531.0,23438.0,1,0.5608,0.5575,20971.0,0.2381
GA,0,Suburb,29701.0,85001.0,0,0,3.37,85.0,Regional Comprehensive,46772.0,42.2,3,1.0,0.0,78.4,19660.0,3860.0,23520.0,23252.0,1,0.2735,0.5029,0.0,0.0811
NY,0,City,17053.0,67355.0,1,0,3.32,71.0,Community College,20491.0,102.3,4,0.866,-0.5,31.4,1028.0,762.0,1790.0,18701.0,0,0.2776,0.0874,1648.0,0.0215
CA,0,Rural,24639.0,102553.0,0,0,2.32,25.0,Community College,22258.0,61.7,3,1.0,0.0,51.0,1990.0,0.0,1990.0,20268.0,1,0.1976,0.0894,0.0,0.0532
PA,0,Suburb,80980.0,237409.0,0,0,2.58,54.0,Regional Comprehensive,41560.0,774.8,1,0.5,0.866,100.0,10835.0,0.0,10835.0,30725.0,0,0.1294,0.2607,0.0,0.2133
TX,0,City,20853.0,83822.0,1,0,3.71,70.0,Community College,20222.0,281.4,3,1.0,0.0,81.3,71.0,0.0,71.0,20151.0,0,0.2404,0.0035,0.0,0.0556
TN,0,Town,6907.0,41556.0,1,1,3.5,70.0,Regional Comprehensive,44360.0,56.7,12,-0.0,1.0,65.6,20603.0,14678.0,35281.0,9079.0,1,0.2185,0.7953,2172.0,0.0777
CT,0,Suburb,24628.0,87726.0,0,0,3.66,59.0,Regional Comprehensive,37617.0,42.3,1,0.5,0.866,95.7,13624.0,2529.0,16153.0,21464.0,1,0.2447,0.4294,0.0,0.1389
NY,0,City,49635.0,255378.0,0,0,3.62,90.0,Regional Comprehensive,42188.0,56.0,8,-0.866,-0.5,41.4,25630.0,0.0,25630.0,16558.0,1,0.0648,0.6075,0.0,0.1667
NY,0,Rural,18361.0,100969.0,0,0,3.26,72.0,Regional Comprehensive,41632.0,70.5,3,1.0,0.0,68.0,16607.0,5004.0,21611.0,20021.0,0,0.1983,0.5191,1660.0,0.0612
TN,0,Town,35558.0,124355.0,0,0,2.81,55.0,R1 Research,75853.0,106.4,1,0.5,0.866,71.7,16344.0,6482.0,22826.0,53027.0,1,0.4264,0.3009,17469.0,0.0588
TX,0,Suburb,-1500.0,19983.0,0,1,3.47,75.0,Community College,16811.0,408.4,6,0.0,-1.0,56.0,148.0,8658.0,8806.0,8005.0,0,0.4006,0.5238,9505.0,0.0326
MS,0,Town,11538.0,83163.0,1,0,2.97,55.0,R2 Doctoral,56546.0,45.9,3,1.0,0.0,39.5,17582.0,9797.0,27379.0,29167.0,1,0.3507,0.4842,17629.0,0.0581
PA,0,Suburb,15864.0,51898.0,0,0,3.68,82.0,R1 Research,72116.0,1402.3,12,-0.0,1.0,79.9,23419.0,9022.0,32441.0,39675.0,0,0.7645,0.4498,23811.0,0.1474
CA,0,Suburb,10172.0,38573.0,0,0,3.48,77.0,Regional Comprehensive,47917.0,47.1,4,0.866,-0.5,61.9,22858.0,7291.0,30149.0,17768.0,0,0.4606,0.6292,7596.0,0.0566
TX,0,City,4883.0,61941.0,0,1,2.78,48.0,R1 Research,67703.0,28.9,3,1.0,0.0,69.1,14673.0,27118.0,41791.0,25912.0,1,0.4183,0.6173,21029.0,0.1216
MS,0,City,12093.0,68065.0,0,0,2.77,34.0,R1 Research,58678.0,745.9,12,-0.0,1.0,40.6,12819.0,6866.0,19685.0,38993.0,0,0.5729,0.3355,26900.0,0.0597
FL,0,Suburb,10782.0,40152.0,0,0,2.28,,Regional Comprehensive,49168.0,507.3,2,0.866,0.5,48.9,7705.0,8317.0,16022.0,33146.0,0,0.8255,0.3259,22364.0,0.2162
TN,0,Suburb,17555.0,72092.0,0,0,3.41,98.0,Regional Comprehensive,42474.0,104.6,12,-0.0,1.0,47.0,21439.0,6815.0,28254.0,14220.0,1,0.1972,0.6652,0.0,0.0133
TX,0,Town,12200.0,55553.0,1,0,3.02,47.0,Community College,21748.0,189.1,9,-1.0,-0.0,55.5,2553.0,1909.0,4462.0,17286.0,0,0.3112,0.2052,5086.0,0.0414
TX,0,Suburb,19045.0,104376.0,1,0,1.81,7.0,Regional Comprehensive,44913.0,194.2,4,0.866,-0.5,84.3,3743.0,7204.0,10947.0,33966.0,1,0.3254,0.2437,14921.0,0.0781
CT,0,Suburb,13931.0,74151.0,0,0,2.64,56.0,Community College,19173.0,146.3,3,1.0,0.0,68.0,246.0,1229.0,1475.0,17698.0,0,0.2387,0.0769,3767.0,0.101
TX,0,Town,14170.0,82509.0,1,0,2.7,48.0,Regional Comprehensive,47739.0,32.5,1,0.5,0.866,49.0,18150.0,5933.0,24083.0,23656.0,0,0.2867,0.5045,9486.0,0.1507
CA,0,Rural,37990.0,127409.0,0,0,3.69,63.0,Regional Comprehensive,47897.0,15.0,12,-0.0,1.0,25.9,18324.0,1843.0,20167.0,27730.0,0,0.2176,0.421,0.0,0.0735
NC,0,Suburb,23788.0,93861.0,0,0,3.18,47.0,R1 Research,71321.0,52.2,5,0.5,-0.866,76.1,18301.0,7976.0,26277.0,45044.0,0,0.4799,0.3684,21256.0,0.0594
OR,0,Rural,10963.0,62669.0,1,0,3.85,99.0,Community College,17914.0,853.0,4,0.866,-0.5,82.9,0.0,1023.0,1023.0,16891.0,0,0.2695,0.0571,5928.0,0.2895
NY,0,Town,4263.0,14008.0,1,1,2.45,42.0,Regional Comprehensive,44798.0,888.9,6,0.0,-1.0,56.8,10642.0,14430.0,25072.0,19726.0,0,1.4082,0.5597,15463.0,0.0965
TX,0,City,17914.0,91116.0,1,0,1.5,,R2 Doctoral,45169.0,96.2,10,-0.866,0.5,47.4,2983.0,4165.0,7148.0,38021.0,1,0.4173,0.1583,20107.0,0.0652
MT,0,Suburb,9982.0,32644.0,1,0,2.26,26.0,R2 Doctoral,61889.0,46.3,2,0.866,0.5,66.9,12979.0,10019.0,22998.0,38891.0,0,1.1914,0.3716,28909.0,0.0511
TN,0,City,13291.0,59155.0,1,0,3.24,65.0,Liberal Arts College,68405.0,169.7,4,0.866,-0.5,65.2,25880.0,13806.0,39686.0,28719.0,1,0.4855,0.5802,15428.0,0.0616
KY,0,Suburb,15619.0,82220.0,0,0,2.83,52.0,Community College,17718.0,200.9,9,-1.0,-0.0,60.7,2366.0,333.0,2699.0,15019.0,1,0.1827,0.1523,0.0,0.2258
WI,0,Suburb,37299.0,164354.0,0,0,3.59,83.0,Liberal Arts College,73023.0,238.1,10,-0.866,0.5,74.0,32240.0,9503.0,41743.0,31280.0,1,0.1903,0.5716,0.0,0.1081
IN,0,Suburb,49725.0,237156.0,0,0,3.45,67.0,R2 Doctoral,58246.0,15.0,7,-0.5,-0.866,75.2,21268.0,1841.0,23109.0,35137.0,1,0.1482,0.3967,0.0,0.037
IL,0,Town,4826.0,32426.0,1,1,3.44,81.0,R1 Research,70826.0,3000.0,5,0.5,-0.866,78.8,22331.0,34680.0,57011.0,13815.0,0,0.426,0.8049,8989.0,0.0859
NY,0,Suburb,5557.0,24406.0,0,1,3.01,63.0,Regional Comprehensive,47998.0,416.1,3,1.0,0.0,42.7,20197.0,15675.0,35872.0,12126.0,1,0.4968,0.7474,6569.0,0.186
MO,0,Suburb,15956.0,79580.0,0,0,3.52,86.0,Regional Comprehensive,47321.0,102.9,2,0.866,0.5,71.4,25902.0,5570.0,31472.0,15849.0,1,0.1992,0.6651,0.0,0.2
MO,0,Rural,25714.0,74948.0,1,0,3.09,68.0,Regional Comprehensive,41330.0,59.6,6,0.0,-1.0,68.4,15408.0,3884.0,19292.0,22038.0,1,0.294,0.4668,0.0,0.1091
NM,0,Rural,1631.0,26493.0,1,1,1.5,8.0,Regional Comprehensive,41353.0,357.3,7,-0.5,-0.866,38.4,5007.0,20379.0,25386.0,15967.0,0,0.6027,0.6139,14336.0,0.122
VA,0,Town,12508.0,62196.0,0,0,3.14,54.0,Liberal Arts College,74290.0,213.2,4,0.866,-0.5,53.4,25265.0,16476.0,41741.0,32549.0,0,0.5233,0.5619,20041.0,0.0714
NY,0,City,17109.0,96783.0,0,0,2.46,33.0,Regional Comprehensive,48220.0,139.6,12,-0.0,1.0,61.8,13319.0,8524.0,21843.0,26377.0,1,0.2725,0.453,9268.0,0.0547
NC,0,City,7877.0,25959.0,1,1,2.91,41.0,R2 Doctoral,59217.0,205.0,1,0.5,0.866,41.3,18263.0,18733.0,36996.0,22221.0,0,0.856,0.6248,14344.0,0.0476
WA,0,City,6971.0,30758.0,1,1,2.74,48.0,R1 Research,77711.0,112.6,4,0.866,-0.5,53.4,17177.0,27123.0,44300.0,33411.0,0,1.0863,0.5701,26440.0,0.0536
OH,1,Suburb,10756.0,39585.0,1,0,2.82,38.0,Regional Comprehensive,29838.0,55.9,6,0.0,-1.0,64.0,8270.0,5061.0,13331.0,16507.0,1,0.417,0.4468,5751.0,0.087
MN,0,City,9560.0,54023.0,0,0,2.94,59.0,R2 Doctoral,62020.0,271.7,12,-0.0,1.0,45.3,21333.0,14587.0,35920.0,26100.0,0,0.4831,0.5792,16540.0,0.0141
VA,0,Rural,18875.0,103742.0,0,0,2.68,58.0,Regional Comprehensive,46565.0,181.7,2,0.866,0.5,81.4,16163.0,5474.0,21637.0,24928.0,0,0.2403,0.4647,6053.0,0.0362
CA,0,Suburb,2592.0,49758.0,0,1,2.97,54.0,R2 Doctoral,52453.0,172.0,2,0.866,0.5,75.2,15973.0,20835.0,36808.0,15645.0,0,0.3144,0.7017,13053.0,0.0323
VA,0,Suburb,9742.0,65501.0,1,0,3.67,73.0,Regional Comprehensive,43815.0,546.9,4,0.866,-0.5,40.6,21396.0,7019.0,28415.0,15400.0,0,0.2351,0.6485,5658.0,0.0488
AZ,0,City,80865.0,317187.0,0,0,3.19,69.0,R2 Doctoral,60876.0,23.7,7,-0.5,-0.866,41.9,19811.0,0.0,19811.0,41065.0,1,0.1295,0.3254,0.0,0.0761
NV,0,Suburb,7996.0,31617.0,1,1,2.27,41.0,R2 Doctoral,65022.0,54.8,2,0.866,0.5,86.5,13198.0,26638.0,39836.0,25186.0,1,0.7966,0.6127,17190.0,0.2394
OH,1,Suburb,10325.0,39334.0,0,0,1.84,1.0,R2 Doctoral,31623.0,37.7,4,0.866,-0.5,70.4,2081.0,3268.0,5349.0,26274.0,1,0.668,0.1691,15949.0,0.0727
VA,0,Town,25885.0,102562.0,0,0,3.26,66.0,Regional Comprehensive,46197.0,58.9,1,0.5,0.866,10.9,18924.0,3806.0,22730.0,23467.0,0,0.2288,0.492,0.0,0.0149
GA,0,City,27335.0,128206.0,0,0,3.21,67.0,Liberal Arts College,60953.0,83.6,11,-0.5,0.866,79.5,25108.0,7171.0,32279.0,28674.0,1,0.2237,0.5296,1339.0,0.0625
MI,0,Town,10589.0,84851.0,0,0,2.73,41.0,Regional Comprehensive,41630.0,489.8,1,0.5,0.866,63.1,11890.0,7522.0,19412.0,22218.0,0,0.2618,0.4663,11629.0,0.0417
CA,0,City,70719.0,231528.0,0,0,1.62,9.0,Community College,20170.0,108.4,2,0.866,0.5,61.2,55.0,0.0,55.0,20115.0,1,0.0869,0.0027,0.0,0.0483
UT,0,City,15467.0,79108.0,1,0,2.16,2.0,Regional Comprehensive,45521.0,18.6,3,1.0,0.0,49.1,7456.0,4795.0,12251.0,33270.0,0,0.4206,0.2691,17803.0,0.0462
NV,0,Rural,710.0,15172.0,0,1,2.17,28.0,R2 Doctoral,51123.0,81.2,1,0.5,0.866,85.5,8737.0,16864.0,25601.0,25522.0,0,1.6822,0.5008,24812.0,0.1268
NJ,0,City,16202.0,67497.0,1,0,3.66,99.0,Community College,17902.0,134.7,12,-0.0,1.0,66.3,2146.0,240.0,2386.0,15516.0,1,0.2299,0.1333,0.0,0.0882
NJ,0,City,8356.0,41727.0,1,1,2.89,58.0,Regional Comprehensive,49185.0,132.1,6,0.0,-1.0,59.9,18113.0,12357.0,30470.0,18715.0,0,0.4485,0.6195,10359.0,0.0465
CA,0,Suburb,30694.0,170475.0,0,0,2.8,48.0,Regional Comprehensive,45357.0,227.2,6,0.0,-1.0,9.0,16009.0,2665.0,18674.0,26683.0,1,0.1565,0.4117,0.0,0.0138
WA,0,Suburb,18741.0,126062.0,0,0,2.44,18.0,Regional Comprehensive,44993.0,208.5,2,0.866,0.5,53.1,11478.0,4382.0,15860.0,29133.0,0,0.2311,0.3525,10392.0,0.1094
OH,1,City,6427.0,20039.0,0,1,3.53,71.0,R1 Research,67175.0,31.7,2,0.866,0.5,42.3,19937.0,30473.0,50410.0,16765.0,0,0.8366,0.7504,10338.0,0.0769
MO,0,City,32315.0,166413.0,0,0,2.53,41.0,Community College,20941.0,36.2,1,0.5,0.866,55.8,1390.0,0.0,1390.0,19551.0,1,0.1175,0.0664,0.0,0.04
CA,0,City,17385.0,123790.0,1,0,2.79,48.0,Community College,18039.0,79.7,1,0.5,0.866,50.9,1466.0,139.0,1605.0,16434.0,0,0.1328,0.089,0.0,0.0615
MO,0,Suburb,8369.0,49831.0,1,1,2.68,27.0,Community College,20531.0,65.9,3,1.0,0.0,79.4,1924.0,3910.0,5834.0,14697.0,1,0.2949,0.2842,6328.0,0.0865
NY,0,City,11012.0,59488.0,0,0,2.52,40.0,Regional Comprehensive,43856.0,93.9,3,1.0,0.0,88.9,15008.0,6316.0,21324.0,22532.0,1,0.3788,0.4862,11520.0,0.0714
MA,0,Town,31406.0,171505.0,0,0,2.91,40.0,Regional Comprehensive,45430.0,261.8,6,0.0,-1.0,57.0,17839.0,2160.0,19999.0,25431.0,1,0.1483,0.4402,0.0,0.1
AZ,0,Rural,3669.0,15222.0,1,1,2.37,24.0,R1 Research,56542.0,193.7,3,1.0,0.0,44.2,11626.0,18400.0,30026.0,26516.0,0,1.742,0.531,22847.0,0.0909
FL,0,City,13002.0,86741.0,1,0,3.88,99.0,Liberal Arts College,71315.0,301.0,12,-0.0,1.0,50.5,38291.0,16285.0,54576.0,16739.0,1,0.193,0.7653,3737.0,0.0642
OH,1,Suburb,22712.0,138310.0,0,0,3.02,53.0,R2 Doctoral,42928.0,24.5,4,0.866,-0.5,52.2,11753.0,4427.0,16180.0,26748.0,1,0.1934,0.3769,4036.0,0.0789
LA,0,City,18240.0,59049.0,0,0,3.25,56.0,R2 Doctoral,49271.0,617.5,3,1.0,0.0,89.3,16669.0,7315.0,23984.0,25287.0,0,0.4282,0.4868,7047.0,0.0778
WA,0,City,26446.0,100358.0,0,0,2.46,22.0,R1 Research,69035.0,256.8,2,0.866,0.5,62.7,10305.0,10467.0,20772.0,48263.0,0,0.4809,0.3009,21817.0,0.0364
CA,0,City,17549.0,67797.0,1,0,3.32,58.0,Community College,14978.0,142.6,5,0.5,-0.866,89.3,1567.0,0.0,1567.0,13411.0,1,0.1978,0.1046,0.0,0.1528
OH,1,Town,7380.0,35792.0,1,1,3.18,55.0,Community College,20756.0,69.1,9,-1.0,-0.0,34.1,4952.0,6960.0,11912.0,8844.0,1,0.2471,0.5739,1464.0,0.1
NY,0,Suburb,5733.0,35154.0,0,1,3.86,99.0,Liberal Arts College,90937.0,62.3,12,-0.0,1.0,53.0,48621.0,46162.0,86390.0,4547.0,1,0.1293,0.95,0.0,0.0431
MA,0,Suburb,17789.0,105092.0,0,0,2.93,52.0,Liberal Arts College,66925.0,15.0,1,0.5,0.866,44.1,23261.0,10967.0,34228.0,32697.0,0,0.3111,0.5114,14908.0,0.02
WA,0,Suburb,4341.0,39827.0,0,1,2.99,70.0,Community College,15045.0,67.0,1,0.5,0.866,60.5,5757.0,4041.0,9798.0,5247.0,1,0.1317,0.6512,906.0,0.0636
CA,0,Town,-1384.0,21001.0,0,1,3.71,67.0,R2 Doctoral,59243.0,277.7,12,-0.0,1.0,61.9,24066.0,31656.0,55722.0,3521.0,1,0.1677,0.9406,4905.0,0.1008
WA,0,Suburb,17842.0,68743.0,0,0,2.93,69.0,Regional Comprehensive,46111.0,137.8,3,1.0,0.0,33.9,20842.0,6273.0,27115.0,18996.0,0,0.2763,0.588,1154.0,0.0755
MD,0,City,3646.0,43503.0,1,1,3.26,63.0,Regional Comprehensive,47015.0,109.7,6,0.0,-1.0,52.5,20085.0,23176.0,43261.0,3754.0,1,0.0863,0.9202,108.0,0.0611
CO,0,Rural,-341.0,26546.0,0,1,3.0,52.0,R1 Research,78306.0,52.0,12,-0.0,1.0,49.5,19102.0,32942.0,52044.0,26262.0,0,0.9893,0.6646,26603.0,0.0488
CA,0,Suburb,7539.0,66281.0,0,1,3.53,72.0,Regional Comprehensive,45623.0,16.3,1,0.5,0.866,66.1,23780.0,13398.0,37178.0,8445.0,1,0.1274,0.8149,906.0,0.1343
NY,0,Suburb,20519.0,109364.0,1,0,2.97,83.0,R1 Research,84295.0,565.6,1,0.5,0.866,38.9,23915.0,9524.0,33439.0,50856.0,0,0.465,0.3967,30337.0,0.1633
OH,1,Suburb,27889.0,63864.0,0,0,3.57,70.0,Regional Comprehensive,37656.0,29.5,9,-1.0,-0.0,63.0,14632.0,1578.0,16210.0,21446.0,0,0.3358,0.4305,0.0,0.1343
TX,0,Suburb,4554.0,29211.0,0,1,3.63,99.0,Liberal Arts College,96131.0,80.7,6,0.0,-1.0,66.3,46441.0,33432.0,79873.0,16258.0,0,0.5566,0.8309,11704.0,0.0619
OH,1,City,9276.0,89045.0,1,0,1.5,9.0,R1 Research,76555.0,18.1,3,1.0,0.0,82.9,6075.0,16676.0,22751.0,53804.0,1,0.6042,0.2972,44528.0,0.3333
CA,0,City,37823.0,132629.0,1,0,3.75,69.0,R1 Research,65566.0,473.0,12,-0.0,1.0,28.2,21559.0,5556.0,27115.0,38451.0,1,0.2899,0.4136,628.0,0.0276
CA,0,Suburb,57526.0,309708.0,0,0,3.44,59.0,Community College,21674.0,319.7,6,0.0,-1.0,52.5,4531.0,0.0,4531.0,17143.0,1,0.0554,0.2091,0.0,0.1282
TN,0,Suburb,31070.0,177749.0,0,0,2.84,51.0,Liberal Arts College,78897.0,45.9,1,0.5,0.866,62.5,24176.0,11506.0,35682.0,43215.0,1,0.2431,0.4523,12145.0,0.1066
FL,0,Town,9173.0,30520.0,1,0,3.21,64.0,Liberal Arts College,57896.0,430.4,1,0.5,0.866,70.2,21062.0,7012.0,28074.0,29822.0,1,0.9771,0.4849,20649.0,0.2857
MO,0,Town,24361.0,116753.0,0,0,2.75,40.0,R1 Research,76663.0,108.8,10,-0.866,0.5,55.9,15142.0,7549.0,22691.0,53972.0,1,0.4623,0.296,29611.0,0.1719
CA,0,Rural,13188.0,75712.0,0,0,3.57,70.0,Liberal Arts College,69850.0,66.7,12,-0.0,1.0,42.9,29216.0,14332.0,43548.0,26302.0,0,0.3474,0.6235,13114.0,0.0458
NJ,0,Rural,-1500.0,27460.0,0,1,3.26,85.0,R1 Research,71990.0,93.1,2,0.866,0.5,63.7,22665.0,35325.0,57990.0,14000.0,0,0.5098,0.8055,15500.0,0.12
IL,0,Town,15588.0,77214.0,1,0,2.52,39.0,Regional Comprehensive,39865.0,55.7,2,0.866,0.5,100.0,12050.0,5692.0,17742.0,22123.0,1,0.2865,0.4451,6535.0,0.1136
SC,0,City,71174.0,250558.0,0,0,3.64,85.0,R1 Research,83745.0,31.7,1,0.5,0.866,73.0,26513.0,2206.0,28719.0,55026.0,1,0.2196,0.3429,0.0,0.0957
MN,0,Suburb,35826.0,148899.0,0,0,3.19,64.0,Regional Comprehensive,40967.0,286.2,1,0.5,0.866,34.9,15059.0,893.0,15952.0,25015.0,0,0.168,0.3894,0.0,0.027
IL,0,Suburb,4215.0,30343.0,1,1,3.57,77.0,Community College,17156.0,100.5,2,0.866,0.5,93.3,1098.0,3620.0,4718.0,12438.0,0,0.4099,0.275,8223.0,0.05
AZ,0,Suburb,3557.0,63569.0,0,1,3.04,85.0,Liberal Arts College,88402.0,242.2,11,-0.5,0.866,83.6,37318.0,29494.0,66812.0,21590.0,1,0.3396,0.7558,18033.0,0.0137
FL,0,City,33265.0,89680.0,0,0,2.74,53.0,R1 Research,74475.0,171.3,1,0.5,0.866,77.7,15212.0,11439.0,26651.0,47824.0,1,0.5333,0.3579,14559.0,0.084
VA,0,Suburb,-1500.0,18115.0,1,1,2.66,76.0,Liberal Arts College,94944.0,225.4,1,0.5,0.866,90.1,34232.0,38404.0,72636.0,22308.0,1,1.2315,0.765,23808.0,0.1546
CA,0,Suburb,1553.0,18570.0,1,1,3.27,75.0,Regional Comprehensive,48997.0,15.0,12,-0.0,1.0,99.0,22595.0,14616.0,37211.0,11786.0,1,0.6347,0.7595,10233.0,0.1667
OH,1,Suburb,20257.0,70357.0,0,0,3.17,53.0,R2 Doctoral,48599.0,14.8,1,0.5,0.866,67.9,17724.0,6159.0,23883.0,24716.0,0,0.3513,0.4914,4459.0,0.1642
TX,0,Town,13929.0,71021.0,1,0,2.17,40.0,R2 Doctoral,49741.0,230.4,1,0.5,0.866,85.9,11860.0,8096.0,19956.0,29785.0,0,0.4194,0.4012,15856.0,0.1905
CT,0,Suburb,2211.0,16748.0,0,1,2.58,38.0,Regional Comprehensive,46569.0,33.2,4,0.866,-0.5,87.5,11907.0,15955.0,27862.0,18707.0,0,1.117,0.5983,16496.0,0.2895
OH,1,Suburb,26679.0,83228.0,0,0,2.55,58.0,R2 Doctoral,52968.0,54.3,2,0.866,0.5,48.1,16577.0,4164.0,20741.0,32227.0,1,0.3872,0.3916,5548.0,0.0075
VA,0,Suburb,27111.0,137670.0,0,0,3.03,47.0,Community College,16280.0,29.4,3,1.0,0.0,88.1,825.0,0.0,825.0,15455.0,0,0.1123,0.0507,0.0,0.0863
PA,0,Suburb,4533.0,53789.0,1,1,2.62,20.0,Liberal Arts College,77103.0,128.9,3,1.0,0.0,68.6,19401.0,36100.0,55501.0,21602.0,0,0.4016,0.7198,17069.0,0.0885
NY,0,City,12145.0,65714.0,0,0,3.57,78.0,Community College,18751.0,687.0,5,0.5,-0.866,76.6,3281.0,1337.0,4618.0,14133.0,0,0.2151,0.2463,1988.0,0.0947
TX,0,Suburb,17523.0,94980.0,0,0,2.5,55.0,R1 Research,74470.0,285.8,1,0.5,0.866,79.4,15276.0,13092.0,28368.0,46102.0,1,0.4854,0.3809,28579.0,0.0714
NV,0,Suburb,7184.0,86345.0,0,1,3.03,48.0,R1 Research,78855.0,18.1,9,-1.0,-0.0,43.5,18615.0,23139.0,41754.0,37101.0,1,0.4297,0.5295,29917.0,0.0741
SC,0,Suburb,2669.0,18932.0,0,1,2.44,41.0,Regional Comprehensive,45610.0,308.8,2,0.866,0.5,86.5,11121.0,14230.0,25351.0,20259.0,0,1.0701,0.5558,17590.0,0.25
TX,0,City,-1500.0,32804.0,1,1,2.92,43.0,Regional Comprehensive,54124.0,858.5,12,-0.0,1.0,49.1,18090.0,16336.0,34426.0,19698.0,0,0.6005,0.6361,21198.0,0.0571
WI,0,Rural,5795.0,47334.0,0,1,3.07,70.0,Liberal Arts College,53448.0,2389.2,10,-0.866,0.5,59.7,20181.0,23100.0,43281.0,10167.0,0,0.2148,0.8098,4372.0,0.0541
OH,1,Town,6452.0,33867.0,0,1,2.84,44.0,Regional Comprehensive,18914.0,60.4,1,0.5,0.866,77.8,9328.0,4963.0,14291.0,4623.0,1,0.1365,0.7556,0.0,0.099
CA,0,Suburb,30984.0,180994.0,0,0,3.02,59.0,R1 Research,69755.0,30.2,10,-0.866,0.5,65.0,18079.0,9384.0,27463.0,42292.0,1,0.2337,0.3937,11308.0,0.0657
MI,0,Suburb,13598.0,99392.0,1,0,1.7,1.0,Liberal Arts College,89764.0,200.0,2,0.866,0.5,55.7,10403.0,20413.0,30816.0,58948.0,0,0.5931,0.3433,45350.0,0.2
TX,0,Suburb,4749.0,28311.0,0,1,3.45,62.0,Community College,18610.0,677.0,1,0.5,0.866,39.7,0.0,4008.0,4008.0,14602.0,0,0.5158,0.2154,9853.0,0.0211
TX,0,Town,13595.0,53943.0,0,0,3.92,65.0,Liberal Arts College,72789.0,104.1,1,0.5,0.866,47.9,32087.0,12096.0,44183.0,28606.0,0,0.5303,0.607,15011.0,0.0926
IN,0,Suburb,50093.0,142043.0,0,0,3.29,49.0,Community College,14251.0,378.8,10,-0.866,0.5,67.7,3326.0,0.0,3326.0,10925.0,0,0.0769,0.2334,0.0,0.1
FL,0,Town,4855.0,39526.0,1,1,1.98,13.0,Regional Comprehensive,43624.0,52.5,2,0.866,0.5,75.6,9446.0,13860.0,23306.0,20318.0,0,0.514,0.5342,15463.0,0.0214
UT,0,Rural,22609.0,116208.0,0,0,3.93,96.0,R1 Research,67234.0,187.3,2,0.866,0.5,58.3,24520.0,8084.0,32604.0,34630.0,1,0.298,0.4849,12021.0,0.1395
MA,0,Suburb,35317.0,170398.0,0,0,2.75,70.0,Community College,18576.0,15.0,9,-1.0,-0.0,51.4,1235.0,0.0,1235.0,17341.0,1,0.1018,0.0665,0.0,0.0877
LA,0,Suburb,28717.0,151089.0,0,0,3.96,85.0,Liberal Arts College,75584.0,46.7,12,-0.0,1.0,47.3,38316.0,11359.0,49675.0,25909.0,1,0.1715,0.6572,0.0,0.0547
WA,0,Suburb,10950.0,71675.0,0,0,3.39,62.0,Regional Comprehensive,48109.0,125.9,11,-0.5,0.866,34.2,19822.0,9755.0,29577.0,18532.0,1,0.2586,0.6148,7582.0,0.1111
OK,0,Suburb,29545.0,154931.0,0,0,2.49,18.0,R1 Research,68079.0,86.5,12,-0.0,1.0,69.4,10322.0,6691.0,17013.0,51066.0,1,0.3296,0.2499,21521.0,0.2222
PA,0,Suburb,14797.0,43217.0,1,0,3.34,79.0,R1 Research,64331.0,32.3,1,0.5,0.866,46.9,19266.0,12994.0,32260.0,32071.0,1,0.7421,0.5015,17274.0,0.0811
NJ,0,Town,78624.0,376937.0,0,0,2.84,56.0,R2 Doctoral,56109.0,75.0,3,1.0,0.0,63.2,13886.0,0.0,13886.0,42223.0,1,0.112,0.2475,0.0,0.1739
MI,0,City,10707.0,74863.0,0,0,3.75,89.0,R1 Research,71828.0,179.1,2,0.866,0.5,84.8,23621.0,9638.0,33259.0,38569.0,0,0.5152,0.463,27862.0,0.2462
IA,0,City,27545.0,143730.0,0,0,3.57,81.0,Community College,15935.0,115.7,5,0.5,-0.866,58.5,2428.0,0.0,2428.0,13507.0,1,0.094,0.1524,0.0,0.1132
TX,0,City,8548.0,48502.0,0,1,3.68,76.0,Regional Comprehensive,46684.0,135.1,12,-0.0,1.0,81.4,23132.0,20268.0,43400.0,3284.0,1,0.0677,0.9297,0.0,0.1495
VA,0,Rural,15680.0,90181.0,0,0,3.15,78.0,R2 Doctoral,48414.0,273.3,12,-0.0,1.0,33.7,18323.0,7171.0,25494.0,22920.0,1,0.2542,0.5266,7240.0,0.0268
WI,0,Suburb,18712.0,93087.0,0,0,3.66,70.0,Regional Comprehensive,47936.0,88.4,6,0.0,-1.0,34.4,22754.0,5690.0,28444.0,19492.0,1,0.2094,0.5934,780.0,0.0694
PA,0,Suburb,7514.0,32249.0,1,1,2.41,26.0,R2 Doctoral,52842.0,527.9,9,-1.0,-0.0,18.2,8491.0,17025.0,25516.0,27326.0,0,0.8473,0.4829,19812.0,0.019
OK,0,Suburb,13136.0,31569.0,1,0,3.35,55.0,Regional Comprehensive,39881.0,44.8,10,-0.866,0.5,72.3,14266.0,6816.0,21082.0,18799.0,0,0.5955,0.5286,5663.0,0.0201
PA,0,Suburb,12775.0,54326.0,1,0,3.14,59.0,Regional Comprehensive,57475.0,959.4,3,1.0,0.0,29.5,25800.0,11113.0,36913.0,20562.0,0,0.3785,0.6422,7787.0,0.0537
TX,0,Rural,24958.0,139503.0,1,0,2.23,16.0,Community College,19264.0,407.7,4,0.866,-0.5,92.7,2216.0,0.0,2216.0,17048.0,0,0.1222,0.115,0.0,0.25
VA,0,Rural,3955.0,16838.0,0,1,3.2,54.0,R1 Research,81514.0,87.2,10,-0.866,0.5,85.9,22740.0,37520.0,60260.0,21254.0,1,1.2623,0.7393,17299.0,0.0917
OH,1,Town,7296.0,48472.0,0,1,1.5,,Community College,18817.0,27.1,3,1.0,0.0,65.8,201.0,4098.0,4299.0,14518.0,1,0.2995,0.2285,7222.0,0.1607
CA,0,Town,24547.0,161637.0,0,0,1.5,,R2 Doctoral,63875.0,157.4,3,1.0,0.0,46.4,7486.0,5976.0,13462.0,50413.0,1,0.3119,0.2108,25866.0,0.0795
CA,0,City,382.0,25923.0,0,1,2.8,26.0,Community College,20842.0,237.6,10,-0.866,0.5,21.3,3177.0,9370.0,12547.0,8295.0,0,0.32,0.602,7913.0,0.031
TX,0,City,32769.0,155253.0,0,0,3.32,72.0,Liberal Arts College,74243.0,399.9,10,-0.866,0.5,61.9,33406.0,10346.0,43752.0,30491.0,0,0.1964,0.5893,0.0,0.0576
CO,0,Suburb,9055.0,27945.0,0,0,2.46,23.0,Community College,21429.0,31.0,8,-0.866,-0.5,56.2,2194.0,3309.0,5503.0,15926.0,1,0.5699,0.2568,6871.0,0.0745
UT,0,Suburb,12311.0,32536.0,0,0,2.59,60.0,Community College,21972.0,200.6,3,1.0,0.0,65.2,740.0,2471.0,3211.0,18761.0,1,0.5766,0.1461,6450.0,0.082
NJ,0,City,20261.0,56613.0,0,0,2.15,35.0,Regional Comprehensive,43126.0,15.0,3,1.0,0.0,70.6,9706.0,3917.0,13623.0,29503.0,1,0.5211,0.3159,9242.0,0.1591
CA,0,Town,55334.0,242532.0,0,0,3.6,79.0,Regional Comprehensive,44933.0,105.2,1,0.5,0.866,43.1,21947.0,0.0,21947.0,22986.0,1,0.0948,0.4884,0.0,0.0408
MI,0,City,6966.0,39704.0,1,1,2.45,42.0,R1 Research,90809.0,583.2,2,0.866,0.5,62.0,13726.0,42401.0,56127.0,34682.0,0,0.8735,0.6181,27716.0,0.0543
OR,0,City,-178.0,18075.0,1,1,2.36,42.0,Regional Comprehensive,45885.0,28.6,2,0.866,0.5,68.6,13737.0,19235.0,32972.0,12913.0,1,0.7144,0.7186,13091.0,0.1915
WI,0,Suburb,5008.0,22939.0,0,1,2.94,46.0,R2 Doctoral,62678.0,23.6,1,0.5,0.866,100.0,18975.0,22180.0,41155.0,21523.0,0,0.9383,0.6566,16515.0,0.2568
NY,0,Town,25945.0,123131.0,1,0,3.61,76.0,Regional Comprehensive,48724.0,159.8,8,-0.866,-0.5,74.6,25123.0,3731.0,28854.0,19870.0,0,0.1614,0.5922,0.0,0.0769
TX,0,Town,152.0,23732.0,1,1,3.75,98.0,R1 Research,81831.0,543.8,6,0.0,-1.0,65.0,26856.0,24164.0,51020.0,30811.0,0,1.2983,0.6235,30659.0,0.1067
IA,0,Suburb,20832.0,148054.0,0,0,2.48,50.0,R2 Doctoral,61990.0,178.3,1,0.5,0.866,44.6,15116.0,10299.0,25415.0,36575.0,1,0.247,0.41,15743.0,0.0448
OR,0,Town,11795.0,66188.0,0,0,2.59,29.0,Community College,12185.0,17.2,1,0.5,0.866,85.8,1138.0,68.0,1206.0,10979.0,1,0.1659,0.099,0.0,0.0574
CA,0,Town,17111.0,61498.0,0,0,3.37,99.0,Liberal Arts College,71715.0,21.6,2,0.866,0.5,92.4,34415.0,13002.0,47417.0,24298.0,1,0.3951,0.6612,7187.0,0.1635
AL,0,Suburb,2873.0,77968.0,1,1,3.71,64.0,Community College,18246.0,140.4,3,1.0,0.0,37.9,2439.0,6245.0,8684.0,9562.0,1,0.1226,0.4759,6689.0,0.0333
CA,0,Town,8658.0,35360.0,1,1,2.33,,R1 Research,74636.0,36.7,10,-0.866,0.5,25.5,9821.0,21360.0,31181.0,43455.0,1,1.2289,0.4178,34797.0,0.0551
CA,0,City,9039.0,69513.0,0,0,2.76,68.0,Community College,16801.0,146.3,1,0.5,0.866,63.9,2457.0,1245.0,3702.0,13099.0,0,0.1884,0.2203,4060.0,0.1538
CO,0,Suburb,6541.0,26662.0,0,1,3.63,88.0,R2 Doctoral,55353.0,155.7,2,0.866,0.5,58.5,26253.0,17304.0,43557.0,11796.0,0,0.4424,0.7869,5255.0,0.06
MI,0,City,23219.0,166242.0,0,0,2.9,54.0,R2 Doctoral,48461.0,75.8,10,-0.866,0.5,80.2,16565.0,3539.0,20104.0,28357.0,1,0.1706,0.4148,5138.0,0.0769
OH,1,Suburb,678.0,30042.0,1,1,2.81,58.0,R1 Research,39828.0,246.6,3,1.0,0.0,44.7,8667.0,19657.0,28324.0,11504.0,0,0.3829,0.7112,10826.0,0.0227
IA,0,Suburb,16249.0,86335.0,0,0,3.06,48.0,R1 Research,96170.0,235.5,2,0.866,0.5,44.9,23164.0,13718.0,36882.0,59288.0,0,0.6867,0.3835,43039.0,0.0714
KY,0,City,8422.0,29881.0,1,1,3.14,38.0,R2 Doctoral,53424.0,452.2,5,0.5,-0.866,35.7,15850.0,23604.0,39454.0,13970.0,1,0.4675,0.7385,5548.0,0.0238
CA,0,Suburb,7597.0,42877.0,1,1,3.68,75.0,Community College,22187.0,333.1,12,-0.0,1.0,38.9,5968.0,5610.0,11578.0,10609.0,1,0.2474,0.5218,3012.0,0.0504
WA,0,Suburb,14878.0,48091.0,0,0,3.68,72.0,Liberal Arts College,85984.0,108.2,11,-0.5,0.866,56.7,37316.0,15414.0,52730.0,33254.0,0,0.6915,0.6133,18376.0,0.0811
CO,0,Suburb,149080.0,538515.0,0,0,3.15,48.0,Regional Comprehensive,43130.0,103.3,4,0.866,-0.5,32.7,16364.0,0.0,16364.0,26766.0,0,0.0497,0.3794,0.0,0.0721
NJ,0,City,9518.0,62293.0,0,0,4.0,85.0,Regional Comprehensive,51865.0,92.7,1,0.5,0.866,100.0,26533.0,7022.0,33555.0,18310.0,0,0.2939,0.647,8792.0,0.1062
RI,0,City,5880.0,34839.0,0,1,2.72,37.0,Regional Comprehensive,40983.0,259.0,1,0.5,0.866,17.4,12993.0,12268.0,25261.0,15722.0,0,0.4513,0.6164,9842.0,0.0233
IN,0,Suburb,6421.0,45703.0,0,1,3.33,61.0,Regional Comprehensive,44662.0,64.0,2,0.866,0.5,52.1,16718.0,17490.0,34208.0,10454.0,1,0.2287,0.7659,4033.0,0.1622
CA,0,Town,3057.0,21304.0,1,1,2.49,41.0,Community College,20527.0,775.2,10,-0.866,0.5,62.9,799.0,7929.0,8728.0,11799.0,0,0.5538,0.4252,8742.0,0.084
TX,0,Rural,10564.0,55982.0,0,0,3.28,73.0,R2 Doctoral,56192.0,57.9,9,-1.0,-0.0,78.7,22931.0,9928.0,32859.0,23333.0,1,0.4168,0.5848,12769.0,0.2222
LA,0,Suburb,33105.0,238657.0,0,0,3.45,76.0,R2 Doctoral,55054.0,158.7,12,-0.0,1.0,34.6,22872.0,3680.0,26552.0,28502.0,1,0.1194,0.4823,0.0,0.0381
VT,0,Town,20130.0,80174.0,1,0,3.48,40.0,R2 Doctoral,44279.0,99.6,4,0.866,-0.5,30.9,15655.0,4130.0,19785.0,24494.0,1,0.3055,0.4468,4364.0,0.035
CA,0,Suburb,28767.0,120626.0,0,0,3.57,63.0,Liberal Arts College,84696.0,78.9,5,0.5,-0.866,40.7,37350.0,7830.0,45180.0,39516.0,0,0.3276,0.5334,10749.0,0.0685
CA,0,Rural,3672.0,32691.0,1,1,3.29,53.0,Regional Comprehensive,49117.0,1239.9,2,0.866,0.5,98.9,20256.0,24345.0,44601.0,4516.0,1,0.1381,0.9081,844.0,0.1463
CO,0,City,11242.0,54371.0,0,0,2.84,64.0,Liberal Arts College,72200.0,79.9,4,0.866,-0.5,23.3,26060.0,12816.0,38876.0,33324.0,1,0.6129,0.5384,22082.0,0.0597
CA,0,Suburb,19026.0,72898.0,0,0,2.94,42.0,Regional Comprehensive,49205.0,92.0,7,-0.5,-0.866,76.2,15246.0,5967.0,21213.0,27992.0,1,0.384,0.4311,8966.0,0.1028
CA,0,Suburb,5065.0,37338.0,0,1,3.46,48.0,Regional Comprehensive,46128.0,63.1,1,0.5,0.866,67.9,16770.0,13505.0,30275.0,15853.0,1,0.4246,0.6563,10788.0,0.069
UT,0,Suburb,19283.0,83952.0,0,0,3.72,91.0,R2 Doctoral,62631.0,132.3,10,-0.866,0.5,61.9,27918.0,10321.0,38239.0,24392.0,0,0.2905,0.6105,5109.0,0.1739
SC,0,City,22621.0,98038.0,1,0,3.3,68.0,Community College,20959.0,113.9,5,0.5,-0.866,84.8,2569.0,0.0,2569.0,18390.0,1,0.1876,0.1226,0.0,0.0857
CT,0,City,24142.0,93046.0,1,0,3.18,95.0,Regional Comprehensive,43664.0,39.1,2,0.866,0.5,52.5,22858.0,3518.0,26376.0,17288.0,0,0.1858,0.6041,0.0,0.2121
MA,0,Suburb,10140.0,56456.0,0,0,2.38,13.0,R1 Research,90873.0,81.1,2,0.866,0.5,79.5,11226.0,14404.0,25630.0,65243.0,0,1.1556,0.282,55103.0,0.1724
NY,0,Suburb,22791.0,138062.0,0,0,3.62,76.0,R2 Doctoral,50660.0,240.3,12,-0.0,1.0,55.7,19505.0,7726.0,27231.0,23429.0,0,0.1697,0.5375,638.0,0.1299
IA,0,Town,13473.0,52288.0,1,0,3.66,67.0,R1 Research,44777.0,372.5,2,0.866,0.5,42.2,13930.0,6931.0,20861.0,23916.0,0,0.4574,0.4659,10443.0,0.0316
NY,0,City,1719.0,48964.0,1,1,2.5,23.0,Regional Comprehensive,33207.0,129.9,4,0.866,-0.5,62.4,5801.0,14690.0,20491.0,12716.0,1,0.2597,0.6171,10997.0,0.1538
FL,0,Rural,60565.0,177710.0,0,0,3.5,63.0,Regional Comprehensive,47004.0,134.8,2,0.866,0.5,61.1,22303.0,0.0,22303.0,24701.0,0,0.139,0.4745,0.0,0.1579
CT,0,Suburb,4587.0,28367.0,0,1,3.61,64.0,Regional Comprehensive,34808.0,86.7,4,0.866,-0.5,16.0,16516.0,13561.0,30077.0,4731.0,1,0.1668,0.8641,144.0,0.05
TN,0,Rural,8257.0,18469.0,0,1,3.15,63.0,R2 Doctoral,52198.0,74.8,3,1.0,0.0,43.3,18200.0,15561.0,33761.0,18437.0,1,0.9983,0.6468,10180.0,0.0465
UT,0,City,-484.0,33697.0,1,1,3.21,64.0,R1 Research,82079.0,48.2,4,0.866,-0.5,72.9,20820.0,36036.0,56856.0,25223.0,0,0.7485,0.6927,25707.0,0.16
TX,0,Town,13193.0,83184.0,0,0,2.1,20.0,R1 Research,49389.0,24.7,1,0.5,0.866,65.4,6602.0,5193.0,11795.0,37594.0,1,0.4519,0.2388,24401.0,0.1287
NE,0,Rural,23239.0,158607.0,0,0,3.24,81.0,Regional Comprehensive,43916.0,60.6,1,0.5,0.866,81.7,21197.0,4033.0,25230.0,18686.0,1,0.1178,0.5745,0.0,0.0693
WA,0,Town,10878.0,39121.0,1,0,3.23,71.0,Regional Comprehensive,44661.0,327.4,10,-0.866,0.5,81.9,18276.0,5318.0,23594.0,21067.0,1,0.5385,0.5283,10189.0,0.1707
TN,0,Town,55513.0,232509.0,0,0,3.53,86.0,R1 Research,58134.0,81.1,10,-0.866,0.5,38.6,16688.0,381.0,17069.0,41065.0,1,0.1766,0.2936,0.0,0.0252
NV,0,Suburb,24270.0,64189.0,0,0,1.5,,R1 Research,74274.0,88.1,12,-0.0,1.0,39.6,6111.0,11371.0,17482.0,56792.0,0,0.8848,0.2354,32522.0,0.0581
IL,0,Town,15669.0,57920.0,0,0,1.5,2.0,R1 Research,70258.0,86.3,5,0.5,-0.866,30.9,5726.0,12830.0,18556.0,51702.0,0,0.8926,0.2641,36033.0,0.0395
MO,0,Suburb,7377.0,34134.0,1,1,2.84,61.0,Regional Comprehensive,47764.0,468.2,2,0.866,0.5,75.1,17148.0,18986.0,36134.0,11630.0,1,0.3407,0.7565,4253.0,0.0631
AZ,0,Suburb,52662.0,256524.0,0,0,3.03,41.0,Regional Comprehensive,44769.0,47.8,10,-0.866,0.5,44.9,18374.0,0.0,18374.0,26395.0,1,0.1029,0.4104,0.0,0.0485
MN,0,Rural,12404.0,56488.0,0,0,3.3,58.0,Regional Comprehensive,42799.0,169.5,12,-0.0,1.0,73.9,15808.0,5144.0,20952.0,21847.0,1,0.3868,0.4895,9443.0,0.0513
UT,0,City,2697.0,24124.0,1,1,2.5,37.0,R2 Doctoral,58170.0,117.9,2,0.866,0.5,84.6,16063.0,28848.0,44911.0,13259.0,1,0.5496,0.7721,10562.0,0.25
TN,0,Suburb,106451.0,369358.0,0,0,3.57,77.0,Liberal Arts College,89699.0,136.1,3,1.0,0.0,69.9,40205.0,0.0,40205.0,49494.0,1,0.134,0.4482,0.0,0.1124
CA,0,Rural,21966.0,83570.0,0,0,1.83,,R2 Doctoral,64281.0,163.8,4,0.866,-0.5,52.2,7812.0,10850.0,18662.0,45619.0,1,0.5459,0.2903,23653.0,0.1034
TX,0,City,30210.0,111877.0,0,0,3.11,69.0,R2 Doctoral,59591.0,134.5,3,1.0,0.0,80.7,24627.0,8079.0,32706.0,26885.0,1,0.2403,0.5488,0.0,0.2791
NE,0,City,34991.0,211234.0,1,0,2.78,65.0,Liberal Arts College,85215.0,291.4,5,0.5,-0.866,63.2,31914.0,8348.0,40262.0,44953.0,1,0.2128,0.4725,9962.0,0.0781
HI,0,Suburb,18523.0,97970.0,0,0,2.84,67.0,Community College,17357.0,122.9,11,-0.5,0.866,58.1,1020.0,0.0,1020.0,16337.0,1,0.1668,0.0588,0.0,0.0519
ID,0,Town,21484.0,126997.0,0,0,1.92,5.0,Regional Comprehensive,43819.0,791.1,11,-0.5,0.866,19.0,5737.0,3545.0,9282.0,34537.0,0,0.272,0.2118,13053.0,0.0238
CA,0,Rural,15544.0,65455.0,1,0,3.48,84.0,R1 Research,76217.0,132.8,1,0.5,0.866,73.6,23541.0,10439.0,33980.0,42237.0,0,0.6453,0.4458,26693.0,0.0667
IL,0,City,14422.0,106755.0,1,0,3.73,77.0,Community College,19616.0,21.2,7,-0.5,-0.866,62.2,3295.0,789.0,4084.0,15532.0,0,0.1455,0.2082,1110.0,0.2258
CO,0,Suburb,12141.0,61415.0,0,0,3.36,70.0,Regional Comprehensive,47748.0,247.7,1,0.5,0.866,60.7,19749.0,9270.0,29019.0,18729.0,1,0.305,0.6078,6588.0,0.0826
WI,0,Suburb,14521.0,62035.0,1,0,3.16,75.0,Liberal Arts College,91419.0,191.2,2,0.866,0.5,55.3,33910.0,11079.0,44989.0,46430.0,0,0.7484,0.4921,31909.0,0.0764
CA,0,Suburb,18239.0,68610.0,1,0,3.64,97.0,Regional Comprehensive,44478.0,131.1,3,1.0,0.0,37.2,22970.0,4028.0,26998.0,17480.0,0,0.2548,0.607,0.0,0.08
WA,0,Suburb,9122.0,47301.0,1,0,2.5,30.0,Regional Comprehensive,38340.0,96.5,11,-0.5,0.866,56.7,11488.0,5517.0,17005.0,21335.0,0,0.451,0.4435,12213.0,0.0571
TX,0,Rural,25012.0,90504.0,1,0,2.72,38.0,Regional Comprehensive,40990.0,15.0,3,1.0,0.0,26.0,14339.0,4346.0,18685.0,22305.0,0,0.2465,0.4558,0.0,0.1053
NC,0,Suburb,16449.0,90339.0,0,0,2.93,72.0,R2 Doctoral,57250.0,16.4,5,0.5,-0.866,55.0,21339.0,9801.0,31140.0,26110.0,1,0.289,0.5439,9661.0,0.0635
FL,0,City,28822.0,113507.0,1,0,2.69,42.0,Regional Comprehensive,43323.0,714.6,5,0.5,-0.866,53.0,13248.0,2511.0,15759.0,27564.0,1,0.2428,0.3638,0.0,0.0694
CA,0,Suburb,19914.0,99759.0,0,0,2.75,6.0,R1 Research,60948.0,68.5,3,1.0,0.0,84.6,10280.0,7595.0,17875.0,43073.0,1,0.4318,0.2933,23159.0,0.2188
CA,0,Suburb,41686.0,265676.0,0,0,2.59,45.0,Liberal Arts College,76573.0,349.2,7,-0.5,-0.866,91.0,25049.0,6180.0,31229.0,45344.0,1,0.1707,0.4078,3658.0,0.1584
NV,0,Suburb,28160.0,134308.0,0,0,2.31,18.0,R1 Research,65345.0,23.5,4,0.866,-0.5,32.7,10221.0,8751.0,18972.0,46373.0,1,0.3453,0.2903,18213.0,0.0308
WI,0,City,16740.0,54219.0,0,0,3.64,76.0,Liberal Arts College,82857.0,42.2,2,0.866,0.5,76.0,36333.0,18214.0,54547.0,28310.0,0,0.5221,0.6583,11570.0,0.1071
MS,0,City,19259.0,87222.0,0,0,1.61,10.0,Liberal Arts College,92200.0,258.4,3,1.0,0.0,48.9,14783.0,13387.0,28170.0,64030.0,1,0.7341,0.3055,44771.0,0.0737
GA,0,Rural,39059.0,174058.0,0,0,3.27,41.0,Regional Comprehensive,50253.0,113.8,2,0.866,0.5,53.3,16600.0,1770.0,18370.0,31883.0,1,0.1832,0.3656,0.0,0.0753
OH,1,City,8684.0,31762.0,0,1,2.17,33.0,Community College,16682.0,64.5,1,0.5,0.866,53.9,2415.0,3737.0,6152.0,10530.0,1,0.3315,0.3688,1846.0,0.0847
PA,0,Suburb,77294.0,268405.0,0,0,3.23,44.0,Regional Comprehensive,42202.0,124.9,3,1.0,0.0,84.3,10341.0,0.0,10341.0,31861.0,1,0.1187,0.245,0.0,0.14
WA,0,Town,2336.0,36035.0,0,1,3.33,58.0,Regional Comprehensive,38074.0,101.9,11,-0.5,0.866,51.7,14704.0,16667.0,31371.0,6703.0,0,0.186,0.8239,4367.0,0.098
PA,0,City,20443.0,120355.0,0,0,1.88,17.0,Regional Comprehensive,50041.0,62.0,3,1.0,0.0,68.5,5702.0,7678.0,13380.0,36661.0,1,0.3046,0.2674,16218.0,0.0932
WI,0,City,3516.0,63244.0,1,1,2.4,16.0,Regional Comprehensive,45620.0,36.2,10,-0.866,0.5,28.6,11038.0,20337.0,31375.0,14245.0,0,0.2252,0.6877,10729.0,0.0494
SC,0,Suburb,15097.0,60678.0,0,0,3.58,61.0,Regional Comprehensive,52194.0,552.6,1,0.5,0.866,42.1,21130.0,7942.0,29072.0,23122.0,0,0.3811,0.557,8025.0,0.0741
OK,0,Suburb,8479.0,24634.0,1,1,3.86,92.0,R1 Research,77478.0,656.9,3,1.0,0.0,54.9,28639.0,36354.0,64993.0,12485.0,0,0.5068,0.8389,4006.0,0.1184
FL,0,Suburb,24863.0,120982.0,0,0,3.18,69.0,Regional Comprehensive,42996.0,42.6,2,0.866,0.5,61.9,17240.0,3213.0,20453.0,22543.0,1,0.1863,0.4757,0.0,0.0488
MI,0,Suburb,5919.0,24894.0,1,1,2.84,47.0,R1 Research,56023.0,39.7,3,1.0,0.0,77.0,11752.0,23216.0,34968.0,21055.0,0,0.8458,0.6242,15136.0,0.0776
FL,0,City,5160.0,22275.0,0,1,2.34,38.0,Regional Comprehensive,46379.0,87.9,7,-0.5,-0.866,46.8,11719.0,16334.0,28053.0,18326.0,0,0.8227,0.6049,13166.0,0.1304
CA,0,City,32556.0,145072.0,0,0,2.69,96.0,R1 Research,90956.0,181.1,2,0.866,0.5,87.1,28874.0,11521.0,40395.0,50561.0,0,0.3485,0.4441,18005.0,0.0938
MO,0,City,34508.0,228323.0,0,0,3.06,38.0,Regional Comprehensive,48840.0,104.7,1,0.5,0.866,57.8,16395.0,3207.0,19602.0,29238.0,1,0.1281,0.4014,0.0,0.0588
NJ,0,Suburb,8412.0,38932.0,0,1,3.12,30.0,Regional Comprehensive,44425.0,214.1,1,0.5,0.866,50.3,12366.0,11318.0,23684.0,20741.0,1,0.5327,0.5331,12329.0,0.0755
MD,0,Suburb,21673.0,129604.0,1,0,3.41,85.0,Regional Comprehensive,48797.0,120.3,2,0.866,0.5,81.4,23492.0,4161.0,27653.0,21144.0,1,0.1631,0.5667,0.0,0.0538
CA,0,Rural,22211.0,111692.0,0,0,3.96,76.0,Regional Comprehensive,48293.0,112.3,7,-0.5,-0.866,70.1,22987.0,4953.0,27940.0,20353.0,1,0.1822,0.5786,0.0,0.1587
AK,0,City,11080.0,58930.0,1,0,3.72,87.0,Liberal Arts College,89691.0,1596.5,3,1.0,0.0,32.6,41751.0,19926.0,61677.0,28014.0,0,0.4754,0.6877,16934.0,0.0465
AK,0,Suburb,25707.0,164685.0,0,0,3.3,74.0,Community College,16865.0,73.0,12,-0.0,1.0,81.4,1546.0,0.0,1546.0,15319.0,1,0.093,0.0917,0.0,0.1296
GA,0,Suburb,7269.0,55949.0,0,1,3.29,66.0,R2 Doctoral,58610.0,709.0,2,0.866,0.5,52.0,20128.0,27054.0,47182.0,11428.0,1,0.2043,0.805,4159.0,0.0276
OK,0,Suburb,22801.0,91366.0,0,0,3.18,65.0,Community College,15282.0,578.9,11,-0.5,0.866,49.8,2943.0,0.0,2943.0,12339.0,0,0.1351,0.1926,0.0,0.2188
FL,0,Suburb,-972.0,25522.0,0,1,1.73,29.0,Regional Comprehensive,36575.0,215.1,10,-0.866,0.5,38.8,8551.0,13985.0,22536.0,14039.0,1,0.5501,0.6162,15011.0,0.1389
MD,0,City,958.0,26319.0,1,1,3.65,72.0,R1 Research,78316.0,16.8,9,-1.0,-0.0,51.7,21812.0,35588.0,57400.0,20916.0,0,0.7947,0.7329,19958.0,0.0408
CT,0,Suburb,46683.0,146051.0,0,0,3.56,93.0,Regional Comprehensive,50616.0,130.9,7,-0.5,-0.866,26.4,25794.0,991.0,26785.0,23831.0,0,0.1632,0.5292,0.0,0.0231
AL,0,Suburb,14174.0,93608.0,0,0,2.36,14.0,Regional Comprehensive,45019.0,73.8,1,0.5,0.866,68.0,13230.0,5166.0,18396.0,26623.0,0,0.2844,0.4086,12449.0,0.0952
AL,0,Town,12116.0,56808.0,0,0,3.44,76.0,Regional Comprehensive,44602.0,129.4,9,-1.0,-0.0,44.0,22511.0,5727.0,28238.0,16364.0,0,0.2881,0.6331,4248.0,0.0296
GA,0,City,41253.0,248612.0,1,0,2.35,37.0,Regional Comprehensive,46574.0,41.5,2,0.866,0.5,60.1,15915.0,892.0,16807.0,29767.0,1,0.1197,0.3609,0.0,0.0522
AL,0,Town,59964.0,246734.0,0,0,2.71,43.0,Liberal Arts College,88553.0,280.3,2,0.866,0.5,79.4,24304.0,5232.0,29536.0,59017.0,1,0.2392,0.3335,0.0,0.1132
IN,0,Suburb,15495.0,86353.0,1,0,3.49,86.0,Regional Comprehensive,49034.0,356.4,2,0.866,0.5,73.8,23614.0,5297.0,28911.0,20123.0,1,0.233,0.5896,4628.0,0.0534
TX,0,Suburb,-1500.0,22069.0,0,1,2.9,52.0,R2 Doctoral,57971.0,432.8,3,1.0,0.0,60.6,16180.0,31846.0,48026.0,9945.0,0,0.4506,0.8284,11445.0,0.07
CA,0,City,17560.0,58084.0,0,0,3.04,61.0,Liberal Arts College,83878.0,84.8,2,0.866,0.5,97.0,30227.0,18300.0,48527.0,35351.0,1,0.6086,0.5785,17791.0,0.1062
CO,0,Suburb,5600.0,34563.0,0,1,3.54,66.0,Regional Comprehensive,48696.0,41.7,10,-0.866,0.5,33.3,21832.0,20686.0,42518.0,6178.0,0,0.1787,0.8731,578.0,0.0455
AZ,0,Town,4524.0,67134.0,1,1,3.63,66.0,Regional Comprehensive,40171.0,183.3,6,0.0,-1.0,63.2,18677.0,16560.0,35237.0,4934.0,1,0.0735,0.8772,410.0,0.0227
MI,0,Suburb,10806.0,32076.0,0,0,2.7,30.0,Community College,20342.0,800.9,6,0.0,-1.0,80.9,1050.0,1596.0,2646.0,17696.0,1,0.5517,0.1301,6890.0,0.0989
IA,0,Suburb,4076.0,26601.0,0,1,2.84,41.0,Community College,15781.0,136.3,8,-0.866,-0.5,83.6,554.0,3720.0,4274.0,11507.0,1,0.4326,0.2708,7431.0,0.1346
MA,0,City,-390.0,12344.0,0,1,3.87,71.0,R1 Research,81692.0,203.7,2,0.866,0.5,35.0,24682.0,24441.0,49123.0,32569.0,0,2.6384,0.6013,32959.0,0.0714
IL,0,City,20383.0,70999.0,0,0,3.14,85.0,R2 Doctoral,61085.0,99.0,4,0.866,-0.5,46.6,23878.0,6236.0,30114.0,30971.0,0,0.4362,0.493,10588.0,0.0678
OH,1,Town,-1500.0,12027.0,0,1,2.82,44.0,Community College,19153.0,21.6,6,0.0,-1.0,78.5,2818.0,9069.0,11887.0,7266.0,1,0.6041,0.6206,8766.0,0.1364
WA,0,Suburb,11692.0,49982.0,1,0,1.68,5.0,R1 Research,70336.0,252.9,4,0.866,-0.5,55.4,7387.0,9358.0,16745.0,53591.0,1,1.0722,0.2381,41899.0,0.0625
CO,0,Town,14082.0,103773.0,1,0,3.8,70.0,R1 Research,82353.0,113.4,5,0.5,-0.866,64.0,27726.0,18243.0,45969.0,36384.0,1,0.3506,0.5582,22302.0,0.1282
NJ,0,Town,5588.0,37425.0,0,1,3.84,99.0,Regional Comprehensive,46233.0,193.6,1,0.5,0.866,53.8,26157.0,15518.0,41675.0,4558.0,1,0.1218,0.9014,0.0,0.0248
NC,0,Suburb,331.0,28823.0,0,1,1.59,,Liberal Arts College,79577.0,215.9,3,1.0,0.0,60.5,9753.0,22458.0,32211.0,47366.0,0,1.6433,0.4048,47035.0,0.2105
MD,0,Suburb,8311.0,59943.0,0,1,3.71,74.0,Regional Comprehensive,46506.0,182.5,5,0.5,-0.866,0.0,19948.0,19938.0,39886.0,6620.0,1,0.1104,0.8577,0.0,0.0
MO,0,Suburb,6790.0,34662.0,1,1,2.06,13.0,R2 Doctoral,58454.0,227.6,1,0.5,0.866,59.7,10669.0,26856.0,37525.0,20929.0,1,0.6038,0.642,14139.0,0.0794
LA,0,Suburb,9404.0,71946.0,1,0,2.5,33.0,R1 Research,82526.0,51.7,1,0.5,0.866,65.5,16697.0,11848.0,28545.0,53981.0,1,0.7503,0.3459,44577.0,0.087
CA,0,City,4976.0,29922.0,0,1,3.48,69.0,Regional Comprehensive,37760.0,48.5,4,0.866,-0.5,51.8,19453.0,16177.0,35630.0,2130.0,1,0.0712,0.9436,0.0,0.0833
WI,0,Town,9489.0,58382.0,0,0,2.69,26.0,Regional Comprehensive,44484.0,121.2,1,0.5,0.866,64.7,14953.0,5907.0,20860.0,23624.0,0,0.4046,0.4689,14135.0,0.1644
MI,0,Rural,4388.0,49049.0,1,1,3.2,74.0,Regional Comprehensive,35896.0,124.3,4,0.866,-0.5,40.1,13988.0,10762.0,24750.0,11146.0,0,0.2272,0.6895,6758.0,0.1176
CA,0,Suburb,10876.0,62424.0,0,0,2.05,4.0,Liberal Arts College,81008.0,73.2,2,0.866,0.5,66.8,13291.0,12712.0,26003.0,55005.0,0,0.8812,0.321,44129.0,0.0577
TN,0,Rural,51303.0,204293.0,0,0,3.38,80.0,R1 Research,66231.0,163.2,1,0.5,0.866,92.5,20123.0,3508.0,23631.0,42600.0,0,0.2085,0.3568,0.0,0.1181
MO,0,Rural,10637.0,72683.0,0,0,2.44,16.0,Regional Comprehensive,45643.0,328.8,9,-1.0,-0.0,78.9,9373.0,6386.0,15759.0,29884.0,0,0.4112,0.3453,19247.0,0.1385
MI,0,Suburb,13922.0,90509.0,0,0,2.91,54.0,Regional Comprehensive,41526.0,440.9,9,-1.0,-0.0,68.3,14430.0,4376.0,18806.0,22720.0,0,0.251,0.4529,8798.0,0.0442
SC,0,Town,13709.0,40141.0,0,0,2.49,22.0,Liberal Arts College,68816.0,558.2,2,0.866,0.5,66.6,14625.0,9469.0,24094.0,44722.0,0,1.1141,0.3501,31013.0,0.045
NY,0,Suburb,16204.0,73920.0,1,0,3.2,53.0,R2 Doctoral,53392.0,31.9,2,0.866,0.5,53.1,17018.0,5325.0,22343.0,31049.0,0,0.42,0.4185,14845.0,0.0645
TX,0,City,5678.0,51645.0,1,1,3.23,70.0,Regional Comprehensive,45369.0,37.4,3,1.0,0.0,56.1,18828.0,11372.0,30200.0,15169.0,0,0.2937,0.6657,9491.0,0.0625
PA,0,City,18013.0,64302.0,0,0,2.68,58.0,R1 Research,78178.0,93.5,1,0.5,0.866,78.4,19285.0,16717.0,36002.0,42176.0,1,0.6559,0.4605,24163.0,0.3279
IL,0,Suburb,19020.0,100432.0,0,0,3.7,99.0,R1 Research,65367.0,137.8,4,0.866,-0.5,57.5,24784.0,8752.0,33536.0,31831.0,0,0.3169,0.513,12811.0,0.046
IN,0,Town,15393.0,43907.0,0,0,1.97,21.0,Community College,19345.0,98.6,12,-0.0,1.0,90.9,2999.0,948.0,3947.0,15398.0,0,0.3507,0.204,5.0,0.1064
KY,0,Suburb,10636.0,47259.0,0,0,3.22,63.0,Regional Comprehensive,46823.0,70.9,8,-0.866,-0.5,25.0,19980.0,8861.0,28841.0,17982.0,1,0.3805,0.616,7346.0,0.0338
MO,0,Town,12781.0,44346.0,0,0,2.45,22.0,Regional Comprehensive,42795.0,92.0,2,0.866,0.5,58.1,10007.0,6271.0,16278.0,26517.0,0,0.598,0.3804,13736.0,0.1228
TX,0,Suburb,10271.0,43734.0,0,0,2.62,17.0,Regional Comprehensive,46707.0,210.5,2,0.866,0.5,51.8,12101.0,9494.0,21595.0,25112.0,0,0.5742,0.4624,14841.0,0.0612
PA,0,Suburb,8238.0,71306.0,1,1,2.86,58.0,Community College,15759.0,31.4,1,0.5,0.866,80.8,3326.0,3344.0,6670.0,9089.0,0,0.1275,0.4233,851.0,0.1091
TX,0,City,10846.0,48433.0,0,0,2.57,35.0,Regional Comprehensive,40934.0,1483.8,7,-0.5,-0.866,75.2,12548.0,8024.0,20572.0,20362.0,0,0.4204,0.5026,9516.0,0.0842
IN,0,Suburb,41455.0,185077.0,0,0,3.13,60.0,R2 Doctoral,62357.0,129.5,2,0.866,0.5,38.7,21728.0,4682.0,26410.0,35947.0,1,0.1942,0.4235,0.0,0.0543
FL,0,City,93111.0,433218.0,0,0,3.02,51.0,R1 Research,51893.0,381.9,10,-0.866,0.5,30.5,16566.0,0.0,16566.0,35327.0,1,0.0815,0.3192,0.0,0.0521
MI,0,City,12590.0,41818.0,0,0,2.97,45.0,Community College,18151.0,68.9,7,-0.5,-0.866,43.5,1017.0,920.0,1937.0,16214.0,1,0.3877,0.1067,3624.0,0.2353
MN,0,City,21266.0,77783.0,0,0,2.35,39.0,Community College,19174.0,231.6,2,0.866,0.5,71.8,3040.0,0.0,3040.0,16134.0,1,0.2074,0.1585,0.0,0.1569
TN,0,City,24810.0,132902.0,0,0,3.81,99.0,Community College,19610.0,140.7,3,1.0,0.0,68.9,3534.0,0.0,3534.0,16076.0,0,0.121,0.1802,0.0,0.0174
NY,0,City,8767.0,51982.0,0,1,3.07,42.0,R1 Research,74539.0,311.5,1,0.5,0.866,33.4,14343.0,34320.0,48663.0,25876.0,0,0.4978,0.6529,17109.0,0.0421
NY,0,Suburb,-1268.0,30762.0,0,1,3.26,41.0,Regional Comprehensive,44002.0,102.9,3,1.0,0.0,66.3,12745.0,17337.0,30082.0,13920.0,0,0.4525,0.6837,15188.0,0.093
MA,0,Suburb,64407.0,220022.0,0,0,2.76,43.0,Regional Comprehensive,43290.0,646.1,11,-0.5,0.866,56.7,10992.0,0.0,10992.0,32298.0,1,0.1468,0.2539,0.0,0.0615
NJ,0,City,24660.0,103160.0,0,0,2.79,38.0,Regional Comprehensive,41183.0,26.4,5,0.5,-0.866,58.1,12687.0,3060.0,15747.0,25436.0,1,0.2466,0.3824,776.0,0.0397
CA,0,Rural,19530.0,79178.0,0,0,1.99,32.0,Community College,22867.0,343.3,4,0.866,-0.5,70.7,0.0,708.0,708.0,22159.0,1,0.2799,0.031,2629.0,0.1538
OK,0,Suburb,28407.0,178863.0,0,0,3.51,81.0,Community College,20923.0,143.5,3,1.0,0.0,65.1,2913.0,0.0,2913.0,18010.0,0,0.1007,0.1392,0.0,0.16
MI,0,Rural,25309.0,109597.0,0,0,3.45,97.0,R1 Research,74635.0,43.5,5,0.5,-0.866,60.7,26135.0,7378.0,33513.0,41122.0,1,0.3752,0.449,15813.0,0.0438
GA,0,Suburb,18708.0,60809.0,0,0,3.02,70.0,R1 Research,71367.0,983.9,11,-0.5,0.866,74.8,18958.0,14094.0,33052.0,38315.0,0,0.6301,0.4631,19607.0,0.2045
TX,0,City,1611.0,31158.0,0,1,3.04,58.0,R2 Doctoral,52414.0,882.7,3,1.0,0.0,88.5,16653.0,23205.0,39858.0,12556.0,1,0.403,0.7604,10945.0,0.322
IL,0,Rural,9714.0,44126.0,0,0,3.66,82.0,Community College,18875.0,15.0,5,0.5,-0.866,51.8,4220.0,2355.0,6575.0,12300.0,1,0.2787,0.3483,2586.0,0.0376
NY,0,Rural,32141.0,149862.0,0,0,3.06,62.0,Community College,16583.0,152.5,12,-0.0,1.0,51.8,701.0,0.0,701.0,15882.0,1,0.106,0.0423,0.0,0.2069
FL,0,Suburb,25543.0,102858.0,0,0,3.56,64.0,Liberal Arts College,90703.0,265.8,5,0.5,-0.866,71.3,36718.0,14829.0,51547.0,39156.0,0,0.3807,0.5683,13613.0,0.25
NJ,0,Suburb,6811.0,55028.0,0,1,3.89,94.0,R1 Research,64076.0,201.5,7,-0.5,-0.866,54.0,19944.0,22974.0,42918.0,21158.0,0,0.3845,0.6698,14347.0,0.093
GA,0,Suburb,49687.0,224566.0,0,0,3.77,99.0,Regional Comprehensive,39372.0,622.1,10,-0.866,0.5,67.2,22040.0,0.0,22040.0,17332.0,1,0.0772,0.5598,0.0,0.0942
UT,0,Suburb,13577.0,56207.0,1,0,2.25,18.0,Regional Comprehensive,58386.0,500.1,3,1.0,0.0,67.3,14385.0,11696.0,26081.0,32305.0,0,0.5748,0.4467,18728.0,0.0813
KS,0,Town,53668.0,128157.0,0,0,2.58,36.0,Liberal Arts College,75573.0,167.4,1,0.5,0.866,76.8,21198.0,3448.0,24646.0,50927.0,0,0.3974,0.3261,0.0,0.1008
FL,0,Suburb,19574.0,73749.0,0,0,3.39,78.0,Liberal Arts College,68337.0,1384.1,3,1.0,0.0,73.1,28974.0,11169.0,40143.0,28194.0,0,0.3823,0.5874,8620.0,0.06
CA,0,City,41352.0,253147.0,0,0,2.14,42.0,R2 Doctoral,60596.0,338.8,1,0.5,0.866,61.3,13413.0,3932.0,17345.0,43251.0,1,0.1709,0.2862,1899.0,0.0682
MN,0,City,23907.0,108249.0,0,0,2.46,25.0,R2 Doctoral,47990.0,87.6,10,-0.866,0.5,70.8,12616.0,4959.0,17575.0,30415.0,1,0.281,0.3662,6508.0,0.2
AK,0,City,20164.0,65071.0,0,0,2.91,55.0,R2 Doctoral,51836.0,70.9,9,-1.0,-0.0,68.4,17003.0,6224.0,23227.0,28609.0,0,0.4397,0.4481,8445.0,0.1818
OR,0,City,6647.0,55341.0,0,1,2.62,40.0,Regional Comprehensive,48609.0,467.5,8,-0.866,-0.5,98.2,14749.0,11966.0,26715.0,21894.0,0,0.3956,0.5496,15247.0,0.1604
CA,0,Suburb,7332.0,62251.0,0,1,3.07,54.0,R1 Research,91295.0,55.1,3,1.0,0.0,27.9,23649.0,30084.0,53733.0,37562.0,1,0.6034,0.5886,30230.0,0.0267
FL,0,Rural,4154.0,37336.0,1,1,3.5,50.0,Regional Comprehensive,49609.0,82.4,8,-0.866,-0.5,72.5,18561.0,23253.0,41814.0,7795.0,1,0.2088,0.8429,3641.0,0.0795
CA,0,City,-310.0,23529.0,1,1,2.77,37.0,Regional Comprehensive,48270.0,98.5,5,0.5,-0.866,82.0,14347.0,22307.0,36654.0,11616.0,1,0.4937,0.7594,11926.0,0.0909
AL,0,Suburb,17613.0,78613.0,0,0,3.33,52.0,Regional Comprehensive,51277.0,184.1,1,0.5,0.866,100.0,18584.0,8528.0,27112.0,24165.0,1,0.3074,0.5287,6552.0,0.1628
VA,0,City,10037.0,42867.0,1,0,3.42,69.0,Community College,18288.0,103.4,1,0.5,0.866,57.5,3791.0,1645.0,5436.0,12852.0,1,0.2998,0.2972,2815.0,0.0741
MI,0,Suburb,4088.0,42785.0,0,1,2.94,47.0,Regional Comprehensive,38410.0,31.8,10,-0.866,0.5,56.7,11767.0,17728.0,29495.0,8915.0,1,0.2084,0.7679,4827.0,0.0897
NJ,0,Suburb,10544.0,59044.0,1,0,2.43,18.0,Liberal Arts College,70002.0,429.2,10,-0.866,0.5,50.4,13767.0,13802.0,27569.0,42433.0,0,0.7187,0.3938,31889.0,0.0405
FL,0,Suburb,3803.0,65356.0,0,1,3.29,63.0,Community College,22436.0,82.9,6,0.0,-1.0,90.3,3415.0,9665.0,13080.0,9356.0,1,0.1432,0.583,5553.0,0.0634
WA,0,Rural,8763.0,63279.0,1,1,2.37,55.0,R1 Research,61319.0,1056.6,2,0.866,0.5,52.0,9484.0,21220.0,30704.0,30615.0,0,0.4838,0.5007,21852.0,0.2121
CA,0,Rural,46583.0,220042.0,0,0,3.31,58.0,R1 Research,70738.0,174.3,11,-0.5,0.866,45.0,17698.0,5688.0,23386.0,47352.0,0,0.2152,0.3306,769.0,0.0714
MA,0,Town,23048.0,101409.0,0,0,3.83,81.0,R2 Doctoral,56278.0,479.3,10,-0.866,0.5,28.5,22754.0,5538.0,28292.0,27986.0,0,0.276,0.5027,4938.0,0.0154
MD,0,Town,58606.0,287112.0,0,0,2.59,36.0,Liberal Arts College,81248.0,245.7,7,-0.5,-0.866,7.1,21891.0,4317.0,26208.0,55040.0,1,0.1917,0.3226,0.0,0.0182
TN,0,Suburb,12374.0,45887.0,1,0,2.86,40.0,Regional Comprehensive,47731.0,504.0,8,-0.866,-0.5,60.6,15394.0,5695.0,21089.0,26642.0,0,0.5806,0.4418,14268.0,0.2222
NY,0,Suburb,21522.0,110667.0,0,0,2.96,33.0,Regional Comprehensive,47944.0,230.6,1,0.5,0.866,61.0,17527.0,4442.0,21969.0,25975.0,1,0.2347,0.4582,4453.0,0.2647
LA,0,Suburb,15248.0,47760.0,0,0,2.55,61.0,Liberal Arts College,106632.0,162.2,8,-0.866,-0.5,52.3,33652.0,18007.0,51659.0,54973.0,0,1.151,0.4845,39725.0,0.1064
MO,0,Town,20642.0,42024.0,0,0,2.59,16.0,Regional Comprehensive,48464.0,399.3,10,-0.866,0.5,65.7,8777.0,5465.0,14242.0,34222.0,0,0.8143,0.2939,13580.0,0.035
TX,0,City,115824.0,295018.0,0,0,3.11,37.0,R2 Doctoral,64697.0,1723.5,6,0.0,-1.0,72.1,19730.0,0.0,19730.0,44967.0,0,0.1524,0.305,0.0,0.0976
TX,0,City,11093.0,36204.0,0,0,3.48,83.0,R2 Doctoral,56376.0,95.4,11,-0.5,0.866,41.4,22176.0,9367.0,31543.0,24833.0,0,0.6859,0.5595,13740.0,0.1356
AZ,0,City,-1500.0,12621.0,0,1,2.31,2.0,Community College,24007.0,291.9,1,0.5,0.866,63.9,1404.0,8004.0,9408.0,14599.0,0,1.1567,0.3919,16099.0,0.3
NY,0,Suburb,2565.0,37808.0,0,1,2.53,47.0,R2 Doctoral,51358.0,126.0,1,0.5,0.866,60.7,12927.0,26251.0,39178.0,12180.0,1,0.3222,0.7628,9615.0,0.1111
CA,0,Suburb,-1500.0,14824.0,0,1,3.15,72.0,Regional Comprehensive,49612.0,215.6,12,-0.0,1.0,53.0,22105.0,18232.0,40337.0,9275.0,0,0.6257,0.813,10775.0,0.0808
TX,0,City,9680.0,31731.0,0,0,1.86,1.0,Liberal Arts College,76014.0,132.4,10,-0.866,0.5,81.6,10045.0,11304.0,21349.0,54665.0,0,1.7228,0.2809,44985.0,0.1232
TX,0,Suburb,4616.0,33920.0,0,1,2.06,20.0,Liberal Arts College,86946.0,15.0,2,0.866,0.5,69.3,15715.0,45169.0,60884.0,26062.0,1,0.7683,0.7003,21446.0,0.2
GA,0,Suburb,10756.0,64563.0,1,0,2.7,43.0,Regional Comprehensive,47506.0,102.7,11,-0.5,0.866,76.5,14905.0,8091.0,22996.0,24510.0,1,0.3796,0.4841,13754.0,0.0828
WA,0,Town,-1500.0,14390.0,0,1,2.24,16.0,Regional Comprehensive,50813.0,361.9,1,0.5,0.866,59.1,9588.0,17178.0,26766.0,24047.0,0,1.6711,0.5268,25547.0,0.1296
TX,0,City,27613.0,148908.0,0,0,3.57,69.0,Community College,20282.0,56.7,3,1.0,0.0,40.5,2769.0,0.0,2769.0,17513.0,0,0.1176,0.1365,0.0,0.0246
MO,0,City,798.0,16309.0,0,1,2.79,45.0,Regional Comprehensive,44815.0,333.2,1,0.5,0.866,82.1,13896.0,15271.0,29167.0,15648.0,0,0.9595,0.6508,14850.0,0.1053
NY,0,Suburb,5587.0,57413.0,0,1,2.32,23.0,Community College,21538.0,153.6,11,-0.5,0.866,67.0,3659.0,6190.0,9849.0,11689.0,1,0.2036,0.4573,6102.0,0.1226
NY,0,Suburb,3073.0,49842.0,0,1,3.66,88.0,Community College,16963.0,103.6,12,-0.0,1.0,44.4,2133.0,5764.0,7897.0,9066.0,0,0.1819,0.4655,5993.0,0.0708
FL,0,Town,35711.0,114034.0,0,0,2.48,33.0,R1 Research,56134.0,328.0,1,0.5,0.866,59.5,9421.0,4577.0,13998.0,42136.0,1,0.3695,0.2494,6425.0,0.0984
MN,0,Suburb,11675.0,81073.0,1,0,3.56,82.0,Regional Comprehensive,35158.0,259.0,10,-0.866,0.5,68.5,14357.0,4158.0,18515.0,16643.0,1,0.2053,0.5266,4968.0,0.125
WV,0,Rural,26359.0,147938.0,0,0,2.83,43.0,Community College,23566.0,197.0,1,0.5,0.866,69.3,632.0,0.0,632.0,22934.0,1,0.155,0.0268,0.0,0.1587
NC,0,Suburb,3108.0,48521.0,0,1,3.72,91.0,Regional Comprehensive,46200.0,368.2,11,-0.5,0.866,51.5,24950.0,18141.0,43091.0,3109.0,1,0.0641,0.9327,1.0,0.0476
CA,0,Suburb,17529.0,45043.0,1,0,3.06,69.0,Regional Comprehensive,47198.0,156.8,11,-0.5,0.866,38.1,19192.0,6715.0,25907.0,21291.0,1,0.4727,0.5489,3762.0,0.0779
FL,0,Rural,18732.0,84729.0,1,0,3.4,44.0,Regional Comprehensive,43454.0,22.5,9,-1.0,-0.0,94.0,15450.0,3944.0,19394.0,24060.0,1,0.284,0.4463,5328.0,0.1356
TX,0,City,29838.0,132062.0,0,0,2.23,31.0,Liberal Arts College,80283.0,85.2,1,0.5,0.866,62.7,19312.0,10702.0,30014.0,50269.0,0,0.3806,0.3739,20431.0,0.0722
KY,0,Town,18432.0,114011.0,0,0,3.63,70.0,Liberal Arts College,70027.0,19.1,2,0.866,0.5,82.6,31494.0,14123.0,45617.0,24410.0,1,0.2141,0.6514,5978.0,0.0841
CA,0,City,19211.0,79357.0,1,0,3.6,72.0,Regional Comprehensive,44946.0,252.7,4,0.866,-0.5,20.0,19381.0,4724.0,24105.0,20841.0,1,0.2626,0.5363,1630.0,0.0471
ID,0,Suburb,10815.0,74423.0,0,0,3.75,88.0,Regional Comprehensive,36936.0,324.7,3,1.0,0.0,38.8,18635.0,4165.0,22800.0,14136.0,0,0.1899,0.6173,3321.0,0.08
VA,0,City,13516.0,61321.0,0,0,3.16,63.0,Regional Comprehensive,36571.0,340.6,3,1.0,0.0,80.9,11551.0,4721.0,16272.0,20299.0,0,0.331,0.4449,6783.0,0.062
MI,0,Suburb,11204.0,84554.0,1,0,3.63,76.0,R2 Doctoral,48204.0,211.7,7,-0.5,-0.866,58.1,20832.0,7498.0,28330.0,19874.0,0,0.235,0.5877,8670.0,0.0756
KY,0,Town,57835.0,272434.0,0,0,3.26,73.0,R1 Research,64417.0,350.1,1,0.5,0.866,81.8,23139.0,1381.0,24520.0,39897.0,1,0.1464,0.3806,0.0,0.1477
CA,0,City,10850.0,52857.0,1,0,3.37,71.0,R1 Research,84391.0,24.2,5,0.5,-0.866,52.6,24295.0,12953.0,37248.0,47143.0,0,0.8919,0.4414,36293.0,0.0709
MN,0,City,8281.0,48415.0,0,1,3.53,65.0,Regional Comprehensive,56437.0,113.2,1,0.5,0.866,60.4,23998.0,22399.0,46397.0,10040.0,0,0.2074,0.8221,1759.0,0.0265
CA,0,Suburb,12373.0,45818.0,1,0,3.47,87.0,Liberal Arts College,88532.0,28.7,2,0.866,0.5,52.2,40289.0,12777.0,53066.0,35466.0,1,0.7741,0.5994,23093.0,0.0822
KY,0,City,34390.0,83312.0,0,0,3.66,94.0,Community College,11064.0,87.0,5,0.5,-0.866,76.8,2081.0,0.0,2081.0,8983.0,1,0.1078,0.1881,0.0,0.0845
MI,0,Suburb,4687.0,13662.0,1,1,3.06,57.0,Community College,23441.0,691.5,7,-0.5,-0.866,55.4,3059.0,5673.0,8732.0,14709.0,0,1.0766,0.3725,10022.0,0.0667
CA,0,Rural,8202.0,57111.0,1,1,2.65,34.0,Regional Comprehensive,43302.0,399.3,2,0.866,0.5,80.9,12779.0,19303.0,32082.0,11220.0,1,0.1965,0.7409,3018.0,0.1486
LA,0,City,25862.0,118666.0,0,0,2.48,25.0,Regional Comprehensive,37987.0,254.0,2,0.866,0.5,89.0,7306.0,2006.0,9312.0,28675.0,0,0.2416,0.2451,2813.0,0.06
CA,0,Suburb,10274.0,43093.0,0,0,2.64,63.0,Regional Comprehensive,53597.0,104.7,8,-0.866,-0.5,52.9,19528.0,11768.0,31296.0,22301.0,0,0.5175,0.5839,12027.0,0.0709
TX,0,Suburb,12949.0,72000.0,1,0,3.74,81.0,R2 Doctoral,53609.0,44.6,5,0.5,-0.866,61.5,23516.0,7923.0,31439.0,22170.0,1,0.3079,0.5865,9221.0,0.2439
SC,0,City,53717.0,287426.0,0,0,3.3,68.0,R2 Doctoral,50261.0,154.2,2,0.866,0.5,52.6,16513.0,0.0,16513.0,33748.0,1,0.1174,0.3285,0.0,0.03
GA,0,City,17575.0,79918.0,1,0,2.0,22.0,Community College,17667.0,406.7,4,0.866,-0.5,99.8,0.0,24.0,24.0,17643.0,1,0.2208,0.0014,68.0,0.2027
CT,0,Town,5474.0,12554.0,1,1,3.3,30.0,R1 Research,69116.0,194.8,1,0.5,0.866,64.9,13925.0,17909.0,31834.0,37282.0,0,2.9697,0.4606,31808.0,0.1047
AZ,0,Suburb,7867.0,22808.0,1,1,3.55,64.0,R1 Research,77532.0,24.0,3,1.0,0.0,60.8,22642.0,23975.0,46617.0,30915.0,0,1.3554,0.6013,23048.0,0.0893
AZ,0,Town,8243.0,52537.0,0,1,3.57,99.0,R2 Doctoral,57282.0,141.4,9,-1.0,-0.0,35.6,26975.0,14600.0,41575.0,15707.0,0,0.299,0.7258,7464.0,0.0789
NY,0,Suburb,4508.0,35286.0,1,1,1.84,,Regional Comprehensive,42115.0,17.0,10,-0.866,0.5,48.7,6783.0,20395.0,27178.0,14937.0,1,0.4233,0.6453,10429.0,0.0649
TX,0,Suburb,14189.0,67808.0,1,0,2.49,16.0,R1 Research,54523.0,294.8,1,0.5,0.866,58.9,6784.0,9163.0,15947.0,38576.0,1,0.5689,0.2925,24387.0,0.0571
WV,0,Rural,16311.0,50915.0,0,0,2.78,41.0,Regional Comprehensive,41492.0,61.2,7,-0.5,-0.866,77.1,10152.0,5212.0,15364.0,26128.0,1,0.5132,0.3703,9817.0,0.1277
CA,0,Rural,36838.0,145739.0,0,0,3.72,69.0,Community College,19629.0,35.1,1,0.5,0.866,57.4,5036.0,0.0,5036.0,14593.0,1,0.1001,0.2566,0.0,0.0808
MI,0,Rural,8931.0,28688.0,1,0,1.5,,Regional Comprehensive,41728.0,299.1,8,-0.866,-0.5,54.0,6410.0,8580.0,14990.0,26738.0,0,0.932,0.3592,17807.0,0.042
FL,0,City,16042.0,54209.0,0,0,2.94,38.0,Regional Comprehensive,45662.0,228.0,10,-0.866,0.5,68.5,13726.0,4240.0,17966.0,27696.0,1,0.5109,0.3935,11654.0,0.1
FL,0,Rural,13069.0,73602.0,0,0,2.44,31.0,Community College,19020.0,161.7,11,-0.5,0.866,54.3,2623.0,1185.0,3808.0,15212.0,1,0.2067,0.2002,2143.0,0.0517
VA,0,Town,24665.0,80468.0,0,0,2.96,58.0,Liberal Arts College,88484.0,1265.4,1,0.5,0.866,43.3,31111.0,12844.0,43955.0,44529.0,0,0.5534,0.4968,19864.0,0.0676
SC,0,Town,16628.0,69961.0,0,0,2.63,46.0,Liberal Arts College,79875.0,246.8,1,0.5,0.866,90.7,23192.0,9589.0,32781.0,47094.0,0,0.6731,0.4104,30466.0,0.1075
MN,0,Suburb,-1103.0,11091.0,0,1,2.07,9.0,Community College,21195.0,64.4,3,1.0,0.0,51.1,3780.0,9348.0,13128.0,8067.0,0,0.7273,0.6194,9170.0,0.069
OK,0,Rural,19128.0,66834.0,0,0,3.26,78.0,R1 Research,70017.0,218.6,2,0.866,0.5,67.0,20067.0,12092.0,32159.0,37858.0,1,0.5664,0.4593,18730.0,0.2167
NY,0,Suburb,8924.0,56470.0,0,0,3.41,72.0,Community College,23111.0,93.8,3,1.0,0.0,69.1,955.0,3319.0,4274.0,18837.0,0,0.3336,0.1849,9913.0,0.1975
GA,0,Town,33807.0,117261.0,1,0,2.55,52.0,R1 Research,67933.0,479.1,1,0.5,0.866,27.1,15061.0,8609.0,23670.0,44263.0,0,0.3775,0.3484,10456.0,0.0484
CA,0,Suburb,28640.0,105931.0,0,0,2.43,37.0,R1 Research,64439.0,170.2,9,-1.0,-0.0,49.7,11044.0,6713.0,17757.0,46682.0,0,0.4407,0.2756,18042.0,0.1017
WI,0,Town,8069.0,74862.0,0,1,3.43,68.0,Regional Comprehensive,51036.0,188.8,6,0.0,-1.0,47.7,22502.0,22753.0,45255.0,5781.0,0,0.0772,0.8867,0.0,0.0789
NY,0,Town,16833.0,78864.0,0,0,2.98,51.0,Community College,17434.0,27.9,3,1.0,0.0,39.6,1400.0,167.0,1567.0,15867.0,1,0.2012,0.0899,0.0,0.0849
NJ,0,City,31572.0,166661.0,0,0,3.25,69.0,R2 Doctoral,49478.0,135.1,7,-0.5,-0.866,55.2,16903.0,3216.0,20119.0,29359.0,1,0.1762,0.4066,0.0,0.0642
TX,0,Suburb,31769.0,144093.0,0,0,2.56,55.0,R1 Research,61945.0,119.4,2,0.866,0.5,64.0,13568.0,7993.0,21561.0,40384.0,1,0.2803,0.3481,8615.0,0.0874
AL,0,Suburb,12373.0,76745.0,1,0,3.32,69.0,R1 Research,67526.0,43.2,5,0.5,-0.866,72.9,17083.0,11979.0,29062.0,38464.0,0,0.5012,0.4304,26091.0,0.0417
AL,0,Town,76743.0,294991.0,0,0,3.57,79.0,Regional Comprehensive,43806.0,100.4,3,1.0,0.0,63.0,18642.0,0.0,18642.0,25164.0,1,0.0853,0.4256,0.0,0.2083
CT,0,Town,5782.0,40043.0,0,1,2.94,60.0,Community College,20041.0,200.2,2,0.866,0.5,61.0,1867.0,7802.0,9669.0,10372.0,0,0.259,0.4825,4590.0,0.087
CA,0,Town,6603.0,26809.0,0,1,3.86,65.0,Liberal Arts College,84724.0,126.1,1,0.5,0.866,91.6,36418.0,26128.0,62546.0,22178.0,0,0.8273,0.7382,15575.0,0.1667
ND,0,Town,14695.0,62455.0,1,0,2.72,26.0,Regional Comprehensive,45139.0,28.8,2,0.866,0.5,59.6,9482.0,8005.0,17487.0,27652.0,0,0.4428,0.3874,12957.0,0.0741
FL,0,Suburb,-1500.0,48091.0,1,1,2.71,47.0,R2 Doctoral,61697.0,95.1,3,1.0,0.0,34.8,17750.0,27614.0,45364.0,16333.0,1,0.3396,0.7353,17833.0,0.0288
NY,0,City,-282.0,10667.0,0,1,3.47,60.0,Community College,21042.0,77.5,2,0.866,0.5,47.2,1875.0,10802.0,12677.0,8365.0,0,0.7842,0.6025,8647.0,0.2667
FL,0,Suburb,5519.0,39351.0,1,1,2.84,45.0,R1 Research,63686.0,155.3,12,-0.0,1.0,77.1,14607.0,29681.0,44288.0,19398.0,1,0.4929,0.6954,13879.0,0.0769
FL,0,Rural,14946.0,80610.0,0,0,3.19,62.0,R1 Research,63222.0,138.6,1,0.5,0.866,59.2,17296.0,7366.0,24662.0,38560.0,1,0.4784,0.3901,23614.0,0.0345
NJ,0,Suburb,11907.0,60368.0,1,0,2.56,70.0,R2 Doctoral,53333.0,82.2,3,1.0,0.0,49.2,18677.0,8214.0,26891.0,26442.0,0,0.438,0.5042,14535.0,0.0968
FL,0,Rural,4745.0,35988.0,0,1,3.29,64.0,Regional Comprehensive,35335.0,78.9,6,0.0,-1.0,71.3,14401.0,13492.0,27893.0,7442.0,0,0.2068,0.7894,2697.0,0.0625
IL,0,Rural,7745.0,64892.0,0,1,2.85,22.0,Community College,19204.0,136.0,2,0.866,0.5,90.0,0.0,3271.0,3271.0,15933.0,1,0.2455,0.1703,8188.0,0.2308
MA,0,Suburb,12672.0,68776.0,1,0,3.91,92.0,Liberal Arts College,74754.0,348.3,4,0.866,-0.5,60.8,40334.0,9925.0,50259.0,24495.0,1,0.3562,0.6723,11823.0,0.0806
LA,0,Town,16374.0,105330.0,0,0,3.0,68.0,Regional Comprehensive,52341.0,169.8,7,-0.5,-0.866,69.1,21403.0,7504.0,28907.0,23434.0,0,0.2225,0.5523,7060.0,0.0345
IN,0,Suburb,7250.0,39661.0,0,1,2.32,36.0,Regional Comprehensive,49953.0,564.6,12,-0.0,1.0,79.5,13551.0,17200.0,30751.0,19202.0,1,0.4842,0.6156,11952.0,0.2581
VA,0,Suburb,16222.0,118087.0,0,0,3.41,77.0,Liberal Arts College,74020.0,416.4,4,0.866,-0.5,97.6,31248.0,13579.0,44827.0,29193.0,1,0.2472,0.6056,12971.0,0.2222
TX,0,City,7124.0,28702.0,0,1,3.78,75.0,R2 Doctoral,61874.0,609.9,7,-0.5,-0.866,67.6,27441.0,25006.0,52447.0,9427.0,0,0.3284,0.8476,2303.0,0.1951
AL,0,City,7325.0,43808.0,0,1,3.56,71.0,Regional Comprehensive,44276.0,533.2,9,-1.0,-0.0,54.8,18225.0,19278.0,37503.0,6773.0,1,0.1546,0.847,0.0,0.1154
CA,0,City,69752.0,213902.0,0,0,3.14,49.0,R2 Doctoral,58834.0,653.9,2,0.866,0.5,60.9,16083.0,0.0,16083.0,42751.0,1,0.1999,0.2734,0.0,0.04
FL,0,Suburb,2050.0,30116.0,0,1,2.97,44.0,Community College,14176.0,37.8,3,1.0,0.0,21.9,364.0,4419.0,4783.0,9393.0,0,0.3119,0.3374,7343.0,0.0227
CA,0,City,6088.0,39171.0,0,1,2.86,47.0,Community College,17609.0,250.0,10,-0.866,0.5,31.8,2341.0,3480.0,5821.0,11788.0,0,0.3009,0.3306,5700.0,0.0485
TN,0,Suburb,2412.0,25534.0,1,1,2.64,53.0,Community College,19416.0,455.4,5,0.5,-0.866,72.3,861.0,6653.0,7514.0,11902.0,1,0.4661,0.387,9490.0,0.1294
PA,0,Suburb,10584.0,34696.0,0,0,1.6,39.0,Regional Comprehensive,43810.0,550.5,1,0.5,0.866,100.0,8697.0,4977.0,13674.0,30136.0,0,0.8686,0.3121,19552.0,0.1507
MA,0,Suburb,9437.0,69538.0,1,0,1.83,12.0,Regional Comprehensive,50832.0,56.4,11,-0.5,0.866,47.7,6715.0,10853.0,17568.0,33264.0,1,0.4784,0.3456,23827.0,0.1562
PA,0,Rural,19989.0,104685.0,0,0,3.48,80.0,Regional Comprehensive,46624.0,252.7,3,1.0,0.0,57.1,23392.0,6355.0,29747.0,16877.0,1,0.1612,0.638,0.0,0.1375
GA,0,Suburb,19508.0,62105.0,1,0,2.92,21.0,Community College,20537.0,137.1,7,-0.5,-0.866,69.0,2151.0,268.0,2419.0,18118.0,1,0.2917,0.1178,0.0,0.0682
GA,0,City,20870.0,49823.0,1,0,3.58,71.0,Liberal Arts College,79173.0,881.2,2,0.866,0.5,94.3,34617.0,8510.0,43127.0,36046.0,0,0.7235,0.5447,15176.0,0.186
CA,0,Rural,7584.0,25725.0,1,1,2.65,62.0,Community College,19050.0,29.5,4,0.866,-0.5,49.3,1237.0,3287.0,4524.0,14526.0,0,0.5647,0.2375,6942.0,0.1837
OH,1,Town,5462.0,37289.0,0,1,2.95,54.0,R1 Research,66310.0,16.4,4,0.866,-0.5,52.2,15940.0,23829.0,39769.0,26541.0,1,0.7118,0.5997,21079.0,0.0571
MA,0,Suburb,-967.0,20679.0,1,1,2.22,24.0,Regional Comprehensive,53049.0,18.9,1,0.5,0.866,67.4,13084.0,25374.0,38458.0,14591.0,1,0.7056,0.725,15558.0,0.1159
NJ,0,Town,16086.0,106972.0,0,0,3.17,99.0,Community College,13779.0,147.5,3,1.0,0.0,63.9,848.0,0.0,848.0,12931.0,1,0.1209,0.0615,0.0,0.0864
CA,0,City,18701.0,112462.0,1,0,2.5,51.0,Regional Comprehensive,40462.0,1365.0,2,0.866,0.5,69.9,14579.0,3209.0,17788.0,22674.0,0,0.2016,0.4396,3973.0,0.4
TN,0,Town,16230.0,61137.0,0,0,2.93,62.0,R2 Doctoral,56360.0,120.9,5,0.5,-0.866,66.6,19106.0,8028.0,27134.0,29226.0,1,0.478,0.4814,12996.0,0.0635
NY,0,City,15024.0,86495.0,0,0,2.69,42.0,Regional Comprehensive,51070.0,140.9,12,-0.0,1.0,63.9,17810.0,7448.0,25258.0,25812.0,1,0.2984,0.4946,10788.0,0.0854
CA,0,Suburb,19070.0,118289.0,0,0,3.22,67.0,R1 Research,79094.0,225.8,9,-1.0,-0.0,62.3,23441.0,15309.0,38750.0,40344.0,1,0.3411,0.4899,21274.0,0.2045
TX,0,City,19687.0,67702.0,1,0,3.24,92.0,Community College,16964.0,112.1,11,-0.5,0.866,58.5,9.0,0.0,9.0,16955.0,0,0.2504,0.0005,0.0,0.4211
NC,0,Town,32758.0,171682.0,0,0,1.96,45.0,Liberal Arts College,73100.0,186.1,4,0.866,-0.5,36.0,17082.0,8646.0,25728.0,47372.0,0,0.2759,0.352,14614.0,0.0424
NY,0,City,2876.0,30118.0,0,1,3.6,71.0,Community College,20884.0,191.3,1,0.5,0.866,40.1,0.0,8365.0,8365.0,12519.0,0,0.4157,0.4005,9643.0,0.0704
IN,0,City,2744.0,48970.0,0,1,2.63,20.0,R1 Research,66616.0,52.1,2,0.866,0.5,49.2,7845.0,27802.0,35647.0,30969.0,0,0.6324,0.5351,28225.0,0.0336
FL,0,City,10501.0,44946.0,1,0,3.26,66.0,R2 Doctoral,57703.0,114.8,4,0.866,-0.5,85.3,19007.0,10058.0,29065.0,28638.0,0,0.6372,0.5037,18137.0,0.1132
CO,0,Town,25698.0,100309.0,1,0,3.24,74.0,Regional Comprehensive,41940.0,276.1,2,0.866,0.5,92.3,20438.0,4536.0,24974.0,16966.0,0,0.1691,0.5955,0.0,0.2692
NY,0,City,-294.0,22413.0,0,1,2.63,64.0,R1 Research,76400.0,335.9,3,1.0,0.0,37.7,18764.0,22920.0,41684.0,34716.0,0,1.5489,0.5456,35010.0,0.0275
AZ,0,Suburb,25582.0,178535.0,0,0,3.21,62.0,Regional Comprehensive,47865.0,495.4,10,-0.866,0.5,72.6,19912.0,5814.0,25726.0,22139.0,1,0.124,0.5375,0.0,0.096
SC,0,Suburb,22701.0,94323.0,0,0,3.53,71.0,Regional Comprehensive,32889.0,180.2,1,0.5,0.866,35.4,14054.0,2083.0,16137.0,16752.0,1,0.1776,0.4907,0.0,0.0441
IL,0,Town,38387.0,221951.0,0,0,2.44,48.0,R1 Research,88190.0,184.1,2,0.866,0.5,73.9,17702.0,10741.0,28443.0,59747.0,1,0.2692,0.3225,21360.0,0.0952
CA,0,City,13530.0,61132.0,0,0,3.82,74.0,Regional Comprehensive,53584.0,278.5,12,-0.0,1.0,45.8,26771.0,9571.0,36342.0,17242.0,0,0.282,0.6782,3712.0,0.0444
MI,0,Rural,4857.0,42352.0,1,1,2.83,45.0,Community College,13915.0,67.9,5,0.5,-0.866,25.6,1093.0,3666.0,4759.0,9156.0,0,0.2162,0.342,4299.0,0.0424
AK,0,Suburb,12408.0,101024.0,0,0,1.69,5.0,Regional Comprehensive,43972.0,65.0,3,1.0,0.0,43.7,5596.0,6350.0,11946.0,32026.0,1,0.317,0.2717,19618.0,0.065
HI,0,City,33622.0,132191.0,1,0,2.39,31.0,Regional Comprehensive,37658.0,111.1,2,0.866,0.5,56.2,10448.0,1021.0,11469.0,26189.0,1,0.1981,0.3046,0.0,0.119
FL,0,City,5938.0,37632.0,0,1,2.35,47.0,Liberal Arts College,55693.0,33.2,3,1.0,0.0,69.9,13833.0,21113.0,34946.0,20747.0,0,0.5513,0.6275,14809.0,0.0986
WI,0,City,3598.0,14939.0,1,1,3.03,63.0,Community College,21027.0,194.2,9,-1.0,-0.0,59.8,2721.0,9495.0,12216.0,8811.0,1,0.5898,0.581,5213.0,0.125
PA,0,Suburb,-329.0,16900.0,0,1,1.5,,Regional Comprehensive,53154.0,381.2,12,-0.0,1.0,51.7,6143.0,28030.0,34173.0,18981.0,0,1.1231,0.6429,19310.0,0.1212
TX,0,City,20051.0,75978.0,1,0,3.49,71.0,Regional Comprehensive,44896.0,60.1,2,0.866,0.5,61.8,17421.0,5417.0,22838.0,22058.0,1,0.2903,0.5087,2007.0,0.1
TN,0,Rural,46391.0,190791.0,0,0,2.66,78.0,R1 Research,86060.0,200.1,9,-1.0,-0.0,74.4,21911.0,10214.0,32125.0,53935.0,0,0.2827,0.3733,7544.0,0.0988
NC,0,Suburb,-695.0,24671.0,0,1,3.06,39.0,Liberal Arts College,70381.0,65.4,1,0.5,0.866,45.7,20258.0,31800.0,52058.0,18323.0,0,0.7427,0.7397,19018.0,0.0635
MI,0,City,14618.0,51735.0,0,0,3.88,64.0,R2 Doctoral,47302.0,43.6,8,-0.866,-0.5,66.9,17654.0,6581.0,24235.0,23067.0,1,0.4459,0.5123,8449.0,0.0864
LA,0,Suburb,13237.0,48978.0,0,0,3.41,54.0,R1 Research,68494.0,1096.8,10,-0.866,0.5,98.7,18811.0,9715.0,28526.0,39968.0,0,0.816,0.4165,26731.0,0.2647
PA,0,City,48639.0,250893.0,0,0,3.32,71.0,Community College,17042.0,44.2,2,0.866,0.5,72.5,819.0,0.0,819.0,16223.0,0,0.0647,0.0481,0.0,0.275
TN,0,City,65375.0,320059.0,0,0,2.61,55.0,Liberal Arts College,81292.0,33.1,7,-0.5,-0.866,67.4,24238.0,3213.0,27451.0,53841.0,1,0.1682,0.3377,0.0,0.08
PA,0,Suburb,15192.0,85443.0,0,0,3.29,65.0,Regional Comprehensive,49893.0,158.7,12,-0.0,1.0,41.9,21704.0,7279.0,28983.0,20910.0,0,0.2447,0.5809,5718.0,0.0968
CA,0,City,20114.0,120158.0,0,0,2.91,44.0,Liberal Arts College,65458.0,168.0,6,0.0,-1.0,95.9,21526.0,7290.0,28816.0,36642.0,1,0.3049,0.4402,16528.0,0.0885
IL,0,City,26039.0,117776.0,0,0,3.37,60.0,Regional Comprehensive,38907.0,255.3,5,0.5,-0.866,45.7,17332.0,1823.0,19155.0,19752.0,1,0.1677,0.4923,0.0,0.0588
NM,0,Rural,904.0,25038.0,0,1,2.5,13.0,Community College,21197.0,1036.0,1,0.5,0.866,62.1,0.0,7454.0,7454.0,13743.0,0,0.5489,0.3517,12839.0,0.1463
NC,0,Suburb,24709.0,104082.0,0,0,2.76,67.0,Regional Comprehensive,43425.0,56.0,2,0.866,0.5,23.4,15314.0,3446.0,18760.0,24665.0,0,0.237,0.432,0.0,0.0
CA,0,Rural,-1500.0,30209.0,0,1,3.0,52.0,Regional Comprehensive,48506.0,69.0,2,0.866,0.5,50.9,14943.0,21604.0,36547.0,11959.0,1,0.3959,0.7535,13459.0,0.0645
IN,0,City,10112.0,55631.0,0,0,2.55,41.0,Regional Comprehensive,41296.0,686.2,1,0.5,0.866,77.1,8328.0,7237.0,15565.0,25731.0,0,0.4625,0.3769,15619.0,0.1158
ID,0,Rural,24328.0,143002.0,0,0,3.15,72.0,Community College,17356.0,339.7,1,0.5,0.866,61.0,314.0,0.0,314.0,17042.0,0,0.1192,0.0181,0.0,0.2222
IA,0,Suburb,17277.0,66721.0,1,0,2.43,51.0,Regional Comprehensive,49614.0,293.5,10,-0.866,0.5,78.2,14774.0,7487.0,22261.0,27353.0,1,0.41,0.4487,10076.0,0.1493
VA,0,City,22651.0,139218.0,0,0,2.03,15.0,R1 Research,79392.0,68.2,1,0.5,0.866,67.1,10191.0,11753.0,21944.0,57448.0,1,0.4126,0.2764,34797.0,0.0213
IL,0,Town,44283.0,160407.0,0,0,2.81,36.0,Community College,22481.0,413.2,10,-0.866,0.5,64.2,3246.0,0.0,3246.0,19235.0,1,0.1199,0.1444,0.0,0.0972
VA,0,City,4941.0,17765.0,0,1,1.52,,Regional Comprehensive,44058.0,294.5,11,-0.5,0.866,72.4,4701.0,18514.0,23215.0,20843.0,0,1.1733,0.5269,15902.0,0.1091
AL,0,Suburb,-1500.0,13122.0,1,1,3.07,56.0,Regional Comprehensive,50826.0,154.6,3,1.0,0.0,37.1,21254.0,27911.0,48285.0,2541.0,0,0.1936,0.95,4041.0,0.0414
OR,0,Town,19609.0,145322.0,0,0,3.76,77.0,R2 Doctoral,58672.0,68.6,2,0.866,0.5,77.6,22807.0,7991.0,30798.0,27874.0,0,0.1918,0.5249,8265.0,0.25
AL,0,Suburb,38542.0,149602.0,0,0,2.83,32.0,R1 Research,75647.0,141.7,9,-1.0,-0.0,49.5,16741.0,9135.0,25876.0,49771.0,1,0.3327,0.3421,11229.0,0.0403
